student_id,Curricular units 1st sem (approved),Curricular units 1st sem (grade),Curricular units 1st sem (enrolled),Curricular units 1st sem (evaluations),Admission grade,attendance_percentage,ct1_score,ct2_score,assignment_average,quiz_average,lms_login_frequency,lms_resource_access,late_submission_count,academic_trend,academic_risk
STU0001,0,0.0,0,0,127.3,54.4,10.4,52.9,40.0,38.9,1.1,20.2,7,Declining,1.0
STU0002,6,14.0,6,6,142.5,72.5,72.9,71.2,51.0,55.1,4.4,55.7,3,Stable,0.0
STU0003,0,0.0,6,0,124.8,64.7,51.2,50.2,58.0,64.5,3.5,18.7,8,Declining,1.0
STU0004,6,13.428571428571429,6,8,119.6,53.6,67.6,56.7,61.3,69.6,5.7,69.6,4,Stable,0.0
STU0005,5,12.333333333333334,6,9,141.5,61.8,52.1,51.7,68.4,40.1,1.3,55.8,4,Stable,0.0
STU0006,5,11.857142857142858,5,10,114.8,59.6,42.7,68.2,56.1,45.3,3.9,49.1,3,Declining,0.0
STU0007,7,13.3,7,9,128.4,60.3,54.3,77.0,68.9,49.7,5.2,54.4,4,Declining,0.0
STU0008,0,0.0,5,5,113.1,52.4,42.3,57.9,30.7,29.0,3.2,25.3,7,Declining,1.0
STU0009,6,13.875,6,8,129.3,51.4,46.5,61.8,58.5,51.0,4.7,55.8,4,Improving,0.0
STU0010,5,11.4,6,9,123.0,62.2,39.9,53.7,44.8,45.8,3.6,72.7,8,Declining,1.0
STU0011,6,12.333333333333334,6,6,130.6,66.2,57.3,62.7,50.2,53.7,0.2,43.3,3,Declining,0.0
STU0012,7,13.214285714285714,8,8,119.3,58.8,55.6,65.3,56.7,53.7,6.5,56.8,3,Stable,0.0
STU0013,0,0.0,6,6,130.2,51.7,47.0,34.1,31.2,52.7,2.8,19.7,6,Stable,1.0
STU0014,6,10.571428571428571,6,7,111.8,65.2,68.3,50.8,38.8,42.9,2.6,12.9,5,Declining,0.0
STU0015,4,13.25,5,7,137.1,66.3,60.8,90.1,63.7,32.5,3.3,60.0,2,Declining,0.0
STU0016,5,13.2,6,6,120.7,52.8,37.4,49.4,37.6,47.2,4.1,67.8,6,Stable,1.0
STU0017,1,12.0,6,10,137.4,68.9,47.2,60.6,67.9,42.2,3.9,53.0,4,Stable,
STU0018,7,13.30625,7,8,127.3,73.0,58.0,50.2,48.2,72.8,2.4,89.5,7,Declining,0.0
STU0019,4,12.5,5,8,136.3,59.1,59.8,51.6,59.1,62.2,2.5,44.7,6,Declining,0.0
STU0020,6,11.666666666666666,7,7,124.6,79.1,61.3,42.9,60.5,68.5,4.4,37.9,5,Declining,
STU0021,0,0.0,0,0,120.3,58.6,34.3,27.0,28.9,49.6,1.3,47.8,6,Declining,0.0
STU0022,7,11.4375,7,14,121.8,69.3,46.8,63.1,60.3,30.9,1.8,72.3,3,Stable,
STU0023,7,12.857142857142858,8,12,125.5,72.9,65.7,62.6,58.2,45.1,3.1,71.3,3,Stable,0.0
STU0024,6,13.375,6,8,114.9,58.4,57.1,77.6,61.9,36.4,3.9,37.2,2,Stable,0.0
STU0025,6,13.296666666666669,7,8,123.9,63.8,55.9,55.8,67.6,73.1,2.0,42.8,2,Stable,0.0
STU0026,5,11.6,6,8,157.0,70.1,41.8,55.1,61.7,62.3,5.7,25.6,5,Stable,
STU0027,6,11.375,6,9,116.4,59.3,76.2,53.5,45.6,57.7,5.2,81.0,5,Stable,0.0
STU0028,5,12.666666666666666,5,9,131.0,63.0,54.2,42.6,53.1,46.3,4.9,37.9,2,Declining,
STU0029,5,12.0,5,6,122.1,70.0,49.2,60.3,45.3,46.8,3.8,32.2,4,Stable,0.0
STU0030,6,12.933333333333332,7,9,118.8,69.0,55.3,53.3,49.7,43.9,2.4,51.5,3,Stable,
STU0031,5,11.857142857142858,6,15,150.0,66.1,49.9,37.2,59.5,61.2,2.8,53.7,6,Improving,
STU0032,6,12.833333333333334,6,7,130.0,66.8,36.5,68.2,61.1,55.1,5.5,62.6,1,Stable,0.0
STU0033,3,11.333333333333334,5,9,138.8,62.5,52.0,44.5,57.7,58.8,2.5,45.9,7,Stable,
STU0034,6,12.666666666666666,6,6,134.5,72.9,34.2,58.6,57.7,58.6,3.8,42.0,5,Declining,0.0
STU0035,5,12.4,5,6,131.4,82.1,51.8,58.0,58.2,62.4,3.4,44.8,0,Declining,0.0
STU0036,0,0.0,7,7,102.5,58.0,16.9,41.6,36.4,45.2,1.9,22.3,5,Declining,1.0
STU0037,0,0.0,5,0,128.8,65.3,9.1,25.9,53.5,51.2,1.8,50.9,7,Declining,1.0
STU0038,1,10.0,5,10,122.9,58.6,53.1,65.5,56.2,56.9,2.9,44.2,4,Declining,1.0
STU0039,5,11.0,5,8,113.9,59.4,36.5,44.0,52.9,45.6,3.1,59.1,4,Declining,0.0
STU0040,3,11.666666666666666,6,13,120.0,58.2,54.5,22.8,64.0,57.2,3.2,45.9,8,Stable,1.0
STU0041,4,12.75,6,6,121.1,57.7,52.0,63.2,48.2,55.7,3.4,22.6,4,Improving,1.0
STU0042,5,14.8,5,5,120.4,64.3,54.2,65.2,56.7,52.0,2.8,77.9,2,Declining,0.0
STU0043,5,13.928,7,9,100.6,73.6,44.8,41.0,64.3,53.9,2.2,61.8,5,Stable,0.0
STU0044,4,13.0,6,7,121.4,73.3,48.8,53.3,41.5,64.4,3.3,56.3,2,Stable,1.0
STU0045,0,0.0,5,0,109.7,50.9,27.1,51.0,62.2,44.5,0.9,0.0,7,Declining,1.0
STU0046,2,11.5,5,9,134.1,60.9,59.0,67.6,45.4,61.0,3.3,44.8,5,Stable,
STU0047,6,11.666666666666666,6,6,127.6,65.5,45.0,61.2,49.5,53.3,2.5,74.2,7,Declining,0.0
STU0048,6,13.516666666666666,7,8,132.4,68.7,49.7,65.6,55.9,68.3,1.7,73.0,5,Stable,0.0
STU0049,6,11.5,6,6,133.4,70.2,59.6,62.3,61.3,61.9,5.5,47.7,4,Declining,0.0
STU0050,5,12.333333333333334,6,7,126.1,62.3,43.2,52.0,62.3,42.9,3.0,69.2,4,Stable,0.0
STU0051,6,13.666666666666666,6,6,113.5,65.1,31.0,42.4,70.5,50.0,1.3,76.9,7,Declining,0.0
STU0052,6,11.833333333333334,8,10,121.3,76.9,38.8,51.4,54.1,43.3,4.7,49.8,4,Improving,
STU0053,4,14.0,6,11,121.8,64.0,64.5,68.3,58.2,40.7,3.3,72.2,4,Declining,
STU0054,5,14.714285714285714,5,7,159.3,62.2,53.6,69.0,40.3,86.6,3.9,72.6,4,Stable,0.0
STU0055,5,10.6,5,12,120.0,64.3,53.5,55.4,42.6,72.0,3.8,62.5,5,Stable,1.0
STU0056,7,13.044444444444444,7,9,129.1,67.8,56.8,52.3,55.3,68.9,5.1,68.4,3,Declining,0.0
STU0057,0,0.0,6,10,130.0,43.7,58.0,60.3,44.9,44.8,2.4,18.9,4,Declining,1.0
STU0058,5,13.0,6,9,155.3,62.5,26.6,56.0,54.2,46.9,2.0,63.8,3,Declining,1.0
STU0059,8,14.935,8,8,139.8,72.1,54.1,66.2,63.5,43.9,2.7,55.6,2,Stable,0.0
STU0060,0,0.0,0,0,115.2,71.0,35.4,23.5,39.4,35.5,0.2,16.4,6,Declining,
STU0061,6,13.133333333333333,7,8,114.9,62.3,52.1,54.7,53.1,45.6,3.2,75.9,3,Declining,0.0
STU0062,6,12.0,6,7,131.9,72.0,60.8,67.3,78.5,61.7,4.2,49.9,4,Stable,0.0
STU0063,0,0.0,0,0,126.0,56.4,44.9,21.6,37.4,39.8,0.9,33.5,6,Declining,
STU0064,5,11.4,6,6,130.2,74.1,47.1,52.3,63.2,62.0,2.7,51.8,5,Stable,
STU0065,0,0.0,6,6,120.9,50.6,15.6,43.8,27.7,41.7,1.1,7.9,4,Declining,
STU0066,5,11.9,7,10,126.0,74.3,80.9,70.9,55.2,32.4,2.9,46.6,7,Declining,1.0
STU0067,0,0.0,0,0,128.2,66.2,34.9,49.7,33.3,35.9,2.7,41.6,8,Declining,0.0
STU0068,6,12.571428571428571,6,8,130.0,77.8,52.9,75.2,74.8,58.4,3.4,52.7,5,Declining,0.0
STU0069,5,11.2,5,8,120.1,76.3,65.0,62.9,47.6,55.2,4.9,44.5,5,Stable,1.0
STU0070,6,12.0,6,7,100.0,67.4,46.5,64.9,54.1,46.5,3.1,56.7,2,Stable,
STU0071,0,0.0,5,9,134.0,60.6,51.9,27.9,33.0,33.4,2.1,47.9,5,Declining,
STU0072,7,11.975,7,8,130.8,63.1,48.6,43.4,46.5,46.1,3.6,28.5,3,Stable,0.0
STU0073,0,0.0,0,0,135.8,40.0,56.9,58.2,39.2,18.0,2.3,28.4,4,Declining,1.0
STU0074,3,11.666666666666666,6,12,111.7,66.5,54.6,46.7,56.2,50.8,4.1,49.1,4,Declining,1.0
STU0075,6,12.333333333333334,6,8,132.9,64.8,43.6,48.2,65.4,62.9,3.8,78.8,8,Improving,0.0
STU0076,3,10.333333333333334,5,8,115.5,71.0,73.6,22.7,45.2,43.9,6.5,64.7,5,Declining,1.0
STU0077,4,10.5,6,8,106.0,70.8,55.7,64.1,46.0,35.6,5.2,27.2,7,Stable,1.0
STU0078,6,13.666666666666666,6,6,120.3,58.2,45.2,42.1,68.4,66.3,3.2,73.4,6,Improving,0.0
STU0079,7,14.842857142857142,7,7,130.8,86.7,37.6,47.6,73.3,72.5,5.7,53.7,2,Stable,0.0
STU0080,6,12.0,6,8,117.0,69.0,59.8,67.5,53.7,48.0,5.2,27.7,4,Stable,0.0
STU0081,5,12.2,6,8,110.2,55.2,67.3,27.2,58.6,41.4,2.1,30.8,4,Declining,1.0
STU0082,0,0.0,1,1,155.7,45.9,39.8,54.5,56.8,36.4,0.0,50.7,7,Declining,1.0
STU0083,6,12.166666666666666,12,17,180.4,49.5,56.9,45.9,82.4,58.1,4.2,60.7,5,Stable,1.0
STU0084,5,12.0,5,6,125.5,71.3,68.9,51.5,57.7,46.8,3.5,35.6,7,Declining,
STU0085,6,11.0,6,7,110.0,61.1,57.6,44.1,61.2,33.6,0.7,74.3,5,Stable,0.0
STU0086,7,13.08,8,8,161.0,60.4,45.3,40.2,57.5,66.5,4.1,64.9,5,Declining,0.0
STU0087,4,10.5,5,7,100.0,58.7,40.9,42.2,37.0,53.3,3.5,43.9,4,Declining,0.0
STU0088,6,10.666666666666666,6,9,117.6,62.9,57.1,43.5,57.2,71.0,3.0,55.1,2,Declining,0.0
STU0089,4,14.0,5,6,128.7,70.3,57.1,39.3,68.0,53.5,5.6,38.2,5,Stable,
STU0090,2,10.0,5,9,112.2,49.5,59.5,67.9,42.6,66.3,3.0,75.2,5,Stable,
STU0091,0,0.0,7,18,100.8,48.2,42.1,29.1,23.9,37.8,1.8,15.8,7,Declining,1.0
STU0092,6,14.0,6,6,105.0,70.6,60.9,33.1,61.7,47.3,3.9,34.4,6,Stable,0.0
STU0093,2,12.0,6,7,100.0,58.8,52.0,26.0,33.8,43.9,1.8,50.0,5,Declining,1.0
STU0094,3,12.666666666666666,6,12,115.5,69.6,61.5,58.2,37.6,73.9,2.5,93.2,6,Stable,1.0
STU0095,8,11.875,8,11,114.0,63.3,62.4,35.7,40.1,53.0,0.6,33.6,5,Stable,0.0
STU0096,5,14.0,5,9,137.0,79.2,49.3,53.2,35.4,73.2,4.4,65.4,4,Stable,
STU0097,6,13.666666666666666,6,6,124.9,68.3,50.2,79.1,66.1,48.8,5.0,54.4,3,Stable,0.0
STU0098,7,13.75,7,7,120.3,77.2,57.5,58.8,57.9,38.7,4.4,60.8,7,Declining,0.0
STU0099,5,14.2,5,7,134.3,70.6,53.6,59.1,75.9,62.5,4.1,70.1,5,Declining,
STU0100,4,11.96,7,10,111.5,69.6,65.7,46.6,60.6,44.2,3.5,39.6,5,Stable,1.0
STU0101,8,12.875,10,12,128.8,62.0,57.0,57.3,77.9,59.8,5.9,52.1,2,Stable,1.0
STU0102,0,0.0,0,0,110.0,64.3,17.9,35.4,33.6,40.4,1.8,19.7,6,Declining,0.0
STU0103,0,0.0,6,0,113.5,56.7,20.8,41.7,43.6,40.2,3.0,51.0,6,Declining,1.0
STU0104,18,14.63157894736842,18,19,160.0,67.8,62.8,88.5,54.5,86.4,6.3,89.9,1,Improving,0.0
STU0105,0,0.0,6,0,117.4,40.0,43.7,32.9,37.2,41.0,0.3,13.1,7,Declining,1.0
STU0106,10,13.0,10,12,122.2,70.3,47.6,49.8,73.3,59.3,5.1,64.1,3,Stable,0.0
STU0107,0,0.0,6,0,118.2,67.1,42.8,37.1,39.6,33.7,0.6,45.7,3,Declining,1.0
STU0108,4,14.2,6,15,106.7,59.4,43.4,67.1,53.3,60.8,3.2,29.6,3,Improving,1.0
STU0109,6,13.266666666666666,7,9,108.2,59.2,54.5,51.6,55.4,59.8,3.7,74.3,5,Stable,1.0
STU0110,6,11.666666666666666,7,12,107.0,63.6,56.7,57.9,56.3,48.8,5.3,51.3,3,Stable,
STU0111,6,13.857142857142858,6,8,136.1,75.8,39.2,62.1,57.4,66.1,3.1,47.1,8,Stable,0.0
STU0112,3,13.0,5,9,115.3,50.2,54.5,78.6,66.5,49.4,4.0,70.7,5,Stable,
STU0113,5,13.4,5,6,139.8,60.7,70.8,65.5,47.4,60.3,1.9,68.8,8,Declining,0.0
STU0114,6,12.666666666666666,6,6,157.0,58.1,49.3,44.2,52.7,37.6,3.6,31.7,2,Stable,0.0
STU0115,6,12.516666666666666,7,7,131.0,70.6,52.6,28.4,55.8,64.5,3.2,63.1,2,Declining,1.0
STU0116,6,11.616666666666667,7,11,100.0,64.9,54.6,56.3,45.7,44.8,5.3,62.3,4,Declining,
STU0117,2,10.0,6,13,140.4,60.2,48.1,41.6,46.2,57.3,2.4,13.3,3,Stable,
STU0118,3,10.333333333333334,5,11,113.4,62.1,48.2,45.0,59.1,65.4,1.5,55.6,4,Declining,
STU0119,5,13.142857142857142,5,12,137.0,72.7,51.5,43.1,47.0,58.9,3.3,46.6,6,Declining,0.0
STU0120,5,12.6,5,5,121.8,74.4,31.8,47.5,81.6,66.4,2.9,67.7,4,Declining,0.0
STU0121,3,11.0,6,12,131.0,72.2,54.0,45.3,68.4,37.7,3.8,35.3,2,Declining,1.0
STU0122,5,10.8,5,8,118.6,69.3,36.6,51.2,54.7,50.6,5.2,51.2,5,Stable,0.0
STU0123,0,0.0,0,0,122.3,66.1,39.5,29.9,45.8,30.2,1.6,22.0,8,Declining,1.0
STU0124,5,12.8,5,5,127.9,58.1,59.2,45.2,61.7,44.8,4.1,41.5,1,Declining,0.0
STU0125,6,14.166666666666666,6,15,121.3,70.9,59.1,63.6,62.7,37.0,4.0,22.9,2,Stable,0.0
STU0126,5,12.1,7,12,117.1,84.6,40.6,54.2,55.4,54.1,4.4,67.6,4,Stable,1.0
STU0127,6,14.166666666666666,6,7,160.0,52.3,56.8,56.1,83.6,66.1,2.8,71.5,2,Declining,0.0
STU0128,5,12.8,6,8,145.3,61.5,48.6,53.6,47.2,68.3,3.7,52.7,4,Declining,
STU0129,6,13.0,6,7,122.6,58.1,45.0,44.3,51.3,41.3,5.0,58.3,6,Stable,0.0
STU0130,7,13.467142857142855,7,7,128.0,69.5,78.1,73.6,57.0,49.4,3.1,43.5,3,Stable,0.0
STU0131,7,13.2375,7,9,124.9,78.8,42.7,80.8,62.9,46.3,3.8,70.7,5,Declining,1.0
STU0132,6,12.333333333333334,6,6,123.7,70.2,57.3,69.2,74.7,43.6,3.7,55.5,5,Declining,0.0
STU0133,5,12.4,5,7,120.1,63.7,69.0,32.6,54.0,49.1,1.9,51.9,3,Stable,0.0
STU0134,5,14.0,7,8,131.7,70.8,56.8,47.3,61.1,54.3,4.7,75.0,3,Stable,1.0
STU0135,9,11.666666666666666,9,15,133.2,65.9,47.4,66.3,61.4,53.0,3.5,36.8,5,Stable,0.0
STU0136,5,12.0,6,7,109.3,66.8,43.8,44.4,52.9,35.7,3.6,21.4,4,Stable,1.0
STU0137,4,12.2,5,7,113.0,69.7,32.9,44.3,65.5,63.3,4.3,56.3,5,Declining,0.0
STU0138,6,14.833333333333334,6,6,157.9,81.3,54.6,40.0,60.7,57.4,4.9,51.5,4,Stable,0.0
STU0139,5,13.188,7,9,112.1,69.7,53.2,50.3,64.7,58.3,2.4,35.2,4,Declining,
STU0140,7,17.125,7,8,174.7,71.1,53.5,49.7,56.2,63.5,4.8,61.3,4,Improving,0.0
STU0141,6,12.666666666666666,7,7,128.8,82.5,68.9,26.1,49.5,61.1,5.0,57.9,2,Declining,0.0
STU0142,6,12.666666666666666,6,8,110.1,50.7,51.5,68.8,51.6,55.7,3.1,65.8,5,Declining,0.0
STU0143,0,0.0,5,8,99.7,55.1,17.6,44.2,44.1,29.1,3.0,15.1,4,Declining,
STU0144,6,11.333333333333334,6,7,121.0,59.5,68.9,37.7,65.1,70.8,4.2,44.8,8,Stable,0.0
STU0145,7,13.605,7,10,131.7,65.7,40.1,67.3,77.8,63.3,4.7,59.7,5,Stable,0.0
STU0146,5,12.0,6,10,119.1,70.4,57.4,55.4,55.8,42.0,4.8,67.7,5,Declining,0.0
STU0147,0,0.0,5,10,124.7,63.8,44.6,53.4,60.0,28.8,1.1,45.6,4,Declining,1.0
STU0148,5,11.2,6,8,117.2,60.8,49.4,61.7,59.5,75.8,2.5,42.4,6,Declining,1.0
STU0149,5,13.375,5,10,128.8,71.7,63.7,45.7,48.4,51.9,5.2,60.4,3,Improving,0.0
STU0150,6,13.863333333333337,7,8,131.5,59.8,54.4,64.0,57.2,46.6,3.6,46.1,5,Declining,0.0
STU0151,0,0.0,0,0,121.7,44.8,31.2,46.5,47.7,31.6,0.2,23.8,5,Declining,
STU0152,5,12.4,5,6,123.4,65.9,26.1,66.2,62.3,57.9,3.5,46.1,1,Declining,0.0
STU0153,3,12.333333333333334,6,11,124.7,62.9,29.3,64.5,48.1,45.9,3.5,39.7,7,Declining,
STU0154,6,13.333333333333334,6,7,132.8,78.5,85.9,80.3,51.9,55.8,4.2,64.2,5,Declining,0.0
STU0155,3,12.666666666666666,6,10,108.7,81.8,59.0,64.1,49.7,79.4,3.2,63.5,4,Stable,1.0
STU0156,6,12.0,6,8,138.1,61.1,67.0,45.0,52.6,34.5,5.9,45.9,7,Stable,1.0
STU0157,5,10.6,5,5,126.5,49.8,79.6,54.0,55.4,46.1,2.5,51.2,4,Declining,0.0
STU0158,6,12.25,6,8,127.4,55.1,47.8,42.0,73.6,54.2,1.5,46.4,6,Stable,0.0
STU0159,4,11.0,6,10,123.6,57.7,48.0,66.7,48.4,30.0,1.8,34.8,2,Declining,0.0
STU0160,5,11.0,6,11,122.0,66.8,30.9,42.9,37.1,58.4,2.8,33.8,4,Stable,0.0
STU0161,6,13.166666666666666,6,6,118.2,64.3,49.2,81.9,38.1,64.7,4.5,79.0,4,Stable,1.0
STU0162,7,12.855555555555554,7,9,123.9,57.0,49.9,52.6,64.3,38.3,3.8,43.0,3,Declining,0.0
STU0163,7,14.91875,7,8,125.8,82.4,50.6,57.2,52.1,55.4,4.6,65.8,2,Declining,0.0
STU0164,4,11.5,6,13,123.3,70.3,63.2,47.4,56.0,54.2,2.8,55.9,5,Declining,1.0
STU0165,5,14.2,5,5,124.4,80.4,61.1,46.3,48.0,60.7,4.4,34.7,4,Declining,0.0
STU0166,6,12.5,6,6,126.0,51.6,63.2,48.2,53.2,85.4,1.9,58.4,4,Stable,0.0
STU0167,0,0.0,1,1,170.0,65.3,21.1,40.9,36.9,29.2,2.2,34.6,5,Declining,
STU0168,5,11.666666666666666,6,10,121.5,64.2,51.5,53.8,47.0,59.0,4.4,50.4,6,Declining,0.0
STU0169,7,14.257142857142856,8,8,130.0,64.6,58.9,52.0,69.4,54.3,3.0,49.0,2,Stable,0.0
STU0170,3,12.0,6,13,117.0,64.9,72.6,56.2,66.0,48.0,5.6,49.4,4,Stable,1.0
STU0171,4,11.25,5,13,130.0,59.3,51.8,46.3,59.6,52.0,1.4,56.8,4,Declining,
STU0172,7,12.457142857142856,7,8,108.0,65.6,51.3,55.6,76.1,59.4,4.8,40.6,3,Declining,0.0
STU0173,6,11.683333333333332,7,7,132.3,73.2,64.6,75.2,41.1,53.0,4.8,72.9,1,Declining,0.0
STU0174,3,11.666666666666666,6,10,148.0,48.5,46.3,45.0,50.2,54.2,2.5,58.7,4,Stable,0.0
STU0175,4,11.75,6,8,122.6,76.6,55.7,48.8,49.4,50.5,4.0,13.2,3,Declining,1.0
STU0176,3,11.666666666666666,5,6,123.0,67.0,54.1,37.4,58.9,39.1,2.4,44.3,5,Stable,
STU0177,5,13.2,6,9,102.5,65.2,46.0,50.6,42.2,63.5,4.2,84.2,9,Declining,0.0
STU0178,4,11.95,7,8,113.3,72.2,41.9,57.1,59.7,64.0,3.3,54.9,5,Stable,1.0
STU0179,5,12.4,6,8,133.0,68.5,50.5,47.5,39.7,64.6,3.7,40.3,5,Declining,1.0
STU0180,6,14.35,7,8,140.0,63.4,48.2,42.8,63.8,63.2,3.3,64.1,3,Declining,1.0
STU0181,21,12.61904761904762,21,21,128.3,70.1,48.9,74.2,79.9,58.4,4.8,40.7,3,Stable,0.0
STU0182,6,12.666666666666666,6,7,140.0,78.2,60.5,60.4,43.6,42.2,2.9,56.4,4,Stable,
STU0183,5,12.0,6,6,104.0,53.3,57.1,60.6,49.9,63.2,4.4,42.8,3,Stable,1.0
STU0184,6,12.166666666666666,6,6,122.3,64.3,42.3,39.4,66.3,38.7,5.8,52.3,3,Declining,1.0
STU0185,0,0.0,6,0,135.0,43.7,24.9,54.4,53.9,29.8,4.7,10.0,7,Declining,1.0
STU0186,3,10.0,5,9,119.1,67.1,53.2,44.4,36.6,75.2,4.5,39.9,4,Declining,1.0
STU0187,8,11.5,10,18,126.6,67.0,75.2,45.1,60.8,62.0,4.1,16.5,2,Declining,
STU0188,6,13.05,7,7,129.0,56.4,64.4,67.4,61.8,55.9,5.1,43.6,6,Stable,0.0
STU0189,2,11.0,6,10,162.3,56.3,61.8,66.4,50.9,27.4,3.8,48.4,7,Declining,1.0
STU0190,6,11.5,6,7,163.4,65.9,47.2,50.1,68.4,44.7,3.3,67.8,3,Stable,0.0
STU0191,6,12.0,6,7,121.5,68.1,56.2,44.3,49.0,63.2,6.1,88.6,6,Stable,0.0
STU0192,2,10.0,6,13,122.8,47.5,45.4,55.3,46.5,31.4,4.5,33.7,2,Declining,
STU0193,0,0.0,5,5,118.0,49.9,27.0,22.8,34.1,43.5,1.2,38.6,4,Declining,1.0
STU0194,0,0.0,6,0,134.0,56.3,37.3,68.6,42.5,21.4,3.1,25.0,4,Declining,1.0
STU0195,7,12.242857142857144,8,8,129.8,76.3,42.1,43.1,52.8,46.8,4.6,48.8,3,Declining,0.0
STU0196,0,0.0,5,0,152.0,61.7,26.1,42.3,48.7,19.1,0.9,31.3,6,Declining,1.0
STU0197,8,12.93375,8,8,122.8,64.0,48.6,55.0,53.3,56.8,4.2,52.8,2,Declining,0.0
STU0198,0,0.0,5,0,150.0,63.0,30.9,27.0,38.3,17.6,1.9,58.0,5,Declining,1.0
STU0199,7,12.571428571428571,7,9,131.8,64.4,52.5,44.7,58.4,53.7,0.9,49.4,3,Stable,0.0
STU0200,3,11.816666666666668,3,4,105.9,40.0,23.3,64.6,43.8,57.9,1.7,30.3,5,Declining,
STU0201,4,13.75,5,9,132.1,77.4,40.1,58.7,65.2,55.6,5.1,54.5,4,Stable,0.0
STU0202,6,11.166666666666666,6,8,127.4,69.1,69.6,45.4,61.4,58.2,2.9,34.8,6,Stable,0.0
STU0203,7,12.324285714285711,8,8,129.5,68.2,52.4,48.8,62.7,57.1,4.6,47.9,1,Stable,0.0
STU0204,6,12.166666666666666,6,6,126.7,65.9,58.0,44.5,44.8,52.1,5.3,67.6,6,Declining,0.0
STU0205,5,11.142857142857142,6,11,116.5,67.6,55.3,63.8,69.6,51.4,1.2,46.6,6,Stable,0.0
STU0206,4,11.0,6,9,119.1,64.4,47.7,63.1,34.5,54.6,5.5,56.5,4,Declining,0.0
STU0207,7,12.914285714285713,8,8,126.5,64.7,42.4,62.4,64.0,41.7,3.8,50.9,3,Stable,0.0
STU0208,6,13.833333333333334,6,6,149.8,61.5,46.0,58.7,57.6,49.7,4.4,57.4,5,Declining,0.0
STU0209,6,13.857142857142858,6,8,115.1,67.6,76.5,63.5,63.2,79.2,6.3,43.5,6,Stable,0.0
STU0210,6,13.714285714285714,6,7,124.5,59.7,46.3,35.9,54.1,60.3,5.1,65.8,1,Stable,1.0
STU0211,7,12.642857142857142,8,8,128.3,57.7,73.5,59.1,57.2,69.6,3.8,34.0,3,Stable,0.0
STU0212,6,12.916666666666666,7,7,136.0,68.5,47.0,67.8,62.7,58.0,3.3,40.7,5,Stable,0.0
STU0213,6,15.625,6,8,140.0,75.8,50.6,60.2,57.8,47.4,3.6,57.1,4,Declining,0.0
STU0214,0,0.0,5,7,126.3,49.3,37.0,39.7,43.6,35.3,1.4,43.8,6,Declining,1.0
STU0215,6,11.714285714285714,6,8,126.9,60.8,49.1,46.5,57.4,32.2,5.3,54.7,2,Declining,0.0
STU0216,6,12.125,7,10,145.0,52.6,40.5,48.0,77.4,70.2,4.5,60.1,3,Stable,
STU0217,5,11.6,5,7,115.8,54.5,49.9,46.8,38.0,62.8,3.9,31.8,4,Stable,0.0
STU0218,1,10.0,6,11,100.0,52.0,28.2,51.5,63.2,38.1,2.9,39.7,3,Stable,1.0
STU0219,1,10.0,6,16,102.5,70.5,51.0,43.8,55.4,58.0,4.2,49.1,6,Stable,1.0
STU0220,0,0.0,5,10,131.5,42.1,39.2,17.6,45.2,47.5,0.0,32.8,5,Declining,1.0
STU0221,4,13.0,5,7,147.0,68.9,59.1,62.9,41.5,53.3,5.9,34.3,3,Stable,0.0
STU0222,6,13.333333333333334,6,6,122.5,64.4,46.3,61.5,67.4,59.8,3.6,40.3,7,Stable,0.0
STU0223,4,11.25,6,9,117.5,69.3,58.1,56.5,41.8,58.1,2.4,47.0,5,Stable,1.0
STU0224,5,13.85,7,9,150.0,75.8,57.4,44.0,70.6,58.7,5.3,64.2,4,Stable,0.0
STU0225,6,13.741666666666667,7,8,127.5,66.7,54.4,50.0,51.0,56.5,5.3,85.3,4,Stable,0.0
STU0226,6,15.333333333333334,6,7,140.0,76.8,77.8,63.3,72.2,56.8,4.0,39.0,3,Declining,0.0
STU0227,5,11.0,5,6,130.0,77.0,55.1,52.7,46.3,44.6,5.2,50.0,3,Declining,0.0
STU0228,6,12.0,6,6,133.3,76.5,45.5,45.7,45.5,63.9,5.0,36.2,2,Declining,0.0
STU0229,0,0.0,5,5,97.0,50.1,54.2,54.3,40.2,62.5,2.5,30.6,5,Declining,1.0
STU0230,7,11.571428571428571,8,15,112.0,51.2,59.1,45.8,49.1,41.3,2.0,48.2,2,Declining,0.0
STU0231,6,12.857142857142858,6,10,123.6,65.6,73.8,19.6,53.7,54.7,4.1,59.4,5,Improving,0.0
STU0232,0,0.0,6,0,130.5,56.4,12.7,39.0,57.4,30.2,2.0,0.2,5,Declining,1.0
STU0233,5,13.0,5,5,133.3,50.0,47.3,55.5,49.2,59.5,3.5,46.2,6,Declining,0.0
STU0234,5,11.0,6,9,132.1,65.4,46.3,53.6,55.5,57.0,3.2,51.4,3,Stable,0.0
STU0235,3,12.0,5,12,100.0,44.0,26.7,57.2,69.3,53.1,4.5,52.3,5,Stable,1.0
STU0236,5,12.6,6,6,140.4,77.9,52.7,47.1,56.9,45.6,2.3,55.9,2,Improving,0.0
STU0237,5,13.4,6,8,141.7,70.0,47.2,67.0,66.6,47.9,5.3,54.7,3,Stable,0.0
STU0238,6,11.333333333333334,6,9,119.7,59.1,27.0,37.6,60.3,43.8,3.7,70.2,3,Declining,0.0
STU0239,4,13.5,5,14,122.5,67.2,42.6,54.6,65.5,33.0,2.9,72.4,5,Declining,1.0
STU0240,3,11.75,6,11,140.0,66.4,65.7,44.5,52.3,65.9,3.2,45.6,3,Declining,1.0
STU0241,6,12.471428571428572,7,10,119.4,70.3,63.0,67.2,61.5,62.0,4.1,45.0,6,Improving,
STU0242,11,12.909090909090908,17,19,155.0,71.0,49.6,51.6,79.2,75.1,6.3,63.9,3,Stable,
STU0243,5,11.6,5,5,119.1,72.4,40.9,53.6,50.3,47.6,4.5,61.8,4,Declining,0.0
STU0244,0,0.0,5,5,122.7,45.4,46.1,39.8,45.4,44.6,3.5,31.6,4,Declining,1.0
STU0245,9,12.9,10,13,117.9,67.6,31.9,60.9,52.0,47.0,4.2,41.0,4,Stable,0.0
STU0246,8,13.22,8,8,130.0,82.1,61.3,48.4,67.9,49.0,3.9,69.9,6,Declining,0.0
STU0247,7,13.151428571428571,8,8,120.0,64.3,31.3,60.6,40.0,79.6,6.3,60.2,3,Stable,0.0
STU0248,3,12.75,6,13,130.0,67.1,69.9,53.5,51.1,47.7,3.5,76.6,3,Stable,1.0
STU0249,6,11.333333333333334,6,8,116.8,57.6,58.7,58.0,64.7,64.2,3.1,39.9,4,Declining,0.0
STU0250,6,13.25,6,10,123.4,84.1,30.6,74.6,54.8,57.6,3.2,57.2,4,Stable,0.0
STU0251,5,12.4,6,7,125.4,67.8,46.2,55.1,36.6,35.9,4.1,57.5,3,Declining,
STU0252,6,15.0,6,6,127.2,57.3,57.4,44.7,49.4,53.8,2.8,51.5,5,Stable,1.0
STU0253,5,14.4,5,6,103.4,75.2,28.4,78.8,49.0,58.6,4.1,38.8,6,Declining,0.0
STU0254,1,11.0,6,12,123.2,54.3,46.3,61.6,66.8,57.6,3.5,50.0,5,Stable,
STU0255,5,12.4,5,8,124.1,71.1,56.7,61.7,62.5,31.4,4.5,44.7,3,Stable,0.0
STU0256,1,16.0,7,13,99.5,74.0,26.3,52.0,63.8,41.5,1.7,52.0,3,Declining,1.0
STU0257,5,13.571428571428571,5,10,124.9,82.6,61.1,64.0,43.4,57.7,1.5,53.5,8,Declining,0.0
STU0258,6,11.833333333333334,6,6,110.8,67.4,49.5,29.3,54.7,41.6,3.2,35.4,4,Declining,
STU0259,5,11.666666666666666,6,8,118.9,65.6,61.3,71.8,69.6,66.9,3.5,43.8,5,Stable,0.0
STU0260,6,11.833333333333334,10,16,118.8,50.4,49.7,66.2,65.0,53.6,2.6,47.2,2,Declining,1.0
STU0261,6,11.166666666666666,6,8,137.0,61.8,38.0,51.6,49.4,58.5,2.1,52.0,3,Declining,0.0
STU0262,0,0.0,6,0,100.0,49.3,21.1,48.5,48.4,53.5,2.5,37.1,8,Declining,1.0
STU0263,8,11.75,12,17,120.0,66.4,50.5,64.7,44.8,41.4,3.8,60.5,3,Stable,1.0
STU0264,6,14.0,6,7,122.8,62.8,50.7,43.8,47.9,60.3,5.0,67.0,3,Declining,0.0
STU0265,6,12.833333333333334,6,6,121.6,72.5,64.6,56.9,36.6,55.3,2.2,54.7,5,Stable,0.0
STU0266,4,12.25,6,11,149.2,60.7,47.0,57.8,53.0,54.3,3.6,80.4,3,Declining,0.0
STU0267,7,14.828571428571427,8,8,140.0,71.9,35.9,56.0,64.3,53.6,6.2,62.0,5,Declining,0.0
STU0268,5,11.4,6,7,133.4,64.0,44.4,50.3,44.1,53.8,3.3,29.9,3,Declining,0.0
STU0269,6,13.0,6,6,126.2,61.3,33.6,65.8,54.6,18.7,3.2,46.8,4,Declining,0.0
STU0270,7,13.671428571428573,8,8,127.8,61.7,57.9,58.8,48.7,70.4,5.2,100.0,5,Stable,0.0
STU0271,6,12.666666666666666,6,9,150.0,68.3,59.1,77.6,49.8,37.9,5.4,32.7,3,Declining,0.0
STU0272,2,10.0,5,10,113.7,73.7,55.6,41.7,40.3,70.1,2.5,52.6,3,Declining,1.0
STU0273,5,13.5,5,10,117.8,60.5,48.5,60.0,68.1,42.6,3.2,86.7,3,Stable,0.0
STU0274,7,12.67,7,8,136.7,67.3,44.4,44.8,49.4,42.7,5.0,35.4,3,Stable,0.0
STU0275,6,14.5,6,8,144.7,71.2,47.4,64.6,54.4,60.1,4.4,78.5,3,Declining,0.0
STU0276,7,13.685714285714283,7,7,139.8,67.2,52.4,43.2,51.7,58.5,4.4,78.5,4,Stable,0.0
STU0277,5,11.0,6,8,113.7,50.7,43.6,56.2,56.7,57.1,3.9,45.6,4,Declining,1.0
STU0278,7,11.555555555555555,9,16,140.0,70.9,72.4,70.3,81.5,59.2,4.0,26.1,5,Stable,1.0
STU0279,7,13.79714285714286,7,7,142.3,55.4,49.2,57.2,84.9,53.7,5.3,64.3,3,Stable,
STU0280,7,14.00375,7,8,119.6,55.7,52.7,45.1,55.1,51.3,5.8,54.2,4,Stable,0.0
STU0281,4,12.0,5,8,123.7,54.3,40.7,64.0,57.7,58.7,2.4,47.1,6,Stable,0.0
STU0282,5,14.166666666666666,6,9,143.0,65.4,43.8,59.8,65.7,46.0,5.0,63.7,5,Declining,0.0
STU0283,5,14.0,5,5,100.1,58.5,36.5,53.7,68.0,55.1,3.8,52.9,6,Declining,0.0
STU0284,5,13.8,6,7,119.4,54.8,39.5,43.3,61.9,33.4,2.3,29.1,4,Stable,0.0
STU0285,5,12.8,6,8,122.1,68.8,73.7,34.9,66.0,56.2,2.7,50.2,5,Declining,0.0
STU0286,6,12.166666666666666,6,6,100.0,65.6,57.8,81.3,59.1,54.3,3.3,57.4,4,Declining,0.0
STU0287,6,12.5,6,8,113.9,72.3,47.8,47.9,49.2,53.2,5.1,60.2,2,Stable,
STU0288,4,12.0,6,9,101.0,59.0,41.9,40.9,64.7,72.3,2.4,69.3,5,Stable,0.0
STU0289,6,10.833333333333334,6,8,111.8,64.8,65.3,57.2,55.6,70.3,1.6,21.8,5,Declining,0.0
STU0290,8,13.385,8,8,140.0,74.3,44.3,45.1,61.0,67.0,3.8,71.2,4,Stable,0.0
STU0291,6,15.666666666666666,6,14,124.4,58.1,34.9,64.3,45.1,67.7,3.7,51.7,2,Improving,0.0
STU0292,6,14.333333333333334,6,9,150.0,62.0,59.2,72.7,49.3,56.5,5.3,57.8,6,Improving,0.0
STU0293,6,11.428571428571429,6,10,140.0,73.8,40.1,41.5,51.1,56.8,4.1,65.0,5,Stable,
STU0294,6,11.666666666666666,6,9,116.0,66.0,35.9,50.7,60.3,58.4,4.7,40.6,3,Stable,0.0
STU0295,5,12.0,6,9,135.6,64.3,37.6,58.9,72.4,59.9,3.3,45.5,6,Stable,1.0
STU0296,7,14.725714285714288,8,8,121.0,67.7,59.5,42.9,65.7,57.1,2.7,64.8,6,Stable,0.0
STU0297,6,14.166666666666666,6,6,118.7,76.7,51.7,45.0,54.6,61.2,5.6,45.3,4,Stable,0.0
STU0298,6,11.571428571428571,6,10,125.7,65.7,39.5,52.9,45.2,54.0,3.1,57.1,3,Stable,0.0
STU0299,7,12.5,7,7,107.1,67.1,58.2,79.1,68.6,59.4,4.7,37.5,5,Declining,0.0
STU0300,8,12.86,8,10,125.5,67.6,44.2,46.9,60.7,66.9,3.7,74.0,4,Stable,0.0
STU0301,6,12.25,6,10,127.0,53.3,32.3,51.5,23.6,45.9,4.7,64.1,8,Stable,0.0
STU0302,4,12.0,5,7,113.5,68.7,33.8,82.3,63.9,53.1,4.0,38.2,3,Stable,0.0
STU0303,7,15.116666666666667,7,9,154.4,61.8,55.3,67.6,62.1,57.6,4.4,73.3,6,Stable,0.0
STU0304,2,12.5,5,6,122.0,53.6,38.7,30.7,30.6,38.0,3.9,54.0,4,Declining,1.0
STU0305,0,0.0,6,11,128.0,42.1,37.9,36.8,48.2,56.2,1.9,18.1,5,Declining,1.0
STU0306,4,11.0,6,8,115.5,51.9,62.2,58.9,53.7,41.0,1.5,59.0,3,Declining,
STU0307,6,11.875,6,8,117.2,47.7,43.7,71.7,41.8,70.4,4.2,62.7,4,Declining,0.0
STU0308,1,11.0,5,6,150.0,54.1,77.9,65.7,70.6,32.1,4.6,21.1,3,Stable,1.0
STU0309,5,15.2,5,5,155.3,63.4,56.1,62.5,60.7,36.6,3.9,17.5,4,Declining,0.0
STU0310,5,11.6,6,7,120.0,73.5,47.9,61.7,49.1,48.0,3.3,44.2,2,Declining,1.0
STU0311,6,14.833333333333334,6,6,116.1,67.8,37.5,40.9,49.1,60.0,4.4,43.8,1,Stable,0.0
STU0312,3,11.333333333333334,6,12,118.9,66.3,44.7,43.5,50.9,55.6,4.7,58.2,4,Declining,1.0
STU0313,5,11.2,5,5,127.3,74.9,46.4,36.9,51.7,67.0,3.3,39.4,6,Declining,0.0
STU0314,5,13.4,6,8,113.7,43.3,60.8,67.1,61.1,44.4,2.1,43.5,5,Stable,0.0
STU0315,2,10.5,5,12,118.5,66.3,40.1,54.8,49.0,60.6,3.6,73.8,4,Declining,1.0
STU0316,5,16.2,5,5,146.7,69.9,58.8,57.9,52.9,35.5,4.5,73.9,8,Stable,0.0
STU0317,7,14.542857142857144,7,7,124.3,74.4,54.7,75.8,59.2,44.4,4.3,33.0,0,Stable,0.0
STU0318,7,13.694285714285714,7,7,137.8,53.0,65.2,63.0,52.6,52.1,3.5,75.2,4,Declining,0.0
STU0319,6,11.285714285714286,6,8,130.2,60.9,63.5,67.5,53.4,39.6,4.2,74.9,3,Stable,0.0
STU0320,6,11.757142857142856,7,11,147.8,58.7,55.7,63.7,69.1,60.1,3.6,50.4,4,Stable,
STU0321,0,0.0,3,3,150.0,45.0,44.6,48.7,36.1,30.6,1.5,25.0,5,Declining,1.0
STU0322,7,13.058571428571428,8,8,100.0,85.6,66.6,43.6,54.9,67.0,3.7,26.1,3,Stable,0.0
STU0323,7,14.3,7,7,155.6,63.2,60.5,68.7,49.3,66.2,4.3,35.5,4,Declining,0.0
STU0324,5,11.8,10,15,117.4,73.4,54.8,60.1,65.7,45.2,4.2,50.5,4,Declining,0.0
STU0325,3,10.333333333333334,5,9,128.8,69.0,52.5,45.7,34.3,45.5,2.8,40.0,3,Stable,
STU0326,6,10.571428571428571,6,7,117.5,53.5,69.4,61.3,45.1,51.0,3.9,45.3,2,Stable,0.0
STU0327,6,13.333333333333334,7,7,120.4,62.4,53.7,70.8,62.6,70.5,4.4,58.8,5,Stable,0.0
STU0328,6,11.857142857142858,6,10,130.9,66.5,60.3,53.4,53.2,42.2,4.5,79.1,4,Stable,0.0
STU0329,5,12.6,6,9,125.0,69.0,43.1,45.2,63.2,24.6,4.4,43.1,2,Declining,
STU0330,5,14.0,5,11,136.8,69.4,70.7,47.2,53.8,49.4,5.5,45.0,1,Stable,
STU0331,5,12.0,7,12,121.6,79.8,56.5,37.4,47.6,42.0,4.6,49.8,5,Declining,
STU0332,0,0.0,5,6,151.0,62.9,31.8,36.9,39.6,20.5,4.5,27.6,5,Declining,1.0
STU0333,6,12.0,6,7,103.5,71.1,50.4,61.3,41.5,52.7,5.0,77.4,4,Declining,0.0
STU0334,6,12.666666666666666,6,6,119.4,73.9,49.0,75.5,46.6,39.5,5.1,49.6,8,Stable,0.0
STU0335,6,12.166666666666666,6,6,134.4,76.7,51.3,44.6,63.6,57.2,2.3,65.6,5,Declining,0.0
STU0336,6,13.333333333333334,6,6,143.0,61.5,54.7,59.5,52.7,39.6,4.8,92.1,4,Stable,0.0
STU0337,7,15.0,7,8,110.0,55.5,52.4,58.0,57.3,91.9,5.2,82.8,1,Stable,0.0
STU0338,8,13.39125,8,8,132.5,63.0,35.2,57.2,58.4,68.7,4.1,53.3,6,Declining,0.0
STU0339,5,12.166666666666666,6,9,114.7,54.6,72.1,35.5,38.4,44.0,1.3,44.4,4,Stable,0.0
STU0340,4,11.25,5,9,166.9,56.6,52.4,40.1,37.0,42.0,0.8,34.9,8,Declining,0.0
STU0341,4,12.0,5,13,125.9,66.1,53.7,75.2,57.5,50.1,3.4,52.5,3,Stable,
STU0342,0,0.0,0,0,178.3,50.6,34.4,50.1,35.9,46.8,1.4,6.7,4,Declining,1.0
STU0343,6,12.833333333333334,6,7,117.0,71.5,62.8,58.3,52.9,48.4,2.1,86.5,6,Stable,0.0
STU0344,6,14.0,6,10,150.0,69.7,54.0,61.9,62.5,41.2,4.5,46.7,4,Stable,0.0
STU0345,4,13.0,5,5,130.0,68.0,46.3,62.0,44.0,34.6,2.3,51.0,6,Declining,
STU0346,6,13.5,6,7,135.1,56.6,49.5,50.1,49.9,54.1,1.9,57.8,2,Declining,0.0
STU0347,13,10.692307692307692,16,24,110.0,63.8,73.8,56.9,57.6,51.5,7.1,44.1,1,Stable,
STU0348,5,11.0,5,6,136.2,49.3,51.8,45.0,56.2,54.8,4.2,64.6,3,Declining,0.0
STU0349,6,13.0,6,8,116.0,71.0,51.8,57.3,51.7,28.6,3.4,60.4,0,Declining,0.0
STU0350,5,12.0,6,10,100.0,80.9,45.6,40.0,47.8,58.5,2.1,47.4,3,Stable,
STU0351,4,12.6,6,9,116.3,66.6,46.5,45.4,70.6,48.5,2.6,56.5,1,Declining,1.0
STU0352,6,13.666666666666666,6,6,134.0,68.8,65.5,61.6,56.0,33.3,3.2,52.5,4,Stable,0.0
STU0353,0,0.0,0,0,124.2,50.7,24.0,33.8,46.5,42.3,1.3,30.2,6,Declining,1.0
STU0354,6,14.2,7,7,134.5,65.3,61.1,35.1,38.0,60.9,3.6,44.5,3,Stable,0.0
STU0355,5,11.0,6,10,120.7,75.2,58.5,48.5,40.5,42.3,2.3,52.2,5,Stable,1.0
STU0356,6,15.0,6,7,127.1,68.2,56.3,63.3,62.5,63.3,3.0,61.7,4,Declining,0.0
STU0357,6,12.585714285714284,7,9,133.0,71.5,49.8,56.4,52.7,37.5,1.8,40.7,6,Declining,0.0
STU0358,0,0.0,5,0,128.2,65.4,17.2,17.7,36.1,10.5,0.0,34.7,9,Declining,1.0
STU0359,0,0.0,6,6,130.0,64.4,43.9,51.3,31.3,36.8,0.3,2.7,6,Declining,
STU0360,0,0.0,6,0,172.0,55.3,15.9,35.0,49.7,27.4,1.3,49.0,7,Declining,1.0
STU0361,6,11.666666666666666,6,7,128.5,66.5,53.0,58.0,60.7,38.0,3.4,33.3,5,Declining,0.0
STU0362,3,12.666666666666666,6,13,128.5,62.0,50.7,65.7,52.8,59.0,4.2,24.7,7,Declining,1.0
STU0363,3,10.333333333333334,5,10,112.0,67.5,56.9,49.2,53.8,52.4,3.9,39.8,2,Stable,
STU0364,8,13.5,11,18,142.5,65.6,45.1,36.0,55.5,77.2,5.1,61.7,3,Stable,0.0
STU0365,5,13.98,7,8,133.0,69.3,40.9,76.3,48.4,59.1,3.5,48.9,2,Declining,
STU0366,6,16.153846153846153,6,13,106.0,77.1,62.0,32.1,53.1,63.9,5.1,70.2,3,Stable,0.0
STU0367,6,14.033333333333331,7,7,125.5,53.5,50.9,52.0,63.6,44.3,1.4,50.8,3,Stable,0.0
STU0368,1,11.0,5,8,131.2,47.6,22.0,64.8,46.0,22.8,4.0,42.5,3,Declining,
STU0369,7,13.857142857142858,7,8,112.9,67.2,53.7,48.5,57.3,79.3,4.0,53.7,5,Stable,0.0
STU0370,7,13.414285714285716,8,8,124.8,72.7,75.1,48.8,52.1,61.1,5.2,80.9,5,Stable,1.0
STU0371,11,13.545454545454543,11,11,140.9,72.3,64.1,57.9,69.4,78.2,1.3,54.5,3,Stable,0.0
STU0372,4,11.25,5,11,148.0,55.0,35.3,50.3,46.4,37.4,4.7,87.8,5,Declining,
STU0373,6,13.833333333333334,6,6,148.4,74.0,58.3,45.3,70.9,66.5,2.0,84.1,7,Stable,0.0
STU0374,5,12.0,5,8,129.7,80.6,62.3,45.9,48.1,56.0,5.1,33.8,5,Declining,0.0
STU0375,0,0.0,6,0,128.2,48.1,14.3,50.9,34.3,50.7,1.0,44.8,4,Declining,1.0
STU0376,10,11.9,11,14,104.0,63.0,52.2,52.3,78.4,64.3,4.8,49.2,3,Stable,
STU0377,0,0.0,5,5,119.9,55.7,51.3,44.8,30.0,36.0,2.0,34.1,5,Declining,1.0
STU0378,7,15.135714285714286,7,7,141.0,67.2,36.4,46.8,57.2,59.8,5.4,33.3,6,Improving,0.0
STU0379,7,12.285714285714286,7,7,116.6,76.2,49.0,72.0,65.5,50.0,4.1,52.8,3,Declining,
STU0380,5,12.666666666666666,6,16,140.0,68.8,49.7,66.5,39.9,64.2,5.8,95.9,3,Stable,
STU0381,5,12.74,7,13,140.0,63.9,46.9,53.8,57.6,44.2,3.0,41.9,2,Stable,1.0
STU0382,6,13.25,7,8,100.0,61.9,69.0,63.1,40.1,45.9,2.7,65.8,3,Stable,
STU0383,3,10.333333333333334,6,13,121.0,51.6,62.8,69.4,52.1,48.4,2.7,50.8,4,Declining,
STU0384,6,13.428571428571429,6,7,117.0,77.6,48.8,43.4,75.9,61.7,4.7,46.7,3,Stable,0.0
STU0385,9,12.555555555555555,11,19,140.2,74.1,43.9,46.4,35.3,58.3,5.2,77.9,5,Stable,0.0
STU0386,6,11.5,6,8,129.3,64.9,66.3,58.5,53.5,49.0,2.2,45.9,4,Declining,0.0
STU0387,6,13.666666666666666,6,6,145.3,67.5,61.8,40.0,51.0,67.0,2.9,54.2,4,Declining,0.0
STU0388,11,11.272727272727272,14,16,146.2,68.4,56.1,40.7,48.9,65.0,4.7,63.5,5,Declining,0.0
STU0389,5,13.166666666666666,6,10,122.5,52.1,59.7,35.6,39.6,48.2,5.4,72.2,5,Stable,
STU0390,6,14.666666666666666,6,6,156.1,55.9,61.1,58.1,67.3,42.6,3.2,50.1,3,Stable,0.0
STU0391,4,12.75,6,11,140.0,63.9,40.3,29.3,56.0,50.6,2.0,86.4,6,Declining,
STU0392,5,11.2,7,11,140.0,63.4,43.2,48.5,35.0,44.8,4.9,25.0,4,Declining,
STU0393,5,13.0,6,8,128.4,65.8,51.4,13.2,45.1,44.0,1.7,44.3,3,Improving,1.0
STU0394,2,10.5,5,8,115.0,76.4,23.5,54.9,44.9,57.9,3.9,65.6,6,Declining,1.0
STU0395,6,14.857142857142858,6,7,158.7,65.1,49.5,62.7,40.9,68.9,1.5,47.8,5,Stable,0.0
STU0396,7,12.86,8,11,124.5,61.2,43.9,53.9,57.3,54.5,3.9,58.6,4,Stable,0.0
STU0397,11,11.727272727272728,11,12,111.9,69.5,58.2,73.3,61.3,57.6,3.9,45.2,3,Stable,0.0
STU0398,6,13.142857142857142,6,11,150.0,55.7,39.3,65.4,58.2,45.7,3.0,33.9,4,Stable,0.0
STU0399,5,11.8,6,6,114.2,66.3,55.2,43.6,73.6,39.3,5.4,43.8,3,Declining,1.0
STU0400,3,10.666666666666666,5,10,96.0,57.9,50.7,40.5,42.1,59.7,3.3,60.1,4,Declining,1.0
STU0401,5,11.6,6,9,128.9,67.0,49.1,64.0,48.9,37.1,3.5,42.9,4,Declining,
STU0402,3,10.333333333333334,6,13,121.7,62.3,53.8,59.4,46.4,42.9,3.2,47.7,5,Declining,
STU0403,4,12.25,6,11,114.8,64.1,57.4,50.1,62.2,44.5,2.8,44.4,7,Declining,
STU0404,6,12.0,6,6,127.0,70.7,48.3,33.0,61.8,58.1,6.0,63.1,4,Stable,
STU0405,7,14.731428571428571,8,8,131.3,73.9,55.0,68.7,46.1,53.9,3.7,33.5,5,Improving,0.0
STU0406,0,0.0,0,0,137.1,71.3,26.9,38.8,54.5,31.2,4.2,29.8,6,Declining,0.0
STU0407,13,13.615384615384617,13,14,120.0,77.0,51.4,62.0,52.9,77.4,3.8,59.2,5,Stable,0.0
STU0408,5,15.8,5,5,139.0,65.2,72.2,22.2,64.8,74.6,4.1,42.1,7,Stable,0.0
STU0409,6,14.666666666666666,6,6,129.1,62.2,50.9,62.7,64.2,59.8,3.5,74.1,3,Declining,0.0
STU0410,0,0.0,5,5,128.2,58.3,35.6,38.0,44.6,40.4,1.1,6.4,3,Declining,1.0
STU0411,7,14.654285714285717,8,8,120.8,79.7,53.6,51.0,54.0,50.1,3.9,62.9,2,Stable,0.0
STU0412,7,12.401428571428571,8,8,135.8,73.6,57.1,45.6,52.5,54.2,6.0,61.7,6,Declining,0.0
STU0413,7,11.5875,7,8,118.9,60.6,45.4,56.3,59.9,39.3,5.4,48.1,5,Stable,0.0
STU0414,5,14.0,5,5,140.0,69.8,46.4,60.4,60.2,65.5,3.9,83.0,3,Declining,0.0
STU0415,6,12.333333333333334,6,9,127.1,68.0,63.1,50.2,62.1,52.1,2.2,60.4,7,Stable,0.0
STU0416,5,14.0,5,5,137.0,74.6,33.9,61.5,62.0,45.4,4.2,43.0,4,Stable,0.0
STU0417,6,15.23076923076923,6,13,127.4,70.6,57.1,44.0,61.1,52.5,3.6,67.1,3,Stable,0.0
STU0418,5,11.6,6,9,97.0,67.3,40.5,45.5,67.8,60.8,2.5,44.8,4,Stable,1.0
STU0419,6,11.6,7,7,126.3,56.2,26.8,62.2,48.2,49.8,4.5,46.6,6,Stable,0.0
STU0420,0,0.0,7,0,127.5,61.3,34.0,33.1,40.4,28.6,0.5,48.3,5,Declining,1.0
STU0421,7,12.901428571428571,7,7,126.6,55.8,39.0,76.5,50.3,29.6,4.1,63.4,6,Declining,0.0
STU0422,7,14.142857142857142,7,9,120.0,68.5,38.2,60.5,81.5,55.0,4.7,73.2,5,Stable,0.0
STU0423,0,0.0,6,0,140.0,50.6,66.1,24.0,47.6,42.5,2.8,0.0,8,Stable,1.0
STU0424,8,13.25375,8,8,131.5,62.9,60.7,38.4,67.2,50.0,2.6,62.4,5,Declining,0.0
STU0425,7,13.785714285714286,7,7,112.2,72.1,60.4,66.0,61.0,45.8,6.1,79.1,4,Declining,0.0
STU0426,6,13.916666666666666,7,7,150.5,66.9,52.2,48.6,55.3,41.2,4.3,38.5,5,Declining,0.0
STU0427,6,13.5,6,8,121.0,47.6,38.3,66.7,82.4,50.0,3.9,57.7,4,Declining,0.0
STU0428,3,11.333333333333334,5,8,112.2,62.3,46.3,44.8,63.9,37.0,1.8,45.9,3,Declining,
STU0429,0,0.0,5,8,129.4,52.7,31.9,42.1,37.9,25.7,1.1,44.0,7,Declining,1.0
STU0430,5,11.5,6,10,114.4,75.3,27.3,49.4,51.0,46.6,3.3,44.0,4,Declining,0.0
STU0431,7,12.082857142857142,8,8,120.3,56.6,73.8,58.4,57.6,76.8,3.9,66.7,6,Declining,0.0
STU0432,6,11.833333333333334,6,8,120.0,81.2,50.2,63.0,49.1,81.2,4.2,49.0,6,Declining,0.0
STU0433,5,13.4,5,6,114.5,72.8,41.4,54.6,51.1,67.4,3.4,94.3,5,Stable,0.0
STU0434,0,0.0,7,7,127.8,53.5,37.5,47.0,25.7,46.7,3.8,38.5,7,Declining,1.0
STU0435,5,14.2,6,7,124.6,63.1,35.7,34.8,31.4,30.8,3.4,89.0,5,Declining,0.0
STU0436,7,13.814285714285717,8,8,130.3,62.4,42.5,61.8,76.5,87.6,4.3,66.5,5,Stable,0.0
STU0437,4,11.25,6,10,118.2,67.1,67.8,52.6,47.7,56.1,4.9,45.1,3,Declining,
STU0438,6,14.5,6,6,118.8,60.8,47.0,53.0,53.1,41.8,3.3,56.6,4,Declining,0.0
STU0439,0,0.0,6,0,133.0,54.1,34.8,9.3,40.7,70.2,0.3,37.5,7,Declining,1.0
STU0440,6,11.3,7,7,129.0,56.8,51.9,33.6,60.9,51.4,3.2,18.2,5,Declining,0.0
STU0441,0,0.0,2,2,100.0,60.9,33.2,41.0,48.0,48.3,3.1,46.5,6,Declining,
STU0442,1,12.0,5,11,120.7,64.7,41.1,54.8,61.4,45.9,3.4,51.0,5,Declining,
STU0443,7,12.3,8,9,132.5,63.0,79.9,60.6,61.5,61.3,4.7,63.5,7,Stable,0.0
STU0444,7,12.694285714285714,8,8,120.3,65.0,44.0,55.8,53.2,62.9,2.4,64.8,4,Stable,0.0
STU0445,4,11.0,5,5,114.6,58.4,37.7,37.0,64.5,60.8,1.5,30.1,6,Declining,0.0
STU0446,6,13.0,6,6,116.5,68.8,57.8,42.6,53.3,69.2,4.5,55.6,4,Declining,0.0
STU0447,7,14.4125,7,8,127.8,57.8,38.9,32.0,67.5,57.9,4.5,57.5,4,Declining,0.0
STU0448,7,12.92875,7,8,129.9,74.2,65.3,57.5,40.6,57.4,2.9,37.1,3,Stable,1.0
STU0449,6,13.333333333333334,6,6,118.9,67.9,49.8,78.1,68.3,53.5,2.5,76.4,3,Stable,0.0
STU0450,5,12.8,6,8,114.3,62.2,52.8,53.1,45.5,40.6,3.6,81.4,3,Stable,
STU0451,7,14.402857142857142,8,8,114.8,72.6,57.8,48.2,42.6,45.1,4.1,51.6,2,Stable,0.0
STU0452,7,13.381428571428572,8,8,123.0,70.4,49.3,56.7,43.4,51.5,2.5,63.9,4,Stable,0.0
STU0453,7,14.13125,7,8,122.1,59.3,65.0,55.4,59.0,70.9,4.0,56.1,3,Stable,0.0
STU0454,5,11.714285714285714,5,11,123.7,76.0,58.5,32.9,76.9,58.4,2.0,47.2,3,Stable,0.0
STU0455,5,11.8,5,5,132.4,45.0,56.1,56.0,51.3,50.8,2.9,44.8,8,Stable,
STU0456,6,11.166666666666666,6,9,114.8,74.3,32.7,52.6,53.0,49.6,2.2,33.8,6,Stable,0.0
STU0457,0,0.0,6,7,130.0,54.4,31.9,37.0,48.6,25.0,2.0,38.4,9,Declining,1.0
STU0458,5,13.6,6,9,122.3,74.3,50.7,78.9,49.4,43.1,3.1,44.6,4,Declining,1.0
STU0459,12,13.846153846153848,12,14,152.4,82.5,79.9,60.8,59.9,62.3,6.3,72.5,3,Stable,0.0
STU0460,6,12.5,6,7,120.1,62.7,34.7,76.5,51.3,53.7,4.2,46.9,5,Stable,0.0
STU0461,5,16.4,5,5,155.1,64.5,46.1,46.8,76.3,64.9,2.5,38.7,5,Improving,0.0
STU0462,11,13.818181818181818,11,11,124.5,72.7,70.7,42.6,60.9,56.6,5.6,51.3,3,Stable,0.0
STU0463,5,10.6,6,8,126.9,55.5,38.1,42.7,60.3,58.2,3.3,55.7,3,Stable,0.0
STU0464,5,10.2,5,8,153.2,61.7,41.1,66.1,45.4,32.7,4.4,44.7,5,Declining,0.0
STU0465,5,10.6,6,11,129.8,61.5,69.9,43.7,41.8,40.4,2.1,37.0,2,Declining,
STU0466,9,11.444444444444445,10,10,135.0,58.1,58.2,39.7,63.4,58.7,4.8,80.4,5,Stable,1.0
STU0467,5,14.333333333333334,6,9,131.3,63.0,62.9,59.7,58.2,54.7,6.4,34.2,4,Declining,
STU0468,16,13.0,16,18,125.2,79.3,71.1,60.8,74.7,72.4,5.7,87.2,4,Improving,0.0
STU0469,8,13.31,8,9,141.3,73.4,55.8,64.3,48.4,70.2,3.4,73.8,6,Declining,0.0
STU0470,5,10.571428571428571,6,10,117.1,63.3,50.7,44.6,52.1,66.3,5.0,63.9,5,Declining,0.0
STU0471,7,13.487142857142857,8,8,126.5,67.8,64.2,45.4,43.6,74.3,3.2,67.2,2,Declining,0.0
STU0472,6,12.333333333333334,6,6,120.1,63.5,41.2,74.3,49.6,75.1,4.4,41.4,2,Declining,0.0
STU0473,6,11.875,6,11,128.4,52.1,72.6,44.8,40.4,49.4,6.5,45.1,2,Declining,1.0
STU0474,6,13.966666666666669,7,7,140.0,58.8,46.5,45.9,53.1,82.3,3.3,83.8,3,Stable,0.0
STU0475,0,0.0,5,10,110.0,63.7,48.8,45.0,54.4,74.1,2.7,48.9,4,Declining,1.0
STU0476,4,11.5,5,8,116.8,74.1,55.3,18.8,44.1,35.7,6.0,57.6,4,Declining,0.0
STU0477,2,12.5,2,2,104.5,56.4,40.9,59.3,42.4,42.6,4.5,39.2,3,Stable,1.0
STU0478,0,0.0,7,0,140.0,64.0,40.8,59.5,38.3,42.3,2.8,17.9,5,Declining,1.0
STU0479,6,11.98,7,10,113.2,56.5,53.2,65.1,53.0,56.4,1.5,36.0,4,Declining,0.0
STU0480,5,13.2,6,8,118.6,61.9,30.4,42.0,62.4,33.2,2.7,42.8,5,Stable,
STU0481,6,11.614285714285714,7,10,123.8,65.0,50.3,45.7,41.6,41.9,4.8,49.0,3,Stable,0.0
STU0482,7,14.314285714285717,8,8,126.7,65.6,39.2,58.0,32.0,58.5,3.7,59.4,3,Declining,0.0
STU0483,0,0.0,7,0,133.8,49.5,41.1,42.4,40.6,35.4,1.4,49.3,7,Declining,1.0
STU0484,6,12.666666666666666,6,9,140.0,67.4,50.4,74.5,72.1,61.4,5.3,86.1,4,Declining,
STU0485,6,12.766666666666666,7,9,100.6,72.7,62.7,74.0,53.3,77.5,4.7,76.8,4,Stable,0.0
STU0486,6,12.666666666666666,6,7,132.7,54.6,43.5,52.2,58.9,38.8,2.9,34.8,5,Declining,0.0
STU0487,6,11.5,6,7,106.6,66.6,35.3,47.5,53.3,80.6,4.6,41.0,3,Stable,1.0
STU0488,5,11.4,6,13,140.4,73.2,37.9,44.4,61.5,75.3,2.6,38.0,6,Declining,1.0
STU0489,7,14.70625,7,8,128.3,64.7,78.8,65.3,54.4,35.5,2.2,73.9,7,Stable,0.0
STU0490,6,11.814285714285717,7,9,118.6,61.6,87.7,67.4,53.8,39.0,4.2,65.1,5,Declining,0.0
STU0491,6,13.0,6,8,123.4,59.7,76.3,56.1,71.7,49.2,2.4,47.2,3,Stable,0.0
STU0492,6,14.857142857142858,6,7,124.0,83.4,35.2,56.6,68.0,44.0,2.5,54.9,2,Stable,0.0
STU0493,6,12.6,7,7,121.3,78.1,35.2,80.1,48.0,60.6,2.6,57.4,3,Declining,0.0
STU0494,5,13.333333333333334,6,9,101.0,63.8,39.0,63.0,48.3,61.3,4.0,62.5,5,Declining,
STU0495,6,10.666666666666666,7,10,116.9,74.8,59.9,29.0,47.9,54.3,4.6,71.3,4,Declining,
STU0496,2,11.5,5,6,130.0,58.9,72.5,49.8,39.6,53.9,3.0,51.3,5,Declining,1.0
STU0497,1,10.0,7,9,120.0,60.8,56.4,51.0,43.9,46.2,1.7,42.8,5,Declining,1.0
STU0498,5,11.8,6,10,130.4,57.0,53.0,50.4,52.7,57.4,2.3,59.0,4,Stable,0.0
STU0499,5,11.8,6,7,118.7,50.4,39.1,68.4,45.8,75.2,1.8,49.0,4,Stable,0.0
STU0500,8,12.77125,8,8,131.5,62.9,50.4,52.8,61.8,26.9,4.9,62.9,3,Stable,0.0
STU0501,3,11.333333333333334,5,13,120.4,60.9,50.1,40.2,35.7,51.3,2.4,47.8,5,Stable,
STU0502,6,12.666666666666666,6,6,129.1,69.5,62.3,46.1,43.0,59.1,4.1,72.0,4,Stable,0.0
STU0503,5,12.2,6,10,132.0,70.9,45.0,62.1,60.8,51.8,1.6,72.4,6,Declining,
STU0504,1,12.0,5,9,130.0,62.2,52.0,34.0,69.9,53.2,4.8,45.2,3,Declining,1.0
STU0505,7,11.721428571428572,8,12,132.8,58.8,55.9,49.7,58.2,68.8,3.9,86.6,5,Declining,0.0
STU0506,4,14.0,7,12,143.7,61.0,53.1,65.1,46.7,47.6,1.9,57.5,5,Stable,
STU0507,7,14.75,7,9,152.8,80.9,50.0,41.4,46.4,82.9,3.4,64.5,3,Stable,
STU0508,6,12.666666666666666,6,6,133.5,71.1,53.1,42.2,51.1,35.7,4.0,75.7,3,Declining,0.0
STU0509,4,13.0,5,12,146.2,77.1,50.0,33.8,67.0,60.5,2.7,83.7,6,Declining,1.0
STU0510,0,0.0,5,6,115.2,69.8,26.5,28.2,45.9,38.7,2.5,50.7,4,Declining,1.0
STU0511,4,10.75,6,8,120.7,58.8,59.2,45.4,39.7,53.8,5.0,55.0,3,Declining,
STU0512,0,0.0,5,5,101.8,62.1,54.6,35.9,44.3,47.8,3.1,27.2,4,Declining,1.0
STU0513,4,12.5,5,6,100.0,57.6,51.8,41.8,67.5,44.4,3.6,56.3,3,Stable,0.0
STU0514,0,0.0,4,4,121.9,63.7,35.0,34.0,52.3,51.8,3.7,41.6,6,Declining,1.0
STU0515,0,0.0,5,5,120.4,62.1,44.9,50.5,54.0,62.4,2.3,39.1,8,Declining,1.0
STU0516,0,0.0,6,0,120.4,40.0,37.2,42.0,48.0,34.5,1.8,28.4,5,Declining,1.0
STU0517,6,12.5,6,7,148.8,69.3,65.4,80.3,42.0,47.3,3.7,42.7,7,Declining,0.0
STU0518,5,12.8,6,10,123.0,59.2,52.8,46.4,46.6,68.6,3.9,56.8,6,Stable,1.0
STU0519,1,10.0,6,11,100.0,59.5,52.9,43.5,67.0,59.9,3.7,36.3,4,Stable,1.0
STU0520,4,11.25,6,11,112.1,59.4,70.3,54.3,49.5,32.7,2.5,25.7,4,Declining,1.0
STU0521,7,12.61,8,8,126.8,74.1,68.0,49.6,36.8,61.2,5.3,41.9,4,Stable,0.0
STU0522,2,12.0,5,14,115.9,58.8,47.0,51.5,58.4,60.2,5.0,43.1,5,Stable,0.0
STU0523,5,13.0,6,9,132.5,55.8,64.5,31.5,65.3,52.8,6.7,41.5,2,Declining,0.0
STU0524,4,12.0,5,9,132.2,58.4,37.0,48.4,52.4,69.8,1.5,54.2,3,Declining,0.0
STU0525,4,12.0,7,8,183.5,63.1,47.3,63.2,58.5,32.4,3.6,31.7,2,Stable,1.0
STU0526,1,12.0,5,12,136.0,66.7,57.7,73.5,43.0,24.0,2.4,30.7,7,Declining,1.0
STU0527,1,12.0,5,9,100.9,72.7,65.6,67.6,46.2,62.2,4.1,66.1,5,Declining,
STU0528,0,0.0,0,0,114.5,59.1,26.0,39.5,21.9,28.2,3.4,44.9,6,Declining,0.0
STU0529,0,0.0,5,5,110.3,60.2,35.4,44.5,29.9,38.3,2.1,36.5,5,Declining,1.0
STU0530,5,13.625,6,11,137.2,72.5,52.4,59.3,69.8,40.6,3.5,75.0,3,Declining,1.0
STU0531,3,11.666666666666666,5,12,116.9,71.0,48.0,45.5,19.4,61.4,2.9,38.9,2,Declining,
STU0532,0,0.0,6,0,121.8,63.3,20.4,26.5,36.1,42.1,1.7,41.8,6,Declining,1.0
STU0533,7,11.69,8,8,127.3,86.4,58.0,58.0,49.8,52.3,4.3,50.5,5,Stable,0.0
STU0534,0,0.0,6,11,120.0,62.5,21.3,38.3,47.4,24.7,2.6,55.2,8,Declining,1.0
STU0535,0,0.0,0,0,150.0,57.3,48.7,48.1,18.7,36.1,3.8,34.1,7,Declining,0.0
STU0536,4,11.5,5,10,100.0,61.0,65.8,24.0,45.3,55.6,3.4,36.8,6,Stable,0.0
STU0537,1,14.0,5,10,150.0,66.8,41.4,50.0,46.6,44.7,4.6,69.8,6,Declining,1.0
STU0538,5,11.0,6,7,116.9,73.9,34.3,67.1,57.0,45.6,2.5,44.0,4,Stable,0.0
STU0539,6,12.857142857142858,6,7,140.0,56.6,51.6,61.9,55.0,54.0,2.3,35.5,2,Stable,0.0
STU0540,4,12.5,6,9,122.1,75.2,44.0,41.4,37.0,60.3,4.9,73.7,5,Stable,1.0
STU0541,7,14.528571428571428,7,7,160.0,64.4,51.7,41.5,53.7,61.0,4.6,65.8,3,Stable,0.0
STU0542,5,10.0,5,8,118.4,62.4,50.0,51.3,44.6,65.1,2.9,36.0,4,Declining,
STU0543,6,13.0,6,8,150.0,70.7,41.1,64.7,60.0,53.0,2.8,51.9,3,Declining,0.0
STU0544,7,15.957142857142856,7,7,144.9,64.4,75.3,64.6,55.7,69.2,3.7,55.8,5,Improving,0.0
STU0545,5,13.2,5,6,121.1,69.5,43.5,55.6,71.9,39.2,4.1,38.8,5,Stable,
STU0546,4,10.2,5,9,121.8,54.7,59.5,59.0,45.2,55.2,3.7,35.4,2,Stable,
STU0547,5,14.2,5,6,146.8,73.4,41.4,58.2,49.5,58.1,2.2,51.8,4,Stable,
STU0548,6,12.625,6,8,138.0,67.9,52.7,62.1,49.7,82.1,2.3,67.8,6,Stable,
STU0549,6,13.496666666666668,8,11,138.0,67.0,58.5,67.4,54.2,46.9,4.2,67.1,4,Stable,
STU0550,5,13.25,5,8,116.3,68.3,53.2,49.2,63.2,39.1,4.5,44.4,4,Stable,0.0
STU0551,3,12.0,5,12,122.5,64.4,46.4,41.8,48.4,42.2,2.6,62.2,6,Stable,1.0
STU0552,4,13.0,6,10,115.0,69.1,44.9,62.6,50.1,45.2,2.0,73.9,4,Declining,1.0
STU0553,9,11.77777777777778,11,12,115.0,66.3,49.5,51.3,60.8,61.0,4.2,43.5,4,Stable,1.0
STU0554,2,11.0,5,10,119.8,60.9,39.3,27.1,41.6,34.5,0.7,58.1,6,Declining,1.0
STU0555,0,0.0,5,14,95.0,42.3,41.1,57.2,48.2,44.1,1.8,33.5,4,Declining,1.0
STU0556,14,12.428571428571429,14,16,150.0,82.5,81.9,65.9,58.3,61.6,5.5,59.6,2,Stable,1.0
STU0557,3,11.0,5,8,117.8,54.3,52.3,53.5,42.5,61.1,3.1,48.0,2,Declining,
STU0558,0,0.0,0,0,144.2,67.9,42.1,35.8,21.6,45.4,0.1,42.7,9,Declining,0.0
STU0559,3,11.5,6,12,130.0,62.4,62.0,62.0,41.4,61.0,5.4,30.2,5,Declining,
STU0560,8,12.5075,8,8,128.2,77.1,48.1,41.2,54.4,61.2,4.1,55.2,6,Declining,0.0
STU0561,11,12.090909090909092,12,18,135.3,78.2,35.7,60.4,58.9,72.8,4.7,54.7,2,Stable,0.0
STU0562,2,11.0,5,14,143.9,71.4,48.0,54.4,48.7,32.3,4.5,48.1,6,Stable,
STU0563,1,10.0,5,13,140.7,62.8,56.4,55.8,35.1,30.9,3.0,42.6,4,Stable,1.0
STU0564,6,13.5,6,6,130.4,57.0,76.5,34.9,53.3,54.0,3.6,42.4,6,Declining,0.0
STU0565,6,14.166666666666666,6,6,123.2,65.5,41.2,63.0,40.4,55.7,5.5,82.7,4,Stable,0.0
STU0566,6,14.0,6,7,118.0,64.4,66.1,50.9,43.2,42.4,3.0,15.1,2,Stable,0.0
STU0567,0,0.0,3,4,120.0,54.6,38.7,30.8,51.4,45.3,3.2,39.8,8,Declining,1.0
STU0568,3,11.666666666666666,5,9,118.9,54.3,44.0,32.9,50.8,35.1,2.2,57.4,5,Stable,1.0
STU0569,5,14.6,5,7,117.2,64.4,40.0,82.4,59.8,51.2,3.1,55.1,2,Stable,0.0
STU0570,5,13.0,6,10,120.0,42.7,44.7,53.1,68.8,53.3,4.2,56.9,2,Stable,0.0
STU0571,6,12.166666666666666,6,7,118.1,63.5,58.3,57.3,53.7,60.2,5.5,61.9,5,Declining,0.0
STU0572,0,0.0,5,9,124.8,56.9,51.0,26.7,50.5,33.2,2.3,24.4,6,Declining,1.0
STU0573,3,10.5,5,10,106.5,57.3,15.2,32.5,55.0,64.6,1.7,42.1,5,Declining,1.0
STU0574,3,12.4,5,14,116.8,62.9,56.2,62.8,45.9,72.2,4.5,45.8,5,Stable,
STU0575,0,0.0,0,0,109.3,56.3,28.1,21.8,38.2,56.5,1.0,37.7,6,Declining,0.0
STU0576,0,0.0,5,12,120.0,64.3,31.0,55.4,33.8,61.4,3.0,40.6,6,Declining,1.0
STU0577,7,13.828571428571427,8,8,137.5,76.0,58.8,78.4,62.5,68.3,4.4,39.8,5,Stable,0.0
STU0578,5,10.6,5,7,150.0,66.9,72.3,42.9,62.3,58.7,1.8,48.6,4,Stable,
STU0579,6,11.5,6,7,120.4,65.3,42.2,48.3,40.1,43.8,4.2,42.5,5,Declining,0.0
STU0580,4,13.5,6,6,136.7,68.3,49.5,23.1,44.8,45.8,2.3,37.4,5,Stable,0.0
STU0581,0,0.0,6,12,118.5,70.6,17.9,18.9,37.7,51.1,3.8,25.9,7,Declining,1.0
STU0582,7,12.5375,7,8,133.0,70.8,58.0,63.3,47.3,33.2,2.1,37.5,1,Stable,0.0
STU0583,6,14.833333333333334,6,6,128.8,69.4,45.2,71.5,53.7,71.1,3.9,28.2,3,Stable,
STU0584,4,12.0,5,10,133.0,73.6,68.9,43.6,56.6,44.7,2.5,51.9,5,Declining,0.0
STU0585,5,11.8,6,8,102.0,65.6,54.7,45.8,66.2,45.9,5.4,65.3,7,Declining,0.0
STU0586,5,15.0,5,5,133.9,59.9,49.2,36.6,50.2,63.7,2.1,49.5,6,Declining,0.0
STU0587,3,12.0,5,7,127.0,67.8,45.3,38.1,46.3,54.1,6.3,62.7,6,Declining,0.0
STU0588,6,12.833333333333334,6,6,120.4,67.6,56.2,70.7,58.3,48.6,3.4,64.6,8,Declining,0.0
STU0589,6,11.666666666666666,6,12,124.5,64.4,60.0,58.4,54.0,42.7,3.2,39.9,4,Declining,0.0
STU0590,7,12.1625,7,9,123.9,71.1,38.5,34.0,39.7,36.4,4.9,41.7,7,Declining,0.0
STU0591,6,13.833333333333334,6,6,117.8,52.3,50.9,62.4,46.7,28.5,3.9,32.6,5,Declining,0.0
STU0592,4,12.45,7,12,126.7,61.1,50.6,82.1,50.1,70.2,2.7,55.0,3,Declining,
STU0593,6,12.125,6,9,110.0,59.1,54.2,49.9,62.2,51.0,2.9,60.5,2,Stable,0.0
STU0594,5,13.4,6,8,134.7,59.9,67.4,46.7,65.6,42.9,3.3,52.8,4,Declining,
STU0595,6,13.333333333333334,6,8,113.2,65.4,35.4,62.5,44.6,63.4,3.1,42.3,5,Stable,
STU0596,11,11.454545454545457,15,15,141.0,61.9,67.8,71.4,50.9,48.6,5.3,57.8,3,Stable,1.0
STU0597,4,12.0,6,10,111.5,78.4,54.3,62.8,61.6,42.9,3.8,60.9,5,Stable,1.0
STU0598,6,12.666666666666666,7,8,140.0,69.9,46.0,51.2,50.1,68.1,4.4,62.0,7,Stable,1.0
STU0599,6,12.666666666666666,6,7,134.3,59.9,61.5,49.8,58.1,62.6,3.4,60.6,4,Stable,0.0
STU0600,18,11.88888888888889,18,22,125.3,60.3,59.2,46.1,63.3,67.1,6.0,73.6,6,Stable,0.0
STU0601,0,0.0,6,0,140.0,50.3,13.3,23.2,39.9,31.3,1.2,47.6,7,Declining,1.0
STU0602,4,13.0,6,6,119.6,62.5,9.0,57.5,49.0,55.0,2.6,36.1,6,Stable,1.0
STU0603,7,16.885714285714283,7,7,170.0,64.1,41.6,52.8,69.6,64.8,3.7,49.6,3,Stable,0.0
STU0604,6,12.5,6,6,150.5,86.4,45.0,57.5,38.8,56.5,5.5,38.4,4,Declining,0.0
STU0605,7,13.055555555555555,7,9,128.0,54.0,55.4,53.4,51.9,69.7,3.3,48.7,4,Stable,0.0
STU0606,0,0.0,0,0,108.7,55.4,42.2,38.7,49.8,26.0,1.4,52.3,6,Declining,1.0
STU0607,0,0.0,5,7,121.6,54.7,33.0,39.3,38.4,35.9,2.4,20.4,7,Declining,1.0
STU0608,7,12.355714285714283,8,8,125.3,64.7,35.6,64.5,54.0,61.1,3.8,42.7,6,Declining,0.0
STU0609,0,0.0,6,0,117.6,40.0,30.4,48.2,49.1,31.1,0.7,4.8,10,Declining,1.0
STU0610,5,11.98,7,8,124.3,65.0,47.9,53.3,57.9,63.9,2.3,60.6,3,Stable,
STU0611,7,13.857142857142858,7,7,106.1,68.9,74.5,54.2,64.6,71.5,5.0,54.6,4,Declining,0.0
STU0612,5,13.0,6,9,139.9,71.7,58.2,54.1,66.2,54.1,2.4,73.1,6,Declining,0.0
STU0613,6,12.833333333333334,6,6,110.8,70.1,31.9,45.4,40.0,58.3,4.9,73.6,4,Stable,0.0
STU0614,4,11.0,5,11,118.0,74.3,45.5,65.3,47.6,48.8,3.0,32.5,2,Stable,
STU0615,7,12.357142857142858,8,8,117.8,50.3,60.9,48.8,46.9,50.9,1.2,52.5,5,Declining,0.0
STU0616,7,13.857142857142858,8,8,127.5,65.7,54.1,54.9,59.4,71.0,4.9,74.3,3,Declining,0.0
STU0617,6,12.333333333333334,6,6,129.7,86.0,31.9,56.5,64.4,43.3,4.8,41.0,4,Stable,0.0
STU0618,7,12.847142857142858,7,8,130.6,75.5,62.8,59.7,30.4,64.7,4.7,68.8,7,Stable,0.0
STU0619,6,12.339999999999998,7,9,126.3,54.6,56.2,58.1,38.6,47.8,3.3,15.3,5,Declining,0.0
STU0620,5,12.666666666666666,6,10,140.0,66.6,49.5,52.8,33.3,43.2,3.4,51.1,5,Stable,
STU0621,6,13.833333333333334,6,6,105.0,58.4,43.0,75.4,46.4,66.6,3.4,44.2,6,Declining,0.0
STU0622,2,10.75,5,15,114.6,60.2,60.1,51.9,51.2,58.4,2.6,63.3,4,Declining,1.0
STU0623,4,13.25,6,11,114.6,81.8,29.4,51.2,69.8,45.3,4.1,46.0,5,Stable,1.0
STU0624,8,13.73125,8,8,131.0,75.7,35.9,79.2,43.5,54.3,3.9,68.5,4,Stable,0.0
STU0625,6,13.333333333333334,6,6,109.0,54.3,43.4,45.9,78.4,52.6,3.4,60.9,5,Stable,1.0
STU0626,5,12.0,6,8,132.0,59.2,54.2,75.1,58.2,55.3,2.9,39.5,2,Stable,1.0
STU0627,9,10.88888888888889,9,10,130.0,67.3,37.0,32.4,61.1,49.3,4.2,67.9,3,Stable,0.0
STU0628,7,13.025,7,8,109.5,65.0,46.6,51.3,62.4,75.8,5.5,62.4,4,Declining,0.0
STU0629,6,13.0,6,6,115.9,68.8,47.8,34.9,40.0,40.5,4.0,30.1,5,Stable,0.0
STU0630,5,11.8,6,10,131.6,59.3,54.8,37.3,47.1,34.4,2.1,58.9,7,Stable,0.0
STU0631,7,12.042857142857144,8,8,120.0,63.6,49.0,60.7,44.2,52.7,3.9,46.1,3,Stable,0.0
STU0632,5,12.2,6,9,109.7,59.3,47.6,57.3,59.6,29.0,4.3,58.3,4,Stable,
STU0633,7,12.8375,7,8,136.4,64.0,44.5,48.7,46.0,45.5,4.8,57.9,4,Declining,0.0
STU0634,7,11.0,7,13,120.0,72.1,65.3,74.8,52.2,46.4,4.5,68.2,2,Declining,0.0
STU0635,6,13.5,6,7,132.6,69.0,60.4,69.1,47.9,54.5,4.1,67.7,3,Stable,0.0
STU0636,6,12.125,6,8,112.9,60.4,59.0,53.9,68.0,51.0,7.1,40.4,1,Declining,0.0
STU0637,7,12.62857142857143,8,12,134.3,76.3,44.1,34.7,49.3,58.0,2.6,46.9,5,Stable,0.0
STU0638,3,10.666666666666666,5,9,123.2,72.1,41.7,62.4,39.4,40.6,5.2,43.5,3,Improving,
STU0639,5,11.2,6,11,117.2,65.2,56.0,47.5,57.4,47.8,4.4,66.6,6,Stable,0.0
STU0640,6,12.666666666666666,6,6,129.8,64.0,44.6,58.2,53.2,60.5,6.6,46.3,5,Stable,1.0
STU0641,4,13.5,6,7,158.0,79.6,39.7,63.3,67.1,25.5,2.0,56.0,4,Declining,1.0
STU0642,3,11.666666666666666,5,9,116.5,77.0,52.1,46.9,54.2,55.8,5.4,61.9,3,Stable,
STU0643,2,10.5,5,8,121.0,50.7,31.0,65.0,52.1,23.2,5.3,46.4,5,Stable,
STU0644,8,14.26875,8,8,133.8,77.9,52.5,53.5,65.6,56.8,4.0,82.8,3,Stable,
STU0645,0,0.0,6,0,115.0,68.8,45.7,44.5,43.6,44.2,1.0,22.0,7,Declining,1.0
STU0646,2,10.5,5,8,131.8,68.0,48.4,58.8,57.3,52.6,5.8,53.8,6,Declining,
STU0647,5,11.2,6,11,121.0,61.5,37.8,64.3,59.7,44.9,2.7,56.4,3,Declining,
STU0648,5,12.0,5,5,152.4,62.3,55.8,74.0,49.1,55.2,4.9,52.1,4,Declining,0.0
STU0649,7,12.228571428571428,7,9,110.2,80.4,45.4,45.7,42.6,43.1,5.8,21.5,6,Declining,0.0
STU0650,4,11.5,5,6,113.5,71.0,59.1,38.4,49.6,67.6,3.4,44.5,7,Stable,0.0
STU0651,6,15.375,6,8,144.4,72.2,60.3,53.4,36.0,65.9,3.9,29.5,2,Declining,0.0
STU0652,9,13.666666666666666,12,19,143.3,88.4,52.9,96.6,51.2,47.2,6.6,52.0,2,Declining,
STU0653,7,12.614285714285714,8,11,100.0,59.1,44.2,72.4,51.3,71.5,3.7,53.2,3,Declining,0.0
STU0654,5,12.2,6,7,126.3,64.6,40.4,47.0,65.8,54.9,3.1,85.3,5,Stable,0.0
STU0655,4,11.75,6,13,115.9,66.7,81.3,49.0,51.0,38.6,0.5,61.6,2,Declining,0.0
STU0656,5,11.4,6,9,114.9,63.4,22.7,53.0,70.0,66.2,5.0,34.8,4,Stable,
STU0657,5,10.6,6,10,121.0,50.1,28.5,55.9,56.8,71.4,3.2,52.6,4,Declining,
STU0658,13,10.923076923076923,16,16,112.3,78.2,71.0,68.5,42.9,56.2,5.5,66.7,3,Improving,0.0
STU0659,5,12.4,6,6,127.0,59.4,61.2,61.8,64.3,56.9,3.6,52.3,4,Declining,0.0
STU0660,0,0.0,6,6,120.0,49.4,40.2,53.3,50.2,38.7,3.7,31.5,6,Declining,1.0
STU0661,6,15.833333333333334,6,6,180.0,65.0,30.4,81.3,39.4,63.0,5.8,47.4,3,Stable,0.0
STU0662,5,11.8,7,12,117.4,63.8,57.4,52.4,60.5,62.4,2.6,56.7,7,Stable,
STU0663,6,12.571428571428571,6,7,115.8,65.2,40.0,52.2,68.3,65.4,3.3,56.2,4,Stable,0.0
STU0664,3,12.0,5,7,136.5,71.8,47.5,47.3,29.7,28.6,4.2,58.4,5,Stable,0.0
STU0665,7,13.3625,7,8,129.0,76.6,58.3,53.1,44.6,49.0,5.7,67.1,3,Stable,0.0
STU0666,5,15.4,5,6,137.6,65.0,59.2,60.5,64.6,66.5,4.1,66.2,5,Stable,0.0
STU0667,5,12.2,6,9,129.5,60.8,43.0,61.5,51.4,44.4,4.0,52.8,3,Declining,1.0
STU0668,11,12.818181818181818,11,11,129.1,68.5,72.3,80.6,73.3,62.6,4.8,56.7,4,Stable,0.0
STU0669,0,0.0,7,0,130.2,47.9,44.8,29.5,48.6,27.0,0.9,41.1,5,Declining,1.0
STU0670,17,13.394736842105264,17,21,134.3,74.1,52.5,71.3,73.3,73.2,4.7,56.4,0,Improving,0.0
STU0671,6,14.25,6,8,138.4,59.6,47.5,46.2,67.1,55.5,3.8,17.3,3,Declining,0.0
STU0672,9,13.444444444444445,11,19,120.0,86.6,47.8,64.7,50.4,65.6,5.6,33.1,3,Stable,1.0
STU0673,7,12.285714285714286,7,8,123.5,67.7,51.8,87.6,51.6,59.1,6.1,25.2,5,Declining,0.0
STU0674,6,11.666666666666666,6,7,116.1,61.3,58.5,52.3,72.8,36.0,2.7,59.7,3,Declining,0.0
STU0675,6,12.166666666666666,6,8,110.8,71.7,29.3,84.0,50.4,78.6,4.7,54.0,1,Stable,0.0
STU0676,2,10.0,6,11,142.8,53.0,22.9,39.7,60.5,33.2,3.6,57.4,2,Declining,1.0
STU0677,6,14.0,6,6,155.5,61.2,42.8,50.3,53.0,84.4,3.4,61.5,4,Declining,0.0
STU0678,5,11.833333333333334,6,9,126.7,68.8,66.8,49.4,45.3,26.6,2.6,66.3,5,Stable,
STU0679,1,15.0,6,7,163.5,65.7,52.3,54.5,42.1,52.3,3.9,66.2,5,Stable,1.0
STU0680,0,0.0,0,0,161.9,63.4,53.9,36.2,44.7,21.1,1.3,44.2,5,Declining,0.0
STU0681,6,10.833333333333334,6,7,123.3,43.4,48.4,62.4,65.8,71.7,4.1,64.9,5,Stable,0.0
STU0682,6,13.142857142857142,6,7,137.5,73.0,42.1,22.2,59.4,41.9,2.7,77.5,1,Declining,0.0
STU0683,5,14.4,5,8,166.6,62.3,32.4,43.8,57.3,41.2,2.6,84.6,1,Stable,1.0
STU0684,0,0.0,6,0,103.5,45.6,25.1,60.7,27.7,38.4,3.3,31.1,4,Declining,1.0
STU0685,7,12.0,12,17,110.0,53.6,46.2,39.7,55.7,72.5,4.3,77.9,4,Stable,0.0
STU0686,9,12.2,10,13,128.2,63.8,25.8,53.6,58.7,71.4,4.4,47.8,5,Stable,0.0
STU0687,3,12.333333333333334,3,3,137.7,76.6,38.2,58.7,42.2,47.8,2.9,39.9,3,Declining,1.0
STU0688,7,11.8375,7,8,128.8,74.2,41.9,54.6,58.8,50.1,4.8,77.7,3,Stable,0.0
STU0689,5,11.8,5,5,170.0,78.0,50.2,42.7,45.6,58.2,3.4,51.4,5,Stable,0.0
STU0690,0,0.0,5,5,116.4,54.6,35.2,44.1,35.9,38.0,3.0,6.0,5,Declining,1.0
STU0691,0,0.0,6,0,100.9,55.9,38.8,48.0,46.9,39.0,1.5,12.0,6,Declining,1.0
STU0692,19,12.68421052631579,19,19,136.0,62.3,45.4,60.7,81.7,64.2,4.0,58.2,3,Improving,0.0
STU0693,6,12.571428571428571,6,8,130.0,53.6,38.3,59.8,69.3,61.1,3.0,34.9,2,Stable,
STU0694,3,11.25,7,18,100.0,63.6,60.8,63.0,50.8,57.1,4.1,57.6,7,Stable,1.0
STU0695,4,14.0,5,13,157.0,55.4,49.0,68.1,59.9,72.2,2.7,39.8,3,Declining,0.0
STU0696,4,13.333333333333334,5,15,152.1,59.4,62.0,59.3,60.5,46.1,6.0,48.3,7,Stable,1.0
STU0697,6,13.666666666666666,6,7,162.9,67.1,51.0,76.2,61.2,46.7,2.3,44.4,5,Declining,0.0
STU0698,3,10.0,6,12,137.2,73.7,50.0,51.3,51.8,48.8,3.2,26.5,5,Stable,
STU0699,5,12.6,6,12,140.0,66.2,58.0,42.8,67.0,51.1,5.3,32.4,2,Declining,0.0
STU0700,3,17.333333333333332,5,10,146.5,56.5,46.9,53.9,49.6,65.7,4.4,68.4,4,Declining,1.0
STU0701,5,13.2,6,10,130.0,51.7,43.8,69.4,42.8,41.1,3.4,57.4,4,Declining,
STU0702,3,14.0,5,9,128.0,66.4,42.5,42.9,56.7,67.8,5.1,2.9,4,Declining,1.0
STU0703,4,13.875,4,4,190.0,60.4,49.7,26.7,50.0,49.2,2.6,41.3,2,Declining,1.0
STU0704,0,0.0,5,5,133.2,56.4,42.6,44.3,59.1,52.9,1.7,44.4,7,Declining,1.0
STU0705,9,13.11111111111111,9,9,124.3,66.8,50.2,52.8,52.4,87.1,2.3,65.2,5,Stable,0.0
STU0706,5,13.0,5,8,138.1,65.4,65.2,81.4,64.1,65.6,4.9,83.7,2,Declining,1.0
STU0707,10,12.5,10,10,144.3,78.3,76.6,61.8,62.3,64.7,5.0,53.6,3,Stable,0.0
STU0708,18,14.11111111111111,18,18,140.0,83.5,54.5,82.9,52.0,79.4,6.0,75.7,2,Improving,0.0
STU0709,11,14.727272727272728,11,11,148.3,73.6,72.7,55.6,66.0,56.4,4.8,48.0,4,Stable,0.0
STU0710,0,0.0,6,6,96.0,48.4,35.7,46.0,33.5,42.0,2.2,8.0,6,Stable,1.0
STU0711,0,0.0,5,5,121.7,51.1,40.3,43.2,63.9,30.6,2.2,36.5,6,Declining,1.0
STU0712,0,0.0,5,5,160.0,61.6,34.1,55.3,32.0,31.4,2.4,25.1,7,Declining,1.0
STU0713,4,13.5,5,7,110.3,75.9,65.4,56.1,44.1,56.4,3.9,91.0,7,Declining,0.0
STU0714,7,13.105714285714283,8,8,129.0,56.9,57.4,49.9,33.6,56.1,2.9,45.4,4,Stable,0.0
STU0715,5,13.5,5,8,150.0,78.4,47.6,67.3,46.5,58.8,1.2,46.1,6,Stable,0.0
STU0716,13,11.846153846153848,13,18,100.0,64.7,53.8,53.3,67.7,61.9,7.2,63.0,6,Declining,0.0
STU0717,0,0.0,5,5,107.5,60.9,21.3,28.9,29.6,35.3,1.3,45.1,8,Declining,1.0
STU0718,3,14.333333333333334,6,11,170.0,88.2,44.3,53.7,58.8,64.2,3.6,64.4,5,Stable,1.0
STU0719,5,15.8,5,10,123.0,55.0,68.7,53.1,58.7,48.3,5.4,30.4,5,Stable,
STU0720,5,13.8,6,16,138.5,71.2,66.2,56.4,45.7,58.0,4.4,73.9,5,Stable,
STU0721,6,12.666666666666666,10,18,140.0,64.8,45.8,48.4,54.5,69.0,2.3,52.2,6,Stable,1.0
STU0722,6,13.0,6,10,113.6,70.3,39.4,69.0,45.4,62.9,2.6,13.2,3,Declining,
STU0723,0,0.0,0,0,170.0,50.0,46.4,51.3,47.8,37.7,3.1,30.0,5,Declining,0.0
STU0724,1,11.0,6,6,115.5,42.5,51.1,58.9,30.8,26.7,3.9,29.3,4,Declining,1.0
STU0725,0,0.0,5,9,130.0,49.9,12.6,48.1,47.8,35.2,1.5,49.5,10,Declining,1.0
STU0726,7,15.2,7,7,140.0,71.0,89.3,35.6,49.6,82.0,4.1,61.6,6,Declining,0.0
STU0727,6,14.428571428571429,6,7,126.6,78.0,53.4,57.7,56.7,52.1,4.1,70.5,3,Stable,0.0
STU0728,0,0.0,5,5,143.2,58.7,56.2,49.0,44.6,38.6,2.4,48.9,4,Declining,1.0
STU0729,0,0.0,0,0,131.4,66.8,37.1,54.1,40.7,40.0,2.5,23.1,6,Declining,0.0
STU0730,4,13.75,6,13,133.3,62.3,39.4,52.4,74.9,58.9,3.4,56.3,4,Stable,
STU0731,5,12.166666666666666,6,11,118.3,61.2,53.5,69.8,49.4,45.2,4.6,68.6,5,Declining,1.0
STU0732,5,12.142857142857142,6,12,140.0,68.6,33.6,57.9,40.0,62.3,4.5,55.0,2,Declining,0.0
STU0733,6,12.0,6,9,124.7,63.0,50.0,23.6,75.7,58.4,4.9,39.7,3,Stable,0.0
STU0734,3,11.666666666666666,5,10,140.0,73.2,35.8,50.6,55.3,30.2,4.5,70.1,6,Declining,0.0
STU0735,0,0.0,6,9,150.0,44.7,33.9,29.3,42.0,8.7,3.0,32.2,7,Declining,1.0
STU0736,6,11.875,6,10,115.6,73.0,54.6,47.3,76.5,47.1,3.3,40.3,3,Declining,0.0
STU0737,7,11.285714285714286,11,15,116.9,76.5,56.3,68.3,42.0,40.0,3.8,82.4,5,Declining,
STU0738,2,10.0,6,17,123.4,66.3,30.1,54.2,49.7,53.5,2.4,18.3,6,Declining,1.0
STU0739,11,12.0,12,13,146.5,76.6,48.7,53.3,47.6,53.6,4.6,48.6,7,Stable,
STU0740,6,13.833333333333334,7,7,117.1,61.7,29.1,47.7,54.0,60.2,3.0,45.1,4,Stable,1.0
STU0741,0,0.0,6,0,113.9,48.3,42.5,43.3,25.0,43.8,2.6,43.2,5,Declining,1.0
STU0742,6,14.428571428571429,6,7,128.7,70.0,55.7,54.1,56.5,43.0,5.5,49.1,4,Declining,0.0
STU0743,5,14.2,7,8,132.9,60.8,38.3,63.7,55.0,49.8,3.9,42.9,5,Stable,1.0
STU0744,4,11.5,5,8,123.0,66.9,66.1,42.3,51.7,44.7,2.9,64.7,3,Stable,1.0
STU0745,5,13.0,6,7,129.8,68.2,56.8,49.7,31.1,64.3,4.4,63.4,4,Declining,0.0
STU0746,0,0.0,6,6,156.1,55.1,34.6,25.5,47.9,36.7,3.3,26.9,6,Declining,1.0
STU0747,3,11.333333333333334,6,12,120.0,66.5,43.2,45.2,49.4,65.9,2.6,52.0,6,Stable,1.0
STU0748,18,12.5,18,45,117.2,81.9,60.1,96.9,94.8,84.3,5.8,56.8,2,Stable,0.0
STU0749,0,0.0,5,5,107.0,54.7,26.3,29.9,35.4,37.1,2.5,27.6,6,Declining,1.0
STU0750,7,13.471428571428572,7,7,128.4,63.4,67.4,50.7,49.4,48.0,3.7,53.4,5,Improving,0.0
STU0751,4,11.75,5,5,123.4,70.9,52.3,42.1,53.5,40.6,4.2,29.3,4,Declining,0.0
STU0752,6,13.333333333333334,6,9,126.7,69.0,40.1,53.5,42.8,63.0,2.0,28.8,3,Declining,0.0
STU0753,8,13.105,8,8,123.0,71.3,69.6,56.2,68.6,54.6,4.5,49.4,7,Stable,0.0
STU0754,0,0.0,5,5,137.2,60.2,34.7,53.4,30.8,30.0,4.2,46.8,7,Declining,1.0
STU0755,6,15.5,6,6,125.9,68.9,43.0,52.2,48.1,66.5,4.8,64.1,6,Declining,0.0
STU0756,0,0.0,0,0,138.0,52.2,58.7,39.4,47.9,49.0,2.0,21.0,7,Declining,1.0
STU0757,4,11.25,6,6,128.2,59.2,35.6,29.3,54.3,39.5,2.1,87.2,4,Declining,1.0
STU0758,12,11.0,15,24,126.5,69.7,48.3,50.8,62.5,64.0,4.2,44.8,3,Declining,1.0
STU0759,6,12.333333333333334,6,10,112.4,70.2,52.0,68.0,41.5,60.9,4.3,60.9,3,Stable,0.0
STU0760,8,11.375,9,18,109.0,72.0,58.0,46.8,66.7,76.3,4.2,47.6,3,Declining,0.0
STU0761,18,12.22222222222222,18,19,100.0,75.2,54.6,75.8,55.1,62.7,3.7,86.4,2,Improving,0.0
STU0762,0,0.0,0,0,144.7,57.8,8.5,26.9,22.7,38.0,2.3,28.3,5,Declining,
STU0763,9,12.0,9,11,120.0,59.1,54.8,55.4,61.0,64.1,3.1,52.4,5,Improving,0.0
STU0764,1,11.0,5,10,100.0,59.0,34.0,70.1,48.1,64.0,2.6,59.8,3,Stable,
STU0765,16,14.125,16,17,154.0,79.2,58.9,75.1,62.7,69.1,6.2,65.1,5,Improving,0.0
STU0766,5,10.2,5,8,111.3,57.7,39.3,28.6,59.2,53.8,3.3,59.8,6,Declining,
STU0767,4,12.0,5,7,150.0,65.8,36.5,91.2,49.7,44.8,2.8,47.7,5,Declining,
STU0768,9,12.333333333333334,9,11,100.0,68.6,51.5,45.3,40.0,52.5,3.0,16.9,4,Stable,0.0
STU0769,9,14.333333333333334,9,9,162.5,68.2,48.5,81.5,55.4,55.9,3.5,90.5,4,Stable,0.0
STU0770,6,15.166666666666666,6,6,134.1,72.9,43.7,51.4,59.5,63.9,3.4,62.8,3,Improving,0.0
STU0771,6,15.142857142857142,6,8,133.0,69.5,65.6,42.3,58.7,61.1,5.1,50.7,3,Declining,0.0
STU0772,0,0.0,6,0,119.0,45.4,23.1,32.6,38.2,29.7,2.0,50.5,5,Declining,1.0
STU0773,6,13.411428571428573,7,9,131.1,71.0,49.7,47.9,79.9,64.7,5.4,39.1,2,Stable,
STU0774,6,12.333333333333334,6,7,129.4,62.0,51.1,48.0,71.3,51.4,2.4,38.4,5,Stable,0.0
STU0775,4,11.8,6,13,123.9,54.3,30.0,54.0,41.6,50.4,5.2,29.1,3,Stable,
STU0776,6,12.0,6,9,140.0,72.0,38.1,60.3,41.0,62.7,3.7,49.1,5,Declining,1.0
STU0777,6,15.0,6,7,162.0,58.0,53.3,73.8,69.9,66.2,3.8,45.1,5,Stable,0.0
STU0778,8,13.875,12,12,131.6,65.7,54.4,60.9,68.7,61.1,4.0,52.7,4,Declining,1.0
STU0779,6,11.833333333333334,7,9,110.6,68.3,42.0,55.3,69.4,75.8,6.5,29.8,3,Stable,
STU0780,6,12.5,6,6,117.4,65.4,51.2,45.9,50.2,30.9,3.3,41.7,3,Stable,0.0
STU0781,6,15.0,6,6,137.8,62.4,56.8,53.2,54.9,67.0,6.6,61.6,3,Improving,0.0
STU0782,2,11.666666666666666,6,10,106.7,55.7,55.0,44.9,33.7,38.1,4.5,67.8,3,Stable,1.0
STU0783,7,14.668,7,10,156.9,62.1,62.8,41.3,59.0,56.3,2.9,57.1,4,Declining,0.0
STU0784,6,13.345,8,9,129.0,58.2,67.2,86.3,49.3,54.8,2.8,46.1,4,Stable,
STU0785,5,12.8,6,7,124.8,64.7,52.3,57.0,46.5,52.4,4.0,60.9,7,Stable,0.0
STU0786,6,10.833333333333334,6,10,115.1,61.1,34.1,56.8,63.2,41.9,3.9,68.6,7,Stable,0.0
STU0787,6,13.666666666666666,6,6,146.7,55.6,48.9,70.1,54.0,38.1,3.5,70.2,6,Stable,0.0
STU0788,7,14.537142857142856,8,8,132.8,65.6,39.2,26.4,65.5,33.1,3.5,63.5,4,Improving,0.0
STU0789,5,14.4,5,5,159.1,61.2,62.2,82.0,54.1,51.6,5.8,41.5,2,Stable,1.0
STU0790,0,0.0,0,0,137.6,57.1,51.5,27.7,45.5,39.7,2.2,29.2,6,Declining,0.0
STU0791,6,13.166666666666666,6,6,124.0,69.3,52.0,44.5,42.1,61.2,4.5,56.4,4,Stable,0.0
STU0792,2,11.5,6,15,149.0,74.8,62.5,45.1,42.2,64.7,3.6,11.3,5,Stable,1.0
STU0793,6,11.333333333333334,6,7,129.6,70.6,63.8,65.5,58.5,62.8,3.8,51.3,5,Stable,0.0
STU0794,6,12.0,6,6,110.0,57.0,54.7,79.8,71.2,65.0,6.4,77.3,5,Stable,0.0
STU0795,6,13.166666666666666,6,6,116.1,49.0,58.4,74.8,59.8,42.0,4.6,43.2,1,Stable,0.0
STU0796,6,14.833333333333334,6,6,133.3,55.2,64.9,50.7,56.6,68.6,7.2,27.4,6,Stable,0.0
STU0797,7,13.0,7,7,144.3,62.9,36.2,34.4,71.0,59.4,4.9,44.0,5,Stable,0.0
STU0798,7,13.087142857142856,7,8,133.6,54.3,56.2,51.2,54.0,39.5,3.2,43.7,3,Stable,0.0
STU0799,6,13.333333333333334,6,8,123.2,61.7,59.2,47.8,47.6,67.3,5.4,69.9,5,Stable,0.0
STU0800,6,12.166666666666666,6,7,137.2,66.2,34.2,34.7,54.6,42.8,3.7,91.4,4,Stable,
STU0801,6,11.0,6,8,130.0,60.9,73.5,60.6,57.6,40.2,5.6,53.1,4,Stable,
STU0802,0,0.0,6,0,110.0,57.2,48.1,38.1,27.3,56.6,1.2,17.2,6,Declining,1.0
STU0803,5,13.6,5,7,118.0,61.3,64.9,60.7,56.2,56.6,2.0,34.1,3,Stable,0.0
STU0804,6,15.5,6,6,128.4,61.6,58.9,65.8,39.7,43.3,4.2,70.8,2,Stable,0.0
STU0805,7,13.857142857142858,7,7,113.6,81.1,42.3,64.9,53.6,49.1,5.8,65.7,8,Stable,0.0
STU0806,2,11.5,5,10,113.5,63.3,32.6,50.1,49.8,62.8,2.7,64.7,6,Declining,
STU0807,6,13.0,6,6,146.9,67.2,50.7,74.6,54.7,39.5,4.6,44.7,4,Stable,0.0
STU0808,6,14.0,6,10,141.3,74.0,61.7,50.5,36.8,53.5,3.2,79.0,7,Declining,
STU0809,0,0.0,4,4,129.7,62.4,42.1,30.9,41.5,37.0,3.2,33.4,3,Declining,1.0
STU0810,6,11.166666666666666,6,6,121.3,62.3,70.9,50.6,62.4,85.2,3.3,39.9,4,Stable,
STU0811,0,0.0,6,0,109.1,63.4,31.3,44.5,54.1,20.6,2.3,0.0,5,Declining,1.0
STU0812,7,12.142857142857142,7,8,107.1,63.0,48.1,63.6,70.0,37.3,3.5,45.5,3,Declining,0.0
STU0813,7,14.145714285714286,7,7,129.2,75.7,54.0,52.8,57.1,48.9,3.2,47.3,4,Declining,0.0
STU0814,7,14.45,7,7,154.1,57.9,40.3,53.3,81.8,48.3,1.8,39.5,3,Stable,0.0
STU0815,7,15.714285714285714,7,7,147.2,66.0,73.2,73.9,50.4,57.4,2.7,63.7,1,Declining,0.0
STU0816,5,12.8,5,9,120.0,67.7,48.4,38.7,47.3,47.7,3.5,41.4,3,Declining,
STU0817,6,12.5,6,6,130.8,68.9,54.6,87.5,54.9,63.7,4.4,37.8,3,Declining,
STU0818,6,14.5,6,6,120.8,60.4,63.0,52.6,64.4,56.1,6.2,40.5,3,Stable,0.0
STU0819,7,13.462857142857144,7,7,125.4,54.0,44.3,53.9,62.7,43.6,3.4,33.2,3,Declining,
STU0820,6,12.833333333333334,6,6,121.3,69.9,55.1,59.2,31.3,50.9,3.1,43.8,4,Declining,0.0
STU0821,5,12.0,5,10,127.0,63.9,50.7,60.2,44.4,49.6,2.2,42.9,4,Stable,0.0
STU0822,0,0.0,0,0,151.6,51.9,46.7,30.1,47.7,51.8,3.0,26.3,3,Declining,0.0
STU0823,6,14.714285714285714,7,9,131.6,80.8,53.9,60.9,47.8,66.1,4.8,60.8,2,Stable,
STU0824,6,12.571428571428571,6,7,106.0,63.8,17.4,43.5,53.6,62.3,4.4,75.3,4,Stable,0.0
STU0825,6,12.5,6,6,111.6,61.9,40.3,47.3,58.3,44.8,4.2,67.2,4,Improving,0.0
STU0826,6,14.0,6,8,117.3,52.6,35.1,36.8,60.9,58.7,3.6,30.6,1,Stable,0.0
STU0827,7,11.571428571428571,7,8,121.4,57.6,75.0,56.6,63.6,40.1,5.5,66.0,5,Stable,1.0
STU0828,6,15.833333333333334,6,6,126.1,74.9,71.3,55.2,69.9,64.0,3.2,72.0,5,Stable,0.0
STU0829,8,14.25,8,8,137.0,62.5,29.2,33.8,64.1,71.4,3.7,68.0,7,Stable,0.0
STU0830,0,0.0,6,0,120.8,60.0,22.9,29.8,27.7,13.1,0.8,23.2,9,Declining,1.0
STU0831,6,11.666666666666666,6,8,128.7,55.4,34.5,53.8,60.2,52.2,3.6,73.5,3,Stable,1.0
STU0832,0,0.0,6,12,118.0,49.2,39.4,50.1,52.4,38.8,1.3,18.9,6,Declining,1.0
STU0833,5,13.2,5,9,120.0,59.0,40.2,39.3,59.4,64.6,3.1,68.3,4,Stable,
STU0834,2,12.0,6,11,160.0,67.7,45.2,47.8,64.8,43.6,2.0,63.4,6,Declining,1.0
STU0835,0,0.0,5,6,150.0,53.9,19.4,25.7,43.2,31.8,0.9,38.7,5,Declining,1.0
STU0836,4,12.0,5,9,121.8,56.0,55.0,61.5,51.9,54.0,1.7,22.8,6,Declining,
STU0837,3,13.333333333333334,5,10,125.4,70.9,30.1,45.2,45.1,59.7,4.1,53.3,5,Declining,1.0
STU0838,5,12.414285714285713,7,11,126.6,69.8,81.4,60.6,74.9,56.0,2.8,64.3,3,Stable,
STU0839,0,0.0,5,5,150.0,58.2,53.8,34.4,30.2,49.5,4.0,31.7,4,Declining,1.0
STU0840,5,13.8,5,5,114.5,68.4,81.4,34.1,54.7,62.0,5.0,50.9,6,Declining,0.0
STU0841,0,0.0,5,14,107.0,49.6,44.4,39.3,38.3,34.0,2.3,27.2,7,Declining,1.0
STU0842,4,11.5,5,10,115.7,74.8,68.2,38.3,39.6,52.1,4.3,41.5,6,Declining,
STU0843,0,0.0,5,11,120.0,55.3,47.4,53.1,50.3,46.4,3.2,30.8,2,Declining,1.0
STU0844,6,14.016666666666666,7,7,134.8,69.1,40.9,77.8,60.9,45.5,3.4,71.9,4,Declining,0.0
STU0845,5,11.4,6,9,133.6,68.2,45.7,60.8,55.9,44.3,3.4,39.7,6,Declining,0.0
STU0846,0,0.0,0,0,129.0,47.4,40.1,30.3,33.7,20.8,3.3,35.9,4,Declining,1.0
STU0847,5,10.4,5,12,128.4,80.0,63.6,53.1,58.8,66.2,5.0,9.4,5,Declining,0.0
STU0848,3,10.666666666666666,5,11,122.2,63.5,48.1,54.6,49.1,76.6,2.5,39.6,4,Stable,0.0
STU0849,4,14.25,5,9,113.3,66.4,58.4,67.7,59.7,45.7,6.6,63.0,3,Declining,
STU0850,7,13.914285714285713,7,7,129.9,64.2,49.7,54.5,71.0,62.7,2.5,70.0,3,Stable,0.0
STU0851,7,13.761111111111113,7,9,126.2,76.8,48.9,61.8,32.4,70.9,1.4,38.5,6,Declining,0.0
STU0852,5,12.6,6,10,112.6,75.4,33.7,34.2,64.5,39.5,5.9,56.0,6,Stable,
STU0853,6,13.857142857142858,6,7,149.0,68.1,58.1,58.7,79.6,59.1,4.9,65.4,4,Improving,0.0
STU0854,7,13.842857142857143,8,8,120.0,55.8,47.9,46.5,73.9,71.8,4.3,42.9,7,Stable,0.0
STU0855,0,0.0,5,12,120.4,54.9,21.4,40.3,49.3,36.8,3.2,7.2,3,Declining,
STU0856,5,11.8,6,6,128.1,64.5,43.0,40.6,65.6,51.5,2.9,29.8,3,Declining,1.0
STU0857,6,12.666666666666666,6,6,141.7,62.5,55.1,59.6,46.3,70.5,1.8,28.2,7,Declining,1.0
STU0858,0,0.0,6,6,130.0,47.7,43.9,46.6,43.2,34.1,1.6,41.7,6,Declining,1.0
STU0859,0,0.0,5,7,113.3,43.3,33.8,36.3,39.4,32.5,1.3,32.8,6,Declining,1.0
STU0860,4,10.75,6,11,105.9,76.2,61.9,41.7,47.8,49.3,2.4,42.2,4,Stable,1.0
STU0861,5,12.6,5,7,122.7,71.5,68.8,60.8,64.0,75.1,3.0,37.7,4,Stable,1.0
STU0862,0,0.0,5,5,120.0,55.8,32.3,57.4,38.7,48.7,1.4,47.4,7,Declining,1.0
STU0863,2,12.0,7,7,119.8,58.3,59.5,73.9,32.8,56.9,2.9,43.7,3,Declining,1.0
STU0864,3,14.0,6,7,122.9,68.1,42.3,58.1,58.0,59.1,4.2,55.0,8,Stable,1.0
STU0865,6,14.0,6,6,160.0,68.5,37.2,59.1,55.5,41.7,4.6,39.9,2,Stable,1.0
STU0866,7,14.682857142857143,7,7,125.2,64.7,43.0,41.6,64.1,63.4,4.5,37.9,6,Stable,0.0
STU0867,0,0.0,3,3,143.4,58.4,25.1,54.2,36.3,33.9,0.0,45.6,7,Declining,1.0
STU0868,0,0.0,5,6,96.7,59.7,30.6,11.0,23.6,37.2,0.9,32.2,5,Declining,1.0
STU0869,6,13.857142857142858,6,7,126.9,72.4,76.6,70.1,46.1,52.3,2.8,56.1,4,Improving,0.0
STU0870,0,0.0,0,0,143.1,47.9,28.7,38.3,30.8,50.0,3.4,34.7,7,Declining,0.0
STU0871,6,13.142857142857142,6,8,114.5,70.0,47.8,26.2,45.2,76.9,2.9,67.8,5,Stable,0.0
STU0872,1,18.0,5,14,140.0,76.4,54.8,60.0,50.4,44.6,1.7,71.3,1,Stable,1.0
STU0873,13,11.461538461538462,15,15,113.7,72.7,42.2,59.2,67.8,73.2,5.4,43.8,4,Stable,0.0
STU0874,5,11.2,7,14,131.5,83.2,52.5,48.4,40.2,51.8,3.9,46.9,2,Declining,
STU0875,5,15.0,6,6,143.5,65.4,60.6,52.5,64.6,64.9,7.0,38.0,6,Stable,0.0
STU0876,7,14.244444444444444,7,9,126.8,54.1,72.1,57.1,44.5,60.9,2.5,58.2,5,Stable,0.0
STU0877,4,11.5,6,8,115.2,57.7,65.0,52.0,48.9,45.2,3.3,43.0,2,Declining,1.0
STU0878,2,10.0,7,7,100.0,57.1,50.5,31.4,49.5,42.1,2.0,40.0,2,Declining,1.0
STU0879,3,12.333333333333334,5,7,121.4,68.8,46.3,56.8,49.4,49.7,2.3,45.0,4,Stable,0.0
STU0880,5,12.2,7,8,120.0,72.1,48.7,49.2,60.2,58.3,2.8,46.6,4,Stable,1.0
STU0881,6,13.666666666666666,6,6,129.9,67.8,57.4,74.5,54.5,61.6,2.6,91.0,4,Stable,0.0
STU0882,0,0.0,0,0,151.1,57.3,34.4,48.3,38.4,75.0,2.2,0.8,7,Declining,0.0
STU0883,1,11.0,6,15,120.0,78.5,46.2,62.0,27.2,57.4,3.4,43.9,4,Stable,1.0
STU0884,3,13.0,6,8,130.0,58.1,38.4,75.0,57.0,37.5,3.6,26.9,5,Stable,1.0
STU0885,7,12.599999999999998,8,12,119.0,66.7,61.4,65.2,75.1,71.6,5.6,56.8,3,Stable,0.0
STU0886,10,12.2,10,11,122.0,65.0,59.1,56.7,53.3,65.6,4.9,35.9,2,Stable,0.0
STU0887,6,13.166666666666666,6,6,129.7,57.0,43.0,24.4,61.8,53.4,4.9,51.6,5,Declining,0.0
STU0888,6,11.0,7,16,112.5,50.0,69.6,57.7,46.7,41.7,4.1,41.2,5,Declining,0.0
STU0889,7,14.014285714285714,7,7,136.0,77.9,56.3,77.6,66.6,53.6,4.5,71.1,3,Stable,0.0
STU0890,4,13.0,6,9,133.1,59.3,33.6,64.4,59.1,68.1,4.9,28.4,3,Declining,0.0
STU0891,6,14.0,6,6,151.3,64.8,64.1,49.7,52.1,62.0,2.6,33.2,6,Declining,0.0
STU0892,0,0.0,0,0,133.3,58.4,26.9,38.7,35.7,55.7,1.2,12.7,9,Declining,1.0
STU0893,7,14.428571428571429,8,8,130.8,58.3,49.4,50.6,63.6,73.1,4.2,61.2,6,Stable,0.0
STU0894,0,0.0,5,9,140.0,49.2,34.1,43.0,41.6,43.1,2.2,34.7,7,Declining,1.0
STU0895,18,11.833333333333334,18,45,150.0,76.3,77.6,64.1,56.3,31.7,3.9,68.3,1,Improving,0.0
STU0896,3,11.333333333333334,5,12,130.0,60.7,48.2,69.1,37.0,41.5,4.5,57.8,6,Declining,1.0
STU0897,6,12.5,6,9,125.3,56.1,59.4,56.4,61.0,36.7,5.6,18.4,5,Stable,0.0
STU0898,12,13.333333333333334,12,12,124.0,75.4,39.4,64.4,53.1,78.2,6.2,57.2,2,Stable,0.0
STU0899,6,10.833333333333334,6,10,113.8,61.8,37.5,43.8,54.3,60.2,2.9,50.4,5,Stable,
STU0900,6,13.0,6,6,124.4,67.4,52.3,49.9,60.9,52.6,4.9,55.0,3,Stable,0.0
STU0901,2,10.0,5,7,107.7,62.9,37.4,35.3,37.9,43.5,2.8,45.6,6,Declining,1.0
STU0902,6,11.428571428571429,6,8,110.0,73.4,48.5,70.9,44.0,67.2,3.9,54.8,6,Stable,0.0
STU0903,8,12.8875,8,8,130.0,70.4,62.8,50.7,73.0,46.2,5.4,61.7,5,Stable,0.0
STU0904,6,12.95,7,7,138.8,59.5,42.4,57.0,51.0,39.8,5.5,81.7,3,Stable,0.0
STU0905,1,10.0,5,12,126.3,71.6,37.2,30.4,60.0,33.1,2.7,55.2,6,Declining,1.0
STU0906,7,13.094285714285714,7,7,114.5,63.2,54.4,41.3,81.1,57.5,3.4,31.2,5,Declining,0.0
STU0907,0,0.0,6,7,116.5,49.2,10.5,36.0,43.3,30.5,3.9,43.8,5,Declining,1.0
STU0908,5,11.714285714285714,6,12,128.6,57.9,63.0,50.2,45.5,66.2,3.6,48.7,4,Stable,0.0
STU0909,4,11.25,6,8,130.0,45.6,50.6,55.0,53.8,52.2,0.0,39.9,7,Stable,
STU0910,0,0.0,0,0,134.6,50.1,36.1,62.1,38.1,22.4,2.5,8.1,8,Declining,1.0
STU0911,6,13.166666666666666,6,6,146.8,69.6,45.6,30.9,55.9,52.2,2.9,48.1,3,Declining,0.0
STU0912,4,12.75,5,7,135.7,54.2,58.4,64.9,60.6,41.5,3.3,53.0,1,Improving,0.0
STU0913,5,10.6,5,6,120.0,78.1,47.1,58.1,60.8,50.6,4.3,59.8,7,Declining,1.0
STU0914,5,11.2,6,8,138.0,47.0,64.6,45.5,33.2,65.9,1.4,33.1,8,Stable,0.0
STU0915,0,0.0,7,0,135.5,48.7,14.5,32.8,51.9,37.1,2.9,23.5,8,Declining,1.0
STU0916,6,13.0,6,6,120.0,54.4,52.7,68.4,57.8,46.7,2.1,44.9,4,Stable,0.0
STU0917,0,0.0,5,10,111.7,63.3,37.0,38.8,35.6,45.6,1.3,23.2,7,Declining,1.0
STU0918,0,0.0,6,0,100.0,60.2,38.7,34.1,47.3,33.7,2.4,7.0,5,Declining,1.0
STU0919,6,14.166666666666666,6,8,160.0,65.0,70.1,43.6,45.7,62.2,2.5,38.1,6,Stable,0.0
STU0920,5,12.833333333333334,6,10,114.8,54.6,35.2,44.5,44.7,58.2,2.4,47.3,3,Declining,0.0
STU0921,4,11.75,6,11,131.0,55.4,33.2,38.3,63.8,40.1,4.1,59.1,3,Declining,0.0
STU0922,6,10.833333333333334,6,8,97.0,67.3,46.2,64.0,54.4,37.4,4.3,46.9,4,Declining,0.0
STU0923,4,11.75,6,8,131.7,59.2,26.8,43.1,68.5,47.8,3.4,31.1,4,Stable,1.0
STU0924,3,11.5,7,14,120.0,60.0,77.0,38.0,45.8,57.0,4.3,44.9,6,Declining,1.0
STU0925,2,10.0,5,14,110.0,62.5,58.4,52.3,53.7,70.9,8.2,27.4,3,Stable,
STU0926,6,13.7,7,7,133.0,63.5,58.9,45.9,59.6,41.6,2.2,64.5,8,Declining,0.0
STU0927,1,14.0,5,8,140.0,50.2,58.1,70.3,56.3,39.4,0.8,70.6,5,Declining,1.0
STU0928,7,11.375,8,12,100.0,55.9,67.6,55.8,61.6,66.6,5.3,54.4,4,Declining,
STU0929,0,0.0,6,17,129.3,46.2,30.2,43.0,46.9,43.3,0.9,43.3,4,Declining,
STU0930,0,0.0,6,10,137.0,50.2,32.2,42.0,41.5,37.8,2.6,21.1,5,Declining,1.0
STU0931,1,11.0,5,9,122.2,63.3,50.5,56.2,30.7,57.3,4.0,48.4,4,Declining,
STU0932,6,13.0,7,10,108.0,67.1,46.5,64.1,64.2,69.8,3.9,52.2,4,Stable,0.0
STU0933,8,13.6,11,15,110.0,78.2,44.4,58.9,34.5,70.2,4.6,71.6,3,Declining,0.0
STU0934,3,11.0,5,8,127.7,52.4,41.6,38.8,39.2,42.2,5.5,37.7,3,Declining,1.0
STU0935,7,11.705714285714285,8,11,121.3,69.1,57.1,53.6,48.5,60.1,3.2,51.3,5,Stable,
STU0936,12,13.25,12,12,140.1,64.2,69.2,62.0,69.7,73.8,6.1,43.7,6,Stable,0.0
STU0937,1,10.75,7,15,114.8,78.9,31.8,30.5,48.5,46.4,1.8,54.9,3,Declining,1.0
STU0938,6,12.0,6,8,150.0,65.1,49.1,29.1,73.3,58.3,4.2,41.5,4,Stable,
STU0939,6,12.666666666666666,6,7,131.7,61.7,51.2,40.3,41.1,47.2,4.5,46.8,1,Declining,
STU0940,5,11.4,6,8,110.0,67.2,33.4,29.6,42.4,41.2,3.6,35.8,4,Declining,1.0
STU0941,6,13.0,6,6,105.5,67.9,57.3,49.1,32.6,59.3,5.0,48.8,7,Declining,0.0
STU0942,6,14.0,6,8,127.3,64.0,51.8,46.8,44.6,66.5,4.1,63.9,6,Stable,0.0
STU0943,0,0.0,6,11,130.0,60.9,25.4,40.7,35.1,49.3,2.6,36.6,7,Declining,
STU0944,0,0.0,6,0,130.0,67.1,29.2,46.5,54.6,22.5,1.2,48.2,4,Declining,1.0
STU0945,7,15.285714285714286,7,7,122.7,75.6,61.3,61.3,68.1,72.9,3.0,45.7,3,Stable,0.0
STU0946,6,13.166666666666666,6,6,113.9,65.2,63.8,60.3,57.6,61.5,2.7,51.9,3,Declining,0.0
STU0947,5,13.6,5,7,151.1,80.4,55.8,66.1,51.8,67.8,3.1,68.6,6,Declining,0.0
STU0948,0,0.0,4,8,125.8,59.7,59.1,35.3,48.7,28.6,0.6,16.6,8,Declining,1.0
STU0949,10,11.4,10,12,128.2,59.5,68.4,26.7,70.5,67.4,6.5,73.7,4,Stable,0.0
STU0950,0,0.0,5,0,135.1,55.4,41.6,17.1,33.5,46.4,1.6,52.0,7,Declining,1.0
STU0951,5,11.0,5,7,120.2,63.0,41.1,58.5,47.5,37.1,3.6,32.0,3,Stable,0.0
STU0952,0,0.0,5,9,132.8,51.6,49.9,41.7,36.9,45.3,0.8,67.5,6,Declining,1.0
STU0953,6,13.571428571428571,6,7,140.0,69.2,43.3,63.9,38.3,42.8,6.4,48.5,6,Declining,0.0
STU0954,0,0.0,7,0,129.3,40.0,44.0,72.1,52.1,39.0,1.7,3.9,8,Declining,1.0
STU0955,4,11.25,10,14,108.2,77.8,20.6,55.6,47.5,80.5,3.0,32.7,3,Declining,1.0
STU0956,3,13.333333333333334,5,6,125.4,69.6,43.7,51.5,50.1,55.9,3.0,46.4,7,Declining,1.0
STU0957,6,12.0,6,6,140.2,51.0,34.3,58.3,68.9,52.4,3.5,44.5,8,Stable,0.0
STU0958,6,12.5,6,6,116.1,70.8,48.1,40.2,49.3,36.4,3.5,39.4,2,Improving,0.0
STU0959,5,13.2,5,6,137.8,69.4,32.8,63.3,67.1,57.4,2.2,32.3,2,Declining,0.0
STU0960,0,0.0,5,5,128.4,67.2,36.1,36.7,23.2,37.7,3.1,9.1,8,Declining,1.0
STU0961,3,11.666666666666666,5,7,106.0,77.7,54.0,71.6,57.5,27.2,2.2,71.9,4,Declining,1.0
STU0962,15,13.466666666666669,15,16,130.2,87.9,53.8,45.4,59.2,50.5,5.9,70.0,3,Stable,0.0
STU0963,3,13.666666666666666,5,7,126.0,62.8,46.2,53.1,37.6,63.5,2.1,64.3,6,Stable,0.0
STU0964,2,11.666666666666666,5,9,141.0,67.9,50.4,43.3,40.0,66.3,3.6,32.3,3,Declining,
STU0965,6,11.666666666666666,6,7,113.0,61.8,50.4,41.2,55.6,54.6,2.5,44.6,5,Stable,0.0
STU0966,5,13.4,6,9,120.0,74.1,68.0,62.3,45.4,66.7,3.0,36.5,2,Declining,0.0
STU0967,0,0.0,5,5,130.9,40.0,27.5,34.9,44.5,39.9,2.7,22.8,7,Declining,1.0
STU0968,0,0.0,6,9,120.0,45.7,42.8,55.3,33.7,31.0,3.6,47.1,7,Declining,1.0
STU0969,0,0.0,5,5,134.1,52.0,38.9,32.4,24.5,65.9,4.3,23.8,6,Declining,1.0
STU0970,3,10.666666666666666,5,6,120.0,62.8,28.3,45.7,60.7,33.4,3.8,44.3,5,Stable,
STU0971,4,13.75,5,5,114.8,66.8,51.7,77.9,56.9,58.5,3.7,40.2,4,Declining,0.0
STU0972,1,10.0,5,5,123.0,71.8,43.9,31.7,30.8,40.3,2.0,54.2,5,Declining,1.0
STU0973,0,0.0,5,11,118.0,50.9,30.7,30.2,48.0,37.8,0.0,23.1,6,Declining,1.0
STU0974,1,16.0,2,4,100.0,54.5,71.1,15.7,54.4,71.7,4.4,68.2,6,Stable,0.0
STU0975,5,12.285714285714286,5,9,151.1,62.5,66.3,48.6,49.8,54.2,3.5,45.4,2,Declining,0.0
STU0976,3,12.0,5,10,116.9,59.6,40.0,60.4,48.6,48.1,3.6,85.2,7,Declining,
STU0977,6,12.666666666666666,7,7,106.0,70.6,59.4,59.7,68.3,47.9,3.4,70.4,5,Stable,0.0
STU0978,5,11.8,5,6,127.1,77.2,59.0,54.8,56.6,59.6,2.8,49.3,8,Declining,0.0
STU0979,5,10.6,5,6,155.5,75.9,50.8,41.6,66.4,40.6,4.4,49.8,5,Declining,1.0
STU0980,9,11.9,11,16,101.0,77.1,41.9,55.8,62.6,58.7,6.3,77.4,4,Stable,0.0
STU0981,4,11.25,6,8,128.2,59.8,37.6,47.3,54.8,50.3,2.1,53.6,6,Declining,1.0
STU0982,4,11.0,5,9,113.0,63.0,55.3,51.9,44.9,42.5,1.3,57.7,3,Declining,
STU0983,6,12.0,6,6,122.8,69.1,57.2,56.2,55.9,36.7,3.5,83.2,3,Stable,0.0
STU0984,4,11.75,5,10,145.6,58.7,46.3,48.6,63.3,53.0,2.8,52.8,4,Declining,
STU0985,2,10.0,5,8,116.5,57.1,62.1,49.6,50.8,44.9,4.7,13.5,5,Declining,1.0
STU0986,7,13.714285714285714,8,8,142.0,70.5,71.6,55.5,76.0,58.9,4.7,57.5,6,Stable,0.0
STU0987,6,14.875,6,14,150.0,57.2,72.5,49.6,67.7,31.2,6.5,73.9,4,Declining,0.0
STU0988,5,10.8,6,7,133.3,73.3,67.2,53.3,40.8,46.7,4.9,53.9,7,Declining,1.0
STU0989,3,12.0,6,11,115.8,61.3,49.1,36.9,47.8,62.3,3.7,31.6,1,Stable,1.0
STU0990,5,12.5,6,10,100.0,70.2,35.2,56.4,61.2,34.2,4.0,50.4,7,Stable,1.0
STU0991,7,14.728571428571428,7,7,128.6,69.6,50.5,44.1,42.0,79.4,4.6,78.1,3,Stable,0.0
STU0992,6,12.0,6,8,137.1,76.0,50.0,54.1,53.4,58.5,2.7,30.6,5,Stable,0.0
STU0993,6,11.428571428571429,6,8,149.0,48.6,43.4,59.5,44.8,52.0,4.3,25.4,6,Stable,1.0
STU0994,6,14.166666666666666,6,6,147.0,77.0,48.3,44.8,56.3,56.8,5.6,41.3,2,Stable,0.0
STU0995,5,12.5,6,12,150.0,75.9,37.7,67.0,45.5,44.0,3.1,69.3,6,Stable,0.0
STU0996,6,14.166666666666666,6,6,103.5,69.2,61.5,77.4,66.5,72.5,3.7,23.2,5,Stable,0.0
STU0997,5,14.46,7,10,107.8,71.1,72.4,48.1,50.8,57.6,4.8,55.7,7,Declining,
STU0998,5,12.8,6,12,130.0,71.0,80.4,53.1,61.6,55.3,5.7,59.9,4,Stable,
STU0999,6,12.666666666666666,6,8,109.4,59.1,54.9,69.5,40.1,66.6,3.0,52.6,4,Stable,0.0
STU1000,6,12.5,6,6,143.6,66.4,49.5,32.9,51.6,58.9,4.1,29.8,3,Declining,1.0
STU1001,0,0.0,6,0,124.3,62.1,34.6,38.4,27.2,30.6,2.0,32.0,5,Declining,1.0
STU1002,0,0.0,6,0,119.5,40.7,51.3,34.4,51.9,38.4,1.7,13.6,6,Declining,1.0
STU1003,0,0.0,0,0,175.6,58.8,51.1,48.8,32.3,45.6,0.0,32.2,7,Declining,0.0
STU1004,5,11.2,5,8,116.1,65.6,47.0,49.9,52.3,53.4,2.8,36.5,6,Declining,0.0
STU1005,6,16.5,6,6,126.6,73.3,69.3,63.3,61.2,41.1,2.7,61.5,2,Stable,1.0
STU1006,3,13.666666666666666,5,9,130.8,55.1,52.3,43.5,46.2,69.9,3.5,49.7,4,Stable,0.0
STU1007,7,15.228571428571428,8,8,133.5,62.4,46.1,69.4,45.7,59.3,3.7,37.7,4,Stable,0.0
STU1008,9,12.77777777777778,9,10,136.9,57.1,53.1,44.5,59.6,52.6,2.8,64.9,1,Stable,0.0
STU1009,7,14.428571428571429,8,8,142.3,56.6,74.7,67.7,37.8,64.6,3.8,53.5,5,Stable,0.0
STU1010,6,13.875,6,8,114.3,73.6,61.6,56.9,69.4,49.6,6.2,58.7,4,Declining,0.0
STU1011,7,13.128,7,10,122.9,62.6,47.4,28.3,55.1,37.7,3.3,57.6,4,Stable,0.0
STU1012,6,11.605,7,9,117.2,60.5,62.5,55.0,39.7,53.8,3.3,66.7,7,Stable,0.0
STU1013,5,14.6,5,5,152.0,75.2,60.8,62.5,52.7,62.9,3.6,61.6,3,Stable,0.0
STU1014,0,0.0,6,0,122.2,52.3,31.3,23.2,45.8,35.5,1.1,36.1,5,Declining,1.0
STU1015,5,11.8,5,6,101.7,72.8,41.1,42.9,45.2,50.0,1.8,21.6,1,Stable,0.0
STU1016,6,12.333333333333334,6,6,119.9,57.5,38.0,55.4,35.1,51.8,6.0,45.3,4,Declining,0.0
STU1017,4,11.0,5,5,123.7,61.2,28.7,45.3,50.7,50.0,1.3,8.3,6,Stable,1.0
STU1018,11,13.181818181818182,11,11,121.8,62.5,49.3,64.1,67.3,61.2,2.4,37.0,0,Stable,0.0
STU1019,1,11.0,6,6,106.1,66.7,43.8,46.4,52.1,58.5,4.1,60.3,3,Declining,1.0
STU1020,6,11.833333333333334,6,6,124.3,64.0,66.1,38.1,58.2,62.5,1.3,42.5,5,Stable,0.0
STU1021,8,12.98125,8,8,124.3,73.5,63.8,84.9,66.4,80.8,5.0,70.6,3,Stable,0.0
STU1022,6,11.333333333333334,7,10,117.4,67.0,53.5,50.1,70.2,74.7,4.8,37.9,4,Stable,0.0
STU1023,6,11.68,8,12,112.7,50.6,29.3,56.2,27.9,44.0,2.9,48.4,4,Declining,0.0
STU1024,6,14.5,6,6,123.7,65.0,56.7,77.5,42.9,52.9,4.1,54.6,7,Stable,0.0
STU1025,7,13.142857142857142,7,7,105.8,54.8,33.3,66.4,57.7,64.2,3.9,75.4,4,Stable,0.0
STU1026,2,11.5,5,8,124.2,66.1,58.0,57.1,53.9,28.9,2.4,59.9,5,Declining,1.0
STU1027,5,14.2,5,6,122.3,70.8,62.9,67.8,39.7,58.4,3.2,43.5,5,Stable,0.0
STU1028,5,11.666666666666666,6,8,123.7,70.4,50.9,59.9,45.7,42.7,3.5,41.1,1,Improving,0.0
STU1029,7,13.175,7,8,129.8,66.2,63.1,62.9,73.4,55.1,3.5,55.4,5,Stable,0.0
STU1030,7,13.314285714285717,8,8,123.8,54.2,65.5,63.2,52.8,56.0,4.7,88.5,2,Declining,0.0
STU1031,3,10.6,5,13,126.4,65.6,49.7,49.4,54.0,29.9,3.3,47.4,5,Declining,0.0
STU1032,4,12.0,6,11,115.1,68.3,48.4,66.0,71.4,81.8,4.2,36.2,6,Declining,
STU1033,6,13.428571428571429,6,7,138.4,65.2,36.5,63.5,56.5,48.5,3.5,40.1,4,Stable,0.0
STU1034,4,13.25,5,7,118.2,66.1,46.3,26.0,61.7,70.5,4.5,46.5,6,Declining,0.0
STU1035,2,13.0,6,6,121.7,48.9,36.5,61.7,57.7,31.6,4.6,51.2,2,Stable,1.0
STU1036,6,14.333333333333334,6,6,118.0,67.6,41.0,46.5,52.7,47.7,1.6,39.0,5,Stable,
STU1037,0,0.0,6,0,119.8,54.1,26.2,40.9,36.1,48.1,2.5,42.7,7,Declining,1.0
STU1038,6,14.0,6,6,164.9,57.1,29.2,35.7,67.6,52.2,3.1,42.4,0,Stable,0.0
STU1039,2,12.0,2,2,100.0,67.3,58.8,43.0,50.6,59.3,2.8,64.1,6,Declining,0.0
STU1040,5,12.333333333333334,6,9,121.6,61.7,53.6,49.6,44.1,61.0,4.1,53.7,0,Declining,
STU1041,5,11.8,6,8,120.4,67.1,64.3,59.8,64.5,42.9,3.9,44.0,5,Declining,0.0
STU1042,7,12.791428571428572,8,8,117.8,70.9,62.6,48.9,27.4,69.9,3.7,10.2,5,Declining,0.0
STU1043,8,11.625,8,8,110.0,69.5,58.8,29.8,71.6,62.0,4.8,47.0,3,Declining,0.0
STU1044,6,11.994444444444444,7,11,128.8,55.5,61.4,49.0,53.1,36.8,4.1,51.3,4,Declining,0.0
STU1045,5,11.6,6,9,116.6,62.2,52.2,48.8,53.7,54.0,2.8,50.0,8,Stable,0.0
STU1046,0,0.0,5,5,120.0,72.5,51.4,46.3,41.5,46.9,3.4,38.6,5,Declining,1.0
STU1047,6,13.166666666666666,6,8,157.5,77.8,46.3,57.2,68.8,53.4,5.2,46.2,2,Stable,1.0
STU1048,7,14.1,8,8,136.3,74.4,53.8,47.8,58.7,56.7,4.1,63.2,7,Declining,0.0
STU1049,6,12.396666666666668,7,8,121.5,68.4,48.4,58.1,54.7,59.9,3.2,37.5,5,Declining,0.0
STU1050,7,15.014285714285714,7,7,133.9,60.2,78.8,79.6,47.9,37.1,3.3,70.1,6,Improving,0.0
STU1051,0,0.0,0,0,136.8,53.7,27.4,52.0,32.9,36.0,4.0,44.2,4,Declining,0.0
STU1052,7,14.05,7,8,133.5,64.3,69.4,34.1,63.3,51.6,3.9,59.3,0,Declining,0.0
STU1053,7,14.85,7,8,130.0,67.4,38.3,87.4,59.7,65.8,4.4,66.8,3,Stable,1.0
STU1054,6,13.0,6,10,140.0,55.1,53.7,69.7,72.5,48.0,4.5,48.0,4,Declining,0.0
STU1055,7,14.7875,7,8,132.7,75.7,52.4,76.6,49.3,80.1,0.9,52.6,3,Stable,0.0
STU1056,7,13.7,7,7,117.8,45.9,41.3,38.3,44.9,48.7,3.0,50.3,3,Stable,0.0
STU1057,7,12.495714285714286,7,7,126.1,73.5,44.6,50.6,58.6,41.2,6.6,72.0,1,Declining,1.0
STU1058,6,14.566666666666668,7,7,120.0,74.3,59.4,63.5,55.5,70.3,0.7,56.7,4,Stable,0.0
STU1059,5,11.2,5,5,100.0,83.2,45.4,39.0,40.8,59.0,1.8,36.9,4,Stable,1.0
STU1060,7,12.685714285714283,8,8,116.8,64.9,41.3,62.2,50.7,59.6,3.4,52.1,1,Stable,0.0
STU1061,7,13.571428571428571,9,12,128.3,63.6,65.0,76.8,64.1,53.3,2.9,47.6,3,Stable,1.0
STU1062,0,0.0,6,0,117.0,56.0,34.7,34.0,26.8,34.1,1.1,31.9,6,Declining,1.0
STU1063,5,11.0,6,8,131.5,69.3,53.7,73.1,41.7,57.5,2.2,46.3,6,Declining,0.0
STU1064,8,14.445,8,8,134.8,67.7,68.3,66.6,50.7,50.3,4.0,35.8,3,Declining,0.0
STU1065,5,13.6,6,9,146.6,56.9,70.6,32.7,48.1,75.5,4.3,35.8,6,Declining,
STU1066,11,14.0,12,12,130.0,74.8,30.6,50.6,68.4,62.6,5.0,54.3,5,Stable,1.0
STU1067,6,13.416666666666666,7,7,127.5,66.6,51.1,68.7,49.9,51.3,3.0,73.2,3,Declining,0.0
STU1068,5,12.333333333333334,5,8,123.0,57.5,30.7,41.4,70.4,48.1,4.9,22.9,5,Stable,0.0
STU1069,7,13.1,7,8,100.0,54.1,85.9,69.1,45.7,40.6,4.2,59.5,6,Stable,0.0
STU1070,4,13.2,6,9,114.2,85.3,52.6,61.2,57.7,61.5,5.0,74.5,6,Stable,0.0
STU1071,8,14.75,8,8,123.5,75.3,67.1,62.2,57.8,47.9,4.6,71.7,4,Stable,0.0
STU1072,6,13.142857142857142,6,7,144.3,70.9,44.7,48.3,55.3,52.5,3.6,52.6,4,Stable,0.0
STU1073,4,12.5,6,9,142.2,64.2,46.0,56.9,28.9,82.8,3.4,46.9,2,Declining,
STU1074,4,13.75,5,6,161.9,71.1,64.0,74.0,43.1,31.1,4.2,60.7,6,Declining,0.0
STU1075,5,12.4,6,11,135.9,57.5,57.5,49.6,52.8,52.0,5.3,74.4,2,Declining,0.0
STU1076,6,13.333333333333334,6,6,110.1,68.1,72.4,62.5,35.6,37.6,4.1,63.7,4,Stable,0.0
STU1077,11,11.727272727272728,11,11,122.5,70.9,45.9,83.0,29.4,51.1,4.6,60.7,5,Stable,1.0
STU1078,4,12.5,6,8,138.1,56.8,47.5,56.2,41.1,50.4,4.4,68.3,3,Declining,1.0
STU1079,0,0.0,0,0,117.3,54.2,41.2,32.1,43.4,22.4,0.0,32.7,6,Declining,1.0
STU1080,6,13.533333333333331,7,8,106.8,63.5,60.7,49.7,60.5,59.4,2.2,55.0,2,Declining,0.0
STU1081,6,13.166666666666666,6,6,120.1,60.3,57.1,30.1,42.9,71.6,4.2,62.3,4,Stable,0.0
STU1082,5,13.2,6,9,116.5,61.8,35.8,40.2,52.8,57.6,2.7,42.7,3,Stable,0.0
STU1083,5,12.2,6,7,120.0,51.7,39.2,57.6,58.1,62.6,3.4,95.6,3,Declining,
STU1084,7,13.428571428571429,7,7,139.7,75.7,57.4,68.0,69.5,74.6,4.0,56.8,5,Declining,0.0
STU1085,6,12.714285714285714,6,8,123.7,78.8,33.5,49.9,68.0,61.2,6.8,49.9,5,Declining,0.0
STU1086,0,0.0,6,0,116.5,47.6,24.4,49.5,49.1,9.7,1.8,42.7,5,Declining,1.0
STU1087,6,13.666666666666666,6,6,122.2,75.5,52.9,66.2,50.2,56.5,1.4,69.8,4,Declining,0.0
STU1088,5,11.0,6,6,146.0,64.3,40.1,43.2,52.3,21.4,3.8,38.9,4,Declining,0.0
STU1089,5,11.4,7,11,108.8,65.2,53.2,46.3,54.5,43.8,4.9,25.0,4,Stable,
STU1090,0,0.0,0,0,133.0,44.6,33.9,21.8,37.8,20.0,2.6,25.0,4,Declining,
STU1091,4,12.0,5,7,123.8,60.2,40.1,61.5,39.1,54.8,4.2,53.6,4,Improving,0.0
STU1092,0,0.0,6,6,120.0,59.9,26.7,38.9,55.2,28.1,1.2,20.1,3,Declining,1.0
STU1093,5,11.0,6,14,126.9,57.6,65.9,64.3,58.2,56.2,3.2,50.4,7,Declining,0.0
STU1094,5,12.0,6,12,121.3,59.8,55.7,53.4,63.0,62.4,2.8,49.6,6,Declining,1.0
STU1095,7,13.308571428571428,7,7,129.0,63.1,56.2,44.9,62.8,43.5,3.1,29.7,8,Declining,0.0
STU1096,3,13.666666666666666,6,8,114.9,40.0,50.9,62.6,49.2,55.2,3.4,60.2,6,Stable,1.0
STU1097,0,0.0,6,6,106.5,58.2,25.0,15.1,25.8,7.4,3.2,44.7,6,Declining,1.0
STU1098,5,12.2,6,10,133.9,70.8,44.2,50.0,61.7,35.0,7.2,54.3,1,Declining,0.0
STU1099,6,12.666666666666666,6,7,124.9,69.1,23.0,45.5,61.8,68.9,4.0,58.2,6,Stable,0.0
STU1100,8,14.07125,8,8,128.5,75.8,47.2,76.2,60.6,46.0,4.9,46.7,6,Declining,0.0
STU1101,4,14.25,5,14,126.2,63.1,45.0,76.4,77.0,48.0,1.0,51.5,2,Stable,1.0
STU1102,0,0.0,6,0,121.7,69.5,41.6,43.1,34.3,28.2,1.5,40.1,7,Declining,1.0
STU1103,3,12.0,6,10,120.0,57.6,41.9,45.2,49.4,30.4,5.4,28.3,5,Declining,
STU1104,6,11.166666666666666,10,18,113.2,64.7,61.6,75.9,57.4,41.7,4.0,37.6,4,Stable,
STU1105,2,13.0,6,12,120.3,62.0,46.3,44.0,47.8,51.4,3.5,27.8,5,Declining,0.0
STU1106,0,0.0,0,0,127.8,56.5,36.8,21.4,37.7,33.4,5.5,55.3,7,Declining,1.0
STU1107,7,14.901428571428571,8,8,123.3,66.2,54.3,33.8,67.8,69.3,5.6,52.1,2,Stable,1.0
STU1108,7,12.65,7,8,126.3,66.1,61.2,57.0,49.4,47.2,4.9,75.3,5,Declining,0.0
STU1109,7,11.0,12,12,128.2,60.9,66.5,34.5,49.4,53.8,3.8,51.6,2,Declining,1.0
STU1110,4,12.4,5,7,134.9,61.4,38.0,69.9,59.0,45.3,4.0,76.7,5,Declining,0.0
STU1111,6,12.0,6,7,140.0,48.0,72.4,47.3,41.3,64.4,6.4,70.2,5,Declining,0.0
STU1112,7,12.135714285714286,7,8,115.5,73.0,42.1,39.9,54.6,37.0,6.6,42.9,3,Stable,0.0
STU1113,5,12.62,7,10,106.7,57.7,49.1,67.7,53.2,59.0,3.2,53.5,6,Stable,
STU1114,3,10.666666666666666,5,11,140.0,59.8,41.8,61.7,58.0,55.1,1.5,32.5,2,Stable,
STU1115,6,13.766666666666666,7,12,136.6,58.8,71.6,76.4,64.5,45.4,4.1,64.6,4,Stable,0.0
STU1116,8,13.11625,8,8,119.3,72.3,41.3,36.7,55.4,54.6,5.0,71.6,4,Stable,0.0
STU1117,0,0.0,5,5,152.0,51.2,44.4,15.8,39.8,43.3,4.3,59.2,8,Declining,1.0
STU1118,6,12.7,7,9,144.3,46.9,25.6,73.9,54.9,45.7,3.8,73.5,5,Stable,0.0
STU1119,7,11.857142857142858,7,11,159.0,69.0,62.4,21.9,52.6,45.9,3.5,60.0,1,Declining,
STU1120,6,12.333333333333334,7,7,129.5,60.0,49.2,39.9,67.6,38.7,5.2,57.4,3,Declining,0.0
STU1121,4,15.75,6,9,140.0,66.8,48.5,56.6,61.0,79.0,2.9,50.2,6,Declining,
STU1122,5,13.333333333333334,5,6,105.4,72.6,43.1,38.4,67.2,47.7,3.5,79.2,4,Stable,0.0
STU1123,7,14.355555555555554,7,9,136.0,60.0,53.6,59.9,48.5,41.4,4.2,42.9,2,Declining,0.0
STU1124,6,13.0,6,8,160.0,66.1,48.0,41.5,67.8,32.9,3.8,37.4,4,Stable,0.0
STU1125,6,12.833333333333334,6,6,139.1,60.0,33.9,70.3,56.1,44.0,5.4,35.9,7,Stable,0.0
STU1126,5,13.2,5,5,126.9,73.6,41.7,62.7,61.1,56.2,4.4,67.6,3,Stable,0.0
STU1127,7,17.005555555555556,7,9,184.0,70.0,66.2,62.9,40.1,55.1,3.8,73.2,2,Stable,0.0
STU1128,5,10.6,6,8,125.0,64.4,44.5,48.1,69.0,55.6,3.3,55.8,4,Stable,0.0
STU1129,5,14.0,5,5,138.5,56.2,42.3,42.4,59.3,62.2,7.2,57.0,3,Declining,0.0
STU1130,7,12.114285714285714,8,8,133.5,72.6,52.9,53.7,74.1,52.4,2.2,35.4,5,Declining,0.0
STU1131,8,13.05875,8,8,141.5,74.7,59.9,42.2,68.0,54.2,1.9,59.4,3,Stable,0.0
STU1132,7,13.285714285714286,8,8,130.0,61.1,61.1,79.3,35.8,73.9,2.5,73.0,4,Declining,0.0
STU1133,4,11.0,5,9,131.0,65.6,53.0,55.8,67.7,59.9,3.9,32.4,7,Stable,
STU1134,7,14.071428571428571,7,7,145.0,72.3,68.4,46.4,58.6,60.2,5.5,36.8,2,Stable,0.0
STU1135,0,0.0,6,0,114.3,72.7,35.6,56.8,46.4,33.9,1.9,34.7,8,Declining,1.0
STU1136,4,11.25,9,9,108.3,67.6,46.4,51.6,58.0,59.4,2.9,60.4,6,Declining,1.0
STU1137,6,14.0,6,6,125.2,66.8,63.3,72.6,54.8,58.8,3.1,65.9,2,Declining,0.0
STU1138,6,12.166666666666666,6,8,131.7,64.8,43.0,71.0,50.7,57.2,1.8,70.2,6,Declining,1.0
STU1139,7,13.297142857142855,8,8,126.3,66.5,48.5,61.6,63.4,63.7,6.0,56.9,2,Declining,0.0
STU1140,6,13.923076923076923,6,14,147.6,73.7,34.8,41.7,48.5,59.6,3.9,30.4,2,Stable,0.0
STU1141,7,13.37,7,11,125.1,60.5,75.6,49.9,57.1,37.4,4.4,62.9,3,Stable,0.0
STU1142,5,12.4,5,5,123.8,72.7,75.4,96.5,67.7,53.1,4.7,68.4,3,Stable,
STU1143,4,15.0,5,5,130.8,53.8,49.6,48.1,42.7,40.2,5.5,43.0,4,Improving,1.0
STU1144,6,13.333333333333334,6,6,154.1,71.8,61.4,52.1,53.3,61.7,3.6,50.9,2,Stable,0.0
STU1145,3,12.0,5,8,122.6,71.8,57.2,46.1,64.0,32.1,2.4,15.8,5,Declining,
STU1146,5,13.4,6,7,103.5,72.5,53.8,43.3,46.5,53.1,3.8,47.9,4,Stable,0.0
STU1147,0,0.0,0,0,132.8,57.2,49.6,46.4,20.9,38.7,1.8,54.0,6,Declining,
STU1148,4,11.5,5,9,100.0,67.8,34.2,36.3,33.0,37.7,2.9,42.5,5,Declining,0.0
STU1149,6,12.0,7,12,115.8,63.1,49.8,45.0,50.4,52.9,2.4,36.8,6,Stable,
STU1150,7,13.485714285714284,8,8,133.8,58.3,28.5,60.2,73.3,64.5,4.5,84.1,3,Stable,0.0
STU1151,6,12.0,6,6,118.5,67.7,39.0,51.1,46.7,46.4,5.4,60.7,3,Declining,0.0
STU1152,0,0.0,0,0,150.3,55.6,15.5,40.0,37.1,41.5,4.1,37.1,7,Declining,1.0
STU1153,3,10.333333333333334,5,7,107.8,70.6,25.2,49.9,51.4,55.5,2.5,48.7,7,Stable,
STU1154,5,12.94,7,10,127.5,65.0,45.7,40.6,65.8,40.7,6.0,42.1,4,Declining,
STU1155,7,13.258571428571427,8,11,120.5,68.8,58.1,74.3,65.3,56.0,2.8,51.1,4,Stable,0.0
STU1156,4,12.25,5,9,117.3,67.3,42.1,66.7,51.8,49.5,3.8,75.0,4,Stable,
STU1157,3,11.666666666666666,6,9,120.6,68.7,42.1,40.2,58.2,50.6,4.8,37.9,4,Stable,1.0
STU1158,6,13.571428571428571,6,7,118.7,74.3,43.8,61.3,66.2,35.1,4.6,73.9,3,Stable,0.0
STU1159,5,11.8,6,9,130.8,57.7,52.2,47.6,37.3,35.6,5.4,55.9,4,Stable,0.0
STU1160,5,14.2,5,7,112.6,72.1,45.0,68.2,51.5,68.7,2.7,58.3,5,Stable,0.0
STU1161,5,11.0,5,8,117.2,63.4,37.6,63.0,41.1,60.8,3.4,24.6,6,Declining,0.0
STU1162,4,13.625,7,16,130.0,71.6,63.4,70.3,48.1,56.7,3.7,59.4,3,Improving,
STU1163,7,14.652857142857142,8,8,131.8,79.8,44.0,46.1,63.8,67.0,5.5,55.0,4,Stable,0.0
STU1164,6,11.333333333333334,6,9,97.0,48.8,35.7,37.7,42.2,37.0,3.5,27.1,3,Stable,0.0
STU1165,4,13.7,7,12,130.0,75.8,60.6,32.4,77.9,50.9,4.1,52.9,4,Stable,1.0
STU1166,11,13.727272727272728,11,11,148.0,69.1,37.4,92.7,66.7,55.3,4.2,53.8,4,Declining,0.0
STU1167,7,11.75,7,9,103.4,59.6,67.0,66.1,49.5,44.8,4.3,56.9,6,Declining,1.0
STU1168,6,12.333333333333334,6,9,127.1,62.7,39.5,69.8,53.6,40.1,3.0,39.6,4,Stable,0.0
STU1169,6,14.0,6,6,124.0,58.6,53.7,38.6,42.9,70.4,2.6,38.5,5,Declining,1.0
STU1170,4,11.5,5,7,121.4,68.5,37.2,59.7,37.8,43.6,3.0,50.2,3,Declining,0.0
STU1171,5,11.2,5,6,118.1,56.4,49.7,31.9,49.1,57.0,2.5,43.5,3,Stable,0.0
STU1172,7,15.07,8,8,121.3,77.9,48.6,63.3,70.7,60.5,4.0,51.4,3,Stable,0.0
STU1173,1,10.0,5,6,119.5,67.3,33.3,48.4,34.9,60.0,4.1,25.2,10,Stable,1.0
STU1174,4,12.0,5,5,115.2,66.3,30.0,48.6,65.0,60.1,2.0,48.1,3,Declining,
STU1175,4,13.0,6,11,130.2,49.4,44.5,47.5,52.3,49.2,3.3,60.9,4,Declining,0.0
STU1176,4,11.0,6,7,130.0,53.5,54.4,65.8,54.6,35.6,6.1,52.4,5,Stable,1.0
STU1177,6,13.571428571428571,6,8,126.9,66.2,60.8,49.4,56.5,65.2,1.8,48.1,4,Stable,0.0
STU1178,5,14.6,6,7,168.5,66.5,43.9,71.8,63.4,69.1,2.6,28.8,3,Stable,0.0
STU1179,3,11.833333333333334,7,13,130.0,72.1,40.8,51.9,63.8,81.0,4.0,36.4,5,Stable,1.0
STU1180,7,12.625,7,11,122.8,43.9,51.2,60.7,54.1,66.8,2.1,43.2,3,Declining,0.0
STU1181,4,11.5,7,12,110.0,58.8,49.9,59.5,58.3,44.2,3.5,62.4,5,Declining,1.0
STU1182,4,13.25,5,8,127.1,72.2,50.7,59.2,67.0,46.6,5.8,63.0,3,Declining,0.0
STU1183,7,12.60625,7,9,108.5,64.3,47.7,58.7,64.1,29.8,3.2,58.6,6,Stable,0.0
STU1184,8,13.75,10,15,138.2,65.0,51.3,84.5,54.2,47.5,3.2,52.3,1,Declining,1.0
STU1185,6,13.598333333333334,7,10,96.0,54.1,49.6,69.6,54.1,39.6,2.1,73.6,4,Declining,
STU1186,5,11.142857142857142,6,11,124.5,73.7,21.3,22.6,43.7,59.3,2.6,59.8,3,Stable,0.0
STU1187,11,12.7,11,11,120.0,65.6,51.9,57.3,77.5,69.8,4.1,27.9,5,Stable,
STU1188,1,10.0,5,9,132.3,70.8,54.9,66.4,52.5,75.0,5.7,67.8,6,Stable,1.0
STU1189,6,11.666666666666666,6,8,120.7,77.5,67.8,44.4,40.3,90.1,3.6,49.1,0,Declining,0.0
STU1190,6,14.0,6,8,132.6,77.6,67.2,56.1,47.7,57.9,3.8,68.2,2,Declining,0.0
STU1191,0,0.0,5,9,140.0,55.6,37.4,40.3,39.7,32.3,2.1,38.9,7,Declining,1.0
STU1192,7,12.04142857142857,8,9,124.5,62.8,38.2,74.6,68.9,49.6,2.9,33.9,4,Stable,0.0
STU1193,0,0.0,0,0,142.0,50.6,28.4,25.4,38.1,29.7,0.0,23.0,7,Declining,0.0
STU1194,13,13.76923076923077,13,14,130.0,87.3,50.7,52.0,68.1,89.3,6.5,34.2,3,Stable,0.0
STU1195,18,15.444444444444445,18,20,144.0,74.3,49.6,75.5,60.8,34.1,6.2,60.3,3,Improving,0.0
STU1196,6,11.5,7,9,128.5,74.2,39.8,58.3,60.8,72.5,5.1,53.6,6,Stable,
STU1197,2,10.0,3,3,140.0,65.9,36.8,54.8,62.4,36.6,3.5,45.1,3,Declining,1.0
STU1198,4,12.25,6,8,113.9,61.6,33.1,56.8,61.1,47.2,5.0,39.8,4,Declining,1.0
STU1199,6,14.5,6,6,137.2,65.1,64.4,54.8,31.6,24.0,2.2,50.5,2,Improving,0.0
STU1200,6,15.571428571428571,6,7,140.0,77.3,61.5,64.0,55.6,68.6,4.2,57.3,4,Stable,0.0
STU1201,6,15.571428571428571,6,7,152.3,68.1,53.6,59.7,46.5,65.5,4.8,65.7,2,Stable,0.0
STU1202,5,13.8,6,8,112.5,62.7,56.6,52.1,61.9,40.8,5.5,43.3,5,Stable,0.0
STU1203,3,10.666666666666666,5,8,101.0,57.0,51.4,49.9,52.0,63.1,3.9,44.7,4,Declining,1.0
STU1204,5,11.6,6,8,112.3,67.7,41.4,46.7,70.6,63.2,4.2,31.5,5,Declining,0.0
STU1205,1,13.0,6,11,114.0,59.8,70.0,42.9,48.6,44.1,3.8,29.5,3,Stable,1.0
STU1206,3,12.0,5,9,130.0,69.1,39.7,58.7,53.1,26.4,1.8,65.6,6,Declining,0.0
STU1207,12,12.333333333333334,14,14,121.5,90.5,37.8,45.1,59.0,56.6,3.8,83.3,5,Stable,0.0
STU1208,6,12.875,6,10,120.0,70.8,54.4,63.7,62.7,66.8,3.3,56.3,5,Stable,
STU1209,1,11.0,6,12,130.0,77.3,53.6,46.7,40.8,38.1,4.3,40.9,3,Declining,1.0
STU1210,4,12.25,6,10,125.7,59.4,46.6,51.9,43.5,65.1,4.3,43.2,7,Stable,1.0
STU1211,0,0.0,7,7,128.0,61.2,51.0,36.9,35.3,28.7,3.9,49.7,7,Declining,1.0
STU1212,4,10.75,6,11,113.2,74.4,51.2,58.1,58.4,50.1,4.2,0.0,3,Declining,
STU1213,8,13.63,8,9,120.0,79.1,44.8,75.4,67.9,47.5,3.9,90.3,4,Stable,0.0
STU1214,3,13.0,5,8,117.8,75.0,42.5,74.3,52.1,53.5,5.2,50.7,7,Declining,0.0
STU1215,6,13.533333333333331,7,9,121.3,67.0,54.6,68.4,61.8,64.5,2.5,15.6,3,Stable,
STU1216,7,16.9,7,7,169.7,76.3,57.2,60.2,63.9,77.4,4.0,95.2,2,Stable,0.0
STU1217,5,12.0,6,10,117.7,57.4,65.4,63.4,53.5,55.3,2.6,15.1,4,Declining,0.0
STU1218,6,12.5,6,6,121.8,78.9,61.5,30.3,53.9,34.7,2.5,18.2,2,Declining,0.0
STU1219,7,12.764285714285714,8,8,128.3,59.3,34.1,63.2,63.5,62.3,2.7,40.4,4,Stable,0.0
STU1220,5,13.75,5,8,132.2,76.4,50.0,59.7,74.3,50.3,3.1,50.3,5,Stable,0.0
STU1221,0,0.0,0,0,134.3,63.3,20.1,19.5,49.9,34.2,2.2,48.0,6,Declining,1.0
STU1222,7,14.604285714285712,7,7,123.4,76.2,71.8,50.3,69.2,57.3,3.7,50.6,3,Declining,0.0
STU1223,0,0.0,5,7,121.7,72.2,24.4,42.4,61.3,45.7,2.4,19.3,7,Declining,1.0
STU1224,5,13.833333333333334,6,9,130.0,74.9,54.6,59.8,48.3,49.1,4.2,48.3,4,Stable,0.0
STU1225,8,13.57625,8,8,126.5,57.4,46.1,68.9,64.3,63.1,1.4,51.2,3,Stable,0.0
STU1226,6,15.142857142857142,6,7,159.7,72.3,30.1,76.9,71.3,60.5,4.3,76.8,4,Improving,0.0
STU1227,3,10.666666666666666,5,8,151.3,48.3,32.6,48.9,60.7,56.8,2.5,62.8,6,Declining,0.0
STU1228,5,11.2,6,11,138.0,64.5,47.3,39.7,47.6,62.9,1.7,41.4,3,Declining,0.0
STU1229,8,13.76375,8,8,126.5,64.7,61.4,67.5,49.5,29.8,4.5,51.0,6,Stable,0.0
STU1230,8,13.25,9,10,140.0,73.1,60.9,72.9,73.6,51.5,4.2,28.1,4,Improving,
STU1231,5,10.714285714285714,6,10,112.3,58.3,33.8,68.0,57.3,50.0,3.8,59.2,5,Stable,0.0
STU1232,6,12.166666666666666,6,6,127.3,59.5,55.0,59.9,57.5,50.2,4.6,50.9,4,Stable,0.0
STU1233,6,14.357142857142858,7,8,130.0,71.3,64.8,80.4,56.5,44.8,3.2,60.3,3,Declining,0.0
STU1234,6,12.833333333333334,6,6,115.0,75.6,58.0,51.5,70.0,45.9,2.7,61.9,2,Declining,0.0
STU1235,7,13.925714285714283,8,8,131.5,67.6,49.5,76.1,66.5,61.9,4.0,78.5,7,Stable,0.0
STU1236,2,12.0,5,9,125.7,82.3,48.7,37.2,49.8,55.8,2.9,41.6,3,Declining,1.0
STU1237,7,13.44285714285714,7,7,126.8,64.5,55.2,29.1,65.4,55.5,7.3,55.2,6,Stable,0.0
STU1238,1,16.0,5,5,132.4,70.4,66.7,38.8,55.1,39.9,3.5,73.5,7,Stable,1.0
STU1239,6,13.125,6,8,150.0,69.3,72.8,48.4,64.1,64.5,3.9,50.5,3,Stable,0.0
STU1240,0,0.0,6,7,95.0,53.0,43.8,39.1,54.5,48.4,1.0,30.0,7,Declining,1.0
STU1241,5,11.4,9,9,128.2,75.6,50.8,42.0,65.9,65.5,2.4,89.8,5,Declining,1.0
STU1242,2,11.0,4,12,130.0,56.4,47.3,52.2,34.0,40.5,1.4,46.3,6,Declining,1.0
STU1243,1,11.0,5,13,100.0,46.4,47.9,57.8,55.8,92.7,2.9,72.0,4,Declining,
STU1244,5,13.666666666666666,6,14,159.9,65.9,55.3,60.1,70.6,57.3,3.7,45.4,3,Stable,0.0
STU1245,4,11.75,6,10,100.0,62.8,43.6,51.1,45.9,42.7,4.9,42.9,6,Declining,1.0
STU1246,1,10.0,7,11,116.5,70.7,69.5,63.3,69.5,76.7,2.8,14.4,2,Declining,1.0
STU1247,6,13.5,6,8,120.0,56.8,43.2,46.1,61.9,63.5,3.4,62.7,1,Stable,0.0
STU1248,0,0.0,6,0,117.0,59.2,50.5,35.1,49.6,40.4,2.2,40.8,6,Declining,1.0
STU1249,1,12.0,6,12,140.0,66.7,21.3,44.1,60.8,53.7,3.2,48.2,4,Declining,
STU1250,3,13.0,6,11,118.1,67.6,46.8,60.9,40.0,67.5,4.7,57.0,5,Stable,1.0
STU1251,6,14.833333333333334,6,7,153.5,75.8,49.6,51.5,66.5,58.4,5.7,68.0,3,Declining,0.0
STU1252,6,11.833333333333334,6,6,127.9,65.5,53.7,58.8,59.1,32.2,3.6,29.1,5,Declining,0.0
STU1253,5,12.0,6,10,118.8,66.0,46.5,63.6,49.6,52.6,2.5,52.2,6,Stable,0.0
STU1254,4,12.75,6,11,126.7,69.1,67.4,47.7,70.2,63.5,3.5,75.9,4,Improving,0.0
STU1255,0,0.0,5,5,170.0,54.7,32.8,19.6,21.7,38.1,2.2,26.8,4,Declining,
STU1256,0,0.0,6,7,110.0,44.9,23.7,36.3,34.8,27.2,0.4,10.8,7,Declining,1.0
STU1257,6,12.0,6,6,115.0,62.5,39.5,44.6,68.9,52.6,3.3,67.7,2,Declining,0.0
STU1258,7,11.677777777777775,7,9,119.0,64.4,46.5,47.4,65.3,64.4,2.0,55.1,2,Declining,0.0
STU1259,7,13.6,8,8,121.8,62.9,62.3,27.0,51.2,70.7,4.4,54.4,5,Improving,0.0
STU1260,6,16.0,6,7,133.4,65.5,65.5,38.1,50.3,43.0,2.7,50.0,2,Declining,0.0
STU1261,5,11.8,6,9,131.4,66.8,36.1,63.1,52.2,38.4,3.2,64.5,3,Declining,0.0
STU1262,0,0.0,5,5,135.0,53.3,26.1,27.5,44.6,38.0,1.8,22.7,6,Declining,1.0
STU1263,0,0.0,6,0,122.8,61.8,22.2,51.9,36.6,29.7,0.3,51.7,7,Declining,1.0
STU1264,6,16.142857142857142,6,7,140.0,75.1,51.3,49.1,57.7,49.5,4.1,57.6,5,Stable,0.0
STU1265,7,11.785714285714286,8,8,125.3,47.4,63.6,60.9,57.1,50.7,2.5,68.0,6,Stable,0.0
STU1266,8,13.42375,8,8,126.3,56.4,56.4,54.3,55.0,65.2,5.8,69.2,3,Stable,0.0
STU1267,6,12.5,6,8,100.0,47.0,58.4,62.6,51.7,43.6,5.4,34.7,3,Stable,0.0
STU1268,7,12.464285714285714,8,8,121.3,64.6,61.6,52.6,45.2,40.5,5.3,60.7,2,Declining,0.0
STU1269,8,12.375,11,18,135.0,65.6,47.9,60.5,58.7,47.8,4.3,52.6,4,Declining,
STU1270,1,10.0,6,8,120.0,63.1,30.0,63.2,50.1,29.6,3.5,53.7,5,Declining,1.0
STU1271,5,12.6,6,8,113.7,72.4,44.0,59.7,46.2,53.6,3.5,50.5,8,Declining,
STU1272,5,12.6,5,5,129.7,65.1,60.4,45.3,58.0,53.9,4.3,22.5,5,Stable,0.0
STU1273,2,10.0,5,7,132.1,57.6,53.4,26.6,62.9,60.5,5.1,56.7,2,Stable,1.0
STU1274,0,0.0,7,7,120.3,55.7,37.0,37.7,42.8,26.3,0.8,0.0,8,Declining,1.0
STU1275,5,11.6,5,7,120.0,61.1,61.4,58.2,58.9,53.5,4.1,52.2,3,Stable,0.0
STU1276,6,12.166666666666666,6,8,123.1,54.2,53.3,56.4,65.8,57.5,1.7,80.5,2,Stable,0.0
STU1277,4,13.6,6,10,119.4,73.5,47.3,43.8,55.4,34.6,3.2,72.8,6,Declining,0.0
STU1278,4,12.5,5,8,140.0,68.5,31.3,54.9,63.6,54.7,3.5,56.2,6,Declining,1.0
STU1279,4,12.25,6,6,116.5,76.3,64.8,60.5,31.2,54.7,3.9,41.8,6,Declining,
STU1280,6,11.714285714285714,6,7,113.0,55.8,49.9,70.7,48.4,51.4,4.5,50.4,3,Stable,0.0
STU1281,6,13.5,6,7,133.9,53.8,47.1,52.8,45.8,39.0,5.4,69.1,7,Stable,0.0
STU1282,7,13.024285714285714,8,8,115.5,59.6,51.9,85.6,71.5,54.0,2.2,42.3,5,Stable,0.0
STU1283,0,0.0,6,12,116.5,59.4,54.8,57.2,49.2,16.2,3.1,38.7,4,Declining,1.0
STU1284,5,17.333333333333332,5,6,171.2,75.0,66.6,59.7,46.7,60.3,6.2,43.5,7,Improving,0.0
STU1285,4,11.0,5,7,119.1,66.4,44.4,54.8,43.7,59.7,3.0,44.0,5,Declining,0.0
STU1286,6,13.666666666666666,7,10,121.1,68.2,58.7,72.8,43.6,52.3,3.3,47.1,4,Declining,1.0
STU1287,6,11.375,6,9,132.9,72.5,65.8,42.5,58.8,68.3,3.9,57.6,3,Declining,
STU1288,6,12.833333333333334,6,6,132.8,62.5,56.0,45.2,58.1,45.3,3.7,60.6,0,Stable,0.0
STU1289,5,12.6,6,9,126.7,74.2,52.6,38.7,51.4,44.4,3.5,83.9,5,Declining,0.0
STU1290,6,14.333333333333334,7,8,105.8,83.1,28.3,53.3,48.8,51.8,5.8,52.2,3,Stable,0.0
STU1291,4,13.5,5,8,117.2,57.1,65.9,43.6,55.1,80.0,6.6,56.1,4,Stable,
STU1292,7,14.285714285714286,8,8,140.0,65.8,41.8,52.9,84.1,52.5,3.7,73.2,4,Stable,0.0
STU1293,3,11.75,6,15,120.0,53.6,27.2,52.2,50.4,77.4,6.4,49.2,3,Declining,1.0
STU1294,5,14.8,5,5,119.5,58.9,30.8,38.9,68.2,53.8,3.5,54.7,5,Declining,0.0
STU1295,0,0.0,6,7,153.9,58.8,25.8,55.4,39.2,29.3,3.0,40.5,5,Declining,1.0
STU1296,1,10.0,6,14,130.0,49.1,52.1,63.6,61.0,72.0,2.0,34.9,2,Stable,1.0
STU1297,0,0.0,5,5,107.0,49.3,49.7,33.2,47.9,40.9,1.0,34.0,6,Declining,1.0
STU1298,4,12.6,7,10,132.8,73.7,54.6,71.3,54.7,48.9,3.3,38.5,3,Declining,1.0
STU1299,5,12.428571428571429,5,9,127.5,67.5,71.9,58.7,61.9,63.3,4.8,46.6,1,Declining,0.0
STU1300,4,10.0,6,10,123.3,70.0,43.5,64.5,65.0,65.4,3.7,79.9,3,Stable,
STU1301,3,12.333333333333334,5,7,122.0,53.9,46.2,35.7,54.3,44.0,1.6,46.4,5,Declining,1.0
STU1302,0,0.0,6,0,114.8,55.5,12.6,34.0,39.4,48.8,0.4,33.3,6,Declining,1.0
STU1303,0,0.0,0,0,140.0,70.1,28.1,45.5,47.9,35.3,0.0,0.0,8,Declining,0.0
STU1304,10,12.1,11,12,111.0,63.4,31.0,56.6,75.8,45.4,4.7,64.0,5,Stable,0.0
STU1305,6,14.714285714285714,6,7,133.2,63.4,37.4,54.4,43.8,46.8,4.2,84.3,5,Declining,0.0
STU1306,6,12.666666666666666,6,6,123.0,70.8,59.2,53.3,43.4,39.5,4.0,39.5,3,Stable,0.0
STU1307,12,14.384615384615383,12,14,150.0,64.1,39.2,67.0,77.1,61.9,4.9,78.9,2,Stable,0.0
STU1308,5,13.4,5,5,132.3,71.6,32.2,55.6,50.3,54.3,2.9,42.4,5,Improving,0.0
STU1309,7,13.314285714285717,8,8,126.0,52.9,32.3,75.1,70.0,68.8,4.2,29.7,5,Declining,0.0
STU1310,7,11.98857142857143,8,8,119.3,47.1,61.6,43.4,49.8,64.5,5.6,46.5,5,Declining,0.0
STU1311,11,11.545454545454543,11,17,133.8,72.0,76.4,60.8,55.8,53.4,5.1,48.7,3,Stable,0.0
STU1312,6,16.46153846153846,6,13,126.5,61.1,55.0,67.3,70.2,55.2,2.9,59.6,4,Stable,0.0
STU1313,6,13.666666666666666,6,7,138.4,62.2,64.0,40.7,64.2,46.7,3.6,49.0,4,Declining,0.0
STU1314,7,12.65,7,8,129.0,73.9,38.8,51.7,45.7,55.9,3.2,38.8,1,Declining,1.0
STU1315,6,12.333333333333334,6,7,118.3,71.0,66.3,56.6,61.9,50.8,4.9,60.0,4,Stable,
STU1316,6,14.37,7,8,129.8,57.4,44.8,74.4,50.9,55.8,2.8,72.1,3,Stable,0.0
STU1317,3,12.0,5,13,113.6,68.9,57.6,54.2,58.5,69.1,3.8,59.2,6,Declining,
STU1318,3,12.0,6,12,128.3,62.2,49.1,61.5,54.6,69.6,3.2,51.9,3,Stable,1.0
STU1319,4,12.0,6,11,130.0,68.4,27.1,63.0,53.0,44.6,2.7,49.0,3,Declining,1.0
STU1320,5,12.6,6,10,121.9,65.7,40.7,21.3,49.6,62.6,4.1,60.6,6,Declining,0.0
STU1321,6,12.166666666666666,6,6,129.4,53.8,53.3,55.2,39.0,61.0,3.5,43.4,3,Declining,0.0
STU1322,6,13.5,7,8,115.3,61.1,30.5,50.4,50.6,47.9,4.9,66.2,3,Declining,
STU1323,8,13.76375,8,8,125.5,48.8,58.2,75.6,65.6,73.2,3.6,36.9,5,Stable,0.0
STU1324,6,12.4,7,11,117.8,67.9,35.2,63.6,61.1,36.3,2.5,26.7,5,Improving,0.0
STU1325,4,10.666666666666666,5,16,118.7,68.0,56.2,63.3,46.0,64.7,3.4,58.9,6,Stable,
STU1326,6,14.333333333333334,7,7,139.0,61.5,36.9,62.4,68.5,53.6,4.3,38.2,3,Stable,0.0
STU1327,4,12.5,6,12,98.9,64.5,56.0,54.9,58.9,39.8,4.5,39.6,4,Stable,
STU1328,1,10.0,6,14,137.7,54.7,56.1,59.3,57.5,46.3,3.0,29.5,4,Declining,1.0
STU1329,7,14.69625,7,8,113.6,78.1,52.5,57.3,48.3,78.8,5.2,65.0,3,Stable,0.0
STU1330,4,11.5,6,14,113.4,54.8,49.2,68.6,72.9,82.3,2.1,38.2,5,Declining,
STU1331,7,12.855555555555556,7,9,128.5,64.6,71.0,43.3,62.3,45.6,5.2,75.0,3,Stable,0.0
STU1332,7,13.7,7,7,142.8,57.0,44.1,69.0,73.3,54.8,4.7,66.2,2,Stable,0.0
STU1333,0,0.0,5,9,137.7,57.8,29.9,35.0,36.3,37.0,1.6,35.8,3,Declining,1.0
STU1334,3,11.2,6,13,103.5,72.6,56.6,60.0,35.5,50.7,4.8,72.5,4,Stable,
STU1335,7,13.285714285714286,7,7,123.2,50.5,58.3,37.3,48.2,74.5,4.4,40.2,5,Declining,0.0
STU1336,5,13.0,6,9,126.0,71.2,48.6,57.8,66.6,48.7,5.4,54.0,3,Stable,
STU1337,6,12.6,7,8,121.7,79.3,37.3,53.1,45.2,44.4,2.9,18.2,2,Declining,
STU1338,5,12.8,5,5,142.8,66.5,62.4,53.2,70.4,47.4,2.9,43.1,7,Stable,
STU1339,5,11.5,6,14,120.0,60.3,36.2,32.8,48.5,50.7,4.4,31.6,4,Declining,1.0
STU1340,7,11.4,8,8,119.3,65.9,79.1,55.2,60.3,62.9,3.9,66.0,5,Declining,0.0
STU1341,6,12.333333333333334,6,6,121.0,61.6,37.0,55.9,58.4,54.8,2.1,70.8,6,Declining,0.0
STU1342,5,12.8,6,7,139.4,81.4,37.8,32.7,52.6,61.0,6.0,47.3,6,Stable,0.0
STU1343,5,12.0,5,8,113.9,72.0,54.6,39.7,52.2,65.2,5.8,85.0,4,Stable,0.0
STU1344,5,13.0,6,8,124.6,73.1,58.0,56.3,46.2,49.9,4.0,39.2,2,Declining,0.0
STU1345,6,11.833333333333334,6,6,123.8,82.9,39.3,58.8,75.2,52.1,2.9,33.5,1,Declining,1.0
STU1346,6,14.0,6,8,126.3,77.8,73.4,55.5,62.7,60.8,3.2,46.0,4,Declining,0.0
STU1347,6,12.333333333333334,6,6,120.4,65.0,55.3,54.9,39.8,45.9,4.3,57.6,7,Stable,0.0
STU1348,5,13.04,7,10,120.5,66.3,48.7,55.0,42.7,54.1,5.6,66.5,4,Stable,
STU1349,11,13.166666666666666,11,18,144.9,89.3,62.8,54.7,67.4,72.4,7.8,72.8,5,Stable,
STU1350,6,12.5,6,7,139.9,60.2,66.2,52.5,56.2,55.0,3.5,47.1,3,Stable,0.0
STU1351,0,0.0,0,0,133.3,53.6,54.3,21.2,23.3,53.3,1.6,46.8,8,Declining,0.0
STU1352,7,15.657142857142857,8,8,126.0,60.4,57.6,51.3,84.9,46.0,4.1,49.3,5,Declining,0.0
STU1353,6,12.166666666666666,6,6,133.5,51.3,36.0,53.7,28.0,57.2,4.3,95.3,4,Declining,0.0
STU1354,0,0.0,6,0,127.9,48.0,19.9,52.8,36.8,44.9,1.0,46.1,7,Declining,1.0
STU1355,5,10.6,6,11,105.9,58.0,32.8,51.4,54.8,55.6,2.0,19.5,3,Declining,
STU1356,6,13.428571428571429,6,10,124.3,61.9,45.2,80.6,50.5,51.2,3.7,46.6,5,Declining,
STU1357,4,11.75,6,8,102.5,69.5,49.9,75.6,62.8,34.0,4.0,37.9,3,Stable,1.0
STU1358,0,0.0,5,10,97.0,55.9,39.1,40.3,47.9,52.8,4.2,63.8,5,Declining,1.0
STU1359,0,0.0,0,0,134.7,63.1,48.5,33.0,42.9,21.1,0.7,16.0,5,Declining,1.0
STU1360,0,0.0,5,0,113.8,56.2,10.1,65.2,40.7,22.0,3.4,0.0,5,Declining,1.0
STU1361,1,13.0,5,9,116.9,65.1,47.9,60.0,58.4,57.2,3.3,62.7,2,Declining,1.0
STU1362,7,13.331428571428573,8,8,124.0,64.9,58.9,61.6,55.7,50.7,3.7,11.4,7,Declining,0.0
STU1363,0,0.0,6,0,117.5,70.6,1.3,29.3,26.3,39.7,0.1,24.8,4,Declining,1.0
STU1364,0,0.0,0,0,154.8,51.6,40.4,32.9,51.1,22.6,2.5,42.2,8,Declining,0.0
STU1365,6,13.7,7,7,141.0,74.1,85.4,43.7,74.6,58.0,4.3,47.9,2,Stable,0.0
STU1366,0,0.0,5,5,120.0,46.0,45.0,56.6,42.9,48.7,4.8,52.5,5,Declining,1.0
STU1367,9,13.454545454545457,9,12,133.6,66.9,59.5,64.8,61.0,38.7,4.0,63.8,3,Declining,1.0
STU1368,7,12.2,8,8,122.0,82.7,49.2,51.7,56.6,57.3,5.8,39.7,6,Declining,0.0
STU1369,3,10.0,5,8,120.0,68.6,49.9,44.5,39.1,60.2,3.0,49.6,5,Declining,1.0
STU1370,5,13.0,6,7,114.2,54.6,69.7,42.3,50.4,37.1,3.4,78.0,3,Declining,0.0
STU1371,6,12.0,6,11,95.5,58.0,47.7,54.0,64.4,55.5,1.9,56.4,4,Declining,0.0
STU1372,7,15.028571428571428,8,8,120.0,81.0,69.1,59.8,61.6,57.1,5.6,64.5,6,Improving,0.0
STU1373,6,12.0,6,8,111.1,66.6,57.0,27.1,73.2,57.6,4.0,59.1,6,Declining,0.0
STU1374,5,12.0,6,8,128.6,63.2,70.1,42.0,62.7,49.2,3.7,40.1,3,Declining,0.0
STU1375,3,13.666666666666666,7,7,130.0,58.8,63.1,44.9,50.8,34.6,3.3,25.4,2,Stable,1.0
STU1376,0,0.0,0,0,111.1,52.5,37.3,51.0,48.2,33.2,2.3,36.0,5,Declining,1.0
STU1377,5,12.0,5,6,122.7,76.5,51.7,46.6,53.1,45.6,2.8,72.3,5,Declining,
STU1378,0,0.0,0,0,134.4,49.4,31.2,16.5,25.0,37.2,2.5,39.2,3,Declining,0.0
STU1379,1,14.0,6,6,131.0,59.1,60.2,38.2,63.9,65.0,2.3,28.0,4,Declining,1.0
STU1380,0,0.0,6,6,125.0,60.4,28.8,59.6,47.4,21.0,1.9,37.8,4,Declining,1.0
STU1381,7,12.375,7,8,106.0,58.4,53.9,51.1,86.5,65.9,4.6,67.8,3,Stable,0.0
STU1382,0,0.0,7,0,128.0,47.5,32.7,25.5,36.1,59.2,3.7,48.2,7,Declining,1.0
STU1383,18,11.421052631578949,18,21,120.0,73.9,47.2,46.2,74.0,84.9,5.4,77.2,3,Improving,0.0
STU1384,6,13.35,7,7,134.8,66.8,55.0,55.7,49.6,75.7,5.5,57.3,5,Declining,0.0
STU1385,6,15.0,6,6,112.0,60.9,35.3,58.2,49.4,57.7,4.1,45.5,6,Improving,0.0
STU1386,2,10.5,5,9,116.1,66.7,41.5,55.1,75.4,49.9,2.2,43.3,10,Declining,1.0
STU1387,0,0.0,6,0,120.0,56.8,43.0,70.7,20.9,16.3,4.5,45.3,7,Declining,1.0
STU1388,5,13.25,5,8,119.7,50.3,53.6,39.7,55.9,50.9,3.7,39.7,5,Stable,0.0
STU1389,0,0.0,5,10,117.1,62.2,38.3,35.1,60.2,53.0,3.3,19.1,5,Declining,1.0
STU1390,4,11.5,5,7,112.4,59.8,38.7,55.6,38.6,34.1,2.8,59.8,6,Declining,
STU1391,8,13.88125,8,8,131.0,74.6,67.3,52.5,53.9,46.1,4.8,62.2,6,Stable,0.0
STU1392,6,11.333333333333334,6,8,130.9,82.2,40.2,29.1,64.6,54.1,4.2,73.4,3,Declining,0.0
STU1393,0,0.0,0,0,134.9,54.5,43.5,44.1,29.4,18.2,2.0,43.9,5,Declining,1.0
STU1394,6,12.857142857142858,6,7,127.1,61.2,67.6,47.4,59.8,75.7,6.3,44.6,3,Improving,0.0
STU1395,5,11.6,6,6,110.2,76.0,31.5,40.1,46.8,58.9,4.2,73.4,2,Stable,0.0
STU1396,5,11.4,6,9,108.7,58.4,45.3,42.5,68.3,56.3,3.2,55.1,4,Stable,0.0
STU1397,6,13.333333333333334,6,11,138.0,82.1,47.0,74.6,70.4,64.5,5.9,64.8,2,Stable,
STU1398,7,13.571428571428571,7,7,147.7,63.6,56.7,72.0,53.0,51.1,1.9,49.6,4,Stable,0.0
STU1399,6,11.833333333333334,7,13,123.0,61.3,40.7,41.9,27.8,57.2,2.1,60.7,5,Stable,0.0
STU1400,7,14.428571428571429,7,7,142.8,86.7,40.2,36.4,63.6,44.1,5.2,48.1,4,Declining,0.0
STU1401,0,0.0,0,0,138.3,57.9,34.4,48.8,51.7,10.2,2.3,0.0,5,Declining,
STU1402,6,12.285714285714286,6,8,125.2,79.1,44.9,79.3,61.5,53.1,3.2,79.8,2,Declining,0.0
STU1403,5,14.4,5,7,141.8,66.4,50.6,83.4,60.9,73.2,4.4,40.6,6,Stable,0.0
STU1404,7,13.15,7,8,130.6,66.4,63.9,39.2,60.3,75.1,5.3,46.3,1,Stable,0.0
STU1405,0,0.0,5,6,130.0,40.0,16.5,55.2,38.8,36.6,0.8,22.3,6,Declining,1.0
STU1406,0,0.0,5,5,100.0,63.6,34.4,38.7,34.4,35.4,2.0,58.7,8,Declining,1.0
STU1407,7,12.342857142857143,8,8,119.0,69.8,45.5,32.4,57.4,35.7,4.0,61.2,4,Declining,0.0
STU1408,5,12.2,6,6,124.3,64.4,50.7,43.1,52.7,65.1,4.1,60.5,6,Declining,
STU1409,4,10.5,6,10,122.2,68.9,41.7,42.3,60.3,55.9,4.3,63.3,5,Declining,1.0
STU1410,5,10.6,5,5,150.0,64.6,34.8,57.6,45.1,48.7,1.2,60.4,2,Declining,0.0
STU1411,0,0.0,6,6,135.5,48.1,40.6,22.5,37.7,15.2,2.7,35.0,8,Declining,1.0
STU1412,4,11.25,6,8,127.3,67.3,82.3,63.4,54.5,29.5,1.3,52.1,4,Stable,0.0
STU1413,6,10.5,9,11,127.0,63.9,49.4,59.3,47.4,54.1,3.7,73.8,4,Stable,0.0
STU1414,4,11.0,6,11,126.9,70.5,40.6,64.5,39.9,32.8,2.3,31.4,5,Declining,
STU1415,7,13.457142857142856,7,7,127.5,65.0,44.6,48.4,63.8,61.6,4.3,41.7,3,Stable,0.0
STU1416,5,12.6,5,6,122.0,61.7,62.0,58.5,42.0,59.7,4.5,61.2,6,Stable,0.0
STU1417,0,0.0,6,0,115.8,50.6,24.5,25.6,42.9,22.2,2.1,35.5,7,Declining,1.0
STU1418,6,13.666666666666666,6,6,121.6,59.6,68.1,63.6,61.9,54.9,3.2,48.6,7,Declining,0.0
STU1419,5,11.6,5,5,116.4,60.7,30.1,49.9,68.4,40.5,2.1,85.8,6,Declining,0.0
STU1420,6,12.571428571428571,6,9,120.0,69.8,54.3,53.4,79.2,65.2,3.8,35.4,4,Declining,1.0
STU1421,5,11.8,6,7,127.3,59.2,58.2,52.8,67.7,91.7,3.2,51.5,4,Stable,1.0
STU1422,5,11.6,5,5,123.5,55.4,58.9,31.9,47.1,50.3,4.0,54.3,3,Declining,
STU1423,6,11.333333333333334,6,8,125.6,71.9,59.2,68.1,52.1,70.5,3.2,45.5,4,Declining,0.0
STU1424,6,10.666666666666666,6,6,118.5,63.9,53.2,54.0,57.4,64.3,5.3,40.4,3,Stable,0.0
STU1425,4,13.5,5,10,129.5,72.0,65.1,68.6,54.8,52.2,3.9,47.4,4,Stable,
STU1426,0,0.0,0,0,134.6,53.2,23.1,51.4,42.5,44.4,3.1,54.2,4,Declining,0.0
STU1427,6,13.333333333333334,6,9,140.0,62.2,44.9,45.9,69.2,39.3,3.4,48.2,3,Declining,0.0
STU1428,5,13.4,6,9,133.2,52.3,47.0,51.6,57.3,55.4,4.8,58.7,6,Declining,
STU1429,3,10.2,6,8,133.5,54.2,65.1,31.7,61.1,45.9,4.1,37.7,3,Declining,
STU1430,5,13.0,6,6,117.9,58.7,56.7,68.8,44.0,69.3,3.0,62.4,2,Declining,0.0
STU1431,7,12.90857142857143,8,11,128.0,69.6,61.7,60.4,62.2,47.7,2.3,71.1,3,Stable,0.0
STU1432,4,12.0,6,12,113.2,64.3,48.1,55.7,37.8,39.6,5.2,47.8,6,Stable,1.0
STU1433,6,10.833333333333334,6,9,122.0,57.2,60.4,50.3,66.0,40.4,3.2,61.4,3,Stable,
STU1434,6,15.333333333333334,6,6,156.9,45.3,35.3,45.2,55.9,65.9,3.3,53.5,3,Stable,0.0
STU1435,6,12.816666666666668,7,9,125.1,70.2,47.3,70.6,42.4,51.9,3.6,53.7,5,Stable,
STU1436,6,13.0,7,7,100.0,73.4,49.5,79.2,53.3,33.7,2.8,59.6,5,Declining,1.0
STU1437,2,13.5,6,11,160.0,72.5,44.0,68.5,58.7,63.8,4.4,54.3,4,Stable,
STU1438,6,12.5,6,7,101.0,58.4,47.8,52.7,43.3,35.4,3.8,55.8,5,Stable,0.0
STU1439,6,13.0,6,7,121.5,74.6,58.7,59.8,47.3,47.4,4.0,30.7,6,Declining,0.0
STU1440,4,11.75,5,6,126.8,69.0,52.0,65.0,49.5,48.7,4.9,30.4,2,Declining,0.0
STU1441,4,12.5,5,5,132.9,69.3,64.0,53.8,62.2,38.5,3.7,23.6,3,Stable,0.0
STU1442,17,11.61111111111111,17,19,134.3,68.3,37.2,88.6,45.0,43.1,6.9,45.3,2,Stable,0.0
STU1443,6,14.0,6,6,120.5,65.8,70.6,70.8,61.3,64.4,4.0,60.6,3,Declining,0.0
STU1444,0,0.0,6,8,144.1,70.5,28.4,72.6,39.4,46.9,0.3,26.3,8,Declining,1.0
STU1445,5,13.8,5,5,100.0,79.5,67.4,56.9,66.4,54.1,2.8,42.6,6,Stable,0.0
STU1446,0,0.0,5,6,114.8,55.2,30.9,9.9,45.7,43.2,1.2,58.2,6,Declining,1.0
STU1447,0,0.0,0,0,111.9,56.5,39.4,38.9,54.5,17.6,2.1,48.0,7,Declining,1.0
STU1448,4,12.25,5,9,125.4,47.5,37.1,48.5,58.4,58.3,5.5,26.2,8,Stable,1.0
STU1449,3,11.5,6,12,140.0,74.0,34.4,54.1,41.2,56.0,3.8,35.6,3,Stable,1.0
STU1450,6,12.571428571428571,7,9,140.0,72.3,59.0,76.4,60.3,59.2,3.6,38.5,3,Stable,0.0
STU1451,6,12.0,6,9,127.8,68.8,19.6,48.1,60.5,58.7,3.5,53.0,4,Declining,1.0
STU1452,11,12.0,12,17,131.6,64.9,42.5,50.1,53.5,70.5,5.1,40.1,4,Stable,0.0
STU1453,0,0.0,0,0,119.4,55.5,44.2,30.2,35.4,36.6,2.5,19.8,7,Declining,1.0
STU1454,6,12.0,7,9,129.9,77.8,46.6,80.4,31.5,54.2,4.8,58.3,3,Stable,0.0
STU1455,4,11.6,5,9,114.0,67.6,38.9,47.0,61.0,35.5,2.8,47.3,5,Declining,
STU1456,0,0.0,5,5,113.4,76.6,54.0,41.9,40.0,46.9,4.8,11.3,7,Declining,1.0
STU1457,5,12.0,5,9,117.8,72.0,73.2,75.8,49.0,44.6,3.3,52.4,2,Declining,
STU1458,6,13.976666666666668,7,8,114.3,59.7,53.1,64.0,46.7,47.7,3.2,56.0,4,Improving,
STU1459,4,12.5,6,10,129.7,62.0,65.7,26.3,49.4,47.5,5.1,53.7,3,Declining,
STU1460,0,0.0,5,5,112.0,49.8,54.0,33.0,45.7,25.8,3.2,9.9,4,Declining,1.0
STU1461,4,10.5,6,15,140.0,71.5,49.3,44.6,55.3,50.2,2.8,64.0,6,Stable,1.0
STU1462,5,12.857142857142858,6,8,150.0,75.1,45.1,33.3,51.8,63.1,4.6,44.2,5,Stable,0.0
STU1463,3,11.666666666666666,5,7,122.4,77.7,49.4,45.7,40.3,37.1,3.0,30.6,3,Declining,
STU1464,2,13.0,5,7,150.0,61.4,31.2,19.0,49.3,50.5,4.0,49.2,6,Declining,1.0
STU1465,6,11.833333333333334,6,8,135.0,69.6,58.1,58.2,46.7,61.2,4.1,61.6,7,Declining,
STU1466,11,12.454545454545457,11,11,116.2,79.6,52.6,59.7,57.5,28.4,7.5,67.7,4,Stable,0.0
STU1467,3,11.0,5,6,120.4,75.8,48.4,42.2,58.0,72.1,5.1,66.2,3,Declining,1.0
STU1468,4,13.2,5,10,122.9,55.8,51.5,32.3,49.3,47.4,5.1,41.8,4,Stable,
STU1469,6,15.5,6,6,155.0,72.6,43.9,73.8,74.1,44.5,5.0,31.1,1,Stable,0.0
STU1470,6,12.333333333333334,6,8,123.4,56.6,51.3,47.9,49.6,54.5,2.3,47.3,4,Declining,0.0
STU1471,5,12.0,5,13,124.2,61.0,35.0,67.5,37.8,45.1,4.0,9.3,4,Declining,
STU1472,4,11.6,6,12,130.0,54.5,44.2,51.4,51.5,51.1,3.1,37.4,6,Stable,
STU1473,6,11.333333333333334,6,7,126.2,60.5,37.3,71.2,48.4,43.7,3.7,45.9,3,Stable,0.0
STU1474,0,0.0,6,12,120.5,44.6,26.3,46.8,76.2,53.2,2.3,25.0,7,Declining,1.0
STU1475,4,12.0,5,7,123.7,55.2,22.4,53.9,48.7,83.8,1.6,57.0,3,Declining,
STU1476,4,12.0,5,11,122.5,57.8,45.0,43.0,38.6,60.8,3.3,49.8,4,Stable,0.0
STU1477,2,12.5,5,11,139.2,66.6,54.6,67.4,52.7,53.3,3.7,55.1,2,Stable,1.0
STU1478,12,13.666666666666666,12,12,131.2,71.0,60.7,59.1,59.3,53.4,5.7,65.7,2,Stable,0.0
STU1479,2,14.5,6,17,120.0,52.8,64.4,44.6,42.9,66.0,2.9,29.6,5,Declining,1.0
STU1480,4,13.2,6,10,116.7,87.6,39.5,52.1,57.8,43.7,2.8,60.3,6,Stable,1.0
STU1481,5,12.166666666666666,7,11,150.0,61.8,45.4,53.6,60.0,56.9,2.8,43.4,3,Declining,1.0
STU1482,4,11.25,6,10,117.5,53.9,60.4,62.8,53.6,45.2,3.2,52.4,5,Declining,0.0
STU1483,6,15.166666666666666,6,8,137.6,72.4,53.0,34.5,54.3,40.7,2.8,62.3,5,Declining,0.0
STU1484,6,11.166666666666666,6,8,124.3,65.4,52.9,82.3,50.3,50.1,5.3,39.0,3,Declining,0.0
STU1485,6,10.983333333333334,7,8,116.0,58.9,75.9,59.1,47.6,40.7,4.7,40.4,5,Declining,0.0
STU1486,4,10.75,6,8,121.4,67.2,45.6,51.4,39.3,68.4,6.8,48.7,5,Declining,0.0
STU1487,11,13.384615384615383,12,15,142.8,64.9,52.1,66.3,75.2,50.4,3.9,53.4,4,Stable,0.0
STU1488,6,11.285714285714286,6,8,96.0,63.2,38.9,35.4,78.4,51.2,4.8,76.9,4,Declining,
STU1489,0,0.0,6,13,125.0,68.0,33.5,41.4,31.5,32.0,0.8,32.8,3,Declining,1.0
STU1490,4,13.0,5,7,126.1,66.2,62.6,61.2,47.6,37.5,5.5,33.0,5,Declining,0.0
STU1491,6,16.11111111111111,6,9,155.8,73.2,61.9,54.5,46.9,64.9,4.0,87.9,4,Declining,0.0
STU1492,6,11.5,6,8,116.0,61.5,68.2,60.3,63.1,51.8,3.7,56.6,4,Stable,0.0
STU1493,4,10.75,6,15,110.0,66.0,54.0,62.2,42.9,79.8,5.2,49.0,2,Declining,1.0
STU1494,4,11.6,6,10,97.2,58.6,22.8,43.9,60.0,64.2,5.1,72.3,6,Stable,0.0
STU1495,0,0.0,7,21,100.0,50.6,45.7,56.1,47.1,41.8,1.2,38.8,6,Declining,1.0
STU1496,5,13.8,5,5,140.0,62.8,52.8,53.9,53.2,57.9,3.7,50.9,1,Declining,0.0
STU1497,7,13.585714285714284,7,8,128.0,61.8,53.6,79.5,70.1,54.3,5.8,30.8,6,Stable,0.0
STU1498,6,13.857142857142858,6,8,115.3,75.3,67.6,71.7,52.5,42.4,3.6,19.6,5,Declining,0.0
STU1499,5,12.0,6,12,150.0,70.4,47.8,59.0,54.4,35.8,4.2,69.8,6,Stable,
STU1500,6,13.444444444444445,6,9,160.0,48.5,59.7,46.0,43.6,41.9,4.6,58.2,4,Declining,0.0
STU1501,6,14.0,6,6,133.1,80.6,39.9,54.4,31.4,70.6,5.7,50.7,4,Stable,0.0
STU1502,1,12.0,6,10,119.0,68.4,29.2,62.5,61.6,52.6,4.2,44.4,6,Declining,1.0
STU1503,5,14.2,5,5,156.0,75.4,44.7,48.2,48.9,60.2,3.6,57.2,5,Declining,0.0
STU1504,5,13.34,7,11,163.7,65.0,48.3,60.3,66.8,63.4,1.5,62.3,4,Stable,
STU1505,7,12.457142857142856,8,12,130.0,55.2,59.8,62.8,52.7,52.6,4.9,42.7,3,Stable,
STU1506,3,11.0,6,12,123.1,53.5,35.4,50.2,51.0,43.4,3.7,51.0,1,Stable,1.0
STU1507,4,10.5,5,13,160.0,78.1,67.3,42.3,54.7,75.5,5.7,56.8,6,Declining,
STU1508,0,0.0,0,0,136.1,42.0,23.4,57.2,34.6,44.4,2.7,22.5,7,Declining,0.0
STU1509,13,14.0,13,13,132.7,60.0,58.8,68.6,46.0,41.3,4.1,29.8,4,Improving,0.0
STU1510,0,0.0,7,0,128.2,51.5,35.1,34.4,31.3,16.9,0.5,18.5,8,Declining,1.0
STU1511,0,0.0,1,1,126.7,44.0,38.7,28.7,30.6,47.1,1.8,10.6,5,Declining,1.0
STU1512,4,10.0,5,8,150.0,67.9,53.4,61.8,51.2,39.5,3.9,65.1,4,Stable,
STU1513,0,0.0,0,0,156.3,59.9,62.1,37.2,51.2,36.4,2.1,15.6,5,Declining,0.0
STU1514,6,13.5,6,6,116.1,69.9,45.1,67.1,48.2,27.9,2.4,38.2,1,Stable,0.0
STU1515,0,0.0,7,0,123.8,50.1,38.8,26.9,39.0,32.4,0.0,20.3,5,Declining,1.0
STU1516,17,13.38888888888889,17,18,153.0,76.4,62.6,70.2,67.8,75.6,4.0,80.6,3,Improving,0.0
STU1517,0,0.0,7,0,140.0,69.3,46.8,32.2,32.1,31.6,0.0,43.2,8,Declining,1.0
STU1518,12,13.583333333333334,12,12,131.9,59.2,63.9,82.4,64.8,45.9,3.4,49.3,4,Improving,0.0
STU1519,0,0.0,0,0,141.4,63.9,37.6,42.4,51.0,35.1,2.3,23.2,5,Declining,
STU1520,0,0.0,5,5,140.0,62.0,17.8,26.8,44.6,39.1,3.8,28.4,7,Declining,1.0
STU1521,1,10.0,5,9,115.0,61.2,40.1,59.8,48.9,43.6,0.2,64.9,5,Stable,1.0
STU1522,5,15.2,5,5,168.0,68.2,41.0,70.6,47.4,35.6,2.7,22.9,2,Stable,0.0
STU1523,4,12.8,6,12,101.3,68.5,45.6,49.9,53.0,57.6,4.2,30.0,5,Declining,1.0
STU1524,5,11.166666666666666,5,7,122.6,57.0,39.8,43.0,45.5,44.8,3.1,86.1,6,Declining,1.0
STU1525,0,0.0,0,0,141.7,41.9,28.8,11.6,34.1,40.1,2.2,47.7,7,Declining,
STU1526,7,12.828571428571427,8,9,132.3,74.3,48.2,69.3,54.9,43.2,4.5,31.8,2,Declining,0.0
STU1527,6,12.5,6,6,111.7,56.1,46.8,33.5,52.6,68.4,3.3,99.1,3,Stable,1.0
STU1528,3,10.0,5,12,98.7,54.7,44.2,50.2,61.7,58.4,4.9,56.6,8,Declining,0.0
STU1529,6,11.5,6,6,140.0,61.3,39.6,33.0,48.1,48.3,6.7,52.6,3,Stable,0.0
STU1530,7,11.328571428571427,8,11,140.0,68.7,52.6,76.8,59.1,57.7,2.6,75.0,4,Stable,1.0
STU1531,2,13.0,6,15,100.7,60.9,39.0,68.8,48.5,71.5,4.8,36.7,1,Declining,
STU1532,6,13.033333333333331,7,7,133.8,60.6,44.9,58.7,46.1,68.1,6.4,45.5,6,Stable,0.0
STU1533,6,12.166666666666666,6,8,100.0,73.7,50.9,67.1,60.8,71.6,5.6,53.2,5,Stable,0.0
STU1534,4,14.5,5,6,180.0,63.3,20.5,52.9,58.8,60.6,3.0,59.5,7,Declining,
STU1535,5,14.4,5,7,130.8,60.2,82.3,45.5,49.5,47.7,3.5,58.3,3,Stable,0.0
STU1536,4,12.25,6,10,140.0,68.3,56.5,33.1,22.2,59.2,1.6,53.3,6,Declining,
STU1537,0,0.0,7,14,106.2,56.9,40.9,49.6,53.1,60.4,1.5,26.9,4,Declining,1.0
STU1538,6,12.666666666666666,6,6,125.6,66.3,45.4,42.5,62.6,60.8,3.2,57.5,7,Improving,0.0
STU1539,2,12.0,6,14,117.5,67.8,50.0,82.2,63.8,41.0,4.1,52.5,1,Stable,1.0
STU1540,0,0.0,5,6,122.5,54.5,21.4,25.6,52.9,39.6,0.7,31.0,8,Declining,1.0
STU1541,3,11.666666666666666,5,5,132.9,70.5,54.0,63.2,51.8,59.3,3.5,43.5,5,Stable,1.0
STU1542,0,0.0,6,0,103.0,43.6,14.8,53.3,35.8,40.1,2.2,22.2,7,Declining,1.0
STU1543,1,10.0,5,12,107.0,72.3,30.8,32.9,31.9,57.4,2.7,22.7,6,Declining,1.0
STU1544,0,0.0,7,8,100.0,48.5,27.7,33.8,42.4,31.7,3.1,53.0,7,Declining,1.0
STU1545,4,12.25,6,11,100.0,52.1,68.5,50.6,49.1,49.7,3.2,61.7,8,Stable,1.0
STU1546,4,12.0,6,10,131.3,58.7,36.8,94.8,45.5,56.1,4.1,65.1,7,Declining,0.0
STU1547,5,12.6,6,7,122.2,62.8,54.9,50.9,40.5,57.5,2.2,33.8,5,Stable,
STU1548,0,0.0,5,5,118.4,49.6,11.0,25.1,30.4,31.1,1.1,23.5,6,Declining,1.0
STU1549,0,0.0,5,5,100.0,47.8,36.0,44.7,27.2,9.3,3.2,29.9,8,Declining,1.0
STU1550,0,0.0,8,8,110.0,63.9,57.0,26.6,51.0,4.5,0.1,37.0,8,Declining,1.0
STU1551,16,12.6875,16,16,100.0,65.9,67.8,64.1,75.0,62.5,5.9,54.2,3,Improving,0.0
STU1552,10,10.4,13,22,106.2,50.7,30.8,53.2,50.9,59.5,3.9,83.5,4,Stable,0.0
STU1553,14,10.466666666666669,15,26,110.0,68.7,60.3,69.0,74.2,58.6,2.3,76.2,2,Improving,0.0
STU1554,5,14.333333333333334,5,10,122.3,83.2,47.2,49.1,56.8,55.0,3.4,56.4,5,Declining,0.0
STU1555,6,14.666666666666666,7,7,112.5,58.8,68.2,48.1,71.1,74.5,4.9,59.2,4,Declining,0.0
STU1556,7,12.835714285714284,7,7,98.1,59.7,51.6,68.8,61.8,48.7,6.7,50.4,6,Stable,0.0
STU1557,0,0.0,5,5,140.2,52.3,18.5,42.2,47.0,43.1,4.3,20.8,9,Declining,1.0
STU1558,0,0.0,5,9,143.6,68.3,34.7,39.7,43.7,59.5,1.0,0.0,8,Declining,
STU1559,0,0.0,0,0,134.6,52.1,26.6,14.9,32.8,25.6,3.0,43.1,8,Declining,1.0
STU1560,8,13.24875,8,8,126.8,59.6,28.3,64.6,43.8,77.1,3.6,56.4,4,Declining,0.0
STU1561,7,12.857142857142858,7,10,100.0,70.1,51.2,50.6,58.3,66.7,3.3,72.1,3,Declining,
STU1562,5,13.6,6,12,130.0,69.0,52.5,58.8,54.6,50.6,5.1,62.0,5,Stable,
STU1563,3,14.0,5,6,113.6,69.0,54.8,31.0,79.5,21.7,4.0,49.8,5,Declining,0.0
STU1564,3,12.0,6,11,140.0,56.0,61.5,55.6,60.2,68.0,3.9,50.4,6,Declining,
STU1565,6,13.166666666666666,6,9,106.0,62.2,49.2,57.8,47.1,75.6,1.9,42.3,3,Declining,
STU1566,6,13.625,6,8,126.6,75.8,34.7,53.0,54.9,46.2,2.8,35.8,3,Stable,0.0
STU1567,7,14.85,7,8,130.7,71.4,44.6,47.0,53.8,78.3,3.1,41.4,3,Declining,0.0
STU1568,4,10.75,5,9,105.9,70.7,48.6,65.8,51.9,30.6,4.1,34.0,6,Declining,0.0
STU1569,0,0.0,7,11,137.0,55.7,51.2,30.7,28.4,43.0,3.1,29.3,6,Declining,
STU1570,0,0.0,6,0,100.0,63.5,35.0,48.9,49.1,35.9,4.1,41.7,8,Declining,1.0
STU1571,12,14.0,12,14,114.4,73.5,57.6,74.7,57.5,44.5,3.6,72.5,2,Improving,
STU1572,0,0.0,6,8,120.0,51.6,33.4,29.2,47.6,36.1,4.2,8.8,4,Declining,1.0
STU1573,0,0.0,5,5,119.0,61.5,35.7,47.7,34.6,38.3,1.8,43.9,6,Declining,1.0
STU1574,5,13.0,6,17,110.0,59.8,75.6,50.6,51.8,40.3,4.1,55.8,3,Declining,1.0
STU1575,8,12.375,8,12,120.0,80.0,53.0,64.7,62.9,63.9,4.0,65.9,3,Declining,0.0
STU1576,0,0.0,0,0,119.8,63.1,31.8,26.8,19.3,29.8,2.3,37.7,6,Declining,0.0
STU1577,5,11.4,6,10,135.6,62.9,50.8,52.0,63.5,48.0,4.5,25.3,4,Stable,1.0
STU1578,4,11.25,5,9,120.7,63.0,41.1,53.1,67.3,68.6,4.8,51.9,3,Stable,
STU1579,3,13.0,5,7,136.3,65.7,30.8,52.1,67.4,43.7,3.3,71.4,4,Stable,1.0
STU1580,0,0.0,0,0,164.3,53.6,14.1,42.6,33.0,10.9,2.1,12.2,7,Declining,
STU1581,6,13.5,6,6,149.2,77.1,43.6,45.7,58.4,51.2,2.8,39.3,4,Declining,0.0
STU1582,1,11.0,6,11,122.5,58.5,60.9,43.1,45.9,50.2,4.1,15.8,3,Stable,
STU1583,0,0.0,5,9,100.0,43.9,50.4,47.9,26.3,36.4,2.5,25.0,5,Declining,1.0
STU1584,5,12.0,6,9,125.0,63.4,37.3,48.7,54.8,63.0,2.8,28.8,2,Stable,1.0
STU1585,5,13.0,6,8,131.0,71.9,49.5,48.4,40.0,58.1,2.3,38.9,7,Stable,0.0
STU1586,0,0.0,0,0,122.0,63.1,36.6,27.9,46.0,30.8,2.2,33.7,7,Declining,0.0
STU1587,4,12.0,5,8,131.3,65.7,41.0,47.2,61.2,60.1,5.2,61.8,8,Stable,
STU1588,5,11.166666666666666,5,10,117.0,60.0,65.8,40.8,66.4,57.7,5.6,21.1,4,Declining,
STU1589,2,10.5,6,13,118.0,62.9,56.6,59.2,56.2,54.8,1.8,39.7,4,Declining,1.0
STU1590,6,12.666666666666666,6,7,126.0,61.0,56.1,49.4,50.8,51.8,5.0,48.9,3,Stable,0.0
STU1591,1,11.0,6,6,120.0,43.9,46.8,35.9,47.8,51.6,4.2,42.6,5,Declining,1.0
STU1592,0,0.0,0,0,155.6,48.2,16.2,35.6,41.2,39.3,3.7,42.0,5,Declining,1.0
STU1593,4,11.5,5,6,122.8,68.4,65.2,35.2,67.0,47.4,4.1,60.6,3,Declining,
STU1594,0,0.0,0,0,127.3,52.8,42.0,27.7,54.7,43.8,1.6,43.3,8,Declining,1.0
STU1595,2,10.5,5,10,118.4,60.5,51.9,66.2,49.8,55.9,4.3,49.6,5,Stable,
STU1596,4,12.5,5,8,128.1,73.9,41.2,40.0,63.2,58.8,0.6,46.4,5,Stable,
STU1597,6,12.833333333333334,7,9,99.0,58.8,44.4,53.5,50.2,61.5,2.7,45.4,4,Stable,
STU1598,6,15.571428571428571,6,7,161.2,60.9,60.2,83.7,61.5,29.0,3.1,64.7,4,Stable,0.0
STU1599,4,12.0,6,10,140.9,67.6,63.2,56.0,49.8,62.8,2.9,37.3,2,Declining,1.0
STU1600,4,11.25,6,6,111.1,58.5,69.4,45.6,54.7,39.3,1.7,35.8,3,Stable,1.0
STU1601,0,0.0,0,0,149.9,49.3,26.2,14.1,31.8,51.4,1.3,37.5,9,Declining,0.0
STU1602,6,12.285714285714286,6,10,111.3,78.7,50.0,56.9,40.9,37.5,3.2,63.8,4,Stable,
STU1603,5,11.0,6,12,121.5,56.6,25.2,44.1,41.1,71.3,3.4,50.4,5,Stable,
STU1604,6,12.142857142857142,6,8,120.0,60.2,22.0,61.2,60.5,27.2,4.2,61.6,5,Stable,0.0
STU1605,2,11.5,6,11,120.0,67.2,54.3,42.9,40.4,54.0,1.9,43.3,4,Declining,1.0
STU1606,11,12.545454545454543,12,16,130.0,69.5,47.1,63.7,56.5,54.5,3.9,57.6,2,Declining,
STU1607,4,13.0,6,10,98.9,54.6,27.1,71.2,63.0,58.3,3.6,56.6,2,Declining,0.0
STU1608,8,12.8875,8,9,136.3,82.0,40.1,65.1,68.1,76.5,1.9,43.6,2,Declining,0.0
STU1609,6,12.666666666666666,6,6,125.2,59.8,55.8,38.8,45.0,56.4,3.8,63.0,3,Improving,
STU1610,6,12.833333333333334,6,7,130.0,64.3,56.6,56.0,31.1,65.1,4.2,49.0,3,Stable,0.0
STU1611,3,10.666666666666666,5,10,141.5,67.2,28.3,62.6,43.5,68.5,4.4,44.7,3,Declining,1.0
STU1612,5,13.0,5,11,123.9,83.5,66.7,36.6,57.0,46.3,2.3,53.8,6,Declining,
STU1613,6,11.983333333333334,7,11,114.5,62.9,43.5,75.1,61.7,58.1,3.7,64.9,6,Stable,0.0
STU1614,0,0.0,5,9,100.0,48.5,39.6,41.0,29.4,55.7,3.6,0.0,4,Declining,1.0
STU1615,6,11.833333333333334,6,6,110.5,69.6,51.4,60.9,36.5,57.1,1.7,32.3,2,Declining,0.0
STU1616,3,12.666666666666666,6,21,101.0,82.6,51.2,50.2,45.4,46.2,3.8,67.2,4,Stable,1.0
STU1617,4,13.75,5,9,121.0,66.9,40.0,54.8,49.3,59.4,2.0,59.0,6,Declining,0.0
STU1618,5,11.4,6,8,95.0,62.7,49.7,42.3,74.2,53.4,3.2,43.4,2,Declining,1.0
STU1619,6,13.166666666666666,6,8,126.9,69.7,55.6,73.9,56.5,60.3,3.0,54.2,2,Declining,1.0
STU1620,6,12.833333333333334,7,10,116.3,50.0,50.0,76.9,62.0,47.9,4.4,62.2,1,Declining,0.0
STU1621,6,14.125,6,8,120.0,62.2,54.4,81.9,67.2,57.9,3.7,77.5,4,Declining,0.0
STU1622,3,11.666666666666666,5,10,123.6,49.6,62.1,30.6,47.8,49.2,2.0,42.1,3,Stable,0.0
STU1623,6,10.25,7,18,150.0,63.1,45.8,58.4,55.6,47.4,5.7,71.7,5,Declining,1.0
STU1624,6,12.514285714285716,7,16,120.0,62.9,60.9,61.2,58.6,70.5,4.2,62.6,5,Stable,1.0
STU1625,10,11.5,13,17,111.3,47.8,53.3,50.3,64.6,51.2,5.5,43.9,6,Stable,1.0
STU1626,1,10.0,5,5,150.0,63.1,62.1,52.4,47.6,38.2,1.8,34.2,7,Declining,1.0
STU1627,6,15.714285714285714,6,7,123.2,72.8,37.5,40.1,67.6,41.8,3.7,73.9,1,Declining,0.0
STU1628,4,12.5,6,9,130.0,63.6,65.9,70.9,64.6,51.4,4.9,71.5,4,Declining,1.0
STU1629,3,12.0,5,6,137.9,51.8,42.1,33.1,49.2,48.8,2.6,47.3,6,Stable,1.0
STU1630,0,0.0,5,11,100.0,66.2,62.0,42.7,49.1,48.2,2.2,48.7,4,Declining,1.0
STU1631,4,12.25,5,9,120.0,80.2,55.3,62.5,57.3,37.3,3.6,55.4,4,Declining,0.0
STU1632,0,0.0,4,5,131.0,58.7,46.0,31.6,67.3,18.5,0.0,30.0,6,Declining,1.0
STU1633,5,13.6,5,5,133.8,63.1,49.5,70.9,63.6,31.1,3.7,54.7,4,Declining,0.0
STU1634,13,13.307692307692308,13,14,100.0,68.6,67.6,40.6,65.6,66.3,4.2,41.7,4,Improving,
STU1635,5,12.2,5,6,150.0,68.7,58.6,53.0,48.0,64.8,3.5,46.5,3,Stable,0.0
STU1636,6,12.285714285714286,6,7,126.4,66.7,49.8,34.3,44.3,64.8,3.0,44.1,3,Stable,0.0
STU1637,3,12.0,5,12,154.0,68.1,58.6,43.1,58.1,45.4,2.1,64.2,5,Declining,0.0
STU1638,6,13.342857142857143,7,9,114.9,70.4,12.3,49.8,38.6,56.1,3.0,57.3,4,Declining,0.0
STU1639,0,0.0,5,5,110.0,49.6,28.0,32.1,56.9,11.7,1.5,27.4,9,Declining,1.0
STU1640,11,14.272727272727272,12,12,149.8,63.9,58.5,76.5,40.1,79.1,5.3,77.7,2,Declining,0.0
STU1641,7,12.1375,7,9,117.9,64.4,58.6,41.5,45.3,68.2,3.3,30.7,4,Stable,0.0
STU1642,6,14.166666666666666,6,7,165.8,70.8,64.7,37.4,66.1,65.7,4.1,39.8,2,Stable,0.0
STU1643,7,13.528571428571428,7,7,127.6,54.8,50.4,51.2,56.0,44.4,4.3,73.5,5,Declining,0.0
STU1644,5,12.0,6,8,123.8,63.5,45.9,54.9,55.6,48.1,3.1,60.3,4,Declining,0.0
STU1645,5,11.4,5,5,126.1,64.4,60.0,58.6,46.1,49.3,4.8,25.7,5,Declining,1.0
STU1646,0,0.0,0,0,119.7,51.1,48.8,51.8,38.7,58.4,1.5,33.3,5,Declining,1.0
STU1647,12,12.916666666666666,12,12,121.6,81.5,66.8,35.2,67.3,71.4,3.9,41.6,1,Stable,0.0
STU1648,7,13.6375,7,8,100.0,77.3,51.8,76.9,48.2,53.2,5.4,48.5,6,Declining,0.0
STU1649,7,12.9,7,10,127.6,70.5,83.9,46.5,53.7,62.1,4.2,61.3,5,Declining,1.0
STU1650,7,14.36,8,8,132.5,82.0,55.2,53.9,57.2,45.0,1.3,55.1,5,Stable,0.0
STU1651,7,14.514285714285714,8,8,124.3,74.9,57.0,57.6,54.5,39.5,1.0,54.8,5,Stable,
STU1652,7,14.7,8,8,131.0,69.1,74.1,31.5,64.9,55.4,6.1,43.7,4,Stable,0.0
STU1653,5,15.2,5,5,120.0,63.0,71.1,50.6,60.4,40.9,4.1,71.0,5,Stable,
STU1654,7,13.0,7,7,113.3,63.8,61.4,67.9,54.9,34.5,3.8,61.4,3,Stable,0.0
STU1655,6,13.5,6,6,121.9,69.6,41.5,62.9,38.4,54.6,1.3,41.1,3,Declining,1.0
STU1656,5,12.333333333333334,5,11,118.3,62.9,52.6,48.3,66.3,50.0,3.6,53.5,6,Stable,0.0
STU1657,5,13.4,5,6,118.8,53.8,57.6,57.0,45.3,41.2,2.6,47.2,7,Declining,0.0
STU1658,4,11.75,5,7,129.0,61.5,72.7,57.9,70.5,46.6,3.2,40.9,5,Stable,
STU1659,0,0.0,0,0,143.3,63.2,70.4,34.9,31.6,42.5,1.1,32.2,1,Declining,0.0
STU1660,0,0.0,0,0,152.5,40.0,27.8,43.9,42.5,35.3,1.7,55.1,7,Declining,
STU1661,11,14.727272727272728,12,17,155.7,82.5,69.6,52.8,68.0,62.4,4.9,49.5,5,Stable,0.0
STU1662,6,16.571428571428573,6,7,153.9,73.0,45.3,46.7,55.9,54.7,4.7,65.2,3,Improving,0.0
STU1663,7,15.145,7,10,137.8,66.6,53.7,54.6,61.1,77.6,4.2,69.8,2,Stable,0.0
STU1664,7,13.44285714285714,7,7,143.3,69.5,42.9,27.4,53.5,71.1,4.2,61.8,5,Stable,0.0
STU1665,5,14.166666666666666,5,8,123.2,74.3,72.4,63.7,74.3,55.6,1.8,66.8,4,Stable,0.0
STU1666,6,14.0,6,7,138.1,67.2,55.8,56.9,58.0,44.9,3.9,52.9,3,Declining,
STU1667,6,11.333333333333334,6,9,140.5,73.3,54.5,51.3,53.1,46.2,4.0,58.7,2,Declining,0.0
STU1668,8,13.76125,8,8,130.0,74.9,55.2,67.2,59.9,40.8,4.1,58.0,1,Declining,0.0
STU1669,5,11.6,7,9,104.8,66.6,54.9,58.0,65.0,42.8,5.5,31.2,6,Declining,1.0
STU1670,4,12.75,6,7,132.5,56.2,55.1,65.9,57.4,60.2,3.4,34.6,2,Declining,0.0
STU1671,4,12.5,5,12,127.7,64.7,42.5,72.7,55.8,45.5,2.2,66.7,7,Declining,
STU1672,6,15.307692307692308,6,13,136.5,51.9,34.7,61.9,43.4,54.5,4.2,49.7,7,Declining,0.0
STU1673,5,13.285714285714286,6,12,130.0,70.0,36.3,46.6,66.9,68.2,3.2,48.1,3,Stable,1.0
STU1674,7,14.757142857142856,7,7,190.0,64.6,35.1,66.1,60.8,62.8,2.1,67.4,3,Stable,0.0
STU1675,6,12.766666666666666,7,7,128.5,61.3,54.2,46.3,50.6,54.6,3.5,50.7,5,Stable,0.0
STU1676,5,10.4,5,5,126.6,69.4,39.0,42.6,55.5,49.5,5.3,59.0,7,Declining,1.0
STU1677,0,0.0,7,0,131.6,44.8,46.8,34.5,53.9,35.6,1.6,28.4,6,Declining,1.0
STU1678,4,10.5,5,10,119.0,65.0,51.6,65.6,59.3,62.0,4.8,32.8,3,Stable,0.0
STU1679,4,14.25,5,6,127.6,63.1,29.2,63.3,74.1,56.7,4.7,66.9,4,Stable,0.0
STU1680,3,11.916666666666666,7,11,100.0,63.0,44.3,62.8,61.4,48.2,6.4,36.6,5,Declining,1.0
STU1681,3,10.666666666666666,5,10,124.5,65.9,22.5,52.5,32.3,34.8,4.0,66.3,4,Stable,
STU1682,4,12.25,6,11,109.3,79.8,36.6,60.2,66.2,58.1,3.8,59.0,6,Stable,
STU1683,4,12.0,5,5,117.7,67.7,43.3,59.4,35.2,55.4,3.7,41.1,3,Declining,1.0
STU1684,3,11.0,5,7,124.7,74.4,36.5,42.6,64.9,31.0,3.8,56.0,5,Stable,1.0
STU1685,6,14.166666666666666,6,6,124.5,78.1,75.5,63.0,64.8,52.9,3.7,46.9,5,Stable,0.0
STU1686,6,14.666666666666666,6,6,140.8,73.4,62.3,56.3,73.1,59.1,3.4,43.0,4,Declining,0.0
STU1687,0,0.0,5,11,111.9,41.3,32.7,34.8,45.9,36.4,2.7,35.4,5,Declining,0.0
STU1688,3,12.666666666666666,7,8,140.0,62.7,66.5,48.1,55.6,73.2,2.8,60.8,4,Stable,1.0
STU1689,0,0.0,0,0,121.2,46.3,23.3,31.4,52.4,56.3,0.0,34.2,5,Declining,
STU1690,0,0.0,0,0,123.8,77.9,31.0,34.6,28.2,22.9,0.4,19.0,7,Stable,1.0
STU1691,0,0.0,5,0,134.0,47.0,45.2,37.9,40.4,35.0,4.0,9.8,6,Declining,1.0
STU1692,0,0.0,6,0,130.8,43.0,21.6,46.0,37.7,49.6,1.6,27.4,6,Declining,1.0
STU1693,7,13.7,7,7,130.2,45.2,61.8,74.7,52.2,54.3,5.0,38.3,2,Declining,0.0
STU1694,5,11.8,5,7,123.3,56.9,53.7,60.0,47.8,61.1,2.9,48.8,7,Declining,
STU1695,0,0.0,5,0,147.6,56.0,42.1,39.4,41.6,30.2,3.1,29.5,7,Declining,1.0
STU1696,6,13.333333333333334,6,6,113.4,75.2,73.8,31.2,62.5,35.2,4.4,63.6,2,Declining,0.0
STU1697,5,11.4,6,7,133.7,56.4,55.4,81.9,68.1,60.2,6.0,59.5,5,Stable,0.0
STU1698,0,0.0,5,5,128.2,64.9,37.3,30.3,37.8,34.7,3.7,45.7,5,Declining,1.0
STU1699,7,16.142857142857142,7,7,161.0,68.2,37.6,50.5,54.6,88.1,5.2,57.2,2,Stable,1.0
STU1700,0,0.0,8,8,130.0,51.9,38.7,54.4,12.9,50.4,1.4,25.6,5,Declining,1.0
STU1701,8,15.63375,8,8,156.3,70.5,50.4,46.0,73.5,45.0,2.9,64.8,4,Stable,0.0
STU1702,6,13.666666666666666,6,6,129.3,78.0,51.0,60.0,42.0,62.4,3.8,59.7,4,Declining,0.0
STU1703,0,0.0,6,0,129.3,55.4,29.3,32.4,44.8,37.2,2.0,35.7,6,Declining,1.0
STU1704,6,12.5,6,8,136.3,57.3,57.7,51.8,57.9,60.0,3.4,81.1,5,Stable,0.0
STU1705,6,12.285714285714286,6,8,140.0,69.5,39.8,55.2,64.7,44.9,4.7,62.2,6,Declining,0.0
STU1706,2,14.0,5,10,135.9,68.2,52.5,38.6,44.5,55.7,3.8,67.6,8,Stable,
STU1707,0,0.0,0,0,139.7,53.5,22.5,36.5,45.7,50.7,2.0,13.7,6,Declining,1.0
STU1708,4,10.75,5,5,117.0,72.0,26.6,63.5,68.0,60.2,5.3,33.0,4,Declining,
STU1709,4,12.95,7,14,105.0,47.6,47.3,53.5,56.9,66.4,3.9,40.2,4,Declining,1.0
STU1710,6,12.45,7,7,130.5,68.9,57.2,96.6,46.0,90.9,2.2,52.4,5,Stable,0.0
STU1711,4,12.25,6,12,130.0,71.6,41.2,54.6,39.1,46.8,4.9,48.5,6,Declining,
STU1712,8,13.38125,8,8,131.5,56.3,55.9,42.9,72.0,77.7,4.4,59.7,2,Declining,0.0
STU1713,5,12.16,7,10,100.0,53.8,46.6,47.7,49.8,56.5,3.4,76.1,8,Declining,1.0
STU1714,4,12.5,6,11,140.0,73.3,38.1,30.3,51.4,47.9,2.6,49.4,3,Improving,
STU1715,6,12.75,6,8,130.2,75.7,58.7,68.0,80.4,53.8,5.4,60.0,5,Stable,0.0
STU1716,8,13.3425,8,8,133.5,78.7,46.4,76.5,66.3,66.8,6.2,56.8,5,Stable,0.0
STU1717,7,14.175,7,10,133.2,62.4,58.9,67.5,68.7,51.7,3.3,72.1,2,Stable,0.0
STU1718,1,10.0,8,16,130.0,64.3,29.1,39.5,66.7,25.3,3.6,55.0,5,Declining,
STU1719,0,0.0,5,9,129.0,58.6,38.0,28.9,25.6,49.3,2.7,31.0,3,Declining,1.0
STU1720,0,0.0,5,7,100.0,42.0,43.5,47.9,56.3,41.7,0.0,45.8,5,Declining,1.0
STU1721,5,12.0,5,6,116.5,66.4,54.5,47.0,70.3,46.0,3.6,59.5,4,Stable,0.0
STU1722,6,10.571428571428571,6,8,124.2,66.3,60.9,42.9,49.1,37.1,1.6,63.2,5,Declining,0.0
STU1723,11,14.153846153846152,12,19,138.8,77.1,66.9,50.5,69.0,65.4,4.7,62.9,5,Stable,0.0
STU1724,6,11.166666666666666,6,9,126.4,61.0,54.5,76.3,63.8,68.3,6.5,61.1,3,Stable,0.0
STU1725,17,12.0,17,20,151.9,83.5,72.9,60.2,57.6,53.1,3.3,63.6,3,Improving,0.0
STU1726,3,11.333333333333334,5,11,120.0,64.8,44.2,61.7,61.3,54.2,5.8,33.0,6,Declining,1.0
STU1727,16,12.588235294117649,16,17,131.9,86.6,68.2,71.5,57.6,89.7,7.1,59.0,3,Stable,0.0
STU1728,4,12.0,6,11,130.0,71.1,50.4,42.9,79.4,63.5,3.7,59.4,4,Declining,
STU1729,0,0.0,6,0,131.7,57.2,57.2,38.5,41.6,38.1,2.6,38.0,4,Declining,1.0
STU1730,12,12.25,12,13,132.5,60.6,60.8,48.5,65.7,57.9,4.2,49.8,1,Stable,0.0
STU1731,5,11.6,5,7,116.5,54.5,34.6,70.4,37.1,46.4,3.1,70.7,3,Declining,0.0
STU1732,4,13.0,5,7,133.9,78.0,53.4,42.4,57.6,53.3,4.0,35.6,6,Declining,1.0
STU1733,3,10.666666666666666,5,11,145.4,70.8,36.7,55.5,63.9,45.4,2.5,50.0,7,Declining,1.0
STU1734,9,12.333333333333334,11,21,172.0,66.9,65.0,53.3,49.9,54.7,4.9,52.1,6,Stable,
STU1735,2,11.0,5,7,111.0,59.6,55.9,38.9,45.4,47.9,3.4,48.9,5,Declining,1.0
STU1736,6,13.428571428571429,7,10,120.0,68.7,45.6,68.8,48.8,35.6,2.7,35.1,5,Stable,0.0
STU1737,8,13.05375,8,10,129.8,57.1,41.9,51.1,45.6,54.5,5.0,30.8,3,Stable,0.0
STU1738,6,12.035714285714286,7,10,118.1,62.4,53.3,32.8,41.9,86.4,4.7,43.2,4,Stable,
STU1739,6,14.166666666666666,6,6,130.0,71.8,42.1,61.0,66.2,38.5,5.3,64.1,1,Stable,0.0
STU1740,0,0.0,6,6,126.3,61.6,25.8,30.4,28.1,57.8,1.5,34.0,6,Declining,1.0
STU1741,5,13.6,6,11,137.8,63.6,46.3,57.2,37.6,67.3,5.2,32.8,5,Declining,1.0
STU1742,5,12.2,6,7,116.1,78.2,58.0,63.8,48.5,60.9,6.3,65.3,3,Declining,
STU1743,6,13.714285714285714,6,8,115.4,75.3,35.0,60.1,56.4,48.9,4.0,57.1,5,Declining,1.0
STU1744,3,11.666666666666666,6,10,110.0,58.1,39.8,62.5,58.1,62.7,3.7,59.7,6,Declining,1.0
STU1745,1,14.0,6,9,97.4,54.1,77.7,36.3,43.5,73.8,4.4,43.5,3,Declining,1.0
STU1746,4,12.5,6,20,130.0,71.0,75.3,69.3,49.1,67.7,1.3,25.6,8,Stable,1.0
STU1747,5,11.833333333333334,6,11,156.0,62.0,65.4,50.3,59.5,56.8,2.1,73.4,5,Declining,1.0
STU1748,0,0.0,6,6,126.1,50.5,36.4,21.8,49.8,40.1,1.4,28.6,8,Declining,1.0
STU1749,0,0.0,6,0,120.0,56.8,44.0,8.5,52.4,31.4,1.6,44.8,5,Declining,1.0
STU1750,13,11.538461538461538,17,18,105.2,76.5,54.0,57.9,65.8,62.4,4.8,55.7,6,Stable,1.0
STU1751,7,11.285714285714286,9,14,120.0,73.1,20.1,46.1,39.0,62.1,4.3,54.8,5,Stable,
STU1752,0,0.0,0,0,137.8,55.4,28.2,28.8,31.2,39.7,0.4,5.6,6,Declining,0.0
STU1753,5,11.8,6,7,134.2,46.8,44.5,57.2,66.1,52.5,5.1,37.9,3,Stable,
STU1754,0,0.0,5,16,150.0,64.2,37.7,61.0,59.8,40.7,2.7,55.4,6,Declining,
STU1755,0,0.0,5,5,116.0,49.1,41.5,27.9,39.8,61.9,2.2,44.1,7,Declining,1.0
STU1756,5,14.2,5,5,143.4,68.8,71.7,56.0,53.3,57.1,4.5,70.3,4,Stable,
STU1757,10,12.7,12,12,143.6,68.1,56.4,52.2,48.7,61.4,3.6,65.4,4,Stable,
STU1758,3,12.666666666666666,6,10,150.0,82.7,37.6,40.8,67.2,24.2,3.3,53.3,4,Stable,1.0
STU1759,6,14.428571428571429,6,7,118.0,83.7,50.9,44.1,45.7,67.9,2.7,68.7,2,Stable,0.0
STU1760,7,13.117142857142856,7,7,109.3,63.4,60.8,75.8,75.7,63.1,1.4,67.8,4,Declining,0.0
STU1761,6,12.666666666666666,6,7,119.3,55.5,50.5,55.0,54.1,61.4,3.6,56.9,3,Stable,0.0
STU1762,0,0.0,0,0,146.3,44.9,25.4,35.7,31.4,46.5,4.1,31.4,7,Declining,1.0
STU1763,6,15.285714285714286,6,7,161.5,69.8,60.3,48.8,39.1,45.6,3.4,69.7,5,Declining,0.0
STU1764,3,10.5,5,12,140.0,59.5,34.4,52.0,49.0,48.0,1.6,32.0,7,Stable,0.0
STU1765,11,12.636363636363637,11,11,142.2,60.6,46.2,52.1,58.0,80.6,5.1,54.4,3,Stable,0.0
STU1766,0,0.0,5,6,129.2,51.4,40.9,62.1,37.6,23.3,1.5,10.3,6,Declining,1.0
STU1767,3,14.333333333333334,9,9,100.0,69.2,41.5,56.9,54.2,38.0,4.3,36.9,2,Stable,1.0
STU1768,8,15.125,8,14,170.0,68.8,52.4,61.3,73.1,41.8,5.2,62.0,3,Stable,
STU1769,0,0.0,7,0,140.0,51.1,35.2,39.4,46.2,37.0,1.4,41.6,6,Declining,1.0
STU1770,3,12.0,7,16,115.2,62.2,49.5,68.7,55.3,72.4,4.2,77.4,4,Declining,
STU1771,4,14.25,6,10,121.4,64.9,40.2,54.6,66.4,58.3,3.8,50.8,4,Stable,
STU1772,2,10.5,5,12,134.8,65.0,51.2,44.6,41.8,63.8,1.0,40.3,4,Stable,
STU1773,6,13.5,6,7,136.9,68.9,41.5,57.4,62.7,31.6,3.3,52.2,4,Stable,0.0
STU1774,5,11.666666666666666,6,14,140.0,52.6,71.0,63.7,61.3,44.2,2.8,55.2,4,Declining,
STU1775,5,10.8,6,13,112.2,66.5,45.5,67.5,68.6,45.3,1.9,77.4,6,Stable,
STU1776,0,0.0,4,4,148.7,52.5,42.9,41.2,26.8,59.0,1.0,30.9,6,Declining,1.0
STU1777,9,12.8,9,11,133.0,60.3,63.9,60.9,49.2,59.7,5.0,40.4,3,Declining,0.0
STU1778,5,10.8,5,6,150.0,61.5,45.0,64.2,44.6,51.9,3.6,54.8,6,Improving,1.0
STU1779,4,11.4,5,8,98.0,73.7,37.6,19.4,57.4,54.8,1.3,50.2,3,Stable,0.0
STU1780,7,13.725714285714286,7,7,122.4,73.8,62.3,57.6,58.7,53.7,2.7,54.2,3,Stable,0.0
STU1781,5,12.8,6,6,139.0,66.4,33.8,46.9,59.8,78.0,3.8,47.2,3,Stable,
STU1782,6,13.5,6,6,112.0,59.4,37.1,56.1,34.4,78.8,3.9,84.2,4,Stable,0.0
STU1783,7,15.57,8,8,143.8,57.6,62.5,62.5,72.7,71.6,3.9,49.4,6,Stable,1.0
STU1784,4,11.0,5,10,116.1,56.9,46.7,67.1,54.9,64.5,4.5,25.8,5,Stable,
STU1785,7,14.114285714285714,7,7,138.0,67.7,45.4,40.3,62.3,50.7,4.5,46.2,1,Declining,1.0
STU1786,3,11.0,5,12,110.0,64.3,42.6,42.9,55.8,57.5,2.8,40.7,4,Stable,
STU1787,0,0.0,6,0,103.5,49.8,25.5,27.3,33.7,15.2,1.2,11.0,6,Declining,1.0
STU1788,4,13.5,5,6,140.0,72.4,76.8,46.3,59.1,48.7,3.5,48.0,5,Declining,0.0
STU1789,4,11.25,6,9,108.7,67.5,61.4,35.8,53.4,33.9,1.1,73.1,4,Declining,1.0
STU1790,6,12.142857142857142,6,7,115.9,44.7,41.5,80.0,55.2,60.5,4.2,32.8,5,Stable,0.0
STU1791,7,13.075714285714286,8,8,127.3,68.0,49.4,66.6,61.1,55.0,2.5,33.4,5,Stable,0.0
STU1792,0,0.0,5,0,138.7,61.0,42.2,28.7,39.0,48.5,3.5,41.2,6,Declining,1.0
STU1793,3,11.0,5,9,135.8,65.4,36.4,51.3,38.1,59.4,1.4,44.5,5,Declining,1.0
STU1794,0,0.0,6,16,134.6,61.3,30.7,35.2,40.3,55.0,2.7,27.5,6,Declining,1.0
STU1795,4,13.125,7,12,118.4,63.7,47.6,56.1,70.7,45.2,1.4,67.8,4,Declining,
STU1796,7,13.512857142857142,8,8,132.8,66.8,43.0,47.3,50.9,35.0,3.3,46.4,4,Stable,0.0
STU1797,6,12.833333333333334,6,7,155.5,65.9,65.1,36.7,56.0,78.4,4.4,29.1,6,Stable,0.0
STU1798,3,15.0,5,8,132.0,67.3,42.7,47.4,62.8,48.0,4.9,63.8,5,Stable,1.0
STU1799,5,12.8,6,12,110.0,61.6,50.4,71.4,76.1,54.4,4.9,51.5,4,Stable,1.0
STU1800,3,12.333333333333334,6,14,127.3,73.7,51.4,35.2,50.8,66.1,4.5,48.3,4,Stable,1.0
STU1801,5,12.288,8,15,126.0,77.6,70.9,68.0,42.7,51.5,4.8,23.2,5,Stable,1.0
STU1802,12,12.333333333333334,12,21,130.0,66.6,57.8,68.5,67.9,47.8,5.7,46.8,4,Stable,0.0
STU1803,4,11.5,5,9,118.8,55.3,75.1,47.6,44.7,78.1,2.9,46.2,4,Stable,0.0
STU1804,6,11.833333333333334,6,6,127.6,54.9,46.6,63.0,57.1,47.6,3.3,35.3,4,Declining,1.0
STU1805,0,0.0,5,5,112.1,58.7,33.1,41.3,46.7,62.1,2.9,45.3,6,Declining,1.0
STU1806,0,0.0,5,5,130.0,60.2,47.0,13.1,35.9,44.4,3.4,30.0,5,Declining,1.0
STU1807,5,11.8,5,10,111.1,68.7,73.7,48.8,51.2,66.0,3.5,47.3,2,Declining,
STU1808,0,0.0,6,0,121.4,59.0,31.8,33.5,48.2,51.2,1.3,44.6,8,Declining,1.0
STU1809,5,12.2,5,6,126.8,60.7,65.2,70.7,64.6,48.8,3.0,41.8,7,Stable,
STU1810,6,12.333333333333334,6,6,120.6,50.0,61.6,49.6,55.0,61.8,2.8,57.6,4,Stable,0.0
STU1811,6,12.428571428571429,6,7,126.5,62.1,42.5,52.1,56.5,78.5,4.4,52.2,5,Declining,0.0
STU1812,7,12.765714285714289,7,7,120.2,80.1,52.5,41.8,44.5,71.8,5.3,66.3,4,Declining,0.0
STU1813,5,12.1,7,11,120.0,67.8,50.6,53.3,55.5,68.3,4.3,58.0,5,Declining,1.0
STU1814,5,12.0,5,10,137.5,69.0,38.5,39.6,50.2,62.4,3.7,60.5,4,Declining,0.0
STU1815,0,0.0,6,6,127.9,62.8,37.9,51.9,41.6,39.0,4.4,23.6,6,Declining,1.0
STU1816,6,14.88888888888889,6,10,140.0,61.0,55.1,52.1,71.2,47.0,4.1,47.1,2,Declining,
STU1817,13,11.357142857142858,14,19,131.8,72.5,63.1,47.3,49.7,80.5,6.3,60.1,6,Stable,0.0
STU1818,6,13.5,6,6,129.0,70.7,53.2,70.1,67.2,48.8,2.6,62.5,2,Stable,0.0
STU1819,0,0.0,6,6,115.8,48.1,27.9,23.2,42.7,34.4,2.4,36.9,7,Declining,1.0
STU1820,7,13.884285714285712,7,7,126.4,70.4,83.0,59.8,56.3,57.1,2.9,66.6,3,Stable,1.0
STU1821,5,13.0,6,12,130.0,76.7,54.6,37.1,46.4,37.7,2.8,40.0,1,Declining,
STU1822,4,12.65,7,11,114.8,62.2,66.3,57.2,56.7,49.6,2.8,30.9,6,Stable,
STU1823,1,11.0,5,10,138.6,48.9,51.8,62.4,72.0,41.1,3.4,38.2,5,Stable,
STU1824,2,11.666666666666666,6,12,112.9,65.2,66.3,43.5,26.3,34.6,2.9,37.9,3,Declining,1.0
STU1825,6,14.5,6,6,111.6,61.9,43.9,42.0,36.6,41.3,1.5,40.1,5,Stable,0.0
STU1826,6,14.714285714285714,6,7,152.0,68.8,52.5,42.7,54.7,56.3,3.5,51.6,3,Declining,0.0
STU1827,6,13.285714285714286,6,7,132.6,59.8,47.0,54.7,58.7,67.8,3.2,34.0,7,Stable,0.0
STU1828,3,11.333333333333334,5,13,118.4,64.8,42.1,75.1,61.8,51.3,1.5,40.3,2,Declining,
STU1829,0,0.0,7,7,120.0,65.5,39.3,51.9,45.5,27.2,2.7,16.9,5,Declining,1.0
STU1830,4,11.571428571428571,5,11,122.1,64.6,46.8,66.8,36.8,45.2,4.4,32.2,6,Declining,
STU1831,5,13.0,6,10,142.8,52.9,34.5,41.8,61.0,59.0,4.6,33.8,4,Declining,1.0
STU1832,6,11.5,6,9,124.8,68.8,47.5,67.3,52.6,68.1,5.8,36.8,3,Declining,0.0
STU1833,5,11.8,5,8,126.3,65.4,45.7,65.2,62.5,65.2,2.4,58.2,5,Declining,0.0
STU1834,3,10.666666666666666,5,7,119.0,65.1,58.1,54.2,44.0,53.9,2.1,42.5,6,Declining,1.0
STU1835,6,13.8875,7,11,124.9,75.1,36.1,48.9,41.1,74.7,4.0,56.2,4,Declining,0.0
STU1836,5,11.4,6,7,118.0,60.7,43.7,64.6,48.7,46.9,3.5,46.8,4,Declining,0.0
STU1837,9,12.333333333333334,11,17,100.0,66.4,46.6,50.5,63.2,44.5,4.5,67.0,3,Declining,0.0
STU1838,5,12.16,7,8,109.0,57.2,59.6,61.6,57.8,50.5,4.7,58.4,4,Declining,
STU1839,8,13.427499999999998,8,8,130.8,69.4,47.8,52.8,57.3,72.5,3.8,63.7,2,Stable,0.0
STU1840,6,15.166666666666666,6,6,110.0,68.8,66.3,44.9,50.5,65.2,5.3,52.2,6,Stable,0.0
STU1841,0,0.0,6,12,151.0,54.1,36.2,34.9,40.3,54.1,1.3,31.9,7,Declining,1.0
STU1842,2,10.5,5,11,131.0,69.1,53.0,73.8,65.6,49.6,2.7,28.5,3,Stable,1.0
STU1843,5,11.8,5,5,155.2,56.7,63.2,38.9,78.8,55.0,2.3,39.4,4,Declining,0.0
STU1844,5,13.2,5,6,121.0,66.8,36.8,66.1,58.7,52.0,0.0,62.7,5,Stable,
STU1845,7,13.075,7,8,119.7,71.9,50.2,66.3,66.4,46.0,1.9,45.9,5,Stable,0.0
STU1846,4,11.6,6,8,131.0,60.2,54.4,50.1,45.5,53.2,4.7,45.3,4,Declining,1.0
STU1847,6,13.666666666666666,6,10,116.9,56.1,55.5,49.5,69.6,53.6,5.3,63.1,4,Declining,1.0
STU1848,4,10.75,5,9,130.0,50.6,33.2,36.8,48.8,46.5,2.0,51.9,5,Declining,1.0
STU1849,6,13.492857142857144,7,10,137.8,68.2,61.3,71.4,43.3,63.4,5.1,54.0,3,Stable,0.0
STU1850,3,12.5,6,14,122.1,78.6,50.7,38.9,65.0,55.1,0.8,46.5,6,Stable,
STU1851,0,0.0,7,0,120.0,50.1,36.5,4.5,40.9,55.6,0.8,42.1,7,Declining,1.0
STU1852,5,13.285714285714286,5,12,133.0,70.1,49.6,58.9,69.2,45.1,3.4,43.0,5,Stable,1.0
STU1853,5,12.6,5,6,115.2,46.1,12.6,37.5,62.3,49.2,5.0,55.7,3,Declining,0.0
STU1854,6,14.0,6,7,160.0,69.9,59.5,54.6,43.0,34.9,6.2,49.6,3,Stable,0.0
STU1855,2,11.5,5,7,106.3,54.5,54.4,34.3,52.8,39.1,2.8,54.5,4,Declining,1.0
STU1856,0,0.0,6,6,103.0,52.5,30.8,31.9,31.8,47.8,2.0,40.5,5,Declining,1.0
STU1857,6,11.833333333333334,6,6,136.0,66.3,33.2,54.8,66.8,64.1,5.0,52.9,5,Stable,0.0
STU1858,5,11.5,6,10,146.5,52.0,44.0,56.7,54.6,62.1,6.4,66.2,7,Stable,0.0
STU1859,6,14.166666666666666,6,6,131.4,92.1,64.9,72.0,49.3,71.7,5.4,64.2,4,Stable,0.0
STU1860,2,12.5,2,2,130.0,58.5,42.6,50.5,30.8,57.6,1.9,42.2,3,Declining,
STU1861,0,0.0,5,5,137.0,60.4,36.0,40.0,52.3,40.9,3.1,34.1,7,Declining,1.0
STU1862,0,0.0,5,7,125.9,67.6,32.0,36.2,37.5,48.5,1.3,35.2,4,Declining,
STU1863,2,10.5,6,14,111.9,65.7,51.4,61.7,48.6,42.1,5.1,60.9,5,Declining,1.0
STU1864,6,11.833333333333334,6,6,131.2,55.8,35.2,40.4,59.0,34.7,4.5,29.3,4,Stable,0.0
STU1865,0,0.0,5,9,131.2,56.7,33.9,34.1,32.4,36.1,0.9,47.8,7,Declining,1.0
STU1866,5,12.4,5,5,140.0,50.6,63.6,53.4,38.5,50.6,5.0,27.2,5,Declining,0.0
STU1867,2,10.5,5,5,121.5,59.8,35.2,38.4,51.9,51.4,3.9,51.6,5,Declining,1.0
STU1868,0,0.0,5,9,153.5,69.3,33.1,56.1,31.9,31.2,2.6,38.3,4,Declining,1.0
STU1869,12,14.583333333333334,12,12,142.2,59.9,72.0,66.2,60.9,55.1,4.7,59.4,2,Stable,0.0
STU1870,6,11.666666666666666,6,6,131.1,59.0,59.8,39.1,45.4,63.8,3.1,59.8,5,Stable,0.0
STU1871,0,0.0,5,5,130.6,70.3,41.2,43.7,27.1,25.6,2.8,13.2,6,Declining,1.0
STU1872,1,13.0,7,14,115.0,62.8,53.5,67.5,35.9,51.3,6.2,36.4,7,Declining,1.0
STU1873,7,15.66,7,7,125.0,61.3,59.7,49.5,58.9,51.0,6.5,41.0,4,Stable,0.0
STU1874,0,0.0,6,10,97.5,59.1,33.7,55.8,52.3,20.7,1.9,22.1,7,Declining,1.0
STU1875,6,12.166666666666666,6,6,134.4,62.1,64.5,57.3,64.2,49.9,1.3,67.1,4,Stable,0.0
STU1876,6,13.3,7,7,118.8,44.8,46.7,57.8,55.7,45.0,3.3,71.5,3,Declining,0.0
STU1877,0,0.0,7,15,110.5,45.6,25.3,54.6,56.2,36.7,2.4,31.6,7,Declining,1.0
STU1878,0,0.0,7,0,123.3,71.5,18.4,40.4,34.6,40.6,2.3,32.7,5,Declining,1.0
STU1879,0,0.0,0,0,139.6,57.6,27.6,42.7,48.2,13.5,3.1,58.6,4,Declining,1.0
STU1880,7,13.55714285714286,8,8,138.8,79.1,46.0,57.7,51.6,69.3,4.9,48.5,2,Stable,0.0
STU1881,5,14.333333333333334,7,15,160.0,59.1,45.0,35.5,49.2,93.0,4.9,44.6,4,Declining,
STU1882,4,12.0,6,16,140.0,65.1,36.8,58.8,62.2,43.1,3.0,64.8,3,Declining,1.0
STU1883,0,0.0,5,5,118.2,54.1,40.2,41.8,45.0,33.3,1.5,23.1,4,Declining,1.0
STU1884,0,0.0,0,0,150.6,50.6,23.6,33.4,46.3,29.8,0.7,15.5,9,Declining,0.0
STU1885,4,11.75,7,11,115.2,66.6,56.5,22.3,38.4,40.6,4.0,62.9,1,Declining,
STU1886,6,12.183333333333332,7,7,126.0,57.0,60.1,61.9,64.9,78.8,4.9,72.2,4,Declining,0.0
STU1887,6,11.833333333333334,9,18,160.0,76.5,83.6,45.4,62.6,52.5,5.3,46.3,6,Stable,1.0
STU1888,0,0.0,4,4,160.0,59.1,30.1,25.1,36.5,48.5,0.0,30.3,6,Declining,1.0
STU1889,6,15.0,6,8,184.4,66.2,52.0,42.2,62.6,71.4,4.7,68.5,8,Stable,0.0
STU1890,0,0.0,0,0,156.0,56.1,26.0,14.5,51.0,52.2,0.7,18.6,7,Declining,0.0
STU1891,0,0.0,0,0,150.2,52.6,20.9,43.5,32.6,53.1,2.7,44.0,4,Declining,0.0
STU1892,8,13.435,8,8,126.3,54.1,49.3,85.6,49.9,41.9,2.9,77.5,5,Declining,0.0
STU1893,4,13.5,5,8,146.1,57.7,41.6,47.0,51.3,65.4,4.7,32.7,3,Declining,1.0
STU1894,0,0.0,0,0,145.3,53.6,20.8,47.9,17.8,35.0,1.2,9.9,6,Declining,
STU1895,17,11.5,17,18,116.8,70.2,64.8,63.9,67.3,84.5,4.2,41.8,1,Stable,0.0
STU1896,2,10.5,6,10,132.1,68.2,34.1,53.3,59.8,40.2,4.3,38.2,4,Stable,
STU1897,4,12.0,6,13,102.6,69.8,57.2,52.6,59.4,39.7,3.1,31.7,5,Stable,
STU1898,5,12.2,6,7,112.3,60.9,60.8,62.9,58.6,53.5,4.9,67.0,3,Stable,1.0
STU1899,0,0.0,0,0,155.3,47.3,24.6,23.5,50.2,46.7,2.9,15.5,3,Declining,0.0
STU1900,10,14.5,11,15,153.8,76.4,74.8,62.2,59.4,38.9,4.4,54.6,4,Stable,0.0
STU1901,6,13.333333333333334,6,7,110.0,68.1,57.2,69.0,39.7,50.3,3.4,58.6,4,Improving,0.0
STU1902,9,12.0,11,29,128.2,64.8,56.3,68.6,61.0,46.4,6.0,47.2,5,Improving,0.0
STU1903,6,15.125,6,9,120.4,58.6,32.8,61.1,70.0,67.9,5.1,55.7,3,Declining,0.0
STU1904,6,13.116666666666667,7,7,153.0,61.1,31.6,56.4,58.9,48.2,5.9,62.6,6,Stable,0.0
STU1905,6,12.833333333333334,6,7,117.9,69.4,70.8,50.6,51.3,68.2,1.8,99.1,5,Stable,0.0
STU1906,6,13.333333333333334,6,6,145.6,80.0,68.1,51.0,63.1,46.4,3.6,58.6,5,Declining,0.0
STU1907,7,13.877142857142855,7,7,119.8,65.8,72.9,38.0,60.5,60.0,3.5,31.2,2,Declining,0.0
STU1908,7,12.944285714285714,8,8,126.8,60.4,75.3,62.1,53.9,39.2,4.6,64.4,4,Stable,0.0
STU1909,5,12.333333333333334,6,8,106.1,82.8,67.3,70.2,55.3,52.4,2.6,55.7,6,Stable,
STU1910,6,14.266666666666666,7,7,137.3,64.1,56.0,59.7,53.0,42.7,3.0,61.7,3,Declining,0.0
STU1911,5,13.0,6,8,115.5,59.6,58.1,54.6,60.7,72.5,3.9,50.3,1,Stable,0.0
STU1912,8,12.48375,8,8,127.5,64.1,45.3,63.7,47.5,69.1,1.8,67.9,3,Declining,0.0
STU1913,7,13.428571428571429,7,8,116.3,63.7,56.3,31.0,59.7,58.7,1.6,50.8,3,Stable,0.0
STU1914,3,10.666666666666666,6,9,113.2,73.7,56.8,44.8,60.1,63.2,3.3,51.7,4,Stable,1.0
STU1915,5,15.4,6,8,132.6,53.9,62.6,55.5,58.7,50.0,7.2,57.5,2,Stable,0.0
STU1916,6,13.45,7,7,132.0,71.4,51.0,35.0,58.0,62.5,4.1,54.9,5,Stable,0.0
STU1917,6,12.6,7,7,130.3,66.1,27.4,56.7,55.6,53.6,3.4,47.4,5,Stable,0.0
STU1918,7,12.485714285714286,7,7,116.7,62.2,34.4,33.3,60.9,61.4,4.5,70.1,3,Stable,0.0
STU1919,5,10.8,6,10,134.0,62.2,55.6,61.1,49.6,54.2,4.3,70.4,4,Declining,0.0
STU1920,5,12.2,6,12,100.0,63.9,45.2,57.0,53.2,53.4,3.7,80.7,3,Declining,
STU1921,5,14.2,6,11,140.0,67.6,60.8,53.5,46.8,33.8,3.2,55.7,5,Stable,
STU1922,6,13.833333333333334,6,7,139.2,63.2,38.2,64.9,53.1,47.8,2.1,57.1,3,Declining,0.0
STU1923,5,12.8,6,8,132.6,65.3,67.5,56.0,34.4,75.8,4.9,56.0,3,Stable,
STU1924,5,13.2,5,5,129.4,59.5,39.8,59.8,54.6,52.5,3.2,39.6,4,Stable,0.0
STU1925,1,14.0,6,7,125.6,81.5,66.3,55.0,58.2,43.0,4.1,61.4,3,Declining,1.0
STU1926,8,13.875,8,8,129.3,76.2,36.1,47.4,56.8,57.9,5.5,52.3,6,Stable,0.0
STU1927,5,12.5,5,7,128.4,69.4,58.0,72.6,63.3,35.4,3.4,60.0,3,Improving,0.0
STU1928,6,13.428571428571429,6,7,139.9,63.1,41.3,70.4,68.9,49.5,2.2,36.0,5,Stable,0.0
STU1929,5,11.8,6,7,124.8,71.7,50.1,58.4,53.4,55.4,3.4,58.9,6,Declining,
STU1930,7,14.868571428571428,7,7,128.5,70.4,67.4,59.3,47.4,63.1,4.0,75.4,2,Improving,0.0
STU1931,7,13.03,7,10,117.8,68.2,64.3,65.4,67.3,60.3,4.6,44.9,4,Declining,0.0
STU1932,6,14.571428571428571,6,7,115.1,63.0,43.5,71.5,65.2,74.3,3.4,48.2,3,Declining,0.0
STU1933,5,11.0,6,9,118.0,67.1,42.5,75.7,57.7,44.7,2.9,43.0,6,Declining,0.0
STU1934,8,13.3675,8,8,120.0,81.3,35.4,50.8,51.9,38.9,3.7,48.9,4,Stable,0.0
STU1935,6,12.808333333333332,7,7,119.6,66.9,30.4,67.5,58.8,50.4,4.3,73.1,5,Declining,0.0
STU1936,7,13.918571428571427,7,7,133.2,65.4,43.7,55.7,53.5,49.6,5.2,57.2,6,Declining,0.0
STU1937,6,13.0,6,8,141.8,67.3,42.0,35.9,48.0,57.3,6.7,39.1,7,Declining,0.0
STU1938,6,13.683333333333332,7,7,130.3,67.1,34.6,65.7,59.3,52.0,6.3,41.9,2,Declining,0.0
STU1939,5,13.0,6,11,100.0,61.8,49.4,72.4,45.2,56.4,3.7,22.3,2,Declining,1.0
STU1940,5,12.8,6,8,114.6,59.9,50.8,65.9,62.0,55.3,2.9,40.7,2,Stable,0.0
STU1941,6,13.571428571428571,6,9,123.4,73.3,52.7,53.8,58.7,66.2,3.2,35.6,6,Stable,0.0
STU1942,6,13.166666666666666,6,6,116.4,76.0,42.5,59.7,54.1,54.7,2.3,35.3,5,Stable,0.0
STU1943,6,15.0,6,6,123.2,85.5,46.7,65.0,56.1,58.7,4.2,49.1,5,Stable,0.0
STU1944,6,12.666666666666666,6,6,123.7,69.8,47.9,61.5,44.1,75.8,2.7,36.6,5,Declining,0.0
STU1945,6,13.857142857142858,6,7,127.6,67.8,62.6,70.6,45.7,35.9,2.7,51.9,3,Stable,1.0
STU1946,7,14.692857142857145,7,7,117.1,75.1,46.2,68.7,74.5,59.2,2.9,61.8,4,Improving,0.0
STU1947,8,14.035,8,8,149.3,61.0,34.7,50.9,56.1,56.0,5.3,61.4,4,Declining,0.0
STU1948,4,11.0,5,8,125.6,69.4,45.0,52.2,38.1,52.4,3.4,52.2,5,Declining,0.0
STU1949,6,13.333333333333334,6,6,145.0,74.8,47.0,49.2,64.5,61.9,2.3,15.4,3,Declining,0.0
STU1950,6,11.7725,7,13,115.0,74.5,32.6,56.9,44.8,44.7,4.9,45.5,7,Declining,0.0
STU1951,0,0.0,6,0,114.3,68.3,30.2,15.6,45.8,32.1,3.4,49.2,4,Declining,1.0
STU1952,0,0.0,6,0,126.0,50.2,24.4,61.1,54.7,47.7,1.4,62.0,5,Declining,1.0
STU1953,0,0.0,0,0,124.0,51.1,34.1,28.6,37.8,37.0,1.1,42.1,8,Declining,1.0
STU1954,6,12.285714285714286,6,7,122.6,64.3,56.5,48.3,66.2,42.8,2.8,52.9,6,Declining,0.0
STU1955,5,12.46,8,14,133.8,57.3,45.4,55.8,62.3,64.0,4.2,39.9,2,Declining,
STU1956,6,12.166666666666666,7,10,113.5,70.5,58.0,38.3,70.7,62.2,5.0,71.2,1,Stable,0.0
STU1957,5,11.833333333333334,6,9,122.6,70.8,46.9,49.5,59.6,55.3,3.9,48.4,3,Stable,
STU1958,7,14.805714285714286,8,8,140.0,72.6,51.4,59.6,52.1,62.1,2.6,52.4,4,Declining,0.0
STU1959,5,10.6,6,11,107.0,66.1,46.1,72.6,32.3,59.4,4.9,67.0,4,Declining,1.0
STU1960,8,13.125,9,9,130.0,75.9,51.9,58.9,49.2,55.7,4.1,9.4,4,Stable,
STU1961,6,12.833333333333334,6,6,124.2,70.8,35.3,49.9,49.9,58.2,3.6,51.3,5,Declining,0.0
STU1962,0,0.0,8,8,125.8,51.0,14.3,25.7,51.0,25.6,2.7,9.5,6,Declining,
STU1963,5,13.0,6,9,108.0,42.4,64.9,80.2,66.8,51.7,5.1,60.3,6,Declining,0.0
STU1964,7,12.725,7,8,115.2,64.3,55.4,56.8,44.9,67.1,2.6,78.1,5,Stable,0.0
STU1965,4,11.25,5,10,129.3,64.9,42.8,53.3,65.0,78.6,2.0,56.5,1,Stable,0.0
STU1966,11,13.818181818181818,12,12,120.0,70.6,70.6,44.4,52.6,61.6,4.5,90.0,4,Stable,0.0
STU1967,3,12.333333333333334,5,12,116.7,63.4,84.1,59.0,44.7,41.7,3.6,52.7,4,Stable,0.0
STU1968,3,12.333333333333334,5,14,121.0,60.7,32.0,45.9,39.5,48.5,4.7,71.6,5,Declining,
STU1969,4,13.25,6,8,128.2,58.7,50.3,71.4,57.3,36.1,5.3,27.1,4,Stable,
STU1970,6,13.666666666666666,6,7,121.1,58.5,60.7,61.2,49.8,63.3,3.4,56.7,2,Declining,0.0
STU1971,8,12.625,11,18,112.6,71.9,35.6,59.7,71.0,58.2,4.6,37.0,4,Stable,
STU1972,6,14.833333333333334,6,6,123.3,76.0,35.2,40.6,47.3,44.6,4.6,60.4,5,Stable,0.0
STU1973,5,11.2,6,7,129.4,54.8,61.2,51.5,60.4,50.2,4.3,44.8,2,Declining,1.0
STU1974,5,11.4,5,6,119.9,64.3,49.1,50.2,41.0,61.0,1.7,46.7,7,Declining,0.0
STU1975,7,13.135,7,8,131.6,73.5,44.9,57.7,66.5,56.4,4.7,51.1,5,Declining,0.0
STU1976,10,13.0,10,10,120.0,67.5,36.3,35.4,59.8,50.1,3.3,73.7,2,Stable,1.0
STU1977,4,12.85,7,12,110.0,71.4,54.9,43.1,57.1,66.0,4.5,54.2,3,Declining,
STU1978,6,13.5,6,6,143.0,75.2,35.5,49.4,51.8,59.1,2.5,56.0,4,Stable,0.0
STU1979,6,14.285714285714286,6,7,140.0,70.3,40.9,62.2,52.0,46.6,4.1,54.5,4,Stable,
STU1980,5,13.5,6,8,119.2,62.2,40.3,31.6,59.9,54.8,3.5,63.2,5,Declining,0.0
STU1981,4,10.75,5,8,124.3,74.6,44.6,68.2,70.2,26.2,6.1,44.9,5,Stable,0.0
STU1982,6,11.333333333333334,6,9,111.1,63.5,37.8,68.9,43.7,56.9,2.7,34.8,5,Stable,0.0
STU1983,3,13.0,7,15,150.0,63.3,39.3,41.8,50.5,87.0,2.6,65.3,3,Declining,0.0
STU1984,6,13.966666666666669,7,7,147.3,71.1,64.2,85.5,49.8,68.6,5.7,47.3,4,Declining,0.0
STU1985,8,14.14125,8,8,147.5,65.9,56.9,60.8,42.6,55.3,5.2,60.8,4,Declining,0.0
STU1986,4,11.6,6,10,108.0,63.0,49.8,51.3,37.8,55.4,3.9,61.0,4,Declining,0.0
STU1987,8,14.6625,8,8,130.0,65.6,60.6,65.5,50.8,64.3,3.6,41.1,5,Stable,0.0
STU1988,0,0.0,5,5,130.0,54.1,23.0,43.8,36.7,46.8,0.7,18.7,8,Declining,
STU1989,6,12.993333333333334,7,8,109.0,68.1,56.6,56.6,69.5,53.4,3.3,31.5,3,Declining,0.0
STU1990,4,11.25,6,10,112.0,48.8,54.5,39.3,62.6,26.0,2.9,43.9,4,Stable,
STU1991,5,12.2,6,8,121.2,64.7,38.4,48.5,45.8,49.2,2.9,66.8,3,Declining,0.0
STU1992,0,0.0,0,0,140.0,40.9,42.2,42.3,47.7,31.6,1.3,29.6,5,Declining,1.0
STU1993,6,11.333333333333334,6,6,119.5,62.1,53.4,63.6,45.8,52.0,3.0,71.9,2,Declining,
STU1994,5,12.2,5,7,125.9,68.1,53.7,70.8,53.0,44.2,4.8,55.6,5,Declining,0.0
STU1995,0,0.0,6,12,121.5,53.6,56.8,34.3,44.8,47.7,0.5,23.9,10,Declining,1.0
STU1996,6,11.333333333333334,6,8,121.5,71.2,52.3,54.8,75.2,77.8,4.2,40.9,5,Stable,0.0
STU1997,6,13.857142857142858,6,8,132.4,69.8,41.9,48.0,58.6,67.2,4.3,77.7,7,Stable,0.0
STU1998,6,12.857142857142858,6,7,122.4,49.1,53.5,68.1,40.3,53.7,3.8,64.3,6,Stable,0.0
STU1999,1,10.0,6,10,110.0,71.7,45.9,45.0,57.0,66.9,3.9,41.6,4,Declining,1.0
STU2000,14,10.214285714285714,15,17,120.4,72.5,44.9,54.1,72.0,71.7,5.0,62.9,4,Stable,0.0
STU2001,6,11.285714285714286,6,14,105.0,61.6,27.4,55.5,63.7,63.0,3.9,45.6,5,Declining,1.0
STU2002,6,13.833333333333334,6,6,137.8,63.0,51.9,35.6,45.7,48.3,5.2,15.6,5,Stable,1.0
STU2003,6,12.857142857142858,6,8,118.0,49.7,63.4,61.6,56.5,52.9,0.9,54.1,3,Stable,0.0
STU2004,6,11.666666666666666,6,8,122.1,67.5,62.6,50.4,54.2,60.8,6.4,32.8,5,Declining,1.0
STU2005,0,0.0,6,12,140.0,61.4,40.2,73.0,59.3,66.2,3.6,27.0,8,Declining,1.0
STU2006,5,14.4,5,7,143.2,61.2,71.2,48.0,61.6,72.2,6.0,34.3,2,Declining,0.0
STU2007,6,14.833333333333334,6,6,120.5,60.1,55.6,53.3,73.6,63.0,3.0,51.8,5,Stable,0.0
STU2008,6,14.333333333333334,6,14,119.5,69.0,51.9,69.5,50.0,58.6,4.2,40.7,6,Stable,0.0
STU2009,0,0.0,0,0,147.5,64.6,37.4,47.4,37.8,47.8,2.3,31.0,3,Declining,0.0
STU2010,0,0.0,6,0,129.6,63.7,26.2,50.4,34.6,45.1,1.5,40.4,5,Declining,1.0
STU2011,6,12.333333333333334,7,9,126.1,72.9,36.6,51.5,64.8,72.8,4.1,57.1,4,Stable,0.0
STU2012,5,11.8,5,5,160.0,81.1,38.2,39.2,64.7,39.5,3.9,27.8,6,Stable,0.0
STU2013,5,13.2,6,7,105.5,73.3,45.6,86.4,58.5,54.4,2.3,26.9,4,Improving,1.0
STU2014,0,0.0,6,6,95.5,64.9,46.3,45.1,41.7,48.6,3.0,12.0,5,Declining,1.0
STU2015,0,0.0,6,0,107.5,55.7,17.6,40.7,44.2,55.8,2.8,45.4,6,Declining,1.0
STU2016,6,11.5,6,6,106.1,62.7,39.0,63.4,40.1,76.8,2.9,83.7,5,Declining,0.0
STU2017,5,12.6,6,8,116.3,74.8,60.7,38.4,50.1,36.2,2.2,41.3,4,Stable,0.0
STU2018,7,13.542857142857144,7,7,137.4,59.4,49.1,50.9,53.1,47.3,4.2,39.2,6,Stable,0.0
STU2019,5,11.6,6,8,101.8,68.5,47.8,40.7,53.4,52.1,2.7,71.1,4,Declining,
STU2020,6,13.666666666666666,6,7,144.1,61.9,48.1,57.6,49.2,40.3,4.3,47.3,5,Stable,0.0
STU2021,0,0.0,6,10,107.8,58.7,59.7,23.0,32.8,60.1,1.2,30.8,4,Declining,1.0
STU2022,0,0.0,6,0,128.2,57.1,41.7,46.1,24.0,40.2,3.8,32.4,7,Declining,1.0
STU2023,0,0.0,0,0,117.0,56.3,38.0,52.2,44.3,52.8,1.2,19.7,5,Declining,1.0
STU2024,6,11.5,6,6,110.4,65.3,53.1,67.4,40.2,51.3,2.7,39.3,3,Declining,0.0
STU2025,2,11.5,5,12,170.0,68.0,53.0,56.4,61.7,55.9,3.5,46.3,7,Declining,
STU2026,7,11.828571428571427,7,7,100.0,71.9,74.2,57.3,58.3,38.2,2.0,46.5,3,Improving,0.0
STU2027,0,0.0,0,0,117.0,43.8,30.5,33.0,48.9,26.0,1.0,3.3,5,Declining,0.0
STU2028,0,0.0,0,0,133.5,54.6,37.0,43.4,31.1,26.3,0.0,16.5,3,Declining,
STU2029,6,12.966666666666669,7,7,128.0,63.0,52.4,53.7,73.8,34.1,4.2,50.7,3,Stable,0.0
STU2030,6,13.833333333333334,6,6,122.1,68.3,63.5,33.2,77.9,67.5,5.1,45.2,1,Declining,0.0
STU2031,7,14.125714285714285,7,7,133.4,64.3,74.4,49.5,57.1,56.2,3.6,62.6,6,Stable,0.0
STU2032,5,12.166666666666666,10,12,112.0,76.1,44.2,63.8,58.4,66.6,5.3,40.0,5,Stable,1.0
STU2033,6,12.666666666666666,6,17,130.0,66.7,58.7,42.8,56.1,54.4,3.0,81.6,5,Stable,0.0
STU2034,0,0.0,4,4,100.0,63.3,37.7,24.9,50.6,52.8,1.5,31.6,7,Declining,1.0
STU2035,6,12.285714285714286,6,8,162.0,58.5,34.9,52.2,62.7,65.7,4.9,53.3,3,Stable,0.0
STU2036,3,14.5,6,7,153.0,63.3,62.4,27.7,36.2,52.0,4.6,43.3,5,Declining,
STU2037,2,10.0,5,8,131.4,57.6,65.0,58.0,41.8,51.6,3.8,41.0,4,Declining,1.0
STU2038,2,11.5,5,11,128.2,66.8,57.8,58.7,55.5,55.1,4.8,19.0,5,Declining,1.0
STU2039,5,11.6,5,6,148.9,55.5,42.3,64.3,61.0,66.0,3.6,49.9,0,Stable,0.0
STU2040,6,12.5,6,6,128.4,52.3,35.2,57.2,56.2,53.8,4.2,81.6,2,Stable,0.0
STU2041,3,11.666666666666666,6,9,120.3,59.1,56.4,41.4,35.2,55.8,2.7,61.7,3,Declining,1.0
STU2042,7,13.428571428571429,10,11,100.0,72.1,41.0,42.2,62.4,38.7,6.4,30.7,4,Declining,0.0
STU2043,6,13.666666666666666,6,6,126.1,60.2,40.7,62.1,73.8,44.5,3.4,57.7,2,Declining,0.0
STU2044,6,12.5,6,6,111.7,68.1,54.0,63.1,31.7,45.3,3.6,58.7,8,Stable,0.0
STU2045,6,13.0,6,7,140.0,61.2,60.9,41.7,64.6,60.9,4.2,75.6,6,Declining,0.0
STU2046,6,12.783333333333331,7,9,122.2,52.5,48.2,40.2,73.6,46.3,4.7,41.1,6,Stable,0.0
STU2047,0,0.0,7,0,118.7,61.8,32.5,37.8,49.4,40.1,2.8,64.3,8,Declining,1.0
STU2048,4,13.5,7,13,121.5,71.3,50.3,56.3,54.0,52.3,0.6,53.9,5,Declining,1.0
STU2049,7,13.457142857142856,7,7,134.5,66.9,42.3,67.6,65.3,55.9,6.2,42.0,2,Stable,0.0
STU2050,7,13.44285714285714,8,8,127.0,67.7,48.9,64.4,55.6,66.4,6.0,30.2,5,Stable,0.0
STU2051,4,11.0,6,13,114.2,63.1,30.2,51.6,58.4,54.3,5.1,47.7,4,Stable,0.0
STU2052,6,11.333333333333334,6,6,125.3,57.1,59.4,66.0,54.7,50.2,3.9,53.8,4,Stable,0.0
STU2053,2,10.0,5,7,120.4,72.9,79.6,44.9,51.0,53.9,4.7,27.7,6,Declining,1.0
STU2054,5,13.44,7,10,123.0,65.6,52.8,51.3,47.5,74.0,4.2,62.1,3,Stable,
STU2055,7,12.214285714285714,7,8,130.5,69.5,66.7,65.6,50.9,55.6,4.2,61.2,3,Stable,0.0
STU2056,6,14.166666666666666,6,6,125.5,63.0,49.8,67.4,72.2,40.0,4.8,54.0,5,Declining,0.0
STU2057,12,12.846153846153848,12,13,133.8,73.9,41.9,72.9,54.3,43.7,5.2,47.9,2,Stable,0.0
STU2058,6,13.0,6,8,150.0,75.7,79.3,53.1,35.8,50.7,5.1,53.3,4,Stable,
STU2059,5,12.8,5,6,130.5,66.9,40.8,54.8,89.3,39.2,1.2,78.8,4,Stable,0.0
STU2060,4,13.0,6,13,140.0,68.7,62.6,43.9,50.1,24.5,3.7,37.8,5,Stable,1.0
STU2061,7,13.371428571428572,7,7,119.4,74.2,55.9,67.1,53.6,51.5,2.6,28.0,5,Stable,0.0
STU2062,7,13.385714285714286,7,8,121.3,72.9,67.7,49.3,52.4,59.8,5.2,49.0,3,Stable,0.0
STU2063,7,13.328571428571427,8,8,126.3,75.6,52.6,32.4,56.5,71.8,2.9,42.4,1,Stable,0.0
STU2064,5,14.0,6,12,111.6,69.4,38.8,50.5,48.2,54.4,3.6,25.9,6,Stable,0.0
STU2065,5,12.6,5,5,111.3,68.0,42.6,43.3,68.8,56.3,4.9,56.9,1,Declining,0.0
STU2066,6,14.0,6,7,122.5,68.9,81.2,23.4,53.9,60.9,5.6,34.1,5,Improving,0.0
STU2067,6,13.428571428571429,6,7,116.5,73.5,56.3,48.6,45.1,55.3,5.0,31.9,4,Stable,0.0
STU2068,6,13.0,6,6,132.0,62.8,78.1,64.3,26.4,45.8,4.8,64.9,5,Stable,0.0
STU2069,5,12.666666666666666,6,8,123.7,70.0,46.7,59.1,65.3,79.1,2.4,72.5,5,Stable,
STU2070,3,10.0,5,9,117.0,81.6,55.9,55.2,46.5,37.6,2.1,85.2,4,Declining,1.0
STU2071,6,12.833333333333334,6,7,116.5,69.2,36.5,72.1,58.8,58.8,2.3,29.2,4,Stable,0.0
STU2072,6,12.916666666666666,7,7,121.5,56.8,52.4,48.1,45.8,44.5,2.6,58.6,5,Stable,0.0
STU2073,6,13.285714285714286,6,9,105.0,64.4,79.3,41.9,56.6,55.8,4.1,32.5,4,Stable,0.0
STU2074,5,14.6,5,6,121.3,71.6,43.0,61.3,55.2,59.2,5.1,54.3,0,Improving,0.0
STU2075,6,14.0,6,6,136.1,61.5,44.5,60.1,65.0,52.2,5.2,51.4,4,Stable,0.0
STU2076,6,14.142857142857142,6,7,123.6,59.2,63.0,40.8,57.7,40.3,1.8,21.9,5,Declining,0.0
STU2077,6,11.666666666666666,6,8,129.0,54.7,52.5,52.0,43.1,48.9,3.7,59.4,3,Stable,0.0
STU2078,8,14.3775,8,9,136.8,66.8,78.0,64.7,82.0,70.4,3.9,57.0,4,Stable,0.0
STU2079,7,12.5,7,8,133.4,79.7,49.8,59.0,60.1,36.5,1.2,62.7,6,Stable,0.0
STU2080,6,14.15,7,7,136.0,62.8,53.9,64.8,46.6,74.4,5.0,35.2,4,Stable,0.0
STU2081,7,12.471428571428572,8,12,125.8,74.2,57.1,48.2,58.1,56.2,5.0,86.1,4,Stable,0.0
STU2082,6,14.15,7,7,120.5,64.8,40.1,39.0,60.0,63.4,3.3,58.0,2,Stable,0.0
STU2083,7,14.072222222222225,7,11,130.2,64.9,38.9,46.5,62.1,43.5,3.8,60.9,4,Declining,0.0
STU2084,6,14.857142857142858,6,7,135.9,71.6,37.0,67.0,60.2,53.6,4.2,75.6,5,Stable,0.0
STU2085,6,14.285714285714286,6,7,116.5,54.8,13.5,68.6,58.6,47.0,4.5,54.0,3,Stable,0.0
STU2086,0,0.0,4,4,124.0,68.8,34.6,36.6,49.7,42.1,1.3,17.4,5,Declining,1.0
STU2087,0,0.0,6,0,140.0,59.3,19.4,56.2,47.3,24.9,1.0,46.3,7,Declining,1.0
STU2088,6,15.0,6,8,150.9,76.0,47.4,55.0,64.3,48.2,2.8,52.9,4,Declining,1.0
STU2089,6,12.633333333333333,7,7,127.3,64.1,64.0,48.6,37.2,78.5,5.7,66.9,5,Declining,0.0
STU2090,5,11.2,5,5,100.0,68.6,38.1,35.5,35.5,59.2,5.1,47.5,2,Stable,1.0
STU2091,6,14.233333333333334,7,7,128.8,74.5,61.4,55.2,48.2,59.5,2.7,86.7,5,Declining,0.0
STU2092,5,12.2,5,13,119.7,65.2,32.5,67.2,52.1,57.7,2.8,51.1,2,Declining,
STU2093,7,15.7,8,8,140.8,61.6,47.1,73.6,50.5,74.5,3.0,47.6,3,Declining,0.0
STU2094,6,15.2,7,7,138.0,60.1,74.8,69.8,46.7,54.1,2.3,60.1,7,Stable,0.0
STU2095,6,16.333333333333332,6,9,132.9,65.1,50.0,64.2,60.3,68.1,6.6,49.6,5,Stable,1.0
STU2096,14,12.5625,17,29,140.0,74.8,77.4,84.1,55.2,34.8,4.1,52.7,3,Stable,0.0
STU2097,0,0.0,7,0,140.0,53.7,63.3,26.4,16.0,36.6,2.9,50.0,5,Declining,1.0
STU2098,5,12.4,6,8,99.3,61.7,45.8,68.1,40.5,49.1,3.4,31.8,7,Declining,0.0
STU2099,8,13.78125,8,9,119.3,73.6,46.8,61.1,51.5,50.2,3.9,71.6,4,Stable,0.0
STU2100,6,12.166666666666666,6,10,113.2,62.5,25.9,57.4,52.4,62.6,3.5,76.3,1,Stable,1.0
STU2101,5,11.8,6,8,117.0,60.5,53.9,36.3,62.7,50.7,4.1,45.1,3,Declining,
STU2102,4,10.8,6,13,123.0,72.1,54.0,56.5,57.2,49.5,3.4,53.0,5,Declining,0.0
STU2103,7,13.26,7,8,127.2,71.6,62.6,70.2,36.2,45.7,4.9,41.7,4,Stable,0.0
STU2104,4,12.0,6,10,141.0,55.2,66.7,27.4,67.8,47.3,5.1,66.9,6,Stable,1.0
STU2105,6,11.875,6,9,121.7,55.3,39.1,64.0,52.6,29.3,3.1,32.3,2,Declining,0.0
STU2106,5,12.16,7,11,121.1,56.9,73.6,26.7,55.0,49.3,4.0,66.2,4,Declining,
STU2107,1,15.0,6,6,146.1,64.3,45.9,35.3,53.9,34.3,1.6,48.8,3,Stable,
STU2108,6,13.333333333333334,6,6,142.5,75.9,56.6,54.1,46.8,72.6,3.3,39.9,4,Stable,0.0
STU2109,2,11.5,5,12,126.8,75.3,47.3,70.1,57.3,59.1,3.5,36.7,4,Declining,
STU2110,6,14.428571428571429,6,7,150.0,73.2,44.0,54.7,36.8,66.0,3.8,61.4,4,Stable,0.0
STU2111,1,13.0,5,10,150.0,79.1,33.8,56.9,65.1,34.5,3.3,29.4,7,Stable,
STU2112,6,15.0,6,7,134.5,69.1,56.3,45.8,58.5,65.6,4.7,62.9,2,Stable,0.0
STU2113,7,15.155555555555557,7,9,129.5,77.2,43.5,55.7,61.5,48.7,5.1,58.9,7,Declining,0.0
STU2114,6,10.666666666666666,6,8,113.2,60.6,47.6,52.6,58.9,55.6,1.1,44.1,10,Declining,0.0
STU2115,5,11.0,6,9,140.2,52.5,44.9,72.4,48.8,49.6,3.9,56.8,4,Stable,1.0
STU2116,0,0.0,6,0,119.2,52.5,30.7,29.0,52.7,21.5,1.6,17.6,8,Declining,1.0
STU2117,6,12.285714285714286,6,7,140.7,65.0,29.9,46.6,47.4,40.9,3.3,47.5,6,Stable,0.0
STU2118,8,12.82875,8,8,142.3,88.2,15.8,69.7,46.7,63.5,5.8,48.9,5,Stable,1.0
STU2119,6,12.666666666666666,6,6,129.9,66.1,61.7,51.7,56.3,61.1,1.7,32.8,3,Declining,0.0
STU2120,0,0.0,0,0,134.8,46.9,48.5,39.4,26.2,21.5,1.9,24.6,5,Declining,
STU2121,2,13.0,6,16,104.1,72.7,19.2,58.2,47.7,65.6,5.4,26.1,4,Stable,1.0
STU2122,5,10.875,5,10,122.4,58.9,54.9,45.3,55.9,47.3,3.7,41.1,4,Declining,0.0
STU2123,5,12.8,5,5,120.6,66.7,53.4,29.1,61.4,37.3,2.6,24.7,2,Stable,0.0
STU2124,5,11.285714285714286,6,10,112.4,72.2,34.4,66.1,53.2,45.6,3.4,34.6,3,Improving,1.0
STU2125,0,0.0,0,0,157.9,47.5,45.8,39.4,31.0,21.7,4.1,15.8,8,Declining,0.0
STU2126,0,0.0,6,0,125.9,67.1,48.7,22.7,36.6,29.3,3.4,35.8,8,Declining,1.0
STU2127,6,13.766666666666666,7,9,118.4,76.0,65.7,65.4,49.3,49.1,3.4,39.2,3,Stable,1.0
STU2128,6,12.758333333333333,8,9,130.8,69.3,73.1,79.3,54.3,60.2,5.8,33.8,8,Stable,1.0
STU2129,0,0.0,0,0,176.7,69.0,47.0,52.3,33.8,47.8,2.8,23.9,4,Declining,1.0
STU2130,6,12.666666666666666,6,6,156.8,63.0,41.7,79.6,45.0,66.3,0.8,80.3,2,Stable,0.0
STU2131,6,12.0,6,13,126.8,72.8,52.4,40.4,44.2,63.4,3.8,27.6,1,Declining,
STU2132,6,12.25,6,8,128.0,68.3,56.2,57.6,36.4,30.7,6.0,62.3,1,Stable,0.0
STU2133,3,11.333333333333334,5,8,113.8,58.7,66.5,55.5,62.6,33.0,3.3,52.6,6,Stable,0.0
STU2134,7,13.507142857142856,7,9,120.8,62.6,50.7,55.3,63.8,68.6,5.9,85.9,3,Stable,0.0
STU2135,7,13.614285714285714,8,8,130.8,83.7,46.0,52.7,44.3,49.8,2.3,58.9,4,Declining,0.0
STU2136,0,0.0,6,6,101.0,64.1,16.1,3.4,47.3,37.2,0.5,31.5,5,Declining,1.0
STU2137,4,11.5,6,9,126.1,71.7,59.9,72.7,53.2,59.0,5.0,49.5,2,Stable,0.0
STU2138,6,12.333333333333334,6,7,113.8,61.0,54.0,35.1,41.8,68.9,4.9,51.2,1,Declining,0.0
STU2139,7,11.971428571428572,7,7,118.3,72.1,41.7,65.9,44.7,59.6,3.9,63.0,1,Stable,0.0
STU2140,2,13.0,5,12,127.9,61.6,58.6,52.5,51.3,41.1,4.6,40.8,4,Declining,1.0
STU2141,7,12.385714285714286,7,9,131.1,80.4,48.7,55.4,63.2,39.9,3.3,98.9,5,Stable,
STU2142,2,13.5,5,12,117.9,74.6,33.9,50.3,59.1,39.0,2.3,62.3,3,Stable,0.0
STU2143,6,12.166666666666666,6,8,115.7,73.4,67.5,56.9,49.3,68.1,4.3,48.9,1,Stable,0.0
STU2144,0,0.0,0,0,141.0,61.5,10.2,45.7,44.6,48.3,1.7,26.0,7,Declining,0.0
STU2145,6,11.666666666666666,6,6,120.0,64.8,52.6,65.2,52.4,53.3,4.3,50.6,6,Declining,0.0
STU2146,5,12.4,6,9,131.8,69.6,49.7,52.5,46.9,35.9,4.0,50.4,2,Declining,
STU2147,5,13.4,6,7,131.1,78.4,31.9,40.1,64.3,64.2,3.4,61.4,2,Stable,0.0
STU2148,6,12.0,6,11,117.8,70.0,55.8,40.0,56.5,56.0,6.1,56.7,5,Stable,0.0
STU2149,5,14.2,5,6,140.0,59.7,43.8,67.5,60.3,44.7,2.7,74.5,1,Declining,0.0
STU2150,6,12.125,6,8,108.0,76.0,71.7,51.3,43.7,52.8,4.0,37.4,2,Declining,0.0
STU2151,7,13.857142857142858,7,7,122.9,62.0,65.7,44.4,51.4,61.5,4.0,54.2,6,Stable,0.0
STU2152,3,11.75,6,13,130.0,64.3,52.0,43.4,61.0,46.0,4.0,34.3,3,Declining,
STU2153,7,14.283333333333337,7,9,126.0,64.1,24.4,56.2,54.4,43.6,4.2,48.5,4,Declining,0.0
STU2154,11,13.272727272727272,13,21,134.0,50.0,52.1,46.3,58.9,62.4,5.9,53.8,1,Declining,0.0
STU2155,6,14.666666666666666,6,6,134.3,68.6,45.7,56.0,45.7,58.1,4.4,66.0,5,Stable,0.0
STU2156,7,15.114999999999998,7,10,138.7,85.8,69.7,73.2,59.9,34.1,3.5,47.2,3,Declining,0.0
STU2157,0,0.0,0,0,143.3,57.6,37.1,36.6,29.2,37.1,0.8,50.9,7,Declining,
STU2158,6,15.0,6,13,160.0,91.8,58.5,36.4,61.1,46.2,3.3,77.9,3,Improving,0.0
STU2159,5,13.2,6,8,111.0,64.8,63.7,65.0,44.8,59.2,2.9,62.7,2,Declining,0.0
STU2160,2,11.0,6,14,128.5,65.4,67.6,64.3,49.5,29.7,4.3,30.2,4,Declining,1.0
STU2161,7,14.565714285714288,8,8,133.0,67.1,71.9,71.4,73.0,40.8,4.1,77.4,2,Stable,0.0
STU2162,3,12.0,5,8,114.6,64.7,55.4,52.5,55.9,22.8,4.0,41.9,3,Declining,1.0
STU2163,0,0.0,6,6,104.1,58.6,32.6,66.9,37.3,43.8,0.4,26.2,4,Declining,1.0
STU2164,6,13.796666666666669,7,7,127.6,78.9,58.0,64.6,64.4,36.6,3.6,61.4,2,Declining,0.0
STU2165,6,14.833333333333334,6,6,151.0,60.6,53.1,92.3,49.2,39.3,4.6,41.7,5,Stable,0.0
STU2166,6,12.833333333333334,6,6,135.7,66.3,61.2,71.0,45.1,52.6,5.1,71.1,5,Improving,0.0
STU2167,7,14.962857142857144,8,8,137.8,73.1,47.9,72.1,53.9,54.5,2.4,68.3,2,Stable,0.0
STU2168,4,12.0,5,8,117.3,75.0,60.5,45.2,64.0,59.3,5.5,94.1,7,Declining,0.0
STU2169,7,12.4,7,8,121.2,49.5,53.2,44.2,66.1,63.3,5.7,58.0,3,Declining,0.0
STU2170,6,15.571428571428571,6,7,129.3,56.6,58.9,58.6,52.1,69.5,5.4,53.6,5,Declining,0.0
STU2171,7,13.714285714285714,8,8,123.0,67.8,39.3,54.4,53.8,74.8,5.6,85.0,0,Declining,0.0
STU2172,6,13.142857142857142,6,9,140.0,75.6,49.2,49.1,59.8,66.9,3.5,25.4,3,Declining,0.0
STU2173,6,15.0,6,7,140.0,63.7,59.1,55.2,81.0,59.5,3.1,58.4,1,Stable,0.0
STU2174,1,13.0,5,6,144.6,68.8,45.4,48.2,48.8,52.4,3.5,44.8,3,Declining,1.0
STU2175,11,12.0,11,12,118.3,85.0,28.2,51.7,72.8,65.3,4.7,76.9,4,Stable,0.0
STU2176,0,0.0,0,0,153.6,55.1,20.2,45.9,42.5,13.7,1.2,76.6,6,Declining,0.0
STU2177,6,15.166666666666666,6,6,158.3,65.7,57.8,47.7,65.2,53.6,4.8,44.9,3,Declining,0.0
STU2178,4,12.0,6,9,100.0,68.7,67.9,52.3,63.3,29.9,5.3,67.1,4,Stable,1.0
STU2179,7,13.642857142857142,7,7,134.9,68.8,50.7,41.9,58.2,46.4,5.1,75.5,4,Declining,0.0
STU2180,6,12.666666666666666,6,8,142.0,68.3,46.1,56.2,54.8,36.1,3.9,72.3,3,Stable,0.0
STU2181,0,0.0,0,0,127.3,53.6,47.6,40.4,37.9,42.7,0.0,33.7,7,Declining,1.0
STU2182,5,10.8,6,8,116.5,62.6,49.7,41.0,56.4,58.8,1.8,60.1,4,Declining,0.0
STU2183,6,14.25,7,9,138.6,59.3,62.4,57.3,68.3,69.8,3.9,40.3,3,Stable,0.0
STU2184,12,12.153846153846152,14,22,133.0,75.8,55.3,60.7,74.4,48.6,5.4,88.4,6,Stable,1.0
STU2185,1,11.5,6,14,136.2,55.1,42.7,45.0,63.3,41.8,1.7,30.6,4,Declining,
STU2186,4,12.25,6,10,118.0,58.6,60.0,47.8,48.8,65.2,3.8,35.7,2,Stable,0.0
STU2187,6,12.0,6,8,126.8,56.4,59.5,59.8,48.9,47.2,4.7,47.6,5,Declining,
STU2188,8,13.40375,8,8,128.5,65.3,50.5,57.6,48.9,47.4,4.1,47.2,5,Stable,0.0
STU2189,6,11.333333333333334,6,15,129.9,66.5,38.4,66.4,56.6,62.3,3.1,59.1,1,Stable,0.0
STU2190,5,12.2,6,7,125.8,56.6,30.5,41.1,63.2,58.7,1.9,46.0,1,Declining,1.0
STU2191,0,0.0,0,0,129.3,52.9,16.6,35.7,34.3,49.5,2.9,17.0,6,Declining,
STU2192,0,0.0,7,0,124.7,56.3,27.4,30.6,38.2,43.8,1.2,13.2,5,Declining,1.0
STU2193,5,16.166666666666668,6,8,154.9,55.1,57.8,57.7,63.4,51.0,6.1,73.2,4,Declining,1.0
STU2194,3,11.0,5,10,127.3,57.8,28.3,54.5,48.6,66.9,3.7,55.6,4,Declining,
STU2195,0,0.0,0,0,129.0,69.4,15.8,23.8,38.1,48.6,2.4,10.5,7,Declining,0.0
STU2196,4,12.0,6,8,98.0,59.1,54.2,59.8,64.2,51.5,4.6,59.1,5,Declining,
STU2197,2,10.5,5,8,122.0,68.5,65.5,75.6,50.6,59.5,2.9,40.8,2,Declining,
STU2198,3,11.666666666666666,6,7,112.5,59.9,61.4,53.4,44.7,50.3,4.1,24.2,3,Stable,
STU2199,3,11.0,5,8,127.3,65.3,25.9,40.6,52.5,39.0,2.7,28.7,7,Declining,1.0
STU2200,0,0.0,7,18,100.5,50.4,42.4,37.2,46.7,41.8,1.3,48.8,6,Declining,1.0
STU2201,4,12.5,6,11,122.0,50.1,62.0,49.7,78.9,75.6,2.6,71.0,5,Stable,1.0
STU2202,7,11.294444444444444,7,11,140.0,62.9,46.2,47.1,70.4,66.5,3.3,63.4,7,Stable,0.0
STU2203,5,11.2,6,8,116.1,68.4,47.0,61.5,85.1,56.9,6.1,38.8,6,Declining,0.0
STU2204,0,0.0,0,0,130.0,60.4,39.0,16.1,29.3,27.2,0.9,37.7,6,Declining,1.0
STU2205,5,13.2,6,7,146.2,67.1,57.2,57.7,68.5,39.1,4.6,59.2,2,Declining,0.0
STU2206,6,14.142857142857142,7,12,180.0,61.3,58.3,72.3,72.2,52.6,3.8,17.6,6,Stable,
STU2207,0,0.0,5,0,127.8,62.4,43.7,52.7,40.3,30.7,0.6,38.7,8,Declining,1.0
STU2208,0,0.0,5,5,130.8,49.7,38.3,51.0,36.7,38.9,3.0,33.9,6,Declining,
STU2209,3,12.333333333333334,5,7,109.0,59.0,41.4,44.0,59.8,52.8,2.9,83.8,7,Stable,
STU2210,0,0.0,6,6,132.4,47.8,30.5,56.4,37.5,21.8,1.6,61.0,6,Declining,1.0
STU2211,7,13.1,8,8,129.3,63.7,43.8,60.6,44.7,44.9,5.3,53.1,4,Stable,0.0
STU2212,6,13.5,6,6,125.4,64.2,46.8,72.4,41.3,49.9,3.6,59.8,6,Stable,0.0
STU2213,5,10.2,5,7,130.2,66.6,55.6,64.9,37.4,56.2,3.8,50.4,5,Stable,
STU2214,5,11.571428571428571,6,10,132.0,54.5,41.2,57.3,56.1,58.1,3.7,43.6,5,Declining,1.0
STU2215,6,15.285714285714286,6,7,170.0,64.0,66.8,54.1,63.6,43.3,4.0,34.9,1,Declining,0.0
STU2216,5,12.6,6,9,130.2,59.4,39.3,82.6,44.6,38.4,2.2,41.6,5,Stable,
STU2217,6,13.433333333333332,7,11,115.5,70.5,55.5,34.7,60.9,43.5,5.0,47.3,3,Declining,0.0
STU2218,5,11.6,5,8,127.6,67.6,60.2,51.1,58.3,61.8,4.0,68.2,3,Declining,1.0
STU2219,6,14.666666666666666,6,6,140.0,59.0,58.7,39.5,59.8,49.4,5.0,57.6,4,Improving,0.0
STU2220,6,14.666666666666666,6,9,120.2,71.5,31.6,58.2,63.5,56.8,4.2,46.6,3,Declining,0.0
STU2221,7,12.742857142857144,8,8,150.0,66.5,54.5,60.2,58.1,59.7,5.3,42.8,5,Stable,0.0
STU2222,7,11.975,7,9,100.0,72.9,43.5,47.7,68.8,69.0,4.1,59.8,2,Declining,0.0
STU2223,4,12.25,5,9,100.0,59.9,34.2,46.2,59.6,37.4,5.3,45.3,2,Declining,
STU2224,0,0.0,0,0,128.0,59.7,37.7,22.2,27.5,52.6,0.9,14.2,6,Declining,1.0
STU2225,7,14.935714285714283,8,8,128.0,75.1,39.7,63.1,75.9,63.3,3.2,42.3,6,Stable,0.0
STU2226,2,10.5,6,16,107.2,64.1,50.8,45.3,41.9,70.0,5.6,73.6,4,Declining,1.0
STU2227,5,13.333333333333334,6,9,110.1,83.0,69.3,59.9,54.8,70.5,4.9,50.5,4,Declining,0.0
STU2228,0,0.0,6,6,119.0,59.5,39.5,32.6,66.3,40.2,4.3,47.7,5,Declining,1.0
STU2229,5,13.8,6,12,155.5,80.9,49.8,58.6,60.6,45.5,4.7,27.0,8,Stable,1.0
STU2230,6,11.833333333333334,6,6,118.4,85.8,49.0,62.8,46.0,60.8,3.4,69.0,6,Declining,0.0
STU2231,0,0.0,0,0,141.2,41.6,46.0,43.7,43.4,24.6,4.2,41.7,5,Declining,0.0
STU2232,0,0.0,0,0,119.1,64.2,31.3,40.5,45.2,40.6,0.0,43.4,6,Declining,1.0
STU2233,2,10.0,5,9,111.0,66.7,40.8,48.2,52.2,39.7,4.2,21.3,4,Declining,1.0
STU2234,4,11.5,6,10,138.6,66.7,38.4,58.3,47.9,48.7,0.6,49.9,7,Stable,1.0
STU2235,3,10.666666666666666,6,12,121.2,58.6,37.6,44.1,39.0,24.2,5.3,35.5,2,Stable,
STU2236,0,0.0,0,0,150.4,47.9,45.7,35.7,28.4,37.0,0.8,12.4,5,Declining,0.0
STU2237,4,12.75,6,10,117.8,57.0,44.8,57.8,46.1,54.0,3.4,22.6,6,Declining,
STU2238,0,0.0,6,7,102.5,73.5,42.7,57.5,53.9,32.6,1.0,15.2,8,Declining,1.0
STU2239,6,11.333333333333334,6,11,110.0,69.8,58.9,47.0,42.3,52.2,4.5,34.5,4,Declining,
STU2240,0,0.0,6,6,138.3,44.7,24.4,28.3,42.4,25.8,1.9,43.0,5,Declining,
STU2241,6,13.0,6,10,122.3,58.3,43.0,59.0,69.6,63.7,5.6,44.3,4,Stable,0.0
STU2242,4,10.75,5,7,127.8,47.8,55.4,66.0,58.5,50.9,2.7,45.6,5,Stable,
STU2243,5,12.0,5,8,100.0,74.9,52.2,63.3,68.0,79.4,2.3,68.7,7,Stable,
STU2244,7,13.462857142857144,7,7,126.4,67.6,51.2,56.6,50.4,58.6,3.5,55.5,5,Stable,0.0
STU2245,3,10.0,6,13,100.0,67.7,53.4,65.6,57.7,54.6,5.4,36.4,4,Declining,1.0
STU2246,6,12.333333333333334,6,6,117.1,65.9,63.5,32.7,66.1,47.7,5.1,54.9,5,Stable,0.0
STU2247,6,12.528571428571428,7,11,124.7,74.1,51.8,67.4,64.8,68.4,5.3,41.3,5,Declining,
STU2248,0,0.0,8,8,124.1,52.6,29.4,35.4,50.0,34.0,1.5,5.3,4,Declining,
STU2249,0,0.0,5,6,129.4,58.0,37.3,46.5,28.9,59.6,0.5,36.8,6,Declining,1.0
STU2250,5,13.6,5,5,138.9,68.1,41.8,66.5,61.3,73.7,5.5,61.6,4,Stable,0.0
STU2251,6,12.333333333333334,6,7,138.6,56.7,53.2,56.9,59.6,47.3,2.2,49.1,2,Stable,1.0
STU2252,10,11.454545454545457,13,16,133.9,63.0,55.6,59.5,56.8,53.9,4.3,55.5,3,Declining,1.0
STU2253,8,13.5,13,13,140.0,66.0,45.3,53.4,51.9,48.1,3.4,50.5,3,Declining,1.0
STU2254,0,0.0,5,5,95.1,58.1,30.9,59.0,45.2,22.7,2.2,54.2,5,Declining,1.0
STU2255,2,11.0,5,5,128.2,73.9,42.8,53.8,40.5,52.4,1.2,50.0,8,Stable,1.0
STU2256,6,13.714285714285714,6,9,121.5,67.9,61.8,58.7,51.7,54.8,5.0,52.1,4,Stable,1.0
STU2257,21,12.363636363636363,21,26,120.0,75.9,56.9,88.5,78.2,76.2,7.2,87.7,3,Improving,1.0
STU2258,3,10.666666666666666,7,13,130.0,66.4,38.7,45.4,62.4,49.9,4.7,63.8,5,Declining,
STU2259,2,12.0,6,9,120.0,62.5,43.6,48.1,56.5,60.7,2.1,54.1,4,Declining,1.0
STU2260,7,12.857142857142858,7,7,107.0,66.7,59.6,67.1,51.3,54.1,4.5,68.3,3,Declining,0.0
STU2261,6,13.125,6,10,116.1,78.9,61.4,76.9,44.6,52.1,3.8,61.9,6,Stable,
STU2262,0,0.0,5,6,114.4,53.8,39.0,39.4,33.0,39.9,2.1,31.9,8,Declining,1.0
STU2263,2,13.5,6,13,157.7,67.1,58.5,57.6,66.1,61.1,5.7,64.8,6,Stable,1.0
STU2264,11,15.090909090909092,11,14,150.0,66.0,73.2,43.2,63.5,56.2,4.2,48.3,3,Stable,1.0
STU2265,5,12.4,6,9,114.3,75.8,52.9,69.4,53.2,63.9,4.6,37.0,5,Declining,
STU2266,5,14.0,6,10,104.6,59.4,42.9,42.5,57.2,45.5,1.9,60.8,3,Stable,
STU2267,2,13.5,6,8,140.0,63.9,48.3,45.7,59.5,47.5,3.7,38.7,5,Declining,1.0
STU2268,0,0.0,5,5,109.1,63.4,19.4,41.0,30.4,16.3,3.2,43.3,4,Declining,1.0
STU2269,4,12.65,7,12,120.6,58.6,55.6,46.0,49.2,48.7,3.6,54.8,5,Declining,1.0
STU2270,0,0.0,5,7,161.9,62.6,30.2,15.8,47.4,25.5,2.9,62.5,8,Declining,1.0
STU2271,0,0.0,5,5,140.0,40.0,37.1,23.9,43.1,45.4,1.1,16.2,4,Declining,1.0
STU2272,6,13.333333333333334,6,8,178.0,57.9,51.5,56.7,66.6,60.5,3.4,67.3,7,Stable,0.0
STU2273,3,11.333333333333334,5,9,138.3,63.2,43.8,69.4,59.4,65.1,3.3,40.4,5,Declining,1.0
STU2274,0,0.0,6,0,128.0,74.3,37.7,55.0,32.3,57.9,1.3,34.4,5,Declining,1.0
STU2275,0,0.0,0,0,139.0,56.2,33.5,42.6,6.6,36.0,3.1,40.9,6,Declining,1.0
STU2276,3,11.666666666666666,5,7,113.2,65.3,40.8,53.3,53.9,41.6,4.8,53.8,7,Stable,1.0
STU2277,6,12.166666666666666,6,8,139.0,75.2,38.4,64.1,44.3,59.1,4.6,59.7,6,Stable,0.0
STU2278,6,13.333333333333334,6,7,110.0,57.9,56.6,71.3,60.5,49.6,0.9,59.5,6,Declining,0.0
STU2279,5,11.4,6,7,136.6,40.7,35.4,54.3,69.1,44.6,3.3,46.3,4,Declining,
STU2280,6,12.142857142857142,6,9,161.1,80.0,73.2,56.5,44.5,53.4,4.9,65.1,3,Stable,1.0
STU2281,17,13.058823529411764,18,36,130.0,80.5,81.5,71.5,74.0,59.9,5.2,85.0,3,Improving,0.0
STU2282,4,11.75,6,13,140.0,61.6,31.1,65.3,62.2,76.9,3.4,45.3,4,Stable,
STU2283,5,11.833333333333334,6,9,121.0,65.8,58.1,37.1,57.3,49.3,4.9,39.0,4,Stable,1.0
STU2284,10,12.4,11,14,118.6,77.5,69.8,59.3,62.0,57.3,5.5,62.3,3,Stable,0.0
STU2285,6,13.428571428571429,6,8,138.3,65.7,45.6,60.4,34.9,64.1,4.7,56.6,3,Stable,
STU2286,0,0.0,5,5,115.8,56.7,40.0,16.0,41.3,65.0,0.3,7.0,7,Declining,1.0
STU2287,5,11.0,5,5,160.0,80.8,47.8,63.3,52.6,48.6,2.2,52.5,3,Stable,0.0
STU2288,6,13.625,6,8,114.5,56.9,60.9,68.7,66.3,32.1,4.4,41.7,5,Stable,0.0
STU2289,4,11.8,5,6,117.5,68.6,43.9,28.9,62.2,50.3,1.1,20.2,4,Stable,
STU2290,0,0.0,5,5,121.7,45.7,47.9,33.8,35.6,18.2,4.1,36.9,6,Declining,1.0
STU2291,2,15.0,6,9,115.0,77.9,48.9,49.0,34.9,46.4,3.9,32.7,2,Declining,1.0
STU2292,5,10.8,6,9,125.3,67.1,45.9,42.0,37.1,69.7,2.8,68.9,5,Declining,0.0
STU2293,3,13.666666666666666,5,11,131.0,59.9,58.4,44.6,68.0,43.0,3.1,62.6,4,Declining,1.0
STU2294,6,12.833333333333334,6,8,126.3,54.4,62.9,48.8,54.4,41.4,5.3,56.5,2,Stable,0.0
STU2295,0,0.0,0,0,127.1,52.2,7.0,45.3,25.5,48.3,0.5,50.9,6,Declining,1.0
STU2296,6,15.125,6,8,138.4,69.2,19.2,72.0,43.7,53.1,1.8,69.8,3,Declining,0.0
STU2297,0,0.0,5,11,100.0,65.4,40.8,46.3,43.8,54.1,1.0,18.8,3,Declining,1.0
STU2298,5,11.4,6,10,126.2,56.5,42.4,42.4,54.8,49.0,4.1,65.7,5,Stable,0.0
STU2299,4,12.25,6,12,118.8,58.7,34.6,63.0,70.3,60.2,5.6,40.4,3,Stable,0.0
STU2300,0,0.0,6,0,124.5,51.0,30.5,45.2,39.2,19.5,3.5,43.8,7,Declining,1.0
STU2301,3,14.0,7,12,140.0,59.5,86.0,18.9,58.2,41.8,3.3,45.1,8,Declining,
STU2302,6,12.333333333333334,6,7,125.1,61.9,35.6,69.4,54.3,51.2,4.2,33.1,3,Declining,
STU2303,5,10.666666666666666,5,8,118.8,57.1,60.1,54.0,61.0,46.6,4.0,55.6,5,Stable,
STU2304,5,11.833333333333334,5,9,125.2,68.7,41.4,55.6,71.4,82.5,4.0,43.5,4,Declining,
STU2305,0,0.0,5,14,95.0,52.5,19.7,19.2,51.3,52.2,0.0,49.0,6,Declining,1.0
STU2306,6,11.666666666666666,6,6,107.6,65.6,43.5,73.2,73.8,64.6,3.4,70.7,2,Stable,
STU2307,2,13.0,5,7,140.0,66.5,31.6,55.7,57.5,48.7,4.5,22.3,5,Declining,1.0
STU2308,0,0.0,2,5,125.4,44.5,16.9,48.1,24.8,22.0,4.3,31.0,6,Declining,1.0
STU2309,0,0.0,8,8,128.0,60.5,27.5,23.3,32.8,59.2,2.6,41.4,9,Declining,1.0
STU2310,5,13.0,5,5,129.3,67.3,37.8,60.1,62.4,33.4,5.1,53.1,1,Stable,0.0
STU2311,6,13.857142857142858,6,7,152.0,68.6,51.1,62.2,53.4,48.0,5.0,55.9,3,Stable,0.0
STU2312,6,13.391666666666666,7,7,128.8,65.5,54.4,53.6,55.5,61.1,3.5,57.3,5,Declining,0.0
STU2313,4,12.75,5,7,152.8,62.9,40.7,37.6,45.4,83.4,2.1,26.2,6,Stable,1.0
STU2314,4,14.5,5,7,150.0,66.5,59.2,53.9,69.2,74.4,5.2,76.1,4,Stable,0.0
STU2315,6,12.166666666666666,6,7,112.0,66.7,43.4,42.9,69.9,60.8,6.0,61.8,6,Declining,0.0
STU2316,5,15.4,5,5,135.6,57.5,51.1,47.5,53.6,80.5,3.5,44.1,4,Stable,1.0
STU2317,2,13.333333333333334,5,9,134.4,77.1,23.2,66.1,50.4,45.3,5.0,37.7,5,Declining,1.0
STU2318,0,0.0,5,5,120.5,49.9,36.7,39.8,53.4,44.1,2.3,44.0,3,Declining,1.0
STU2319,0,0.0,6,0,141.4,55.5,62.0,37.0,50.5,55.5,0.3,33.9,7,Declining,1.0
STU2320,6,13.714285714285714,6,7,145.2,76.1,62.2,41.6,39.4,37.7,4.0,59.0,6,Stable,0.0
STU2321,4,12.25,6,7,140.0,62.1,47.7,52.2,59.9,56.3,3.0,58.0,3,Declining,1.0
STU2322,5,16.0,6,9,100.0,69.6,40.1,55.2,61.9,61.1,4.6,58.8,3,Declining,
STU2323,1,11.0,5,8,140.0,45.0,65.8,37.5,51.9,53.4,3.7,16.8,3,Declining,1.0
STU2324,7,14.085714285714284,7,7,126.0,51.7,51.9,69.9,48.0,43.1,3.3,49.0,5,Stable,
STU2325,6,10.166666666666666,6,9,112.6,64.8,41.9,65.5,44.8,57.3,2.1,58.4,4,Stable,0.0
STU2326,1,10.0,5,8,106.8,63.5,37.6,39.1,18.3,51.2,2.6,53.5,6,Declining,1.0
STU2327,0,0.0,5,10,121.6,64.8,61.4,44.2,34.8,32.8,4.0,24.9,6,Declining,
STU2328,2,10.5,5,10,120.0,69.4,45.6,27.8,31.0,58.6,1.9,45.5,5,Stable,1.0
STU2329,0,0.0,0,0,160.6,42.3,40.4,41.8,34.6,54.2,2.9,47.4,6,Declining,0.0
STU2330,0,0.0,6,6,130.0,65.7,33.5,48.3,44.8,30.4,2.8,52.3,6,Declining,1.0
STU2331,0,0.0,6,12,110.0,46.7,36.0,26.3,29.9,45.6,1.5,37.4,6,Declining,1.0
STU2332,0,0.0,6,8,110.0,62.7,31.1,39.4,54.4,55.7,1.1,44.9,7,Declining,1.0
STU2333,5,13.333333333333334,6,15,145.8,63.2,69.8,57.2,75.3,71.3,4.7,58.9,6,Stable,0.0
STU2334,0,0.0,0,0,130.2,76.7,35.5,72.7,42.4,36.1,2.0,40.6,7,Declining,1.0
STU2335,6,13.571428571428571,6,7,122.3,62.0,35.7,86.5,61.7,67.3,3.3,53.3,7,Stable,0.0
STU2336,6,12.833333333333334,6,6,125.4,65.6,56.5,58.7,38.7,50.8,4.4,43.4,2,Stable,0.0
STU2337,4,10.25,5,6,130.0,64.9,46.5,43.0,53.3,59.9,5.4,75.0,3,Stable,1.0
STU2338,0,0.0,6,6,150.0,53.7,40.5,41.8,26.7,30.0,3.6,58.2,8,Declining,1.0
STU2339,4,14.5,5,5,116.9,57.9,47.3,67.8,37.3,35.0,4.0,52.2,3,Declining,1.0
STU2340,5,15.8,5,6,114.7,84.9,46.9,36.3,43.7,61.6,0.0,60.5,6,Stable,
STU2341,0,0.0,6,0,95.8,50.1,45.7,12.9,38.5,48.6,1.7,32.6,5,Declining,1.0
STU2342,4,12.5,5,8,133.1,59.9,72.4,39.3,53.0,60.6,2.5,50.9,4,Declining,
STU2343,18,11.666666666666666,18,22,150.0,73.2,41.3,75.8,64.7,54.9,4.9,69.6,2,Improving,0.0
STU2344,4,13.0,5,6,118.5,66.7,51.2,63.1,41.9,22.5,3.3,67.9,4,Declining,0.0
STU2345,7,12.12142857142857,7,8,131.1,61.1,45.9,60.7,56.5,64.7,3.6,37.1,7,Declining,0.0
STU2346,9,14.22222222222222,11,15,150.3,77.2,46.0,73.2,52.5,76.0,5.7,50.1,6,Stable,0.0
STU2347,4,12.5,6,17,120.5,67.2,25.6,52.3,55.9,30.6,3.6,65.9,7,Improving,
STU2348,5,12.166666666666666,5,7,105.6,65.5,54.9,50.3,51.4,48.8,3.4,53.5,8,Declining,0.0
STU2349,0,0.0,6,0,125.3,59.5,29.2,42.6,22.0,26.8,2.6,49.4,5,Declining,1.0
STU2350,6,12.666666666666666,6,6,131.0,59.3,45.1,75.2,48.0,56.5,2.6,53.9,3,Declining,0.0
STU2351,7,13.614285714285714,8,8,127.0,62.7,68.1,61.6,62.0,71.4,3.7,60.8,4,Declining,0.0
STU2352,12,12.857142857142858,18,32,150.0,72.1,55.6,62.8,71.4,59.4,3.2,62.1,4,Stable,0.0
STU2353,4,14.0,5,7,149.2,73.2,45.4,59.0,42.1,47.0,4.5,72.5,2,Stable,0.0
STU2354,4,14.75,6,8,121.5,64.4,35.9,72.0,47.4,58.5,4.2,66.3,5,Declining,0.0
STU2355,0,0.0,6,0,137.3,52.5,24.1,33.7,35.5,12.5,4.5,13.7,4,Declining,1.0
STU2356,6,13.625,6,8,119.6,50.0,70.4,50.4,67.5,64.6,2.0,63.6,3,Improving,0.0
STU2357,0,0.0,0,0,141.5,49.5,42.3,32.3,44.7,50.7,3.2,46.2,7,Declining,0.0
STU2358,4,11.8,6,12,150.0,51.9,65.6,62.9,40.6,52.2,1.6,50.3,5,Declining,1.0
STU2359,6,15.125,6,8,110.0,56.5,43.9,47.7,61.8,50.5,2.9,66.4,4,Stable,0.0
STU2360,4,11.5,6,10,110.2,67.6,53.9,60.2,65.6,48.2,1.0,69.6,5,Declining,1.0
STU2361,1,10.0,5,12,110.3,88.9,58.6,31.4,52.0,44.9,3.3,43.8,6,Declining,
STU2362,0,0.0,4,8,120.0,57.4,43.2,36.1,33.3,38.4,2.5,37.4,5,Declining,1.0
STU2363,3,10.333333333333334,5,9,114.2,66.0,66.5,49.9,59.7,31.0,3.0,40.2,5,Stable,0.0
STU2364,0,0.0,5,9,140.0,49.8,41.2,60.8,43.0,44.2,0.0,40.5,6,Declining,
STU2365,4,12.0,6,9,132.8,56.5,49.8,64.5,50.7,47.4,3.0,36.3,5,Declining,
STU2366,6,13.833333333333334,6,6,121.5,83.2,24.4,51.4,64.6,54.7,4.1,64.2,6,Declining,0.0
STU2367,13,12.153846153846152,17,19,127.2,64.7,64.2,56.0,61.5,53.7,3.6,86.1,4,Stable,
STU2368,6,14.0,6,7,128.2,51.0,60.1,47.8,56.7,59.3,4.0,41.4,6,Stable,0.0
STU2369,6,16.5,6,8,133.4,70.4,68.9,44.7,66.5,72.8,5.5,77.7,3,Stable,
STU2370,1,18.0,5,11,120.0,63.3,43.0,74.9,50.6,56.9,3.3,53.9,4,Declining,1.0
STU2371,6,11.285714285714286,6,11,140.0,70.6,50.9,45.2,42.9,33.5,2.5,43.1,2,Stable,
STU2372,0,0.0,0,0,136.9,67.5,15.9,58.7,43.3,38.1,1.9,28.0,5,Declining,0.0
STU2373,0,0.0,0,0,117.0,58.0,15.6,39.2,55.6,40.5,4.2,31.6,5,Declining,
STU2374,5,14.0,6,10,110.7,68.5,58.7,54.5,32.8,53.7,4.6,48.6,5,Stable,
STU2375,4,13.75,5,13,160.0,71.5,67.1,56.1,62.3,44.6,2.1,70.8,3,Stable,
STU2376,4,13.25,6,9,95.0,87.2,66.5,68.4,54.5,52.3,5.4,48.2,3,Declining,1.0
STU2377,4,14.25,5,7,148.8,84.2,56.7,44.1,49.2,63.4,3.3,57.8,5,Stable,0.0
STU2378,0,0.0,5,9,110.0,53.4,60.9,45.4,34.7,35.7,1.9,64.8,3,Declining,1.0
STU2379,8,11.25,12,12,133.9,74.7,48.4,55.6,65.1,71.5,2.5,52.7,2,Declining,1.0
STU2380,6,13.5,6,7,125.7,81.0,63.3,60.3,62.4,46.5,4.1,47.2,3,Stable,0.0
STU2381,5,12.666666666666666,6,8,116.6,71.3,35.3,51.6,43.9,40.7,1.4,46.9,5,Declining,0.0
STU2382,6,15.166666666666666,6,6,141.0,67.0,16.0,52.4,59.7,52.7,2.7,72.9,3,Declining,0.0
STU2383,6,13.166666666666666,6,6,130.0,62.4,46.3,61.4,68.9,29.5,4.6,52.5,4,Declining,1.0
STU2384,10,11.8,12,20,130.0,70.1,55.1,42.9,66.1,58.0,4.5,63.7,5,Stable,
STU2385,4,11.5,5,10,115.8,55.6,52.4,69.3,36.3,47.6,2.7,40.0,5,Declining,
STU2386,6,14.5,6,6,140.0,74.3,51.0,57.5,62.6,63.2,3.8,50.8,7,Stable,0.0
STU2387,5,13.4,6,10,126.1,77.5,56.3,48.4,42.6,33.4,4.7,68.2,4,Stable,
STU2388,0,0.0,0,0,137.5,51.8,55.9,42.4,42.2,47.2,2.5,9.1,8,Declining,0.0
STU2389,4,10.8,5,8,120.8,60.5,57.5,43.3,44.7,52.6,4.3,22.5,5,Stable,1.0
STU2390,0,0.0,5,6,136.5,47.2,26.7,39.8,44.8,57.9,0.7,24.6,5,Declining,1.0
STU2391,6,11.428571428571429,10,23,122.0,70.9,23.0,57.2,49.5,52.9,3.2,49.1,3,Stable,1.0
STU2392,8,12.5,14,24,130.0,68.9,43.0,74.1,48.2,61.7,6.7,54.8,4,Stable,1.0
STU2393,2,13.5,5,11,126.3,53.2,65.8,56.0,56.2,59.3,3.2,46.8,2,Stable,
STU2394,0,0.0,6,6,98.0,78.9,29.9,25.5,42.0,14.4,1.5,32.2,6,Declining,1.0
STU2395,5,12.75,5,8,121.0,51.6,59.3,61.1,62.6,66.4,3.9,46.2,4,Declining,0.0
STU2396,3,11.333333333333334,6,17,124.2,53.2,57.3,61.3,47.7,50.1,3.9,70.7,6,Declining,
STU2397,0,0.0,6,8,130.0,63.3,35.5,19.9,25.9,23.9,0.9,44.8,5,Declining,1.0
STU2398,5,11.4,6,9,136.1,70.4,49.1,38.9,60.3,51.3,0.7,49.3,5,Declining,
STU2399,6,14.428571428571429,6,7,132.8,61.5,45.3,80.4,70.7,69.1,3.6,68.8,3,Declining,0.0
STU2400,7,12.492857142857144,7,9,126.3,60.7,79.6,51.9,50.1,50.5,4.0,15.8,5,Declining,0.0
STU2401,4,11.5,8,10,111.5,68.4,38.1,48.9,57.8,52.8,1.5,55.3,7,Stable,1.0
STU2402,5,11.2,5,7,118.2,67.8,63.2,52.3,50.0,27.7,4.0,63.3,3,Declining,0.0
STU2403,3,12.0,5,9,115.6,58.7,58.9,44.3,71.7,40.8,4.0,40.9,5,Declining,1.0
STU2404,7,15.885714285714286,8,8,117.8,76.6,62.9,37.2,53.0,65.6,5.4,66.1,8,Declining,0.0
STU2405,4,12.94,7,12,127.0,70.3,49.6,40.6,53.8,65.7,2.5,42.7,3,Stable,1.0
STU2406,6,14.0,6,6,140.0,77.5,35.0,48.1,35.6,57.1,4.4,59.5,2,Stable,0.0
STU2407,0,0.0,0,0,106.0,54.6,21.2,32.0,55.7,45.0,2.7,11.2,6,Declining,0.0
STU2408,0,0.0,7,7,151.0,62.2,26.8,29.8,35.6,34.2,3.9,45.7,4,Declining,1.0
STU2409,0,0.0,5,0,106.4,53.2,39.4,20.1,53.0,38.2,3.0,30.8,7,Declining,1.0
STU2410,4,11.25,5,8,125.3,68.7,59.7,45.4,45.8,38.4,4.8,53.0,6,Declining,1.0
STU2411,0,0.0,5,5,130.0,58.4,39.5,52.1,39.9,32.8,2.3,30.7,4,Declining,1.0
STU2412,4,11.25,6,13,116.0,71.7,52.9,44.7,45.3,51.5,3.1,66.8,2,Stable,1.0
STU2413,3,10.666666666666666,5,11,120.0,67.9,60.7,49.0,42.3,31.5,5.0,52.1,6,Stable,
STU2414,5,11.8,6,9,100.0,50.2,25.4,70.8,50.9,81.2,2.2,65.6,7,Stable,0.0
STU2415,8,11.625,10,19,118.5,63.0,28.0,49.2,55.9,47.7,6.0,48.6,3,Declining,0.0
STU2416,0,0.0,6,11,118.9,56.8,18.1,76.3,37.8,42.1,3.1,41.5,8,Declining,1.0
STU2417,4,10.25,6,8,119.3,67.5,59.3,61.9,36.5,35.3,3.1,72.0,7,Stable,1.0
STU2418,15,10.8,15,16,135.8,77.9,35.3,63.3,64.5,24.5,2.8,87.6,4,Improving,0.0
STU2419,11,12.545454545454543,12,15,130.0,74.2,57.1,57.3,40.2,79.3,4.4,22.0,4,Stable,0.0
STU2420,7,13.571428571428571,7,7,129.8,61.7,42.5,72.5,53.0,55.9,3.3,57.8,5,Declining,
STU2421,0,0.0,6,0,150.0,62.3,36.9,29.7,24.2,11.9,0.1,8.6,7,Declining,1.0
STU2422,0,0.0,5,5,111.9,49.0,34.1,33.6,49.7,26.4,1.4,26.0,3,Declining,1.0
STU2423,6,14.77777777777778,6,9,150.1,77.7,56.9,76.2,69.1,80.4,5.2,47.7,4,Stable,0.0
STU2424,0,0.0,3,4,130.0,66.0,30.8,34.1,46.5,44.3,2.1,40.6,4,Declining,1.0
STU2425,0,0.0,2,2,128.0,55.1,43.8,32.7,35.5,7.3,1.7,29.1,5,Declining,1.0
STU2426,0,0.0,4,4,102.5,50.2,53.2,30.7,33.1,32.4,0.2,20.5,6,Declining,1.0
STU2427,0,0.0,5,10,102.5,50.4,51.7,16.3,38.8,37.2,1.9,40.7,6,Declining,1.0
STU2428,5,11.4,5,5,110.0,56.0,45.2,64.8,52.4,57.9,5.5,34.6,4,Stable,0.0
STU2429,6,11.666666666666666,9,13,114.0,58.9,41.5,54.4,59.8,53.6,3.9,41.7,4,Declining,1.0
STU2430,7,11.285714285714286,10,12,128.2,65.1,54.6,68.1,59.3,33.3,3.5,48.0,4,Stable,1.0
STU2431,4,11.5,6,12,116.5,60.4,73.6,50.8,32.8,44.3,4.5,47.5,4,Declining,0.0
STU2432,5,16.0,5,5,149.3,54.4,52.8,51.4,63.0,44.3,5.6,58.0,6,Stable,0.0
STU2433,6,12.5,6,6,134.1,62.1,61.6,46.6,58.5,62.4,5.5,55.6,5,Declining,1.0
STU2434,4,12.0,5,7,126.6,65.4,58.9,60.7,45.1,45.0,4.0,40.8,3,Declining,
STU2435,0,0.0,5,11,120.0,53.4,45.9,30.0,31.8,32.9,0.2,36.5,5,Declining,
STU2436,5,13.0,5,10,133.5,59.0,66.9,59.3,55.4,50.4,5.0,54.1,5,Declining,0.0
STU2437,13,13.714285714285714,18,27,110.0,53.7,45.9,65.2,65.6,52.6,4.5,66.4,3,Declining,0.0
STU2438,3,12.333333333333334,5,9,107.5,73.7,37.7,39.7,41.6,69.4,3.0,26.6,5,Declining,1.0
STU2439,11,12.727272727272728,17,31,130.0,71.2,60.4,57.4,62.6,74.6,3.6,70.4,3,Stable,1.0
STU2440,1,14.0,5,5,111.6,66.4,63.1,51.4,53.7,64.4,4.1,57.0,5,Stable,1.0
STU2441,0,0.0,5,0,101.0,56.4,49.7,34.3,48.6,23.2,3.1,41.7,8,Declining,1.0
STU2442,5,11.4,6,8,108.3,69.0,49.5,75.8,52.3,56.3,2.9,52.6,5,Declining,
STU2443,0,0.0,5,5,128.2,57.4,47.7,41.6,20.4,48.2,2.9,47.3,9,Declining,1.0
STU2444,6,18.875,6,8,150.0,70.6,52.1,57.8,62.2,46.4,5.8,67.0,3,Stable,0.0
STU2445,0,0.0,6,12,142.8,62.3,26.9,35.4,24.7,25.6,2.6,26.4,4,Declining,1.0
STU2446,6,11.333333333333334,7,15,100.0,74.1,36.0,52.1,46.5,41.9,3.9,51.8,5,Stable,
STU2447,7,13.5,7,9,150.0,78.5,52.0,49.4,43.1,37.9,3.9,46.5,4,Improving,1.0
STU2448,2,15.0,11,12,156.5,59.0,46.9,44.2,59.2,65.5,3.0,36.8,4,Stable,0.0
STU2449,0,0.0,5,10,98.6,58.0,48.5,46.7,30.5,50.9,3.1,42.7,6,Declining,1.0
STU2450,9,14.22222222222222,9,9,130.0,56.2,62.8,77.5,68.7,53.7,5.7,54.4,2,Declining,1.0
STU2451,0,0.0,0,0,118.1,51.1,35.7,32.6,28.4,37.2,2.2,40.5,3,Declining,
STU2452,4,12.0,7,14,120.0,63.8,51.3,58.7,33.7,44.4,3.2,78.9,5,Declining,1.0
STU2453,5,12.6,5,9,127.7,71.7,46.2,46.2,50.9,80.9,4.4,67.4,2,Declining,0.0
STU2454,12,15.083333333333334,12,12,130.0,70.6,38.4,64.0,48.7,55.9,3.7,48.7,2,Stable,
STU2455,0,0.0,5,5,147.7,60.9,21.6,23.0,53.8,32.4,3.6,22.7,6,Declining,1.0
STU2456,6,14.5,6,8,170.0,64.6,62.9,46.2,49.6,53.7,5.4,63.4,4,Declining,0.0
STU2457,6,14.5,6,6,110.2,62.5,51.5,45.5,67.7,39.2,4.6,60.7,5,Declining,0.0
STU2458,3,10.0,5,12,146.4,57.1,32.0,49.0,48.3,53.1,2.9,67.0,6,Stable,
STU2459,0,0.0,5,0,121.0,60.5,51.4,24.0,43.6,55.1,1.8,24.7,6,Declining,1.0
STU2460,5,11.6,5,5,129.9,61.8,70.1,25.9,47.8,49.7,1.6,30.9,5,Declining,0.0
STU2461,4,11.75,6,10,132.0,45.4,64.2,36.3,76.9,61.4,2.7,35.9,3,Declining,1.0
STU2462,0,0.0,6,0,125.9,60.1,40.1,35.9,28.5,14.5,2.9,48.0,5,Declining,1.0
STU2463,0,0.0,0,0,165.7,47.6,38.4,28.5,9.5,26.6,1.1,32.6,11,Declining,1.0
STU2464,0,0.0,6,7,122.7,57.2,35.8,32.1,43.5,40.1,5.0,44.1,6,Declining,1.0
STU2465,4,11.25,5,7,141.4,55.2,50.9,55.1,42.1,28.8,2.9,43.6,6,Stable,1.0
STU2466,5,11.571428571428571,6,9,156.4,65.3,57.9,43.5,55.7,56.2,2.6,39.6,3,Stable,1.0
STU2467,4,10.0,5,7,148.5,40.6,56.3,49.9,50.7,46.3,3.8,57.2,6,Stable,
STU2468,5,13.833333333333334,6,11,140.0,66.4,58.0,81.2,50.3,57.9,4.4,33.6,4,Declining,
STU2469,4,12.75,6,6,131.7,58.0,10.7,48.4,49.3,49.2,5.3,57.5,4,Stable,1.0
STU2470,0,0.0,4,4,104.7,45.3,49.4,36.1,44.6,36.6,1.8,55.3,9,Declining,1.0
STU2471,5,11.6,6,13,150.0,71.8,53.4,58.5,50.6,21.6,2.7,17.6,7,Stable,
STU2472,0,0.0,5,5,110.0,54.6,19.5,28.9,39.1,25.6,1.4,17.1,6,Declining,1.0
STU2473,4,11.25,6,6,129.1,62.2,51.1,44.6,47.2,56.9,5.0,48.2,5,Stable,1.0
STU2474,0,0.0,6,0,120.0,49.2,38.6,36.9,56.3,21.0,4.0,23.2,5,Declining,1.0
STU2475,6,14.333333333333334,6,6,127.0,74.2,34.2,58.4,69.1,43.1,3.3,52.3,2,Declining,0.0
STU2476,0,0.0,6,7,151.5,52.2,28.3,27.9,26.2,33.7,1.9,64.7,6,Declining,1.0
STU2477,20,13.5,23,23,126.8,88.3,53.8,76.7,68.5,63.8,7.2,63.0,3,Improving,0.0
STU2478,6,12.666666666666666,6,8,140.8,76.1,40.3,73.5,46.9,62.4,4.8,49.6,6,Declining,
STU2479,7,12.444285714285714,7,7,125.6,78.1,59.3,32.5,43.1,57.1,3.2,38.6,5,Stable,0.0
STU2480,3,10.666666666666666,5,7,127.8,71.1,40.1,55.2,19.2,41.8,2.0,25.8,3,Declining,1.0
STU2481,0,0.0,0,0,120.0,50.1,36.1,36.9,36.7,17.4,1.2,36.7,3,Declining,
STU2482,6,12.666666666666666,6,6,131.3,66.5,60.5,51.1,52.3,90.2,4.8,28.0,4,Stable,0.0
STU2483,5,13.2,5,5,155.7,64.1,45.9,58.0,67.9,53.5,2.0,32.0,2,Stable,0.0
STU2484,10,12.7,12,20,128.5,76.5,66.6,76.8,70.3,69.7,4.7,60.4,3,Stable,0.0
STU2485,5,14.833333333333334,5,6,170.0,66.7,68.9,58.7,60.6,25.8,3.5,62.3,5,Declining,0.0
STU2486,4,11.5,10,10,100.0,62.8,59.7,64.1,60.3,47.1,2.7,36.4,5,Declining,1.0
STU2487,0,0.0,6,0,107.2,68.3,42.2,37.5,48.5,33.1,1.4,18.9,5,Declining,1.0
STU2488,0,0.0,5,0,139.3,52.4,45.3,42.4,44.9,32.4,3.0,5.5,7,Declining,1.0
STU2489,3,12.666666666666666,5,7,123.2,59.5,54.0,45.7,66.5,60.6,4.2,56.6,7,Declining,
STU2490,6,14.714285714285714,6,7,122.3,64.1,63.7,57.0,43.8,52.1,5.3,55.2,5,Declining,0.0
STU2491,3,13.666666666666666,6,11,127.9,74.0,36.6,50.4,49.0,47.5,2.7,51.0,5,Stable,
STU2492,5,10.8,5,9,120.3,66.3,48.8,54.0,46.8,51.5,1.6,29.9,4,Stable,
STU2493,4,10.5,8,13,128.5,68.1,53.9,32.3,47.1,51.5,3.8,61.1,5,Declining,1.0
STU2494,6,15.0,6,10,150.0,69.7,53.3,43.8,55.6,41.4,4.1,48.1,6,Declining,0.0
STU2495,6,12.666666666666666,6,6,136.1,48.6,81.7,68.9,71.1,65.4,3.2,65.6,4,Declining,0.0
STU2496,6,13.166666666666666,6,7,128.0,57.9,49.9,72.0,64.3,47.1,1.5,43.1,4,Declining,0.0
STU2497,0,0.0,0,0,158.1,52.8,13.6,17.2,52.2,36.8,3.0,34.9,8,Declining,0.0
STU2498,6,13.0,6,6,108.7,68.8,52.6,48.1,54.3,71.8,0.3,41.3,4,Stable,0.0
STU2499,0,0.0,0,0,110.0,47.1,44.9,29.0,38.8,72.9,2.8,44.4,7,Declining,1.0
STU2500,2,10.0,6,13,120.0,54.9,36.6,53.1,56.5,54.8,4.1,27.9,5,Declining,1.0
STU2501,6,13.333333333333334,6,7,150.0,64.1,51.9,54.4,59.8,33.3,4.6,57.7,5,Stable,0.0
STU2502,3,12.333333333333334,6,13,113.0,75.5,49.0,61.0,57.5,48.4,3.5,31.5,6,Stable,0.0
STU2503,20,13.181818181818182,21,23,118.6,58.9,66.0,53.5,91.4,88.2,2.8,65.9,4,Improving,0.0
STU2504,6,12.513333333333334,7,7,148.8,44.9,44.5,58.9,60.7,50.8,1.9,61.8,6,Declining,0.0
STU2505,0,0.0,6,0,120.3,68.9,48.2,34.0,32.1,48.0,1.0,12.9,8,Declining,1.0
STU2506,7,13.585714285714284,8,8,127.0,55.2,79.6,47.7,49.5,65.2,6.2,61.8,4,Stable,0.0
STU2507,7,11.155555555555557,7,9,113.8,62.9,41.6,60.0,63.3,45.2,5.0,63.6,2,Stable,0.0
STU2508,6,11.857142857142858,7,9,108.0,54.0,35.8,51.5,62.2,76.1,3.6,21.9,4,Stable,0.0
STU2509,0,0.0,0,0,129.1,52.6,29.7,36.8,49.8,43.1,1.2,37.1,10,Declining,0.0
STU2510,14,14.0,14,14,135.9,71.2,77.8,79.9,68.2,61.9,5.0,81.4,3,Improving,0.0
STU2511,5,12.0,6,8,154.4,78.2,47.4,54.4,43.4,50.5,4.7,39.5,2,Declining,1.0
STU2512,4,11.575,7,15,190.0,71.0,54.8,76.7,69.0,38.3,4.0,37.6,8,Stable,
STU2513,7,13.198571428571428,7,8,132.5,56.9,42.3,28.3,69.7,45.6,2.3,30.0,4,Declining,0.0
STU2514,6,13.5,6,10,163.3,51.7,74.4,55.8,52.1,42.5,5.7,39.5,3,Stable,0.0
STU2515,6,13.333333333333334,6,6,122.5,70.5,48.7,41.9,59.0,81.4,4.5,68.2,2,Stable,1.0
STU2516,4,14.25,5,10,121.0,62.1,54.8,43.7,56.8,66.2,3.2,46.2,4,Stable,
STU2517,6,12.166666666666666,6,7,131.8,60.1,41.8,46.5,50.9,41.2,4.2,59.4,5,Stable,0.0
STU2518,7,12.214285714285714,8,8,135.0,76.1,41.7,66.5,43.9,76.4,5.4,43.9,5,Stable,0.0
STU2519,6,12.666666666666666,6,8,141.7,52.3,51.9,50.1,60.8,70.2,4.3,50.9,6,Stable,0.0
STU2520,6,12.285714285714286,6,7,131.3,63.1,52.7,40.8,39.7,45.7,4.3,70.7,2,Stable,0.0
STU2521,6,13.0,6,7,123.9,71.4,62.4,63.0,49.2,60.3,5.7,73.0,2,Stable,0.0
STU2522,6,12.142857142857142,6,8,126.1,56.6,31.3,40.3,71.8,45.2,3.1,54.3,4,Declining,0.0
STU2523,7,13.875714285714285,7,8,126.5,77.9,42.4,76.9,60.9,67.9,2.9,52.0,6,Stable,0.0
STU2524,0,0.0,6,0,107.3,46.9,26.8,22.5,43.8,43.9,1.4,18.1,5,Declining,1.0
STU2525,6,11.666666666666666,6,12,95.0,65.6,53.2,51.3,51.9,48.5,4.9,64.3,1,Stable,1.0
STU2526,6,13.153846153846152,6,13,116.1,61.5,39.6,79.2,40.5,40.1,5.2,52.4,5,Stable,0.0
STU2527,6,14.5,6,6,134.6,45.2,52.0,52.3,60.3,54.2,4.2,73.7,0,Declining,1.0
STU2528,7,14.44142857142857,7,7,128.0,64.4,46.4,62.2,62.0,61.8,3.1,30.3,3,Stable,0.0
STU2529,6,15.166666666666666,6,6,144.2,73.8,52.1,55.4,64.6,71.1,6.2,48.5,5,Stable,0.0
STU2530,5,11.6,5,5,129.5,56.6,40.5,52.7,49.2,59.3,2.2,47.5,6,Stable,0.0
STU2531,6,11.666666666666666,6,6,116.8,60.5,38.7,44.0,50.0,63.9,3.2,58.8,2,Declining,0.0
STU2532,6,12.625,6,8,160.0,62.2,55.3,60.4,60.7,44.8,3.0,33.2,6,Stable,0.0
STU2533,3,12.666666666666666,6,14,127.1,69.5,63.6,69.2,41.0,28.5,5.0,48.3,6,Stable,0.0
STU2534,6,12.833333333333334,6,7,126.3,63.4,61.7,31.6,63.2,33.5,3.7,67.2,5,Declining,
STU2535,6,11.857142857142858,6,7,112.9,65.9,64.5,43.0,52.7,49.6,5.8,56.2,4,Declining,0.0
STU2536,5,11.4,6,8,130.2,65.3,64.8,46.4,56.3,42.8,4.6,55.1,5,Stable,
STU2537,5,14.857142857142858,5,10,100.0,63.0,51.3,45.6,79.3,53.5,2.9,42.1,3,Declining,
STU2538,6,14.714285714285714,6,7,121.6,80.9,76.0,64.2,53.7,64.1,3.7,51.4,6,Stable,0.0
STU2539,6,13.5,6,6,130.0,58.4,61.4,48.1,56.8,61.7,3.3,37.8,6,Declining,0.0
STU2540,4,11.5,5,7,121.7,70.0,37.7,53.1,52.8,23.0,5.2,64.0,4,Stable,0.0
STU2541,2,14.0,5,9,120.0,75.0,41.7,70.7,33.3,82.7,4.7,56.0,6,Declining,1.0
STU2542,6,12.833333333333334,7,8,143.5,65.3,53.9,33.6,61.3,58.7,2.0,54.7,6,Stable,1.0
STU2543,7,13.428571428571429,7,7,128.3,67.7,63.9,60.1,32.9,58.6,4.7,57.1,4,Stable,0.0
STU2544,0,0.0,6,0,111.9,59.2,32.3,36.5,47.6,36.2,1.9,48.2,3,Declining,1.0
STU2545,3,11.666666666666666,6,18,140.0,62.1,38.4,51.6,46.4,48.7,2.1,80.3,5,Declining,
STU2546,6,16.0,6,6,137.6,52.8,63.9,46.6,49.9,69.4,3.2,57.2,0,Stable,0.0
STU2547,6,13.833333333333334,6,6,135.0,64.8,39.2,51.1,55.3,42.8,3.7,54.8,7,Declining,0.0
STU2548,8,13.2325,8,9,133.8,81.0,58.0,57.2,43.9,59.7,1.5,61.7,5,Declining,0.0
STU2549,6,14.0,6,6,126.9,71.4,53.3,53.6,54.7,72.8,4.2,75.5,4,Stable,0.0
STU2550,2,10.0,6,14,106.7,63.7,31.1,58.5,39.9,51.6,3.5,57.9,6,Improving,1.0
STU2551,15,13.333333333333334,16,16,145.7,78.7,82.8,51.4,50.7,68.9,4.6,71.3,1,Stable,0.0
STU2552,6,12.5,6,6,153.1,64.9,51.7,37.8,52.5,36.6,3.9,63.6,6,Stable,
STU2553,6,12.5,6,6,118.7,66.3,37.3,30.4,66.9,63.3,3.6,58.3,5,Stable,0.0
STU2554,2,10.5,5,8,161.8,59.3,47.3,51.4,57.6,53.3,2.0,24.7,5,Declining,1.0
STU2555,3,10.666666666666666,5,11,124.9,67.6,27.4,60.2,46.2,49.1,2.7,63.6,4,Declining,
STU2556,4,10.5,5,9,150.8,59.8,52.9,37.5,50.4,59.3,2.6,36.2,4,Declining,
STU2557,4,12.0,5,10,130.0,62.5,60.3,37.8,47.9,38.3,4.4,48.7,5,Declining,0.0
STU2558,0,0.0,0,0,163.6,62.0,67.4,60.7,28.1,59.6,0.7,18.4,5,Declining,
STU2559,5,11.5,5,11,115.0,63.8,51.7,68.9,43.4,87.2,3.1,46.8,2,Stable,
STU2560,6,14.0,6,6,136.8,71.4,44.9,71.8,58.4,47.4,4.0,57.3,6,Stable,1.0
STU2561,6,13.5,6,7,130.9,71.9,55.0,59.7,48.3,68.4,2.1,73.7,5,Stable,0.0
STU2562,8,13.07375,8,8,127.0,67.1,71.3,65.5,56.3,54.0,3.6,49.1,2,Stable,0.0
STU2563,2,10.75,7,9,120.0,60.2,53.1,46.6,40.5,34.5,3.4,68.0,5,Declining,1.0
STU2564,1,12.0,6,11,126.0,52.8,57.5,33.4,59.1,65.3,3.6,22.7,5,Declining,
STU2565,6,14.0,6,6,153.8,58.1,61.9,39.3,62.2,51.2,4.4,35.2,3,Declining,0.0
STU2566,6,12.333333333333334,6,7,140.0,70.9,57.6,54.6,70.3,60.8,2.9,39.3,4,Declining,0.0
STU2567,7,13.464285714285714,7,7,136.6,72.0,36.5,67.4,69.9,78.0,2.7,65.9,4,Stable,0.0
STU2568,3,10.666666666666666,6,14,105.0,56.1,31.1,49.6,42.9,57.0,2.9,34.2,6,Stable,
STU2569,5,11.6,5,6,139.4,68.1,31.0,60.2,44.7,54.4,3.9,31.2,5,Stable,
STU2570,6,13.666666666666666,6,6,140.0,68.4,38.1,54.4,59.1,42.8,3.6,80.3,3,Stable,0.0
STU2571,8,14.4025,8,9,130.8,76.0,42.3,61.9,49.2,45.5,2.9,55.1,3,Stable,0.0
STU2572,7,15.46875,7,9,138.8,85.9,77.6,67.6,60.4,55.3,6.9,79.4,4,Stable,0.0
STU2573,6,12.625,6,8,110.0,70.9,43.4,70.9,51.6,49.3,2.9,68.0,1,Declining,0.0
STU2574,6,14.983333333333334,7,7,127.8,62.0,54.9,60.2,65.8,63.7,2.5,67.1,2,Declining,0.0
STU2575,6,15.0,6,6,134.2,73.4,50.7,79.9,66.0,42.3,3.2,73.7,4,Stable,0.0
STU2576,9,15.88888888888889,9,9,143.0,61.6,59.7,57.6,56.8,49.6,5.5,55.8,3,Improving,0.0
STU2577,4,11.5,6,14,120.0,82.9,51.0,69.0,35.2,50.3,4.4,32.9,6,Declining,1.0
STU2578,2,10.5,6,14,113.2,53.6,32.5,57.6,61.3,50.9,5.5,54.6,2,Declining,1.0
STU2579,6,13.983333333333334,7,7,135.8,70.4,60.1,33.9,49.8,55.4,2.8,48.6,3,Stable,0.0
STU2580,6,13.0,6,6,143.5,66.3,43.8,71.9,54.8,51.5,3.5,61.6,4,Stable,0.0
STU2581,6,13.666666666666666,6,6,148.9,63.4,43.9,44.5,54.2,44.9,5.2,66.9,4,Stable,0.0
STU2582,0,0.0,6,8,115.6,52.0,32.5,36.2,44.9,46.1,0.9,19.5,5,Declining,1.0
STU2583,5,14.4,5,5,159.3,77.3,61.8,65.6,49.0,68.1,5.3,43.9,3,Declining,0.0
STU2584,4,12.0,5,10,138.5,69.5,42.5,44.0,42.1,55.7,3.7,48.6,5,Declining,
STU2585,6,14.166666666666666,6,6,133.2,65.7,54.0,55.1,57.4,47.8,3.0,72.9,4,Stable,0.0
STU2586,5,12.2,6,8,117.6,79.3,55.5,61.6,62.2,29.7,1.7,39.2,4,Declining,0.0
STU2587,3,12.0,5,8,108.7,63.3,51.9,41.9,51.0,70.8,4.2,75.9,3,Declining,
STU2588,2,10.5,5,11,106.0,69.0,49.6,47.3,49.5,47.2,5.1,21.5,8,Declining,
STU2589,3,12.333333333333334,6,8,122.6,53.7,32.2,47.8,40.7,67.0,4.0,73.1,5,Declining,1.0
STU2590,5,12.2,6,7,127.4,55.1,52.1,65.1,59.0,72.2,4.2,54.3,7,Declining,
STU2591,0,0.0,6,6,100.0,61.3,24.9,57.7,46.7,48.5,2.4,39.2,5,Declining,1.0
STU2592,6,11.5,7,10,95.0,68.3,30.2,41.1,53.4,64.7,4.9,60.4,4,Declining,
STU2593,9,10.88888888888889,9,9,130.0,84.3,47.7,57.2,46.5,65.5,5.5,19.6,5,Stable,0.0
STU2594,6,12.166666666666666,7,12,122.8,60.8,45.9,48.9,56.1,51.3,0.4,48.6,4,Declining,1.0
STU2595,2,10.0,5,7,115.0,67.8,81.6,49.5,51.5,34.6,2.9,42.6,5,Stable,
STU2596,6,12.666666666666666,6,6,145.9,64.1,63.4,75.9,54.4,63.1,3.1,70.4,5,Improving,0.0
STU2597,5,11.4,6,9,143.0,71.9,59.6,57.7,42.7,33.8,3.9,49.0,4,Stable,1.0
STU2598,0,0.0,0,0,100.0,61.2,30.1,31.2,42.5,33.3,1.5,51.4,6,Declining,1.0
STU2599,2,13.0,5,14,121.3,64.6,47.5,36.3,54.7,44.0,4.2,76.9,6,Declining,
STU2600,5,13.4,6,8,121.2,60.2,82.6,66.7,59.0,60.5,4.3,61.1,3,Declining,
STU2601,6,13.5,6,6,125.1,63.9,44.7,49.8,54.1,57.0,1.6,56.1,7,Declining,1.0
STU2602,4,12.25,6,14,112.9,56.6,53.8,44.5,66.9,45.0,1.1,35.7,5,Stable,
STU2603,6,12.285714285714286,6,7,120.8,68.9,73.6,58.1,54.6,48.3,4.7,61.7,4,Declining,0.0
STU2604,0,0.0,5,12,114.0,40.0,28.1,46.7,55.6,63.2,1.2,27.9,7,Declining,1.0
STU2605,2,10.5,6,10,132.1,58.3,48.8,45.6,52.9,39.8,5.4,67.2,6,Declining,1.0
STU2606,3,14.0,5,12,160.0,73.0,50.9,42.7,42.7,50.8,4.8,29.8,5,Stable,0.0
STU2607,5,14.2,5,7,134.0,73.5,41.6,71.6,63.7,61.0,1.8,43.2,4,Stable,0.0
STU2608,5,13.0,6,8,124.2,53.0,60.7,62.6,50.9,54.1,2.9,66.1,2,Stable,1.0
STU2609,6,11.0,6,6,115.6,69.8,36.9,65.1,49.1,59.6,4.0,76.5,3,Stable,0.0
STU2610,3,11.0,8,9,128.2,54.6,57.4,46.8,62.0,63.4,2.9,58.7,5,Stable,1.0
STU2611,6,12.385714285714286,7,9,132.8,63.2,57.0,44.9,42.5,71.0,3.7,72.1,5,Declining,0.0
STU2612,4,14.75,6,12,123.1,72.8,63.3,49.2,38.1,54.9,2.6,56.6,4,Declining,0.0
STU2613,5,16.166666666666668,5,6,125.6,59.7,51.4,38.4,54.4,60.3,4.5,81.0,5,Declining,0.0
STU2614,0,0.0,5,7,115.0,67.1,40.7,35.0,43.9,41.5,2.1,35.6,6,Declining,1.0
STU2615,5,12.4,5,6,123.6,67.4,62.9,45.5,62.5,41.8,4.6,59.1,5,Declining,1.0
STU2616,5,11.6,6,8,141.7,68.8,33.3,52.3,55.0,54.5,3.6,54.1,8,Stable,1.0
STU2617,5,12.2,6,8,139.0,74.1,36.2,54.3,31.5,32.9,3.0,47.8,5,Stable,1.0
STU2618,5,11.0,6,7,118.0,71.8,56.5,53.6,43.2,56.1,3.8,56.6,4,Stable,0.0
STU2619,6,12.333333333333334,6,8,142.0,72.5,61.6,47.7,42.2,28.0,4.3,56.9,4,Stable,1.0
STU2620,6,14.833333333333334,6,6,143.4,62.1,55.1,42.2,37.6,43.4,4.1,62.3,5,Declining,0.0
STU2621,9,11.555555555555555,10,15,115.9,59.2,65.7,40.4,55.8,66.6,5.7,23.5,4,Declining,
STU2622,6,12.0,6,6,105.1,63.5,46.8,56.4,59.4,58.6,2.5,39.3,5,Declining,0.0
STU2623,11,12.727272727272728,13,13,138.0,73.5,72.3,61.7,69.3,58.4,5.5,52.5,5,Stable,0.0
STU2624,2,10.5,2,2,114.7,51.9,44.9,32.1,54.6,42.7,1.7,22.9,8,Declining,1.0
STU2625,6,12.333333333333334,6,6,130.5,70.6,42.0,71.5,49.0,42.9,4.6,38.7,5,Declining,0.0
STU2626,0,0.0,5,10,134.3,59.0,53.6,49.5,52.2,32.5,0.0,43.4,6,Declining,1.0
STU2627,7,14.842857142857143,7,7,137.5,66.5,64.4,45.2,55.2,64.4,3.8,61.5,4,Stable,0.0
STU2628,7,12.2,7,7,125.3,67.0,46.9,58.5,56.0,51.1,5.1,68.5,4,Declining,
STU2629,4,10.8,5,10,111.3,64.8,43.8,50.3,45.8,26.0,3.1,63.1,5,Declining,
STU2630,4,12.75,5,7,144.8,68.6,57.4,56.3,51.0,37.4,3.6,65.8,6,Stable,
STU2631,2,11.0,5,13,152.1,69.5,35.9,52.9,47.2,40.3,3.7,48.6,4,Declining,1.0
STU2632,4,10.75,6,9,126.1,87.2,52.6,59.8,38.4,47.7,0.7,69.4,3,Stable,1.0
STU2633,8,12.55375,8,9,136.0,68.9,51.7,74.5,63.0,52.0,4.4,47.2,4,Declining,0.0
STU2634,7,12.665714285714284,8,8,124.3,61.7,55.4,59.4,57.5,42.0,2.8,74.0,4,Stable,0.0
STU2635,6,12.714285714285714,6,10,129.9,51.3,28.0,61.7,63.3,61.5,5.0,67.1,6,Stable,
STU2636,2,11.75,7,7,136.1,52.1,36.7,68.2,44.1,26.0,3.2,57.3,4,Declining,1.0
STU2637,3,11.0,6,11,115.1,57.9,51.5,45.0,59.0,41.6,3.8,48.3,4,Declining,1.0
STU2638,0,0.0,0,0,143.6,60.5,47.6,26.8,24.3,47.4,0.5,20.5,5,Declining,0.0
STU2639,5,13.4,5,5,115.8,62.7,49.7,62.3,59.9,59.7,4.7,52.4,3,Declining,0.0
STU2640,17,12.578947368421051,17,21,149.0,77.2,72.0,51.7,72.0,61.2,5.1,45.7,2,Stable,0.0
STU2641,0,0.0,5,0,100.0,49.1,17.2,28.3,29.6,49.3,0.1,46.2,4,Declining,1.0
STU2642,6,12.0,6,8,133.4,69.6,46.0,72.5,65.8,56.4,3.2,45.3,1,Declining,0.0
STU2643,3,12.333333333333334,6,6,122.8,71.2,52.1,31.2,67.8,51.7,4.3,42.8,6,Stable,1.0
STU2644,4,11.5,5,11,151.2,61.6,49.0,56.3,47.3,58.9,3.7,22.9,5,Stable,1.0
STU2645,5,12.8,6,7,137.0,69.2,60.2,36.8,68.8,57.9,4.6,36.3,7,Stable,0.0
STU2646,0,0.0,0,0,118.0,51.5,31.9,42.9,23.0,54.0,1.5,69.9,4,Declining,1.0
STU2647,7,13.285714285714286,7,8,126.4,57.4,50.4,78.3,54.9,51.8,5.4,45.4,7,Declining,
STU2648,4,11.8,6,16,130.0,69.9,58.6,41.6,27.8,49.7,5.4,66.8,4,Declining,1.0
STU2649,6,11.333333333333334,13,13,112.5,69.4,45.2,29.4,64.1,55.9,1.7,33.3,2,Declining,1.0
STU2650,5,12.002,8,12,118.3,70.5,40.2,58.4,39.0,53.3,4.4,31.7,1,Declining,1.0
STU2651,5,13.976666666666668,7,10,121.4,74.3,58.1,48.0,36.0,76.6,5.7,53.2,3,Stable,
STU2652,5,15.2,6,10,140.0,65.3,41.9,54.3,59.1,61.6,4.6,55.8,5,Declining,1.0
STU2653,6,13.142857142857142,6,7,109.0,65.1,69.2,59.6,65.7,45.4,3.8,44.0,4,Declining,0.0
STU2654,0,0.0,5,14,110.0,54.1,15.0,46.9,37.8,22.1,0.6,32.8,5,Declining,1.0
STU2655,7,13.867142857142856,8,11,119.8,70.6,50.7,64.2,58.5,74.8,3.7,44.2,6,Improving,0.0
STU2656,6,12.675,8,11,130.0,65.5,71.9,55.1,73.1,49.8,3.3,71.6,4,Stable,0.0
STU2657,0,0.0,0,0,167.3,56.0,58.7,43.2,30.5,42.0,3.0,60.3,4,Declining,0.0
STU2658,6,12.0,6,6,111.9,60.0,50.0,51.8,44.5,52.8,4.9,67.3,6,Stable,
STU2659,0,0.0,0,0,136.0,46.8,48.2,34.1,50.9,47.7,1.7,9.6,4,Declining,1.0
STU2660,6,11.0,6,7,124.0,58.0,59.7,53.2,56.0,45.8,2.5,57.4,3,Declining,1.0
STU2661,4,10.75,5,11,132.9,67.7,43.2,59.0,66.8,52.6,0.9,40.2,4,Declining,1.0
STU2662,5,14.2,6,7,154.0,66.1,57.8,47.5,42.4,47.5,4.6,44.3,5,Declining,0.0
STU2663,4,12.6,7,11,115.0,61.5,40.3,56.2,36.0,86.0,4.3,61.6,3,Stable,1.0
STU2664,0,0.0,5,5,96.0,60.8,17.0,33.2,26.3,29.7,0.0,32.7,3,Declining,1.0
STU2665,5,14.0,5,6,168.2,77.9,58.0,46.1,62.1,60.5,4.4,54.4,3,Declining,0.0
STU2666,2,10.0,6,16,140.0,59.4,54.2,63.1,63.1,83.8,4.4,47.4,6,Stable,1.0
STU2667,6,13.833333333333334,6,6,137.4,58.1,38.4,60.1,66.4,67.6,0.6,40.1,4,Declining,0.0
STU2668,2,11.0,5,8,150.0,70.6,45.4,54.7,56.3,49.0,2.1,31.0,6,Stable,1.0
STU2669,7,11.635714285714286,8,8,100.5,66.4,37.7,43.6,67.6,55.8,6.8,48.4,5,Stable,
STU2670,4,12.25,6,6,148.5,63.3,44.0,49.6,46.9,41.9,3.6,46.6,4,Stable,1.0
STU2671,4,12.5,5,9,123.3,73.3,45.0,60.5,33.7,72.4,6.4,56.6,3,Stable,
STU2672,5,13.8,5,5,138.7,64.0,60.5,59.1,38.6,50.8,4.1,65.5,4,Stable,0.0
STU2673,3,12.0,6,8,117.2,67.4,42.8,82.6,37.7,50.0,4.8,45.8,5,Stable,1.0
STU2674,3,11.0,5,9,114.3,65.0,33.0,53.8,32.3,39.7,3.1,50.2,5,Declining,
STU2675,4,13.75,6,7,125.3,91.6,71.6,46.0,40.6,49.2,2.9,65.1,5,Declining,0.0
STU2676,6,10.666666666666666,6,6,97.0,63.9,55.9,47.8,44.1,52.8,1.7,46.2,4,Declining,
STU2677,0,0.0,7,7,140.0,63.2,46.8,28.8,47.0,52.1,2.7,37.9,6,Declining,1.0
STU2678,5,13.833333333333334,5,6,124.0,64.2,59.1,47.0,57.8,56.8,2.8,55.6,3,Stable,0.0
STU2679,0,0.0,6,6,140.0,59.2,47.2,40.1,55.9,52.0,0.9,26.4,4,Declining,
STU2680,5,15.8,5,5,127.0,65.6,58.5,50.7,43.8,27.6,2.1,35.3,5,Stable,0.0
STU2681,12,12.52608695652174,14,26,110.0,77.9,65.3,78.8,65.7,77.9,4.8,48.8,2,Stable,0.0
STU2682,6,12.783333333333331,7,9,170.0,65.7,53.7,65.8,68.5,38.0,4.8,68.5,1,Improving,1.0
STU2683,0,0.0,5,5,120.0,59.5,30.5,49.1,35.6,47.9,1.8,6.8,5,Declining,1.0
STU2684,3,13.0,5,8,130.0,58.7,60.3,49.6,48.6,14.4,3.2,76.2,5,Declining,0.0
STU2685,0,0.0,6,8,130.0,49.4,33.0,50.2,54.9,39.9,4.0,21.5,6,Declining,1.0
STU2686,5,10.8,5,7,122.5,49.5,50.8,64.7,49.2,62.8,1.7,22.7,3,Declining,
STU2687,5,11.0,5,7,115.7,67.6,54.0,71.7,67.3,41.5,5.8,41.3,6,Stable,
STU2688,0,0.0,4,4,120.0,50.2,41.1,32.1,25.7,39.0,0.4,0.0,6,Declining,1.0
STU2689,0,0.0,5,7,166.0,73.3,23.9,39.2,57.1,50.1,2.0,5.8,8,Declining,
STU2690,2,12.0,6,10,132.8,60.1,50.7,42.2,64.3,59.2,3.9,49.1,4,Stable,1.0
STU2691,4,10.75,5,7,100.0,74.0,36.2,83.2,42.4,31.9,4.7,24.5,5,Declining,1.0
STU2692,5,11.6,5,8,121.8,74.3,52.3,50.8,50.4,64.2,1.8,27.6,3,Declining,0.0
STU2693,5,11.8,5,6,109.5,63.1,59.4,68.4,41.0,72.6,3.9,50.9,0,Improving,0.0
STU2694,6,16.0,6,7,138.3,62.2,76.2,59.5,52.5,70.9,3.4,57.2,4,Stable,0.0
STU2695,6,12.666666666666666,6,6,131.6,65.0,58.6,65.2,39.2,38.8,5.0,59.7,2,Declining,0.0
STU2696,4,14.4,7,12,125.3,75.6,62.6,55.1,37.6,41.1,3.2,56.5,5,Stable,
STU2697,0,0.0,6,6,101.5,73.9,22.8,50.0,28.3,39.8,0.0,30.3,7,Declining,1.0
STU2698,4,12.25,6,11,109.1,55.3,56.8,56.6,64.0,59.3,4.1,59.0,5,Stable,
STU2699,5,12.6,7,9,123.9,65.9,37.8,74.7,35.8,63.6,3.8,65.2,3,Stable,1.0
STU2700,7,13.4,8,8,143.0,62.5,67.9,60.1,70.1,45.7,6.2,55.5,4,Declining,0.0
STU2701,0,0.0,0,0,126.3,52.1,22.2,29.3,49.1,37.1,3.2,37.6,7,Declining,1.0
STU2702,1,10.0,6,9,113.3,75.7,33.8,54.8,62.6,38.0,2.1,4.8,5,Declining,1.0
STU2703,0,0.0,5,5,119.9,49.3,44.8,38.9,44.1,26.6,3.2,24.4,5,Declining,1.0
STU2704,3,11.25,6,16,140.0,51.7,69.5,40.5,69.3,56.3,3.7,70.7,2,Declining,1.0
STU2705,0,0.0,5,10,108.0,57.6,49.2,44.1,27.0,38.5,3.0,23.5,6,Declining,
STU2706,3,10.666666666666666,5,8,100.0,66.5,43.4,43.3,65.0,55.3,2.5,54.4,5,Declining,1.0
STU2707,4,11.75,5,7,132.4,61.2,37.4,49.5,83.1,44.5,3.1,52.6,5,Declining,0.0
STU2708,0,0.0,5,5,137.1,50.0,30.6,39.2,38.0,46.7,2.9,21.5,6,Declining,1.0
STU2709,6,12.666666666666666,6,6,138.1,67.4,53.2,30.3,54.3,40.0,4.7,59.0,4,Stable,0.0
STU2710,7,11.95,7,14,130.0,56.3,52.2,51.0,46.9,49.5,1.5,47.3,4,Stable,
STU2711,5,14.0,6,7,109.7,69.7,39.7,66.1,55.8,40.6,4.6,45.3,4,Stable,0.0
STU2712,0,0.0,6,6,128.2,52.8,51.3,36.6,42.7,42.3,1.1,23.6,10,Declining,1.0
STU2713,2,11.5,5,11,117.8,74.7,63.7,28.2,27.9,71.9,3.7,34.2,4,Stable,1.0
STU2714,6,12.0,6,10,150.0,68.7,74.3,53.7,61.0,58.0,1.9,37.2,4,Stable,0.0
STU2715,6,16.428571428571427,6,7,160.0,67.1,35.0,63.7,68.8,55.4,5.3,49.2,5,Improving,1.0
STU2716,5,13.336000000000002,7,9,104.5,64.4,42.1,51.2,46.1,51.3,4.7,53.4,5,Stable,0.0
STU2717,0,0.0,7,7,112.8,40.2,39.1,35.9,36.7,32.0,1.1,25.7,6,Declining,
STU2718,7,14.666666666666666,7,9,100.0,67.1,54.7,52.3,65.9,69.6,4.7,49.5,3,Declining,0.0
STU2719,7,14.115714285714288,8,8,132.5,66.1,48.6,64.5,47.6,60.7,4.1,93.8,2,Stable,0.0
STU2720,6,14.857142857142858,6,7,123.3,67.8,43.4,46.8,64.0,35.3,4.8,65.7,4,Stable,0.0
STU2721,6,13.833333333333334,6,7,128.9,65.3,40.8,62.3,58.7,67.7,2.3,28.9,4,Stable,0.0
STU2722,3,11.0,5,10,128.3,75.3,72.6,48.1,75.1,39.9,2.0,51.5,4,Declining,
STU2723,4,11.75,6,11,100.0,62.8,32.8,68.0,52.0,44.1,2.8,54.2,6,Stable,
STU2724,2,10.0,5,15,120.1,56.5,28.6,44.5,45.6,54.3,3.3,99.1,6,Declining,1.0
STU2725,6,12.415,8,15,160.0,53.6,38.5,42.5,58.3,47.4,5.9,58.8,6,Declining,0.0
STU2726,1,11.0,5,12,123.0,59.3,49.2,57.3,51.7,76.0,3.5,77.4,3,Declining,
STU2727,5,14.428571428571429,6,14,150.0,58.9,50.2,62.4,72.7,52.4,5.2,48.6,6,Stable,0.0
STU2728,7,14.312857142857142,8,8,124.0,57.4,59.2,62.1,72.9,63.5,3.1,43.9,1,Declining,0.0
STU2729,6,15.428571428571429,6,8,120.0,65.4,45.8,67.4,49.8,37.4,3.5,38.3,4,Stable,
STU2730,4,12.0,5,9,120.4,74.0,50.9,40.8,51.3,44.4,2.8,63.0,6,Declining,0.0
STU2731,6,13.833333333333334,6,7,131.6,74.3,53.8,46.3,48.9,53.0,3.7,40.0,2,Stable,0.0
STU2732,6,12.166666666666666,6,6,104.2,55.6,70.1,70.1,45.7,65.1,4.6,41.9,2,Declining,0.0
STU2733,7,14.014285714285714,8,8,122.0,67.9,75.3,62.2,24.2,42.8,3.7,63.0,4,Stable,
STU2734,2,10.333333333333334,6,15,110.7,66.8,45.8,45.1,68.1,64.2,3.0,41.9,7,Stable,
STU2735,5,13.2,6,7,121.7,70.6,61.7,33.2,47.9,54.8,4.5,54.1,7,Declining,0.0
STU2736,6,15.4,7,7,126.0,80.6,56.0,42.2,52.5,59.7,3.5,36.6,6,Declining,0.0
STU2737,7,13.385714285714286,7,7,128.4,57.8,62.5,44.8,83.9,46.1,3.1,18.6,2,Declining,0.0
STU2738,6,10.857142857142858,6,13,134.9,58.7,55.8,47.5,48.0,41.5,3.4,70.9,4,Declining,1.0
STU2739,5,11.333333333333334,5,11,143.9,60.0,59.3,57.1,51.9,26.3,5.9,68.0,8,Declining,0.0
STU2740,4,14.5,5,7,145.0,69.0,61.8,38.2,57.4,57.1,4.9,48.4,6,Stable,0.0
STU2741,6,14.166666666666666,6,6,132.0,45.2,58.0,49.6,59.3,62.2,6.3,55.5,2,Declining,0.0
STU2742,6,12.833333333333334,6,7,136.1,64.5,53.6,39.8,48.9,49.5,2.3,38.5,5,Stable,0.0
STU2743,6,13.333333333333334,6,7,138.9,52.3,64.9,50.3,66.7,35.2,4.4,49.2,3,Declining,0.0
STU2744,6,13.666666666666666,6,7,102.0,66.7,51.0,84.3,57.3,47.8,3.5,89.9,4,Improving,0.0
STU2745,6,10.833333333333334,6,6,123.0,81.6,43.2,67.4,54.6,56.6,3.3,77.1,5,Declining,1.0
STU2746,6,13.428571428571429,6,7,137.5,73.8,33.8,62.3,48.8,56.5,2.1,57.5,4,Stable,0.0
STU2747,7,12.401428571428571,7,7,102.2,56.8,57.6,49.2,54.2,62.4,5.5,24.7,3,Declining,
STU2748,0,0.0,6,8,105.3,52.5,44.5,26.3,50.8,19.7,0.2,39.4,7,Declining,1.0
STU2749,0,0.0,4,4,130.0,48.3,14.9,37.6,50.3,33.7,3.1,26.8,7,Declining,1.0
STU2750,4,11.5,5,9,122.5,75.0,42.0,33.8,48.5,50.2,3.1,43.0,5,Declining,1.0
STU2751,0,0.0,5,8,112.0,40.0,45.2,47.0,33.3,46.7,1.0,31.5,9,Declining,1.0
STU2752,6,14.142857142857142,6,8,110.0,63.6,51.5,53.8,65.0,47.7,2.9,83.2,4,Improving,0.0
STU2753,0,0.0,6,6,149.5,50.0,36.6,38.6,43.8,45.3,2.2,33.4,6,Declining,1.0
STU2754,10,13.8,10,12,141.0,60.3,67.9,40.0,68.3,47.1,4.0,74.3,3,Stable,0.0
STU2755,10,13.6,10,10,130.0,82.6,55.2,60.1,49.4,60.7,4.4,65.1,2,Declining,1.0
STU2756,15,11.733333333333333,16,23,130.0,60.0,65.8,61.4,63.1,59.0,2.5,70.9,1,Stable,0.0
STU2757,1,10.0,5,8,104.0,52.4,32.4,36.9,58.0,43.5,0.7,53.9,6,Declining,1.0
STU2758,0,0.0,6,19,110.0,69.7,42.1,43.5,35.4,69.6,0.1,27.6,5,Declining,1.0
STU2759,0,0.0,6,6,120.0,54.8,19.8,34.1,59.7,34.8,3.1,10.9,10,Declining,
STU2760,4,10.8,6,12,130.0,63.1,33.7,55.8,69.0,46.2,5.3,73.0,3,Stable,
STU2761,6,13.046666666666669,7,8,127.0,61.5,46.2,62.7,53.3,37.0,3.6,30.2,3,Stable,1.0
STU2762,8,11.0,9,13,100.0,67.0,59.6,43.0,54.1,66.7,4.9,58.5,4,Stable,
STU2763,3,12.333333333333334,6,10,111.0,61.2,50.0,53.7,56.0,44.9,4.0,76.5,3,Declining,
STU2764,10,11.8,11,16,130.0,63.1,46.4,60.0,60.3,57.1,5.7,63.1,1,Stable,0.0
STU2765,3,11.0,5,8,130.1,52.4,58.5,65.9,63.7,40.0,4.9,56.4,6,Declining,
STU2766,8,13.11,8,8,127.5,68.0,57.9,67.2,48.1,60.8,2.6,64.5,1,Stable,0.0
STU2767,7,14.414285714285716,8,8,130.0,63.1,66.8,53.1,48.4,67.2,4.4,73.3,4,Improving,0.0
STU2768,0,0.0,5,5,115.0,51.7,25.1,33.6,43.4,54.4,3.1,51.4,6,Declining,1.0
STU2769,5,12.333333333333334,5,8,126.8,70.8,68.0,55.6,59.0,51.4,4.8,29.7,6,Declining,0.0
STU2770,0,0.0,7,9,116.7,51.9,55.3,25.9,40.8,32.1,3.1,51.6,7,Declining,1.0
STU2771,7,14.1,7,9,128.5,66.9,65.1,45.5,66.0,48.0,4.1,54.7,8,Stable,0.0
STU2772,8,13.045,8,8,127.5,81.1,59.9,51.4,70.6,56.0,4.9,44.0,3,Declining,0.0
STU2773,5,12.858,8,10,117.5,69.1,57.5,26.0,62.2,56.5,2.1,36.0,2,Improving,
STU2774,8,14.2525,8,8,148.8,64.0,59.0,46.1,61.5,63.2,2.6,60.6,8,Stable,0.0
STU2775,5,14.06,7,9,120.2,57.8,35.9,51.4,53.3,44.1,5.7,44.9,4,Declining,
STU2776,7,15.075714285714286,8,8,127.3,67.2,47.7,90.9,58.4,58.1,5.5,57.6,2,Stable,0.0
STU2777,0,0.0,0,0,136.1,61.3,33.8,30.3,26.3,25.8,3.9,30.0,4,Declining,
STU2778,4,13.75,5,5,122.4,60.7,38.3,61.6,42.0,51.1,3.6,55.3,4,Declining,
STU2779,17,13.15,17,28,130.0,74.6,82.1,65.5,79.2,82.6,4.1,81.8,2,Improving,0.0
STU2780,5,12.333333333333334,6,9,121.7,60.7,57.0,59.2,71.7,50.2,3.5,69.0,3,Declining,0.0
STU2781,7,13.778571428571428,7,8,122.7,64.2,75.1,43.8,43.0,44.9,6.4,72.4,1,Stable,0.0
STU2782,3,10.333333333333334,6,12,129.2,53.5,57.5,32.5,57.0,54.4,2.4,70.1,4,Declining,1.0
STU2783,3,11.333333333333334,6,11,105.0,65.8,31.9,68.2,36.9,61.5,3.3,44.4,5,Declining,
STU2784,5,13.2,6,7,129.9,66.6,67.1,38.4,71.0,44.1,5.3,40.9,3,Stable,
STU2785,6,13.571428571428571,6,8,136.3,78.1,47.3,73.5,55.6,38.3,4.1,52.4,3,Stable,0.0
STU2786,11,12.75,11,14,114.9,70.2,73.6,55.8,85.0,49.0,4.0,52.3,3,Improving,0.0
STU2787,3,13.0,6,11,102.0,58.8,68.2,43.2,47.1,46.8,4.6,30.4,4,Stable,1.0
STU2788,3,11.333333333333334,5,7,111.3,74.8,64.3,44.9,46.5,68.4,2.9,43.6,7,Declining,
STU2789,0,0.0,6,12,130.9,58.6,49.7,59.0,45.6,22.8,2.8,42.7,6,Declining,1.0
STU2790,0,0.0,0,0,100.0,56.0,40.2,29.6,49.0,17.7,0.0,48.2,4,Declining,1.0
STU2791,2,12.5,5,7,112.9,63.2,48.1,46.6,59.9,53.6,1.4,46.2,4,Declining,1.0
STU2792,6,14.857142857142858,6,7,112.7,68.1,76.3,68.3,66.3,46.9,3.8,71.1,4,Declining,0.0
STU2793,8,12.0,9,13,143.0,60.1,57.2,62.6,54.5,43.7,5.7,55.3,2,Stable,0.0
STU2794,0,0.0,0,0,155.1,53.8,30.4,62.9,49.9,45.8,1.8,0.0,5,Declining,0.0
STU2795,0,0.0,5,5,127.6,53.2,41.1,52.7,62.9,39.8,2.0,10.6,5,Declining,
STU2796,7,12.828571428571427,7,8,146.6,69.3,66.7,47.6,64.0,66.8,4.3,60.1,4,Declining,0.0
STU2797,0,0.0,7,0,141.0,63.4,48.3,53.6,31.8,46.8,1.5,2.8,5,Declining,1.0
STU2798,6,13.333333333333334,6,6,120.6,73.6,39.2,32.2,59.6,39.6,2.0,32.9,2,Stable,0.0
STU2799,14,13.072857142857144,14,20,110.0,75.9,74.0,73.3,43.6,42.1,5.7,41.8,2,Stable,0.0
STU2800,5,12.0,7,13,108.6,51.5,59.6,46.4,61.5,66.6,4.1,48.6,4,Declining,1.0
STU2801,6,15.5,6,6,134.9,63.6,49.9,64.2,40.2,54.3,4.5,58.9,5,Stable,0.0
STU2802,0,0.0,6,6,120.0,40.5,26.0,62.5,48.0,75.0,0.8,5.6,4,Declining,1.0
STU2803,6,14.714285714285714,6,7,141.3,75.4,70.7,36.5,56.1,66.9,5.9,66.0,3,Stable,0.0
STU2804,6,16.714285714285715,6,7,135.6,66.9,73.5,69.3,68.0,73.3,3.7,57.1,2,Stable,0.0
STU2805,6,10.857142857142858,6,9,121.5,63.7,69.4,63.7,54.4,41.2,5.5,31.0,2,Declining,0.0
STU2806,6,11.658333333333331,7,8,125.0,59.7,35.4,62.0,68.5,52.0,1.3,52.1,0,Declining,0.0
STU2807,5,11.6,6,8,119.1,74.7,47.7,41.4,59.2,61.9,3.2,38.9,5,Declining,0.0
STU2808,6,14.625,6,8,126.6,67.6,54.3,55.5,67.5,54.3,5.9,43.2,4,Declining,
STU2809,6,12.166666666666666,6,6,116.7,64.3,69.3,42.7,50.6,53.8,3.6,32.6,5,Declining,0.0
STU2810,4,13.375,7,12,120.1,66.4,61.1,59.6,50.2,56.2,0.9,51.6,5,Stable,
STU2811,6,12.5,6,6,124.9,67.1,48.8,38.9,40.7,44.7,2.7,48.2,3,Declining,0.0
STU2812,5,12.56,7,8,114.0,64.0,53.0,48.8,42.9,42.3,4.1,47.4,3,Stable,1.0
STU2813,7,13.19,7,7,131.1,76.6,61.7,63.7,57.1,52.7,5.7,52.2,6,Declining,0.0
STU2814,3,11.0,6,11,129.3,73.4,57.4,42.6,52.6,45.6,3.1,51.4,5,Stable,0.0
STU2815,0,0.0,0,0,129.7,55.2,55.2,33.2,44.0,27.5,3.3,27.0,6,Declining,0.0
STU2816,5,11.6,6,11,120.8,58.6,68.1,42.8,47.0,51.1,4.2,21.0,3,Stable,0.0
STU2817,6,14.266666666666666,7,7,135.0,69.1,68.1,59.2,57.8,39.3,3.5,53.4,4,Stable,0.0
STU2818,4,11.0,5,6,117.8,58.7,39.4,49.9,65.5,59.8,4.4,33.5,5,Declining,
STU2819,9,12.666666666666666,10,11,130.0,79.2,46.6,49.2,62.1,63.7,5.4,73.5,3,Stable,0.0
STU2820,0,0.0,6,6,117.6,67.6,24.0,31.3,41.2,47.0,1.8,37.6,6,Declining,
STU2821,7,12.771428571428572,8,11,130.8,72.4,58.4,58.3,59.2,45.1,3.2,69.3,5,Stable,0.0
STU2822,0,0.0,5,12,111.9,46.4,31.2,27.1,54.0,28.1,0.3,24.2,6,Declining,1.0
STU2823,6,15.5,6,6,145.9,63.4,61.2,56.5,58.7,71.6,4.6,68.7,5,Stable,0.0
STU2824,6,13.285714285714286,6,7,109.1,64.4,61.2,55.7,50.2,51.8,3.2,36.3,5,Stable,
STU2825,5,11.716666666666669,7,11,120.3,58.2,53.7,55.6,48.9,59.5,4.4,50.7,6,Stable,
STU2826,6,11.333333333333334,6,8,113.5,62.6,61.7,47.5,48.6,39.0,4.1,37.4,3,Stable,1.0
STU2827,6,13.333333333333334,6,6,135.4,67.8,44.8,62.5,49.6,50.6,4.3,61.9,5,Declining,0.0
STU2828,4,12.333333333333334,5,13,130.2,69.1,33.3,65.2,61.9,67.0,3.5,76.7,5,Stable,0.0
STU2829,6,12.333333333333334,6,6,136.4,75.7,43.3,62.2,71.6,54.9,2.3,57.1,5,Declining,
STU2830,0,0.0,0,0,126.9,54.3,45.4,40.5,35.9,35.0,2.6,7.6,6,Declining,1.0
STU2831,5,12.6,5,8,119.8,62.7,73.5,36.9,45.2,59.8,4.8,41.2,5,Stable,0.0
STU2832,5,12.6,5,5,124.4,54.5,68.7,73.7,41.2,56.3,6.5,96.7,3,Stable,
STU2833,6,14.333333333333334,6,10,120.0,69.7,51.6,57.4,73.8,80.4,3.4,67.2,5,Declining,
STU2834,3,12.0,5,8,111.8,60.0,60.7,55.6,61.9,51.4,2.3,36.8,6,Stable,
STU2835,6,14.857142857142858,6,7,130.0,65.2,37.4,48.2,49.8,63.2,2.7,68.6,6,Stable,0.0
STU2836,12,11.916666666666666,15,17,138.0,65.2,76.9,58.3,61.7,57.7,4.5,62.3,3,Stable,0.0
STU2837,0,0.0,5,5,114.6,50.7,42.5,52.9,54.7,26.8,3.0,70.4,9,Declining,1.0
STU2838,3,13.333333333333334,5,12,108.0,70.5,60.5,62.9,53.2,57.5,4.8,51.7,4,Declining,
STU2839,0,0.0,5,5,140.0,54.5,13.3,35.0,49.3,21.1,4.0,27.2,7,Declining,1.0
STU2840,6,17.0,6,6,134.7,80.5,61.3,76.6,56.5,68.8,4.7,56.0,4,Improving,0.0
STU2841,3,11.666666666666666,6,13,110.0,55.0,71.9,40.2,49.7,35.5,2.1,43.2,6,Declining,
STU2842,19,12.210526315789474,19,24,104.8,84.6,69.3,48.1,40.4,55.6,5.6,59.6,3,Stable,0.0
STU2843,6,13.0,6,8,126.5,62.0,51.7,32.1,51.3,42.5,1.4,36.1,3,Stable,0.0
STU2844,0,0.0,5,0,118.1,54.0,32.5,47.5,34.6,45.5,1.6,22.8,8,Declining,1.0
STU2845,2,10.5,5,9,119.9,66.3,38.8,41.5,55.7,35.6,2.8,57.3,4,Declining,
STU2846,6,13.571428571428571,6,7,160.0,74.4,54.2,53.9,58.1,60.5,4.5,49.6,5,Declining,0.0
STU2847,1,14.0,3,7,100.5,72.1,34.6,64.7,54.1,42.6,4.0,39.5,2,Declining,1.0
STU2848,0,0.0,5,5,110.0,63.3,41.7,42.7,50.2,37.3,1.2,11.1,7,Declining,1.0
STU2849,13,12.461538461538462,15,20,100.0,69.2,73.6,48.4,38.5,54.6,3.9,73.4,0,Improving,1.0
STU2850,4,14.4,6,8,140.0,80.1,47.1,74.2,54.3,81.5,3.9,76.4,3,Stable,0.0
STU2851,0,0.0,6,6,109.0,60.0,41.1,35.4,29.1,18.9,2.7,18.5,4,Declining,1.0
STU2852,6,14.333333333333334,6,6,120.9,43.0,52.9,55.3,43.5,60.7,4.9,44.5,2,Stable,0.0
STU2853,11,11.909090909090908,13,21,125.8,70.0,62.9,52.1,57.2,59.0,3.9,46.3,3,Declining,0.0
STU2854,6,13.714285714285714,6,8,161.2,63.5,64.4,42.4,56.1,45.3,3.9,66.1,3,Stable,0.0
STU2855,0,0.0,7,0,122.0,52.2,40.6,40.8,45.0,42.7,0.7,45.6,7,Declining,1.0
STU2856,5,13.46,7,10,127.9,71.1,63.0,37.8,59.5,42.4,2.7,55.0,4,Declining,1.0
STU2857,6,15.0,6,6,135.8,69.5,60.5,55.6,48.3,42.5,1.7,37.0,4,Improving,0.0
STU2858,0,0.0,0,0,149.7,49.3,46.0,57.0,38.0,24.2,1.2,35.9,5,Declining,1.0
STU2859,5,13.4,6,7,137.3,77.7,56.0,63.6,69.1,54.4,5.4,55.6,5,Stable,0.0
STU2860,5,13.0,6,9,106.0,55.4,56.1,57.0,70.8,46.2,5.5,57.0,4,Declining,
STU2861,4,11.25,6,13,110.0,53.7,58.7,39.6,50.1,41.4,4.3,34.1,5,Stable,0.0
STU2862,5,12.6,5,5,146.4,56.4,50.3,52.9,54.8,56.7,4.9,34.1,5,Stable,0.0
STU2863,6,12.666666666666666,6,8,121.0,69.5,58.0,45.4,46.1,66.8,4.9,28.3,5,Improving,0.0
STU2864,21,12.333333333333334,21,23,125.2,78.9,56.8,87.2,78.6,50.8,5.8,89.8,3,Improving,0.0
STU2865,5,12.0,6,11,119.6,58.8,29.8,48.3,77.4,56.9,0.9,69.1,4,Stable,1.0
STU2866,5,16.4,5,5,142.8,62.4,55.5,47.3,51.3,61.8,6.8,30.7,6,Declining,0.0
STU2867,0,0.0,1,1,123.5,54.7,26.2,35.5,51.9,53.4,1.8,18.2,6,Declining,1.0
STU2868,6,12.75,6,10,100.0,57.7,76.1,46.0,62.8,50.7,3.7,41.2,3,Declining,0.0
STU2869,4,14.5,5,14,140.0,72.8,43.6,58.5,54.0,73.0,5.7,67.2,5,Declining,
STU2870,5,14.8,5,5,150.3,78.8,62.2,77.3,48.5,61.3,4.1,54.5,6,Stable,0.0
STU2871,17,10.36842105263158,17,22,128.2,71.0,53.7,64.7,88.5,40.3,8.0,88.7,3,Stable,0.0
STU2872,0,0.0,7,0,114.3,57.5,35.3,26.9,47.7,41.6,1.0,25.6,7,Declining,1.0
STU2873,6,10.666666666666666,10,15,117.3,66.4,38.5,52.4,64.1,53.0,5.1,31.7,5,Improving,
STU2874,13,12.692307692307692,15,21,120.0,82.3,46.0,47.7,60.1,73.1,4.5,52.3,3,Stable,0.0
STU2875,0,0.0,5,0,110.7,70.2,39.0,72.5,40.6,52.2,2.1,16.3,4,Declining,1.0
STU2876,15,11.8,15,15,118.0,68.5,55.8,84.7,50.1,49.7,3.7,79.2,2,Stable,
STU2877,0,0.0,7,7,169.2,55.6,45.5,54.0,48.5,49.9,1.4,60.2,5,Declining,1.0
STU2878,5,12.333333333333334,6,9,106.8,72.2,66.5,63.0,50.4,51.4,5.3,58.6,4,Stable,
STU2879,11,13.0,12,18,100.0,72.8,39.5,59.1,50.2,51.0,5.2,50.3,2,Stable,1.0
STU2880,4,12.5,6,13,144.5,57.9,64.0,52.1,45.5,70.2,4.3,55.0,1,Declining,1.0
STU2881,5,12.2,6,8,134.5,50.7,39.2,51.1,78.1,46.9,1.8,26.5,4,Declining,0.0
STU2882,8,11.0,10,15,114.3,62.1,49.4,84.9,53.3,55.5,2.1,51.5,4,Declining,
STU2883,1,10.0,5,14,113.4,64.8,29.5,47.0,53.7,47.7,2.1,20.0,6,Declining,1.0
STU2884,6,12.333333333333334,6,7,128.0,62.6,35.1,47.8,42.7,59.6,3.4,59.3,7,Declining,0.0
STU2885,13,14.307692307692308,13,13,120.0,63.0,36.8,61.9,60.5,77.3,4.7,61.0,1,Improving,0.0
STU2886,11,14.454545454545457,11,13,147.5,65.7,53.7,67.7,47.2,79.3,5.0,73.7,4,Improving,0.0
STU2887,5,11.0,5,6,120.7,78.9,50.1,10.6,56.5,62.3,4.8,60.3,8,Stable,0.0
STU2888,6,13.142857142857142,6,8,153.7,57.2,47.9,60.1,46.3,33.9,5.7,44.8,2,Stable,0.0
STU2889,6,13.75,6,8,121.9,64.1,31.4,25.4,63.9,72.2,4.2,69.0,3,Declining,0.0
STU2890,6,14.0,6,6,119.4,62.4,29.3,73.4,37.9,61.8,3.0,35.9,5,Stable,0.0
STU2891,8,13.75,8,13,157.8,83.9,55.5,37.7,51.8,70.2,5.1,96.7,4,Declining,0.0
STU2892,0,0.0,5,5,154.0,43.4,45.2,29.1,52.4,35.1,2.3,10.9,6,Declining,1.0
STU2893,6,13.166666666666666,6,6,135.9,59.8,55.1,32.1,70.5,53.8,4.5,64.0,5,Improving,0.0
STU2894,9,12.444444444444445,12,12,130.0,68.5,77.4,79.6,57.8,68.0,5.7,75.3,5,Stable,1.0
STU2895,6,12.666666666666666,6,7,118.9,67.2,51.4,54.7,51.1,77.8,3.4,55.1,5,Stable,0.0
STU2896,6,11.333333333333334,6,7,152.4,74.1,54.5,80.4,55.1,55.0,5.5,35.4,5,Declining,0.0
STU2897,4,11.25,5,9,147.8,72.3,48.9,76.1,73.1,36.3,1.9,37.3,3,Declining,
STU2898,7,13.6125,7,8,100.0,61.5,44.2,71.6,53.9,62.5,4.9,39.5,5,Stable,0.0
STU2899,7,12.414285714285716,8,8,129.0,68.9,50.6,38.8,55.7,52.2,3.2,53.4,6,Stable,0.0
STU2900,0,0.0,0,0,148.9,53.3,45.1,40.0,29.5,25.3,2.3,41.9,8,Declining,0.0
STU2901,11,11.5,12,21,120.0,65.9,67.8,76.7,53.0,57.2,4.9,66.9,4,Stable,
STU2902,0,0.0,5,5,170.0,63.3,40.0,43.4,45.1,44.4,1.7,31.8,9,Declining,1.0
STU2903,7,11.0,7,10,130.0,67.9,70.7,50.3,63.8,66.3,3.1,31.4,4,Stable,0.0
STU2904,6,14.0,6,6,119.2,79.3,58.3,60.0,58.8,48.8,3.0,79.2,6,Declining,0.0
STU2905,4,12.0,6,13,129.0,68.8,54.3,58.8,62.0,47.1,4.1,47.9,7,Declining,1.0
STU2906,6,12.5,6,7,132.5,73.2,69.7,36.9,44.8,52.3,4.6,46.5,4,Declining,0.0
STU2907,6,11.333333333333334,6,8,115.0,43.5,42.3,47.0,43.1,73.9,5.9,54.6,6,Declining,0.0
STU2908,6,14.066666666666668,7,7,128.0,67.4,70.1,63.8,63.9,70.9,3.7,29.1,2,Stable,0.0
STU2909,8,13.555555555555555,9,14,125.1,71.7,43.6,68.8,53.3,63.8,2.4,56.2,2,Stable,0.0
STU2910,5,11.6,6,13,140.0,69.5,47.8,56.9,42.4,59.2,4.3,48.1,3,Stable,1.0
STU2911,0,0.0,6,0,120.9,67.1,13.0,33.1,42.0,34.2,0.0,27.4,3,Declining,1.0
STU2912,8,13.27625,8,8,135.3,72.5,57.2,54.9,57.9,65.2,6.1,73.9,3,Declining,0.0
STU2913,0,0.0,6,0,125.2,45.0,50.9,28.9,38.1,26.1,2.9,11.2,6,Declining,1.0
STU2914,6,14.375,6,8,135.7,71.3,42.1,55.1,72.2,60.9,2.8,53.9,3,Stable,0.0
STU2915,0,0.0,5,0,110.0,61.4,31.6,48.2,58.7,13.6,0.1,20.8,4,Stable,1.0
STU2916,6,10.666666666666666,6,7,119.0,60.0,47.5,82.3,63.1,32.4,2.6,47.0,1,Stable,
STU2917,12,13.416666666666666,13,19,110.0,67.7,56.8,48.0,66.0,37.6,5.4,75.1,2,Stable,0.0
STU2918,6,12.97166666666667,7,9,115.2,72.6,39.8,70.6,69.2,76.8,3.0,51.2,3,Declining,0.0
STU2919,14,10.928571428571429,15,16,112.9,70.5,59.1,66.2,62.6,58.2,5.5,57.4,6,Improving,1.0
STU2920,0,0.0,6,6,119.4,64.1,54.7,19.7,38.9,22.6,3.2,0.0,6,Declining,1.0
STU2921,0,0.0,0,0,152.9,56.3,29.0,36.8,34.2,67.2,1.3,41.8,9,Declining,0.0
STU2922,4,13.25,6,6,117.5,47.6,53.2,51.2,45.9,43.1,4.8,26.2,3,Declining,
STU2923,6,11.333333333333334,6,14,98.5,66.4,54.4,54.7,64.2,59.9,5.3,45.3,6,Declining,1.0
STU2924,1,11.0,5,6,108.0,58.9,41.2,61.5,34.7,38.8,3.9,31.7,5,Stable,1.0
STU2925,7,12.757142857142856,8,9,120.0,71.7,56.4,79.8,50.1,64.4,4.7,19.9,3,Stable,0.0
STU2926,6,14.5,6,6,150.2,70.3,48.6,71.7,52.6,54.8,3.3,56.3,4,Stable,0.0
STU2927,6,13.833333333333334,6,6,139.2,59.0,57.6,58.2,41.6,45.5,6.4,47.2,4,Declining,0.0
STU2928,4,11.25,5,8,130.0,65.7,48.2,55.9,48.6,35.1,2.4,56.4,4,Stable,0.0
STU2929,0,0.0,0,0,115.7,59.1,18.1,62.9,40.9,29.5,1.5,38.2,4,Declining,1.0
STU2930,1,13.67,8,10,127.0,67.5,27.2,39.1,62.5,38.8,4.7,57.6,7,Stable,
STU2931,0,0.0,5,9,118.1,63.5,10.7,54.3,36.1,18.1,1.7,39.4,7,Declining,1.0
STU2932,1,13.0,5,10,119.1,55.4,43.3,37.4,52.8,59.1,3.1,55.0,3,Declining,1.0
STU2933,0,0.0,5,5,111.9,54.0,45.7,20.4,25.7,52.1,0.4,45.3,7,Declining,1.0
STU2934,7,11.971428571428572,8,12,130.5,48.9,44.1,63.4,43.7,46.5,3.4,59.2,3,Stable,0.0
STU2935,0,0.0,6,12,135.0,65.4,33.8,19.9,22.6,14.7,5.1,35.6,8,Declining,1.0
STU2936,1,16.0,6,11,130.0,66.4,43.0,49.2,63.9,57.2,3.3,48.6,4,Stable,1.0
STU2937,0,0.0,6,0,150.0,54.1,25.0,54.5,36.7,39.9,3.5,33.9,6,Declining,1.0
STU2938,4,12.75,6,9,150.2,64.3,76.9,42.5,55.9,40.4,3.1,58.4,3,Declining,1.0
STU2939,4,11.0,5,9,127.1,68.2,39.4,73.6,57.7,50.3,2.3,56.0,5,Declining,
STU2940,0,0.0,2,2,107.5,63.5,19.1,11.2,48.4,5.2,1.1,27.7,6,Declining,1.0
STU2941,5,12.2,6,7,130.0,63.0,39.8,66.1,73.9,52.6,4.6,82.6,6,Declining,0.0
STU2942,7,12.428571428571429,7,9,152.8,70.1,53.7,39.2,55.4,52.8,1.4,76.7,4,Declining,
STU2943,12,14.5,12,12,160.1,74.4,52.4,60.0,54.5,76.6,6.7,50.1,7,Stable,0.0
STU2944,6,13.0,12,13,140.0,49.4,56.4,58.6,63.0,57.8,4.6,53.9,4,Stable,0.0
STU2945,7,11.714285714285714,7,7,110.7,60.6,43.1,51.5,78.6,54.8,3.4,76.7,3,Declining,0.0
STU2946,4,10.25,7,12,138.3,67.7,41.8,48.7,46.9,74.5,2.6,35.1,3,Declining,1.0
STU2947,0,0.0,6,0,150.0,64.9,26.5,20.6,32.1,28.5,1.4,11.5,5,Declining,1.0
STU2948,6,12.375,6,9,112.3,77.1,50.8,71.8,29.4,35.8,5.3,92.6,3,Declining,0.0
STU2949,6,12.666666666666666,6,6,122.0,56.3,60.2,39.9,34.1,64.5,2.0,44.9,6,Declining,0.0
STU2950,3,10.5,6,13,141.7,71.9,58.1,36.5,66.0,63.0,3.4,17.4,4,Declining,1.0
STU2951,6,14.125,6,11,118.4,75.7,70.5,55.5,54.8,68.2,5.4,42.5,4,Stable,0.0
STU2952,6,14.666666666666666,6,7,128.7,70.6,37.7,48.1,45.0,52.5,1.6,48.2,2,Declining,0.0
STU2953,5,11.4,5,8,100.0,48.9,37.6,63.1,53.4,43.5,2.9,62.2,4,Declining,
STU2954,0,0.0,0,0,100.8,50.7,24.0,31.6,66.0,23.1,0.2,30.5,2,Declining,1.0
STU2955,6,14.0,6,7,125.5,67.8,52.9,55.9,56.0,44.1,2.4,32.7,5,Stable,0.0
STU2956,0,0.0,0,0,124.0,53.1,22.1,39.4,59.1,19.9,2.3,0.0,5,Declining,0.0
STU2957,0,0.0,7,7,130.0,40.0,27.8,50.7,31.6,33.7,2.9,38.7,8,Declining,1.0
STU2958,11,12.636363636363637,11,11,160.5,67.4,64.9,53.4,73.9,78.2,3.9,59.8,5,Stable,0.0
STU2959,3,12.333333333333334,6,11,100.0,57.2,62.4,32.5,47.3,45.0,1.8,67.5,6,Stable,1.0
STU2960,6,15.0,6,7,103.0,72.2,62.1,47.0,49.0,57.0,3.0,45.4,3,Stable,0.0
STU2961,4,11.75,6,8,103.0,68.5,53.3,66.1,43.5,58.1,4.1,45.2,5,Declining,0.0
STU2962,7,14.13714285714286,8,8,131.5,71.9,46.1,61.2,53.7,51.5,4.1,47.2,7,Stable,0.0
STU2963,2,12.0,6,6,121.4,60.5,47.9,46.2,61.0,45.4,2.0,37.6,3,Declining,1.0
STU2964,5,10.8,5,5,137.3,64.6,62.8,52.8,47.7,66.6,3.0,54.5,3,Declining,0.0
STU2965,6,13.285714285714286,6,8,138.4,66.0,60.4,52.3,66.2,56.6,4.9,46.4,4,Stable,1.0
STU2966,5,13.6,5,7,131.1,73.5,62.3,64.2,47.7,67.2,4.1,27.0,5,Stable,0.0
STU2967,7,13.55,7,8,100.0,63.1,65.0,60.6,55.7,84.0,2.8,74.4,5,Declining,0.0
STU2968,0,0.0,8,8,133.0,49.7,32.3,35.9,35.8,28.7,2.4,34.8,7,Declining,
STU2969,4,13.5,6,10,100.0,73.5,58.8,65.2,72.5,51.3,3.1,61.4,5,Declining,0.0
STU2970,5,11.6,6,8,159.0,71.7,45.6,67.3,58.7,50.2,2.9,69.8,3,Declining,0.0
STU2971,10,12.5,10,16,120.6,73.1,63.6,48.5,61.9,52.1,4.5,55.4,7,Stable,0.0
STU2972,1,11.0,5,14,134.0,75.7,61.9,39.3,48.0,44.2,2.0,43.1,7,Declining,1.0
STU2973,3,12.0,5,9,139.4,81.0,67.6,80.8,46.6,67.9,3.0,32.3,5,Stable,
STU2974,4,11.6,5,8,116.5,74.4,56.5,59.9,42.7,52.6,4.8,61.9,6,Declining,0.0
STU2975,0,0.0,0,0,113.9,49.0,39.7,58.0,53.2,67.9,5.0,6.6,6,Declining,1.0
STU2976,10,14.636363636363637,10,14,130.0,77.0,74.6,71.7,44.3,54.6,2.5,63.5,2,Stable,0.0
STU2977,6,13.0,6,8,129.9,67.4,41.9,60.8,51.7,72.2,2.9,60.7,5,Stable,0.0
STU2978,14,12.785714285714286,18,23,133.7,68.0,78.6,38.6,72.1,83.6,6.3,45.1,1,Stable,1.0
STU2979,6,14.5,6,6,124.8,61.2,54.8,41.5,39.4,54.0,2.5,72.7,7,Declining,0.0
STU2980,4,14.6,5,12,133.6,68.8,54.1,63.2,57.3,59.6,3.8,23.5,2,Improving,1.0
STU2981,6,12.5,6,7,133.5,72.6,46.3,43.8,46.1,64.2,6.0,32.3,6,Stable,0.0
STU2982,6,14.0,6,6,128.0,77.9,38.7,54.0,56.1,47.9,3.1,53.2,7,Stable,0.0
STU2983,7,13.801428571428572,7,7,127.2,72.8,71.3,67.5,54.9,75.3,3.8,65.5,2,Stable,0.0
STU2984,6,14.428571428571429,6,7,150.0,71.8,58.1,57.9,33.7,45.3,2.5,33.9,2,Stable,0.0
STU2985,6,14.35,7,7,127.8,65.5,48.8,61.0,62.6,48.8,4.8,65.1,5,Stable,0.0
STU2986,6,14.333333333333334,6,6,125.2,68.8,57.3,72.7,46.2,48.7,1.9,66.3,6,Declining,0.0
STU2987,4,12.25,6,10,110.0,53.2,46.1,71.0,48.0,54.9,2.9,44.3,5,Declining,
STU2988,6,13.333333333333334,6,9,100.0,71.3,32.2,55.0,56.2,58.4,2.4,55.5,3,Stable,0.0
STU2989,12,13.0,12,12,151.4,73.8,55.9,76.3,64.2,51.9,4.2,78.2,6,Stable,0.0
STU2990,4,11.75,6,10,125.1,80.2,32.9,41.2,57.6,50.4,5.9,72.6,8,Stable,
STU2991,6,14.5,6,8,163.3,67.0,56.3,59.2,64.3,41.9,4.5,46.9,3,Stable,0.0
STU2992,7,11.82,8,8,118.0,75.9,71.2,61.9,30.5,68.0,4.2,40.3,5,Declining,0.0
STU2993,0,0.0,6,0,140.2,51.2,27.3,36.7,44.8,46.3,2.4,27.6,7,Declining,1.0
STU2994,5,12.4,6,6,128.5,79.0,60.1,50.9,54.0,48.4,3.7,34.5,4,Declining,0.0
STU2995,6,12.571428571428571,6,7,131.5,77.8,44.1,41.3,49.3,51.3,5.4,71.1,3,Declining,0.0
STU2996,7,13.857142857142858,7,7,132.6,76.5,53.4,56.2,59.2,47.5,5.0,62.2,2,Stable,0.0
STU2997,5,11.833333333333334,6,9,122.1,65.8,40.0,34.2,63.0,41.4,2.2,50.7,2,Declining,0.0
STU2998,4,11.0,5,10,112.0,62.6,56.6,50.5,43.8,38.2,4.7,65.6,6,Declining,
STU2999,6,14.666666666666666,6,6,133.0,64.3,69.5,57.1,70.3,44.0,4.3,66.0,3,Declining,0.0
STU3000,0,0.0,4,4,127.0,47.6,37.9,47.5,52.0,50.1,2.6,45.4,9,Declining,1.0
STU3001,7,12.714285714285714,8,12,130.0,71.1,59.9,42.4,60.1,67.7,1.6,62.9,5,Declining,
STU3002,7,13.422222222222224,7,9,136.4,65.4,60.0,60.7,44.3,38.9,4.1,76.0,4,Declining,0.0
STU3003,6,14.0,6,7,129.0,70.0,49.9,62.8,77.5,63.1,3.8,33.3,6,Stable,1.0
STU3004,7,12.142857142857142,7,8,119.0,68.0,68.1,55.1,58.3,39.6,3.1,61.0,4,Declining,1.0
STU3005,5,12.8,5,5,128.0,56.9,44.5,59.1,55.5,61.9,5.0,74.6,4,Stable,0.0
STU3006,7,14.572857142857142,7,7,117.1,76.3,35.4,60.5,58.3,57.0,2.2,50.9,5,Stable,0.0
STU3007,4,11.25,5,9,136.3,65.2,38.1,21.0,58.1,45.0,7.2,40.4,4,Stable,0.0
STU3008,2,10.0,5,12,124.6,69.8,54.3,38.8,59.8,54.4,2.0,40.3,5,Declining,
STU3009,5,14.4,6,8,130.7,57.4,47.9,81.3,55.3,70.6,4.5,53.4,5,Stable,1.0
STU3010,7,12.982857142857142,7,7,115.2,60.8,54.1,63.8,43.5,32.2,4.3,70.1,4,Declining,0.0
STU3011,6,15.75,6,14,130.2,65.5,52.6,51.2,68.5,70.7,5.7,57.3,4,Stable,0.0
STU3012,5,12.285714285714286,6,11,128.5,67.8,53.4,58.6,46.3,43.6,5.8,68.6,5,Declining,1.0
STU3013,6,13.755,7,7,95.0,66.0,65.8,64.3,45.7,71.6,3.4,60.9,4,Improving,0.0
STU3014,6,13.833333333333334,6,7,119.4,77.8,71.1,74.3,55.2,65.0,4.2,67.8,3,Stable,0.0
STU3015,0,0.0,7,0,123.5,63.3,23.4,33.3,35.4,24.5,1.5,30.7,5,Declining,1.0
STU3016,7,14.711111111111112,7,9,133.9,62.3,65.9,50.5,61.3,49.4,3.0,52.6,3,Declining,0.0
STU3017,11,14.615384615384617,11,13,145.2,94.3,61.0,55.7,66.7,65.9,4.7,41.6,2,Improving,0.0
STU3018,7,13.677142857142858,7,7,118.8,66.7,38.8,49.7,51.8,66.6,4.0,18.2,5,Stable,0.0
STU3019,5,13.166666666666666,5,8,123.4,76.3,57.4,47.3,55.9,59.1,3.8,46.1,7,Declining,0.0
STU3020,5,10.8,6,11,123.0,62.7,72.2,55.2,48.5,56.7,3.2,12.1,4,Declining,0.0
STU3021,3,12.0,5,8,118.4,69.2,40.0,46.8,59.9,43.2,3.9,47.0,6,Declining,0.0
STU3022,6,13.958333333333334,7,8,131.6,74.6,50.3,55.3,60.9,55.2,4.9,64.0,3,Stable,0.0
STU3023,4,13.0,6,9,122.3,53.4,31.4,76.1,61.1,51.7,2.3,51.2,4,Declining,1.0
STU3024,0,0.0,0,0,151.7,69.0,33.6,26.5,37.2,20.0,2.7,0.0,6,Declining,0.0
STU3025,0,0.0,0,0,176.0,48.7,36.9,42.0,42.6,42.0,3.9,23.6,7,Declining,0.0
STU3026,7,14.0,8,8,133.0,64.8,77.6,43.3,61.9,51.3,2.6,63.1,3,Stable,0.0
STU3027,6,12.571428571428571,6,10,139.8,61.6,41.0,66.3,62.8,70.5,4.1,71.6,5,Stable,
STU3028,4,12.0,6,6,119.6,60.0,60.9,65.8,59.4,65.5,4.1,56.7,5,Stable,1.0
STU3029,8,13.625,8,8,134.0,63.8,58.1,47.1,56.1,58.4,5.1,55.6,4,Declining,0.0
STU3030,4,12.5,5,7,132.0,55.4,76.8,44.6,41.8,65.2,4.7,56.6,4,Stable,0.0
STU3031,14,12.428571428571429,15,25,130.0,78.6,63.3,72.2,68.3,69.9,6.4,92.3,1,Stable,1.0
STU3032,7,13.3875,7,8,141.4,68.2,52.8,53.1,60.9,54.9,4.2,54.6,3,Stable,0.0
STU3033,6,12.648333333333332,7,8,128.9,65.2,62.1,72.0,44.1,36.8,2.7,30.0,5,Stable,0.0
STU3034,6,14.0,6,6,118.1,75.0,58.6,41.4,64.3,52.7,3.5,46.3,1,Stable,0.0
STU3035,5,12.8,5,12,130.6,80.3,63.0,67.7,56.5,49.7,5.6,40.9,2,Stable,0.0
STU3036,6,11.333333333333334,6,8,122.0,53.1,57.6,80.7,52.8,51.5,2.7,33.3,4,Declining,0.0
STU3037,0,0.0,7,0,123.0,68.0,17.3,42.7,42.1,35.3,2.6,19.0,5,Declining,1.0
STU3038,6,14.166666666666666,6,6,126.7,66.8,59.2,48.3,65.2,68.0,5.0,94.9,9,Stable,0.0
STU3039,6,12.833333333333334,6,6,126.6,55.4,57.8,45.5,70.5,68.2,4.6,36.7,5,Stable,0.0
STU3040,4,12.0,7,11,125.4,68.4,41.2,51.2,52.9,46.3,4.8,42.2,4,Stable,1.0
STU3041,6,13.0,6,6,136.1,65.4,55.4,63.1,52.8,37.9,3.8,94.1,6,Declining,1.0
STU3042,6,13.39,7,8,128.8,73.6,30.5,37.6,61.7,42.7,3.8,61.6,4,Improving,
STU3043,6,12.333333333333334,6,6,111.1,67.1,54.4,50.7,41.2,68.2,6.0,56.5,4,Declining,0.0
STU3044,6,12.571428571428571,6,8,135.9,69.1,60.1,56.5,63.6,65.2,6.2,60.1,7,Stable,0.0
STU3045,6,12.333333333333334,6,6,119.6,62.4,62.9,73.0,41.0,39.6,5.6,54.2,1,Declining,0.0
STU3046,5,13.0,6,8,116.7,57.7,59.8,76.7,40.8,35.7,4.5,44.3,3,Stable,0.0
STU3047,3,12.333333333333334,5,7,126.0,70.2,38.3,50.4,67.9,43.9,2.9,52.9,5,Stable,
STU3048,6,13.166666666666666,6,6,134.2,62.2,34.5,41.8,34.4,75.5,4.1,60.4,3,Declining,1.0
STU3049,5,13.333333333333334,5,7,123.0,69.2,62.8,56.2,67.7,58.4,3.7,26.1,3,Stable,0.0
STU3050,4,13.0,5,9,123.9,77.3,55.5,55.8,69.5,49.8,5.1,43.4,6,Stable,0.0
STU3051,5,10.9,7,21,120.0,64.8,57.5,68.8,58.1,52.0,4.3,26.0,3,Stable,1.0
STU3052,2,11.5,5,8,112.3,69.0,67.7,45.2,57.2,27.1,4.1,32.6,5,Declining,
STU3053,6,15.857142857142858,6,7,123.0,67.7,35.2,45.6,41.6,52.7,4.1,63.2,3,Declining,0.0
STU3054,5,12.6,5,5,122.3,62.5,72.2,53.5,48.9,67.4,0.7,43.7,5,Stable,1.0
STU3055,6,14.0,6,8,122.8,54.6,46.3,52.0,59.7,50.1,5.6,49.9,4,Stable,0.0
STU3056,3,14.666666666666666,5,8,160.0,65.4,60.9,49.6,57.5,50.0,3.7,9.9,5,Declining,1.0
STU3057,6,13.666666666666666,6,6,120.1,65.4,52.3,45.1,60.0,58.3,5.1,32.5,5,Stable,0.0
STU3058,0,0.0,6,0,142.4,48.0,30.9,22.9,43.3,24.5,1.6,11.9,5,Declining,1.0
STU3059,7,12.628571428571428,8,8,127.3,50.6,34.7,63.1,56.0,58.6,5.9,27.4,2,Stable,0.0
STU3060,7,14.232857142857142,8,8,125.5,54.4,46.1,60.3,44.8,45.9,3.5,57.8,4,Improving,0.0
STU3061,6,15.0,6,6,137.4,81.7,59.2,47.0,60.1,49.4,4.0,55.5,3,Stable,
STU3062,2,10.0,6,15,122.0,63.5,51.6,60.2,39.6,45.0,3.4,58.4,4,Declining,1.0
STU3063,4,12.25,6,11,107.5,53.7,61.8,31.2,50.0,47.8,1.9,69.5,2,Declining,1.0
STU3064,6,13.5,6,6,104.0,61.8,44.1,50.5,69.4,55.4,4.4,73.7,3,Stable,0.0
STU3065,5,12.2,6,8,133.1,65.6,59.7,56.3,38.3,51.8,4.7,56.2,4,Declining,0.0
STU3066,0,0.0,6,0,113.3,58.6,35.8,51.3,38.8,35.8,2.5,32.9,5,Declining,1.0
STU3067,6,12.0,7,11,130.0,64.4,59.4,48.2,63.7,55.2,6.7,56.7,4,Declining,0.0
STU3068,5,12.32,7,9,124.3,81.8,57.1,67.4,60.6,42.0,2.7,36.1,5,Declining,
STU3069,6,12.35,7,11,105.0,83.0,46.5,47.3,58.3,28.1,1.8,56.9,6,Declining,0.0
STU3070,0,0.0,6,0,144.0,58.1,38.0,47.9,33.2,37.9,0.6,22.3,8,Declining,1.0
STU3071,6,11.333333333333334,6,7,111.9,62.5,56.2,73.9,67.1,44.4,3.8,32.5,3,Declining,
STU3072,0,0.0,6,6,107.5,58.7,45.3,26.9,28.6,44.3,3.5,4.2,5,Declining,1.0
STU3073,5,11.6,6,8,127.4,54.5,68.3,55.0,60.4,45.6,3.9,13.9,2,Stable,1.0
STU3074,4,12.0,5,10,149.0,73.0,42.4,59.5,54.8,29.2,3.1,46.1,6,Stable,
STU3075,12,11.75,15,17,120.0,71.5,43.7,45.8,52.3,57.8,6.3,50.1,4,Stable,1.0
STU3076,5,12.8,6,8,143.6,56.1,66.6,59.4,50.5,65.7,3.7,40.3,6,Stable,
STU3077,3,11.333333333333334,5,7,120.0,59.1,32.7,44.3,69.8,54.0,1.8,30.1,5,Stable,1.0
STU3078,0,0.0,5,5,128.0,60.1,48.2,28.6,29.0,21.7,3.3,22.5,5,Declining,
STU3079,5,10.8,5,5,118.2,51.1,38.2,47.0,34.9,43.6,4.3,32.3,4,Stable,0.0
STU3080,5,12.5,6,10,160.0,58.7,43.7,48.3,48.1,47.2,4.1,53.1,4,Stable,1.0
STU3081,5,15.2,5,5,152.4,63.1,51.8,65.4,59.9,52.4,5.9,64.7,3,Declining,0.0
STU3082,7,13.314285714285717,7,7,116.6,74.9,35.8,56.2,70.4,48.0,3.9,47.0,4,Stable,0.0
STU3083,11,13.090909090909092,12,12,141.6,83.5,45.6,88.0,60.0,37.7,4.8,76.0,2,Declining,0.0
STU3084,0,0.0,6,0,105.5,58.0,14.9,31.6,23.7,36.3,0.8,18.3,8,Declining,1.0
STU3085,5,12.2,6,8,116.3,40.2,58.7,59.4,54.9,69.8,2.9,22.0,2,Stable,0.0
STU3086,6,12.833333333333334,8,10,110.0,57.7,52.3,53.6,64.0,46.4,3.4,73.6,6,Stable,
STU3087,15,11.2,15,17,119.5,99.5,60.0,47.6,65.3,46.3,5.6,32.5,2,Stable,0.0
STU3088,3,12.333333333333334,5,8,125.0,65.7,48.4,71.2,57.5,68.2,2.8,40.4,0,Declining,0.0
STU3089,7,15.94285714285714,8,8,160.0,47.9,55.3,60.0,39.6,80.2,4.2,69.2,1,Declining,0.0
STU3090,0,0.0,5,0,150.0,74.0,29.2,28.6,26.6,33.1,1.7,48.6,6,Declining,1.0
STU3091,4,10.25,6,10,115.0,53.3,60.0,56.3,50.7,53.5,3.4,45.6,4,Declining,0.0
STU3092,5,13.2,6,10,128.4,70.8,30.7,67.2,66.3,56.4,3.0,43.9,5,Declining,
STU3093,6,14.166666666666666,6,6,112.8,57.8,35.6,45.7,48.0,65.4,3.7,85.4,3,Stable,0.0
STU3094,20,14.575,23,23,131.0,94.6,84.2,71.5,71.3,55.3,4.3,87.7,3,Improving,0.0
STU3095,1,10.0,6,9,121.6,50.7,48.8,61.0,51.0,47.5,3.1,60.2,5,Declining,1.0
STU3096,6,12.285714285714286,6,7,110.0,61.3,27.2,56.5,44.2,40.3,3.8,59.1,5,Stable,0.0
STU3097,6,14.0,6,6,148.5,75.2,56.6,62.4,48.4,58.7,4.1,62.8,5,Stable,0.0
STU3098,4,11.25,6,8,118.3,59.9,30.0,48.9,52.2,69.3,4.2,52.6,5,Declining,1.0
STU3099,5,11.6,6,11,135.9,69.3,66.3,34.8,50.3,56.6,5.9,48.9,4,Declining,
STU3100,1,12.0,6,12,115.8,70.1,58.7,47.7,59.5,39.6,1.4,19.1,7,Stable,1.0
STU3101,7,13.47,7,10,121.2,68.9,79.0,50.1,52.5,67.5,3.6,35.0,4,Declining,0.0
STU3102,5,12.4,5,6,136.2,56.5,47.0,52.3,62.7,45.2,2.6,60.9,3,Stable,0.0
STU3103,3,11.75,6,9,100.2,57.9,34.1,45.2,48.6,56.5,3.9,66.3,4,Declining,1.0
STU3104,0,0.0,0,0,152.7,51.9,28.5,40.0,40.2,28.7,2.8,32.7,7,Declining,1.0
STU3105,6,12.0,6,7,123.1,70.5,45.0,50.1,62.4,37.2,2.4,35.1,6,Declining,0.0
STU3106,5,15.333333333333334,5,8,130.0,73.7,57.9,66.0,55.2,46.0,4.4,57.4,5,Declining,1.0
STU3107,8,12.32,8,8,125.0,68.9,31.4,63.8,52.1,22.7,5.1,60.2,5,Stable,0.0
STU3108,7,13.79857142857143,7,7,113.1,73.0,53.6,45.5,55.9,42.4,4.6,26.2,3,Declining,0.0
STU3109,6,13.166666666666666,6,6,121.1,53.7,39.9,70.2,64.1,79.6,3.5,75.3,6,Stable,
STU3110,5,16.333333333333332,5,6,162.3,70.0,47.7,48.2,60.1,21.8,4.9,68.1,4,Improving,0.0
STU3111,0,0.0,0,0,132.0,54.5,51.6,24.5,18.6,19.2,1.7,14.1,5,Declining,1.0
STU3112,7,14.757142857142856,7,7,130.7,71.9,66.5,70.1,50.0,77.0,5.2,54.6,1,Stable,0.0
STU3113,6,11.666666666666666,6,7,122.3,71.7,59.7,46.9,47.1,41.4,4.2,46.3,5,Stable,1.0
STU3114,5,12.6,6,7,144.1,57.2,58.5,55.1,60.0,48.0,3.5,70.5,3,Stable,
STU3115,6,11.666666666666666,6,6,118.2,64.7,47.7,38.4,34.9,52.6,2.2,42.6,3,Stable,0.0
STU3116,6,15.0,6,6,133.5,78.1,53.0,52.2,59.3,35.6,4.1,36.8,2,Declining,0.0
STU3117,0,0.0,7,0,126.8,57.4,16.1,36.6,46.4,50.5,0.7,28.2,7,Declining,1.0
STU3118,6,13.571428571428571,6,7,121.0,65.9,37.8,50.9,62.0,52.9,2.6,37.7,4,Stable,0.0
STU3119,5,10.8,6,8,117.7,54.9,51.1,46.4,52.1,44.0,3.2,63.8,5,Stable,0.0
STU3120,3,11.333333333333334,5,8,115.0,68.2,34.8,51.7,35.6,61.7,3.4,46.2,4,Declining,
STU3121,5,11.4,10,16,129.2,54.7,59.5,66.1,51.9,37.2,2.4,33.8,4,Stable,1.0
STU3122,7,10.642857142857142,7,14,125.8,64.9,51.4,43.7,69.9,54.4,3.7,41.6,4,Declining,0.0
STU3123,3,10.5,5,8,118.4,59.4,44.0,20.2,45.2,37.5,3.1,39.6,3,Stable,
STU3124,6,14.65,7,7,142.0,70.5,46.2,71.3,78.2,40.2,3.3,49.7,5,Declining,0.0
STU3125,7,13.714285714285714,7,7,126.7,62.6,59.0,48.7,64.6,79.3,3.8,29.9,3,Stable,0.0
STU3126,15,12.266666666666667,16,19,109.3,69.8,69.2,57.2,61.7,63.8,5.7,47.1,2,Stable,0.0
STU3127,6,10.375,6,11,116.9,58.0,39.9,47.0,56.0,63.8,3.3,54.5,5,Declining,
STU3128,5,11.0,5,8,121.7,62.8,43.4,36.8,56.8,45.5,4.3,68.5,6,Declining,0.0
STU3129,5,13.8,5,5,117.1,67.8,49.3,49.9,49.0,41.1,3.7,44.1,3,Stable,0.0
STU3130,6,12.666666666666666,6,6,114.4,63.3,55.5,51.3,50.7,16.2,5.1,53.3,5,Declining,0.0
STU3131,6,11.75,6,8,133.0,63.3,54.9,59.4,74.3,49.3,4.8,86.3,5,Stable,0.0
STU3132,7,12.785714285714286,8,8,118.8,68.3,51.7,49.4,70.9,34.8,3.7,57.2,4,Stable,0.0
STU3133,6,14.444444444444445,6,11,151.0,75.6,62.4,27.6,53.0,56.8,3.3,25.7,4,Stable,0.0
STU3134,6,13.25,7,8,119.6,72.6,50.8,39.4,47.7,38.8,4.5,61.4,4,Declining,
STU3135,7,12.50625,7,9,135.4,56.5,36.1,69.2,39.9,60.3,3.4,56.7,4,Declining,
STU3136,0,0.0,0,0,149.9,61.1,51.0,27.9,61.6,62.7,0.1,23.2,8,Declining,0.0
STU3137,4,12.75,5,8,120.1,76.1,62.1,59.9,63.8,86.2,4.6,33.1,5,Declining,0.0
STU3138,6,16.857142857142858,6,7,173.3,74.2,38.8,49.7,70.5,60.8,3.5,69.1,3,Improving,0.0
STU3139,6,13.166666666666666,6,6,126.2,47.1,54.2,64.8,49.7,53.8,1.4,11.7,3,Declining,0.0
STU3140,5,12.2,6,9,126.9,67.7,66.5,55.0,48.0,44.4,3.7,44.4,4,Declining,
STU3141,6,16.5,6,7,157.4,79.4,51.4,40.6,48.6,47.3,5.3,51.0,3,Stable,0.0
STU3142,4,11.75,5,10,120.2,61.3,59.0,38.7,21.5,40.8,2.9,38.8,2,Stable,0.0
STU3143,1,11.0,5,14,124.8,86.3,60.5,32.3,42.0,67.1,2.9,44.3,6,Stable,1.0
STU3144,7,15.114285714285714,8,8,130.3,50.8,58.1,68.8,60.9,51.8,4.8,37.5,4,Declining,0.0
STU3145,6,15.5,6,8,152.4,69.1,80.0,42.2,59.7,82.0,3.6,63.8,4,Stable,0.0
STU3146,7,11.142857142857142,10,12,113.5,72.2,60.0,50.7,49.1,42.9,3.8,96.4,6,Declining,0.0
STU3147,6,11.333333333333334,6,6,125.7,66.7,51.8,52.6,60.4,50.8,4.8,36.9,4,Declining,0.0
STU3148,5,12.04,7,9,102.4,66.7,48.7,56.4,47.2,37.5,4.6,56.9,5,Declining,
STU3149,5,11.166666666666666,5,7,125.7,56.5,49.1,47.2,60.7,58.1,3.9,51.8,4,Stable,
STU3150,5,10.6,5,6,120.0,59.8,42.3,33.2,60.1,48.7,1.6,51.7,5,Declining,0.0
STU3151,4,12.5,5,10,109.3,69.9,37.0,38.9,61.9,52.0,4.4,43.4,3,Declining,
STU3152,0,0.0,0,0,162.2,40.0,24.2,25.4,40.7,34.3,1.5,30.0,7,Declining,1.0
STU3153,6,15.666666666666666,6,6,155.7,75.0,52.5,25.4,48.9,62.6,4.7,58.6,7,Stable,0.0
STU3154,12,15.333333333333334,12,12,147.7,70.7,69.6,68.2,50.3,69.4,3.0,75.3,2,Improving,0.0
STU3155,6,12.183333333333332,7,9,115.6,70.6,55.6,60.8,33.2,63.6,5.0,63.2,5,Stable,
STU3156,2,10.0,5,8,117.8,69.3,48.3,36.4,57.6,37.2,2.2,64.2,5,Declining,
STU3157,9,12.0,14,23,125.0,99.0,81.7,74.9,42.0,61.7,4.9,47.2,4,Improving,0.0
STU3158,3,10.333333333333334,5,8,129.8,74.5,67.6,49.1,49.7,43.6,4.5,49.3,5,Stable,1.0
STU3159,6,11.166666666666666,6,11,123.1,56.2,40.2,64.3,56.5,69.0,4.3,49.2,2,Declining,
STU3160,3,11.0,6,8,122.8,80.9,56.4,60.3,40.8,53.1,3.9,60.1,3,Declining,
STU3161,0,0.0,0,0,117.3,40.0,20.8,36.4,38.8,41.6,2.1,6.5,6,Declining,0.0
STU3162,6,12.857142857142858,6,7,126.5,62.8,55.2,30.6,58.3,50.5,2.4,69.0,6,Stable,0.0
STU3163,7,14.328571428571427,8,8,123.0,69.2,37.7,59.6,54.3,46.2,5.7,60.4,3,Improving,0.0
STU3164,6,15.0,6,7,127.7,64.9,46.5,63.1,61.3,56.4,5.4,73.0,5,Declining,0.0
STU3165,5,13.6,5,9,117.5,68.6,59.5,47.2,50.7,68.6,3.4,53.4,4,Declining,0.0
STU3166,5,12.857142857142858,5,12,128.4,64.9,46.4,56.8,52.2,44.5,0.0,49.7,4,Declining,0.0
STU3167,2,14.5,6,7,124.1,75.2,36.9,52.5,44.3,67.7,4.9,39.9,5,Improving,1.0
STU3168,3,10.666666666666666,5,7,140.9,59.5,39.3,39.1,49.8,56.5,1.2,40.6,3,Stable,1.0
STU3169,6,13.428571428571429,6,7,126.2,65.7,41.1,54.2,55.6,29.9,4.6,22.8,4,Stable,1.0
STU3170,7,11.716666666666663,7,12,120.5,80.9,57.6,49.5,46.4,43.5,3.1,51.0,3,Stable,0.0
STU3171,4,12.0,5,11,121.1,72.8,64.6,57.6,57.7,79.6,4.3,42.2,4,Stable,0.0
STU3172,5,13.2,6,11,123.7,65.0,49.6,47.9,30.4,52.4,2.7,54.0,3,Stable,1.0
STU3173,5,12.2,6,7,116.9,69.1,62.9,45.0,64.6,41.7,3.7,40.2,7,Declining,1.0
STU3174,5,12.58,7,11,100.0,81.0,44.6,34.8,40.5,42.9,1.8,57.2,2,Declining,0.0
STU3175,5,11.333333333333334,6,9,120.2,54.0,48.9,79.6,63.9,50.5,3.7,48.1,2,Stable,
STU3176,0,0.0,7,9,153.8,47.2,57.8,33.9,47.4,50.3,2.1,4.3,6,Declining,1.0
STU3177,6,12.428571428571429,7,9,120.1,61.7,49.8,41.3,65.2,49.7,4.7,53.2,5,Stable,0.0
STU3178,6,13.0,6,6,128.1,68.0,64.8,62.2,43.8,44.5,3.3,64.9,7,Declining,1.0
STU3179,7,14.535714285714286,8,8,126.8,75.7,45.7,59.6,55.2,28.9,4.5,69.2,3,Stable,0.0
STU3180,5,11.2,7,8,125.7,58.8,49.6,59.5,56.2,41.0,3.2,36.4,4,Declining,
STU3181,6,16.0,6,6,146.2,60.4,44.1,65.3,61.6,47.8,4.7,33.3,5,Stable,0.0
STU3182,5,13.142857142857142,6,13,140.0,56.0,53.0,68.4,63.7,58.0,4.4,69.3,6,Stable,1.0
STU3183,11,11.6875,14,23,134.5,62.6,60.6,47.9,66.7,64.1,5.6,66.4,2,Stable,0.0
STU3184,4,10.5,5,11,137.0,59.0,58.0,53.6,57.1,68.2,2.1,33.9,5,Declining,
STU3185,6,13.833333333333334,6,9,107.5,49.7,46.1,37.1,61.0,40.6,3.9,41.5,5,Declining,0.0
STU3186,0,0.0,5,0,112.2,50.5,33.0,34.3,46.8,39.6,2.3,30.4,5,Declining,1.0
STU3187,0,0.0,5,13,128.2,47.9,51.2,48.0,41.9,41.7,4.4,45.4,6,Declining,1.0
STU3188,0,0.0,7,9,126.8,54.6,21.8,28.6,52.7,27.3,4.5,26.7,5,Declining,1.0
STU3189,1,10.0,5,10,132.1,75.7,16.0,75.5,48.8,59.0,1.6,21.8,7,Declining,1.0
STU3190,0,0.0,0,0,110.0,42.3,27.2,38.2,23.1,58.5,1.3,1.3,3,Declining,1.0
STU3191,0,0.0,6,9,100.0,64.0,43.7,17.6,53.7,39.5,0.0,19.5,5,Declining,1.0
STU3192,4,12.6,6,7,114.3,78.4,51.0,61.5,58.0,46.3,6.3,37.4,5,Stable,1.0
STU3193,3,11.25,5,10,116.4,71.7,37.0,78.1,50.5,68.5,3.9,31.1,4,Stable,
STU3194,7,12.375,7,13,116.9,70.0,54.2,29.5,57.4,60.4,4.7,75.6,5,Declining,1.0
STU3195,7,10.714285714285714,10,15,128.2,77.0,47.8,63.8,70.4,39.5,3.5,29.4,4,Stable,
STU3196,0,0.0,6,6,127.0,60.7,17.1,27.0,41.8,36.5,2.1,20.0,6,Declining,1.0
STU3197,5,12.0,6,14,140.0,74.8,47.4,53.8,69.8,49.0,5.2,84.0,5,Declining,
STU3198,5,12.6,5,6,120.0,66.4,59.7,38.0,58.7,42.5,2.5,38.9,4,Stable,0.0
STU3199,0,0.0,6,7,110.0,47.2,32.7,49.3,37.3,29.4,0.8,31.1,3,Declining,1.0
STU3200,7,12.84142857142857,8,8,127.0,76.3,34.8,52.2,42.9,46.7,3.7,75.1,7,Stable,0.0
STU3201,0,0.0,6,6,159.5,76.5,56.6,52.8,41.7,48.6,2.1,29.4,8,Declining,1.0
STU3202,6,14.166666666666666,6,7,135.2,64.3,41.1,43.7,69.2,51.3,4.7,59.8,5,Stable,0.0
STU3203,6,12.166666666666666,6,7,122.8,66.1,55.9,51.9,48.9,54.3,3.8,41.8,4,Declining,
STU3204,4,10.8,6,12,118.0,65.4,59.3,24.5,56.4,62.9,2.6,36.0,5,Declining,1.0
STU3205,6,13.0,6,6,123.6,54.5,57.0,86.1,70.4,50.2,3.4,28.4,2,Declining,1.0
STU3206,0,0.0,5,0,111.0,48.2,32.2,61.0,22.3,23.6,2.2,26.7,4,Declining,1.0
STU3207,5,13.0,5,5,144.6,68.1,29.1,80.1,58.1,64.2,4.6,56.9,8,Declining,0.0
STU3208,6,11.571428571428571,6,8,111.8,64.9,65.1,72.4,59.8,48.4,5.0,80.4,2,Stable,1.0
STU3209,4,11.5,6,6,122.1,64.4,35.0,44.9,56.0,72.4,3.2,40.5,4,Declining,1.0
STU3210,5,11.0,6,8,119.9,65.0,61.4,52.2,36.0,63.8,2.8,67.5,5,Stable,0.0
STU3211,6,17.11111111111111,6,10,130.0,68.1,69.3,62.5,51.0,63.9,3.3,72.0,4,Declining,0.0
STU3212,0,0.0,0,0,118.4,48.9,20.3,42.5,19.1,40.7,3.4,18.9,6,Declining,
STU3213,6,12.571428571428571,6,9,112.6,69.8,37.2,41.9,42.0,67.4,3.4,53.1,4,Declining,0.0
STU3214,0,0.0,6,6,150.0,58.2,31.2,25.2,49.2,41.8,1.2,31.8,6,Declining,1.0
STU3215,6,14.5,6,7,165.8,60.2,64.4,40.3,53.0,29.1,4.2,33.7,6,Stable,0.0
STU3216,6,13.5,6,6,101.7,69.9,45.2,50.2,63.6,53.0,5.9,49.4,5,Declining,0.0
STU3217,5,11.2,6,9,124.3,60.0,51.1,49.2,61.0,58.9,2.6,37.4,5,Declining,1.0
STU3218,3,10.666666666666666,5,10,122.1,68.9,42.0,45.6,40.3,38.1,4.2,43.9,2,Declining,0.0
STU3219,9,11.0,13,15,134.7,67.5,63.6,60.2,58.8,87.0,3.6,53.2,5,Improving,
STU3220,0,0.0,1,2,154.5,58.4,27.7,21.7,24.4,36.5,2.2,29.6,6,Declining,1.0
STU3221,1,10.0,5,5,128.8,63.0,36.3,37.7,51.6,54.0,4.1,34.2,4,Declining,1.0
STU3222,5,12.36,7,14,106.0,65.7,39.4,45.6,59.1,67.7,5.3,36.4,7,Improving,1.0
STU3223,6,15.25,6,8,146.2,70.4,41.4,66.9,54.7,63.1,3.5,28.9,2,Stable,0.0
STU3224,0,0.0,5,5,116.9,62.2,48.5,41.1,23.8,37.4,3.0,44.9,6,Declining,1.0
STU3225,1,13.0,5,8,118.2,64.6,43.6,55.0,36.6,54.9,3.7,47.5,6,Declining,1.0
STU3226,8,13.81375,8,8,105.7,68.9,43.2,46.4,82.9,54.0,4.7,71.5,4,Stable,0.0
STU3227,6,13.285714285714286,6,8,126.9,63.8,32.4,56.0,61.8,53.2,5.4,50.9,1,Stable,0.0
STU3228,4,11.5,6,11,150.0,50.3,46.5,43.4,50.3,38.0,2.8,49.3,7,Declining,
STU3229,7,11.9625,7,8,108.4,66.8,42.4,46.4,64.9,51.0,4.8,48.8,2,Stable,0.0
STU3230,6,13.683333333333332,7,9,114.2,56.8,40.8,60.4,70.7,40.3,4.2,48.4,2,Stable,0.0
STU3231,7,14.985714285714286,8,8,140.0,63.6,45.5,50.0,69.7,56.4,5.6,59.8,5,Stable,0.0
STU3232,4,11.25,5,8,142.5,57.4,50.5,50.8,50.6,46.2,4.1,44.1,3,Declining,
STU3233,4,12.5,6,8,126.5,59.3,36.2,49.9,50.1,58.1,3.5,64.5,4,Stable,0.0
STU3234,0,0.0,6,0,111.3,49.8,31.3,23.9,48.0,20.1,3.0,50.7,5,Declining,1.0
STU3235,7,13.78,7,10,125.1,71.6,64.7,50.1,54.6,44.6,3.4,74.9,4,Declining,0.0
STU3236,7,13.805,7,10,126.3,70.4,47.4,50.3,68.9,44.8,3.6,78.5,6,Stable,0.0
STU3237,5,13.8,5,7,142.2,67.1,39.1,50.3,56.1,53.6,3.0,35.3,2,Stable,0.0
STU3238,3,12.666666666666666,5,7,110.2,74.2,61.9,30.6,60.6,48.3,2.8,66.9,5,Stable,
STU3239,7,14.424285714285714,7,7,127.0,92.2,53.1,48.4,67.4,69.0,0.8,56.8,1,Stable,0.0
STU3240,6,13.166666666666666,6,7,128.6,70.5,50.1,66.2,42.3,54.6,3.3,54.5,7,Declining,0.0
STU3241,3,10.666666666666666,5,10,130.4,70.9,54.2,56.2,53.0,50.1,3.4,36.5,3,Declining,
STU3242,14,12.071428571428571,16,20,134.4,74.0,59.2,58.4,73.9,48.8,5.7,57.9,4,Stable,0.0
STU3243,3,10.25,6,10,100.0,68.6,48.5,36.5,43.2,46.3,2.3,13.8,5,Declining,1.0
STU3244,8,14.11,8,8,133.0,55.3,36.0,59.1,52.2,40.6,3.6,64.9,4,Stable,0.0
STU3245,5,12.4,6,9,126.7,44.0,41.0,65.6,66.3,58.9,3.6,48.3,4,Declining,1.0
STU3246,6,12.0,6,7,129.0,48.9,73.6,72.5,69.7,63.1,4.7,43.9,2,Stable,1.0
STU3247,6,14.833333333333334,6,6,133.7,62.3,41.0,50.2,21.2,37.1,4.3,74.7,6,Stable,0.0
STU3248,6,15.428571428571429,6,7,122.2,78.7,54.9,44.4,69.0,56.4,4.6,55.6,2,Improving,0.0
STU3249,5,11.6,5,7,128.9,67.1,71.0,58.8,30.1,50.8,4.7,36.2,4,Declining,0.0
STU3250,6,14.166666666666666,6,6,154.4,63.8,61.2,60.2,55.3,69.2,4.6,53.6,3,Improving,0.0
STU3251,1,9.8,7,9,130.0,66.5,48.9,48.5,35.4,35.7,2.4,69.5,6,Stable,1.0
STU3252,4,10.714285714285714,5,12,113.0,67.3,39.6,44.6,47.1,42.1,5.6,47.0,8,Declining,0.0
STU3253,0,0.0,5,7,123.3,44.9,28.6,23.3,42.0,42.1,0.0,43.5,5,Declining,1.0
STU3254,3,12.333333333333334,6,13,130.0,68.6,46.1,60.9,58.5,46.0,4.7,39.0,5,Declining,1.0
STU3255,6,13.0,6,13,101.3,73.7,57.0,66.7,70.3,49.6,4.5,61.4,6,Declining,0.0
STU3256,4,11.4,5,7,113.7,81.2,64.3,47.7,39.0,45.6,5.1,51.8,6,Declining,0.0
STU3257,6,12.766666666666666,7,7,138.8,65.6,53.3,75.4,66.6,60.0,3.6,52.5,4,Stable,0.0
STU3258,5,12.6,6,11,140.0,79.5,44.6,57.3,51.9,67.0,3.2,44.7,4,Declining,0.0
STU3259,7,13.0,7,8,130.0,63.8,51.9,54.0,53.5,53.9,2.7,49.9,6,Improving,0.0
STU3260,6,14.316666666666668,7,7,132.5,85.7,59.4,42.0,73.2,51.7,2.7,26.0,1,Stable,0.0
STU3261,4,12.75,5,7,117.4,60.3,54.2,32.7,61.9,60.1,3.5,26.0,6,Stable,0.0
STU3262,5,13.4,5,5,109.8,71.0,48.3,48.1,37.6,55.7,2.8,28.3,3,Declining,0.0
STU3263,0,0.0,6,6,116.5,57.9,22.5,43.3,40.0,40.7,1.2,8.3,6,Declining,1.0
STU3264,4,15.75,5,6,165.2,78.6,65.4,83.5,48.1,67.9,2.7,49.1,4,Stable,0.0
STU3265,5,12.4,6,9,113.0,76.5,47.9,54.8,49.9,40.2,5.0,43.8,3,Stable,1.0
STU3266,6,11.5,6,8,123.3,57.3,53.9,61.1,52.9,49.8,2.9,35.5,5,Stable,0.0
STU3267,5,13.4,5,5,116.7,63.1,43.1,44.3,59.1,41.4,4.3,69.7,4,Stable,0.0
STU3268,3,11.666666666666666,5,9,110.0,81.1,40.3,54.2,39.6,44.3,3.4,44.1,6,Declining,
STU3269,0,0.0,7,0,118.9,55.8,41.0,38.9,37.8,22.7,2.4,43.3,5,Declining,1.0
STU3270,7,13.285714285714286,8,11,103.6,74.0,38.6,45.4,52.8,51.0,3.8,32.9,2,Declining,1.0
STU3271,4,11.5,6,10,122.7,56.1,35.6,68.6,56.8,56.0,4.5,55.6,5,Stable,1.0
STU3272,8,13.25,9,11,113.5,66.1,72.7,56.0,56.9,24.7,4.9,70.9,4,Stable,0.0
STU3273,11,12.25,14,24,128.2,64.9,68.3,74.6,70.1,55.9,6.0,67.0,6,Declining,0.0
STU3274,6,12.0,7,8,120.0,73.3,56.4,54.5,57.2,52.2,3.0,45.1,4,Stable,
STU3275,1,12.0,6,10,130.0,69.2,34.5,46.4,57.0,46.2,2.4,42.2,5,Declining,1.0
STU3276,13,10.923076923076923,15,15,110.0,79.9,60.3,51.2,62.4,39.0,4.0,65.2,2,Stable,0.0
STU3277,10,12.0,12,12,117.7,60.0,54.6,54.3,46.7,68.6,4.4,58.1,4,Stable,1.0
STU3278,5,13.714285714285714,5,10,99.6,70.9,47.0,72.8,51.6,65.4,4.6,69.3,2,Declining,0.0
STU3279,1,10.0,5,8,117.9,62.1,44.3,37.6,42.6,61.4,2.4,29.7,5,Stable,1.0
STU3280,2,10.333333333333334,6,18,113.0,44.1,30.9,59.0,59.2,43.5,3.7,61.8,3,Declining,0.0
STU3281,7,12.728571428571428,7,8,124.4,70.6,28.0,52.1,64.4,56.8,3.8,58.2,5,Stable,0.0
STU3282,12,13.333333333333334,15,22,140.0,81.9,63.4,69.9,61.2,52.4,4.4,66.0,3,Stable,1.0
STU3283,9,12.22222222222222,11,20,132.4,81.6,57.9,61.5,60.1,44.7,4.3,55.2,5,Stable,
STU3284,6,11.333333333333334,6,7,124.0,65.2,53.7,37.7,38.2,39.2,5.5,66.8,3,Stable,0.0
STU3285,4,11.0,5,8,132.0,70.9,58.1,53.8,48.4,53.3,4.5,35.1,5,Declining,
STU3286,5,13.8,5,5,149.8,70.4,57.7,80.6,29.7,63.5,5.1,34.8,4,Stable,0.0
STU3287,1,12.0,7,16,160.0,57.8,66.1,55.0,59.9,65.8,3.9,48.0,4,Declining,1.0
STU3288,4,11.25,6,9,114.6,57.3,63.4,63.3,74.9,50.7,5.7,38.5,6,Declining,1.0
STU3289,4,10.5,5,6,120.0,63.4,48.8,54.7,46.3,42.1,4.5,51.8,4,Declining,0.0
STU3290,18,11.555555555555555,18,20,100.0,71.9,65.1,75.7,67.4,63.2,3.4,96.0,1,Improving,0.0
STU3291,1,14.0,6,13,128.5,65.4,52.2,43.9,57.1,63.2,4.5,50.4,5,Declining,1.0
STU3292,1,13.0,6,17,113.0,61.2,30.9,50.8,41.3,70.8,4.0,51.9,7,Declining,1.0
STU3293,2,11.0,6,13,150.8,65.3,58.9,61.4,50.1,64.1,4.2,70.8,4,Declining,1.0
STU3294,7,13.68142857142857,8,8,130.8,58.9,60.7,52.5,61.3,68.4,2.3,60.6,4,Stable,
STU3295,6,12.1,7,11,114.5,78.5,32.0,67.8,56.7,70.1,2.1,68.4,4,Stable,
STU3296,4,10.5,6,8,114.8,49.4,67.0,39.4,52.5,51.4,3.4,43.7,6,Stable,0.0
STU3297,5,11.94,7,10,126.2,64.9,45.7,54.5,51.1,56.1,1.6,50.1,5,Declining,
STU3298,4,12.86,7,11,129.0,63.9,49.4,50.7,45.9,65.5,4.6,41.0,4,Stable,1.0
STU3299,6,14.25,6,10,110.5,66.3,51.9,88.2,63.3,61.5,4.2,61.5,3,Stable,0.0
STU3300,0,0.0,7,0,132.5,48.2,32.9,33.3,57.6,48.4,4.3,37.1,5,Declining,1.0
STU3301,0,0.0,0,0,130.7,42.9,63.7,43.0,19.9,30.7,2.4,40.6,7,Declining,1.0
STU3302,7,13.894285714285711,7,7,130.4,69.4,50.6,32.8,35.1,72.2,4.9,61.3,3,Stable,0.0
STU3303,7,13.46875,7,8,124.3,65.7,49.6,42.5,44.3,49.3,4.7,52.5,2,Stable,0.0
STU3304,5,13.6,5,5,132.6,69.0,51.7,58.1,50.2,66.7,3.9,60.1,4,Stable,0.0
STU3305,6,14.666666666666666,6,6,146.7,54.0,43.2,53.2,53.7,54.0,4.2,76.5,3,Declining,0.0
STU3306,6,13.666666666666666,6,6,130.1,80.4,56.0,52.6,56.8,47.9,3.9,55.2,3,Stable,0.0
STU3307,10,13.3,12,22,120.0,69.7,48.2,57.2,61.2,35.6,1.7,40.7,4,Improving,0.0
STU3308,11,13.454545454545457,11,13,121.3,45.8,63.7,58.5,58.8,56.6,5.9,45.4,4,Stable,0.0
STU3309,8,13.41625,8,8,133.3,69.4,41.8,36.8,69.9,41.1,5.5,59.3,3,Stable,0.0
STU3310,0,0.0,7,0,110.5,51.2,28.0,37.0,30.7,26.9,3.0,17.0,4,Declining,1.0
STU3311,6,11.333333333333334,6,6,102.5,56.3,38.5,50.9,62.9,58.6,3.8,43.2,4,Stable,0.0
STU3312,6,16.0,6,8,150.9,78.0,48.4,70.5,77.4,38.2,4.0,48.4,1,Stable,1.0
STU3313,5,11.0,6,8,106.6,72.2,28.3,62.7,38.4,66.5,2.3,55.5,3,Declining,
STU3314,6,12.857142857142858,6,8,118.3,69.1,22.8,21.2,35.7,84.2,2.4,76.6,3,Stable,
STU3315,0,0.0,5,5,117.9,56.1,31.9,29.9,42.5,32.9,1.4,8.6,6,Declining,1.0
STU3316,5,14.8,5,5,135.0,70.7,34.0,77.1,62.0,68.7,4.2,68.6,4,Stable,0.0
STU3317,1,13.0,5,7,120.0,50.9,68.6,61.6,51.7,33.1,3.9,61.7,4,Stable,1.0
STU3318,0,0.0,0,0,167.1,56.5,30.7,43.9,18.7,42.8,1.4,34.0,4,Declining,0.0
STU3319,4,10.0,9,14,115.8,74.2,57.4,45.9,35.5,55.2,2.0,45.4,2,Stable,1.0
STU3320,5,11.2,6,11,141.2,73.5,54.0,62.2,48.5,89.2,2.9,61.8,6,Declining,0.0
STU3321,6,11.833333333333334,6,8,118.4,57.4,38.5,36.1,58.6,48.7,3.7,52.5,3,Stable,0.0
STU3322,0,0.0,5,0,134.3,56.5,30.0,31.2,36.5,43.5,0.1,27.6,6,Declining,1.0
STU3323,2,10.5,5,8,128.7,53.8,55.6,53.8,52.5,46.7,3.5,18.4,4,Declining,1.0
STU3324,5,12.5,5,8,116.1,66.9,59.1,61.2,56.0,48.4,5.7,58.2,6,Declining,1.0
STU3325,0,0.0,0,0,100.0,49.0,45.4,40.6,49.3,36.3,1.0,50.9,6,Declining,1.0
STU3326,5,11.0,10,10,118.8,58.0,42.1,57.7,41.7,49.7,6.2,29.1,3,Declining,
STU3327,9,12.333333333333334,10,14,130.0,71.3,62.2,60.2,58.8,49.2,3.4,43.6,5,Stable,0.0
STU3328,0,0.0,6,9,150.0,50.1,29.1,35.6,55.6,42.5,1.9,24.7,4,Declining,1.0
STU3329,1,17.0,5,14,116.0,60.1,64.3,71.2,47.3,43.3,4.5,48.7,4,Stable,
STU3330,5,11.0,5,5,99.0,67.3,61.0,74.5,46.4,46.5,3.5,38.2,0,Declining,
STU3331,5,11.142857142857142,6,11,132.0,53.3,33.8,52.7,54.4,75.3,1.7,69.4,5,Stable,0.0
STU3332,5,12.166666666666666,8,19,125.0,64.0,55.6,41.2,44.8,52.8,4.2,83.0,3,Stable,1.0
STU3333,2,11.0,5,9,116.2,50.9,34.1,47.4,39.3,60.1,3.5,49.6,4,Declining,1.0
STU3334,1,11.0,5,8,100.0,51.7,56.2,50.3,46.5,47.6,2.9,35.0,7,Declining,1.0
STU3335,4,13.25,6,10,132.9,75.0,37.5,27.5,51.8,62.2,3.9,53.7,3,Declining,0.0
STU3336,0,0.0,6,7,132.5,52.4,39.9,55.1,48.4,36.9,2.6,14.5,5,Declining,
STU3337,2,12.5,6,17,140.0,59.1,58.6,45.1,44.1,20.7,2.6,46.4,2,Declining,1.0
STU3338,7,12.142857142857142,10,10,100.1,73.6,53.5,45.8,56.0,54.1,4.6,61.7,4,Stable,1.0
STU3339,3,12.0,5,8,128.2,77.1,59.1,47.7,64.6,38.9,2.8,58.2,4,Declining,1.0
STU3340,4,11.25,6,6,133.4,66.2,52.3,46.1,64.0,47.2,5.4,56.6,6,Declining,
STU3341,0,0.0,4,8,136.1,64.0,55.0,39.9,40.0,47.4,3.4,24.5,6,Declining,1.0
STU3342,5,12.4,6,7,123.0,61.1,37.5,63.2,55.9,74.5,2.6,52.9,5,Declining,
STU3343,6,12.833333333333334,6,6,130.3,66.6,47.2,70.1,45.9,36.8,5.3,47.1,5,Stable,0.0
STU3344,1,13.0,5,7,153.7,63.6,24.7,60.2,54.2,47.0,3.9,60.1,5,Declining,
STU3345,5,12.0,7,7,142.5,67.9,46.8,42.1,69.0,52.6,4.3,56.7,4,Stable,1.0
STU3346,2,12.0,6,13,114.6,71.8,34.5,50.4,65.2,51.4,3.3,73.1,5,Declining,1.0
STU3347,0,0.0,7,18,108.5,45.0,21.1,42.0,42.2,41.2,1.9,38.5,7,Declining,1.0
STU3348,0,0.0,5,0,140.0,47.9,16.3,41.7,43.5,44.8,1.7,17.1,8,Declining,1.0
STU3349,6,11.375,6,10,120.0,61.9,45.5,60.1,47.0,47.9,2.7,33.4,8,Declining,0.0
STU3350,2,12.0,6,15,120.0,56.6,52.0,52.9,43.1,48.7,1.3,51.0,3,Declining,1.0
STU3351,6,11.833333333333334,6,6,127.6,67.5,56.7,52.9,50.5,57.6,3.0,16.3,5,Declining,
STU3352,1,12.0,6,17,140.0,65.7,60.5,62.4,54.6,42.1,2.7,41.8,4,Declining,1.0
STU3353,3,12.0,6,7,111.3,64.6,60.0,50.1,59.4,43.7,2.2,39.4,5,Declining,1.0
STU3354,6,12.714285714285714,6,7,131.0,63.0,38.3,66.3,54.2,52.9,4.6,40.4,5,Declining,0.0
STU3355,8,15.3,8,8,139.5,79.7,47.0,68.7,63.0,50.4,4.6,59.9,4,Improving,0.0
STU3356,2,11.5,8,12,110.0,65.5,50.4,68.6,26.2,38.5,2.7,31.9,3,Stable,1.0
STU3357,1,13.0,5,12,130.0,62.8,51.0,54.1,53.7,37.5,3.1,24.2,4,Declining,
STU3358,0,0.0,6,12,115.0,56.7,53.4,57.1,35.4,39.2,2.5,39.7,7,Declining,1.0
STU3359,0,0.0,7,0,154.3,61.0,31.5,34.4,27.5,54.4,1.1,24.4,5,Declining,1.0
STU3360,4,11.0,5,8,135.0,65.9,58.1,56.0,56.8,55.6,0.5,53.4,3,Stable,
STU3361,3,12.666666666666666,6,7,115.2,57.6,47.5,61.4,67.1,39.8,5.0,51.5,4,Declining,1.0
STU3362,6,13.5,6,6,130.6,80.7,56.7,43.2,55.3,72.8,3.8,61.0,2,Stable,0.0
STU3363,5,12.0,5,7,117.4,69.0,55.1,48.7,62.5,46.3,4.0,53.6,3,Declining,0.0
STU3364,0,0.0,5,6,150.0,46.4,35.6,30.9,36.6,57.9,2.3,39.8,9,Declining,1.0
STU3365,5,11.8,6,8,131.3,50.7,38.7,52.7,74.2,51.5,2.0,75.8,3,Declining,1.0
STU3366,2,11.5,6,12,120.4,69.3,51.4,44.7,35.9,53.4,2.6,52.4,5,Declining,1.0
STU3367,2,11.5,5,11,113.6,74.0,55.7,52.3,50.5,45.7,3.4,55.6,3,Declining,
STU3368,6,14.616666666666667,7,7,125.0,70.9,54.7,55.5,63.9,51.6,3.8,56.2,5,Stable,0.0
STU3369,7,14.06,8,8,132.3,72.6,20.8,53.6,56.6,72.3,2.7,26.8,3,Declining,
STU3370,4,11.0,6,9,142.7,69.4,46.9,53.8,66.2,48.9,4.0,46.5,6,Stable,1.0
STU3371,0,0.0,5,0,130.0,55.0,43.1,29.8,19.3,49.3,2.7,50.1,6,Declining,1.0
STU3372,7,12.192307692307692,14,22,120.8,54.6,42.8,47.2,56.2,56.8,3.7,63.3,3,Stable,0.0
STU3373,6,12.833333333333334,6,6,130.3,60.6,64.6,40.5,52.4,52.3,5.1,45.1,4,Declining,0.0
STU3374,5,12.875,5,8,119.9,72.2,43.9,32.8,53.4,60.7,4.4,57.2,4,Stable,0.0
STU3375,6,12.166666666666666,6,6,110.5,70.5,47.4,46.1,38.6,51.7,4.3,34.9,5,Stable,0.0
STU3376,6,13.428571428571429,6,11,160.0,65.5,55.5,62.5,53.1,45.4,3.4,64.4,3,Stable,0.0
STU3377,6,14.5,6,6,118.6,62.7,42.1,53.8,52.8,45.9,3.8,46.9,3,Stable,0.0
STU3378,7,12.142857142857142,7,7,112.3,67.9,63.2,55.4,57.8,61.0,4.9,55.5,2,Declining,0.0
STU3379,4,11.25,5,6,124.4,61.4,63.9,46.9,63.2,24.3,1.8,33.0,4,Stable,
STU3380,6,13.9,7,7,125.0,66.3,39.6,79.0,57.0,59.2,2.3,57.0,1,Stable,0.0
STU3381,3,13.766666666666666,7,12,105.8,66.6,48.7,55.9,58.3,35.6,3.3,15.1,2,Stable,1.0
STU3382,13,11.615384615384617,15,17,121.5,64.4,81.2,54.7,73.5,62.0,4.6,54.8,3,Stable,1.0
STU3383,6,15.166666666666666,6,6,134.2,73.9,66.9,44.1,68.6,71.6,4.0,43.5,5,Stable,0.0
STU3384,0,0.0,5,5,130.0,54.2,16.4,59.3,16.8,28.1,2.7,20.0,5,Declining,1.0
STU3385,2,14.5,5,10,122.8,69.1,64.3,36.5,61.6,58.6,4.0,0.0,7,Stable,
STU3386,5,10.8,6,9,108.7,65.3,8.6,43.2,61.0,65.2,3.7,39.2,5,Declining,0.0
STU3387,7,13.995714285714287,7,7,136.7,79.9,61.2,47.3,54.1,48.6,3.7,58.9,4,Declining,0.0
STU3388,6,13.285714285714286,6,8,119.1,71.0,42.2,55.1,51.0,46.5,4.9,39.8,2,Stable,0.0
STU3389,12,12.75,12,12,151.3,73.5,63.3,65.1,49.0,63.8,6.0,67.3,4,Declining,0.0
STU3390,2,10.5,6,15,108.3,66.5,50.7,51.6,31.9,64.9,3.1,60.4,5,Declining,
STU3391,7,12.714285714285714,7,7,127.4,83.5,54.3,51.3,64.2,81.9,4.4,57.9,3,Stable,0.0
STU3392,8,12.88625,8,8,124.0,67.2,60.9,40.1,64.4,46.7,3.8,60.8,4,Improving,0.0
STU3393,5,13.0,6,7,155.0,67.1,45.3,76.5,53.4,60.9,2.4,55.5,6,Stable,0.0
STU3394,5,12.2,5,7,114.0,66.2,43.4,56.7,60.9,46.8,1.7,58.8,5,Stable,0.0
STU3395,4,12.8,5,8,118.9,49.5,61.5,60.2,63.9,38.8,5.1,40.2,6,Declining,
STU3396,11,13.785714285714286,11,15,160.0,71.3,58.3,53.2,42.7,56.9,5.5,48.0,3,Declining,0.0
STU3397,0,0.0,5,5,126.1,63.6,28.9,35.2,43.2,35.9,2.6,18.4,3,Declining,
STU3398,8,14.50125,8,8,136.5,72.6,53.1,72.3,55.5,57.9,5.4,66.9,4,Declining,0.0
STU3399,6,14.35,7,7,122.3,79.2,50.0,29.8,60.5,60.0,3.1,41.5,4,Stable,0.0
STU3400,6,11.5,6,6,128.0,71.7,46.5,62.9,55.8,55.4,4.8,46.3,5,Stable,0.0
STU3401,6,11.714285714285714,6,8,156.5,69.8,56.5,51.2,62.1,67.7,4.2,45.0,4,Stable,0.0
STU3402,6,13.571428571428571,6,9,125.7,74.0,42.4,60.9,40.1,77.2,3.5,56.3,3,Stable,
STU3403,5,13.0,6,6,143.0,68.6,69.3,74.1,67.4,53.2,1.0,60.6,4,Declining,0.0
STU3404,7,13.56875,7,8,131.9,65.1,56.3,50.8,51.3,49.4,2.3,63.9,3,Declining,0.0
STU3405,5,10.2,5,5,113.7,63.0,26.6,19.2,50.7,48.3,5.6,21.1,3,Declining,
STU3406,0,0.0,0,0,155.1,40.0,38.3,24.9,22.4,35.2,4.0,35.0,7,Declining,0.0
STU3407,5,12.2,6,8,121.1,78.2,39.5,53.9,52.9,45.6,2.0,50.1,3,Declining,
STU3408,8,14.15375,8,8,130.3,66.7,54.6,77.7,57.5,38.6,1.8,59.0,4,Stable,0.0
STU3409,0,0.0,8,8,123.3,47.5,34.4,34.5,40.3,22.9,3.7,26.3,5,Declining,1.0
STU3410,6,13.833333333333334,6,7,117.4,63.9,60.9,74.4,48.4,62.8,3.9,41.5,6,Stable,0.0
STU3411,6,13.428571428571429,6,7,140.3,80.7,60.4,27.6,43.3,63.3,3.1,67.6,5,Declining,
STU3412,7,12.454285714285716,8,8,120.0,67.3,55.3,49.6,62.1,58.4,2.5,50.3,3,Stable,0.0
STU3413,1,11.0,5,9,133.4,64.7,69.3,61.8,32.8,45.7,1.8,63.3,5,Declining,
STU3414,0,0.0,7,0,126.7,71.7,26.3,49.3,48.0,31.9,3.6,29.3,6,Declining,1.0
STU3415,6,13.271666666666668,7,8,129.3,73.3,68.9,32.0,72.5,37.8,4.2,53.0,4,Stable,0.0
STU3416,6,13.548333333333334,7,8,125.7,64.5,69.4,45.6,77.9,46.7,1.8,43.0,3,Stable,
STU3417,6,12.166666666666666,6,6,144.8,52.2,55.3,52.6,43.6,44.4,3.0,51.2,3,Declining,
STU3418,2,11.0,6,16,98.6,69.0,53.8,43.3,57.7,33.5,5.4,61.4,7,Stable,1.0
STU3419,7,13.285714285714286,7,7,126.9,61.7,64.6,70.2,50.5,57.6,4.4,52.2,3,Declining,0.0
STU3420,6,13.333333333333334,6,6,146.7,71.8,48.4,55.4,67.6,45.2,2.2,55.9,3,Stable,0.0
STU3421,8,13.2575,8,8,117.0,67.4,48.1,39.9,61.0,56.4,3.4,79.9,1,Improving,0.0
STU3422,0,0.0,6,7,130.0,59.0,30.6,44.6,38.0,21.2,2.0,13.3,6,Declining,1.0
STU3423,6,12.666666666666666,6,10,125.8,73.7,55.8,61.4,46.2,61.2,5.1,38.9,2,Declining,1.0
STU3424,5,14.6,5,5,160.0,52.7,46.6,41.5,51.6,59.3,3.8,57.5,7,Stable,1.0
STU3425,0,0.0,5,13,134.2,57.3,28.3,29.3,35.0,33.7,3.9,6.9,4,Declining,1.0
STU3426,3,12.333333333333334,5,7,96.0,64.1,36.5,43.4,52.1,67.5,3.9,56.2,3,Declining,1.0
STU3427,5,10.8,5,5,101.8,66.7,37.3,68.5,52.8,50.2,0.8,36.8,8,Stable,
STU3428,6,11.666666666666666,6,7,125.2,69.7,43.3,52.9,48.7,54.5,4.4,44.5,6,Declining,0.0
STU3429,4,12.5,6,6,100.0,66.1,42.4,26.3,46.7,33.1,3.4,62.4,2,Declining,1.0
STU3430,0,0.0,5,0,140.0,49.8,36.3,23.6,46.3,28.6,1.4,11.1,6,Declining,1.0
STU3431,6,15.333333333333334,6,6,120.0,58.6,44.6,65.5,63.8,47.8,4.6,25.3,4,Stable,0.0
STU3432,7,14.2,8,8,134.3,55.0,60.0,52.2,48.9,65.2,3.8,23.7,2,Stable,0.0
STU3433,6,14.833333333333334,6,6,144.7,68.3,77.1,41.7,55.9,66.8,4.3,58.8,5,Stable,0.0
STU3434,7,13.642857142857142,7,7,131.9,71.5,68.5,52.0,47.8,48.4,3.4,67.2,2,Stable,1.0
STU3435,6,13.833333333333334,6,6,136.7,64.0,39.9,67.4,81.8,56.5,3.3,37.4,1,Declining,1.0
STU3436,6,11.833333333333334,6,6,129.8,72.3,47.4,80.1,44.8,63.2,5.1,67.2,6,Declining,0.0
STU3437,6,13.428571428571429,6,7,146.5,65.7,37.2,54.8,58.0,50.2,4.1,52.2,5,Declining,0.0
STU3438,8,10.5,13,16,122.5,66.4,55.4,62.0,60.5,37.3,4.5,54.6,7,Stable,
STU3439,6,11.416666666666666,7,10,117.8,54.3,54.3,53.0,47.8,61.7,3.1,65.4,4,Declining,0.0
STU3440,2,12.75,7,16,106.0,61.3,51.9,55.4,44.5,56.9,4.9,22.8,7,Stable,1.0
STU3441,6,11.15,7,10,119.0,73.0,38.4,42.9,51.4,56.4,4.0,60.9,3,Declining,
STU3442,3,11.666666666666666,6,8,115.1,75.2,40.7,68.9,43.4,62.1,3.1,20.2,6,Stable,
STU3443,6,11.5,6,7,116.9,64.0,62.3,48.3,56.0,65.3,5.3,26.5,7,Declining,0.0
STU3444,6,13.833333333333334,6,6,141.7,73.7,57.4,42.4,47.2,61.9,3.6,31.3,3,Stable,0.0
STU3445,6,11.714285714285714,6,8,127.7,77.1,40.8,44.9,55.8,39.0,4.0,60.0,2,Stable,1.0
STU3446,7,11.678571428571429,7,8,122.1,58.8,36.6,63.0,34.5,35.7,2.4,62.0,4,Stable,0.0
STU3447,6,15.714285714285714,6,7,153.5,70.4,53.5,49.0,49.1,60.3,3.4,68.3,4,Stable,1.0
STU3448,0,0.0,0,0,141.4,56.5,33.5,56.2,35.8,38.8,2.9,28.6,6,Declining,0.0
STU3449,6,13.0,6,6,135.8,74.9,36.5,62.6,65.1,55.5,3.8,46.1,6,Stable,0.0
STU3450,7,14.485714285714286,7,7,127.5,61.1,50.5,67.5,38.6,76.2,4.2,62.2,2,Improving,0.0
STU3451,5,12.285714285714286,5,9,151.6,68.1,45.1,48.9,64.3,63.9,3.7,48.1,4,Declining,
STU3452,4,13.375,7,12,121.4,63.9,44.4,47.0,61.2,51.1,3.8,54.0,3,Stable,
STU3453,7,11.571428571428571,8,8,100.0,69.7,46.8,55.3,37.2,45.0,3.2,50.4,7,Declining,0.0
STU3454,7,12.657142857142857,8,8,131.5,76.7,56.1,41.6,61.2,62.4,3.4,51.9,5,Stable,0.0
STU3455,2,10.0,5,9,109.3,74.4,47.5,55.1,40.9,54.2,2.9,74.7,4,Declining,1.0
STU3456,6,13.714285714285714,6,7,127.9,76.6,67.7,66.7,61.4,51.9,3.6,66.1,4,Declining,0.0
STU3457,13,13.071428571428571,14,21,140.0,63.9,62.7,55.0,68.8,28.8,5.4,69.9,3,Improving,0.0
STU3458,6,15.333333333333334,6,7,160.0,63.9,63.7,65.3,64.9,44.3,4.6,48.6,2,Stable,0.0
STU3459,5,11.571428571428571,6,9,119.8,73.3,34.5,56.4,47.9,62.5,5.3,50.3,7,Declining,0.0
STU3460,0,0.0,5,10,153.0,60.8,38.3,52.9,48.2,23.9,3.0,45.7,5,Declining,1.0
STU3461,6,12.9,7,7,125.0,64.2,47.5,74.7,70.5,60.8,2.8,54.4,9,Declining,0.0
STU3462,5,13.126,8,12,103.7,59.1,60.8,64.5,52.3,59.3,3.1,45.7,4,Stable,
STU3463,4,11.5,10,20,120.0,40.0,54.1,53.4,52.6,41.1,4.9,25.4,6,Declining,1.0
STU3464,3,10.333333333333334,6,11,146.0,50.8,66.8,65.3,58.5,60.8,4.2,40.6,5,Declining,
STU3465,6,13.5,6,6,116.9,64.1,41.2,55.9,27.0,53.2,5.2,62.4,5,Stable,0.0
STU3466,0,0.0,1,1,117.9,52.8,26.6,35.0,30.3,36.4,2.0,10.3,5,Declining,1.0
STU3467,4,12.0,5,5,128.6,67.8,53.3,44.9,62.7,37.5,3.3,69.9,2,Declining,
STU3468,7,11.142857142857142,8,10,135.0,71.1,50.3,56.0,56.5,69.3,4.3,55.2,7,Improving,0.0
STU3469,5,11.4,5,11,124.6,83.4,39.2,65.6,51.6,38.2,2.1,70.7,3,Stable,
STU3470,7,12.771428571428572,8,8,124.0,60.8,57.4,43.5,46.5,40.3,3.8,51.7,6,Declining,
STU3471,7,13.79857142857143,8,8,129.5,51.9,47.8,41.9,57.0,57.2,6.4,21.0,7,Stable,0.0
STU3472,6,13.333333333333334,6,7,111.3,59.1,57.8,40.7,50.1,42.4,3.5,46.2,3,Stable,0.0
STU3473,0,0.0,6,11,95.0,69.5,16.3,51.9,24.0,64.4,2.2,21.1,5,Declining,1.0
STU3474,14,11.357142857142858,15,17,131.8,71.2,55.6,66.9,74.5,48.7,4.4,48.2,2,Stable,1.0
STU3475,0,0.0,5,11,119.1,64.2,38.5,57.3,34.5,49.1,4.0,38.2,3,Declining,1.0
STU3476,6,15.692307692307692,6,13,125.4,64.0,57.3,52.0,55.3,76.6,2.8,42.2,4,Stable,0.0
STU3477,18,15.052631578947368,18,19,140.7,71.6,74.4,54.3,49.7,75.5,6.3,48.5,4,Stable,0.0
STU3478,6,11.5,10,20,131.9,53.1,49.9,74.5,50.5,45.5,3.5,43.0,3,Stable,1.0
STU3479,7,11.0,8,15,124.0,64.0,57.9,46.7,65.6,58.4,3.2,64.5,5,Declining,
STU3480,6,13.0,6,6,139.2,66.4,51.1,63.1,64.4,70.1,1.9,47.3,4,Stable,0.0
STU3481,8,12.93875,8,8,121.8,74.6,62.7,40.9,57.1,37.7,6.2,40.3,4,Stable,0.0
STU3482,0,0.0,0,0,132.9,59.5,16.5,40.2,33.8,51.2,2.9,22.5,6,Declining,0.0
STU3483,0,0.0,6,6,130.0,71.5,4.6,36.9,41.1,44.7,0.5,46.1,6,Declining,1.0
STU3484,5,13.0,7,10,130.1,64.9,66.7,37.6,59.9,76.2,2.3,58.0,3,Stable,1.0
STU3485,5,12.18,7,11,124.5,67.7,44.3,76.8,39.4,58.2,3.0,58.0,4,Declining,1.0
STU3486,3,11.333333333333334,6,13,162.3,64.2,28.6,41.3,55.0,52.9,4.2,54.2,4,Declining,1.0
STU3487,7,13.0,8,8,137.8,61.5,51.2,44.9,63.8,63.1,3.9,27.8,4,Stable,0.0
STU3488,0,0.0,5,5,119.5,58.8,29.5,30.9,40.1,23.8,1.0,27.6,5,Declining,1.0
STU3489,2,12.5,5,13,110.0,62.2,53.5,26.0,52.3,41.4,3.5,62.3,6,Stable,1.0
STU3490,5,11.0,6,9,105.0,78.2,55.8,48.9,45.9,52.7,5.2,15.4,4,Improving,0.0
STU3491,0,0.0,0,0,142.8,48.7,30.0,30.2,43.0,31.7,2.7,0.0,4,Declining,1.0
STU3492,0,0.0,5,5,128.2,52.8,46.9,50.7,56.7,31.4,0.0,13.2,6,Declining,1.0
STU3493,0,0.0,5,9,120.0,45.9,21.8,43.1,55.3,63.7,0.9,19.0,6,Declining,1.0
STU3494,0,0.0,5,6,130.0,58.3,7.7,23.7,35.0,60.4,1.9,30.1,5,Declining,1.0
STU3495,5,12.4,5,5,121.7,54.7,52.2,45.6,50.0,21.9,3.9,29.5,2,Declining,0.0
STU3496,6,15.5,6,8,116.0,67.8,51.2,83.2,70.8,56.5,5.7,61.6,4,Stable,0.0
STU3497,2,11.5,5,13,133.2,54.5,25.5,40.3,57.8,36.1,3.5,79.5,5,Stable,1.0
STU3498,4,13.333333333333334,5,7,116.7,57.6,57.9,63.5,59.6,66.4,4.4,40.6,5,Declining,1.0
STU3499,6,12.666666666666666,6,8,126.4,60.2,31.6,46.8,37.0,56.5,1.3,29.8,6,Declining,0.0
STU3500,0,0.0,6,6,140.0,61.4,34.6,26.9,49.9,56.4,1.6,23.1,7,Declining,
STU3501,5,12.6,5,8,120.3,64.9,60.2,47.5,51.5,42.6,4.6,57.9,5,Declining,1.0
STU3502,6,13.5,6,6,118.0,65.6,55.4,73.0,57.8,42.8,6.2,53.8,5,Stable,1.0
STU3503,6,13.0,6,6,149.5,70.8,54.3,37.3,48.0,51.2,2.3,62.0,3,Declining,0.0
STU3504,6,11.714285714285714,6,15,130.0,61.2,46.5,63.1,71.8,46.9,3.7,47.1,5,Stable,0.0
STU3505,6,12.166666666666666,6,8,126.3,50.3,53.6,69.2,45.0,52.3,1.7,55.3,4,Declining,0.0
STU3506,0,0.0,5,10,116.2,47.2,42.6,32.9,60.9,53.6,1.9,68.8,6,Declining,1.0
STU3507,0,0.0,6,12,126.0,53.9,29.1,51.8,41.9,45.3,3.5,24.8,4,Declining,1.0
STU3508,5,11.5,5,6,122.3,64.5,36.3,62.9,51.5,48.3,4.8,48.0,5,Stable,0.0
STU3509,4,11.25,5,7,119.5,68.7,58.4,42.2,43.5,51.6,3.5,53.7,5,Stable,
STU3510,7,12.285714285714286,7,7,131.8,65.4,74.6,44.0,50.2,35.2,3.6,89.0,5,Declining,0.0
STU3511,7,12.718571428571428,7,7,130.7,74.9,70.7,53.9,53.7,31.1,7.1,64.8,2,Declining,1.0
STU3512,5,12.4,6,12,140.0,68.9,20.0,55.8,56.0,67.9,3.6,51.9,5,Declining,
STU3513,0,0.0,0,0,129.5,43.7,50.0,33.6,45.4,28.9,1.3,21.5,6,Declining,1.0
STU3514,1,14.0,6,16,130.0,44.6,42.3,59.7,51.2,69.2,3.0,68.5,3,Declining,1.0
STU3515,3,11.666666666666666,5,10,114.0,56.2,70.4,42.5,57.7,47.2,1.8,45.5,4,Declining,1.0
STU3516,1,13.0,6,15,121.0,65.4,36.5,41.0,64.2,52.6,4.1,69.9,3,Declining,
STU3517,0,0.0,0,0,116.4,58.0,21.5,38.0,50.6,48.0,2.8,24.4,6,Declining,1.0
STU3518,0,0.0,5,10,121.7,55.2,35.9,42.2,47.6,50.8,2.9,21.4,5,Declining,1.0
STU3519,4,11.5,6,13,130.0,66.0,45.2,68.8,58.3,45.8,4.6,26.5,4,Declining,1.0
STU3520,7,11.714285714285714,10,10,120.0,77.1,48.1,60.8,44.8,55.0,3.2,59.2,3,Stable,1.0
STU3521,5,12.6,5,7,125.0,65.7,62.2,62.4,56.2,52.6,3.6,22.4,4,Stable,0.0
STU3522,13,11.642857142857142,17,19,134.1,73.7,73.7,57.7,50.3,64.8,6.0,78.9,2,Stable,1.0
STU3523,6,14.875,6,8,149.5,80.3,42.5,52.7,66.9,57.9,3.5,31.9,1,Stable,0.0
STU3524,2,10.0,5,11,113.2,48.3,66.4,42.1,53.3,40.2,2.6,16.7,9,Declining,
STU3525,5,14.2,5,5,146.0,80.0,37.2,57.1,66.3,55.6,5.1,50.2,4,Stable,
STU3526,6,12.714285714285714,6,8,140.0,45.9,44.7,56.7,66.9,36.3,2.9,65.4,9,Declining,0.0
STU3527,5,11.6,12,16,162.4,59.3,81.8,55.6,59.0,53.3,2.4,48.5,4,Declining,1.0
STU3528,5,11.94,7,14,136.6,61.5,55.8,52.0,47.8,54.7,2.6,61.7,4,Stable,1.0
STU3529,4,11.6,5,10,111.0,51.7,41.8,52.1,30.6,39.9,6.9,52.7,4,Stable,1.0
STU3530,5,12.7,7,9,115.7,64.5,54.4,74.2,59.9,49.8,5.0,60.3,5,Stable,
STU3531,6,13.333333333333334,6,6,105.7,66.1,60.7,58.5,53.6,47.9,4.7,75.0,4,Declining,0.0
STU3532,8,13.333333333333334,9,13,128.2,74.3,59.0,65.0,65.8,50.7,3.1,44.5,2,Stable,
STU3533,5,13.4,5,5,137.0,71.5,66.6,59.9,61.4,62.3,4.4,52.4,3,Declining,0.0
STU3534,0,0.0,6,12,120.0,57.6,26.4,37.7,47.6,45.2,4.2,1.5,4,Declining,1.0
STU3535,2,11.0,5,5,120.5,71.7,38.8,56.1,52.8,60.4,3.7,64.5,5,Declining,1.0
STU3536,13,12.0,15,17,118.1,76.0,48.1,62.1,44.6,85.2,3.3,55.0,4,Stable,1.0
STU3537,0,0.0,5,0,139.0,52.4,25.0,23.0,52.6,51.2,2.6,29.2,6,Declining,1.0
STU3538,0,0.0,5,5,116.3,56.5,36.3,31.8,28.1,20.3,1.9,24.5,5,Declining,1.0
STU3539,4,12.5,6,12,120.5,60.4,37.9,77.6,47.5,44.8,3.9,39.1,2,Stable,1.0
STU3540,6,13.666666666666666,6,7,134.9,57.0,56.1,69.6,52.4,70.6,2.8,63.2,6,Declining,0.0
STU3541,1,10.0,5,10,123.0,65.6,53.3,45.1,49.7,43.3,2.3,51.2,5,Declining,1.0
STU3542,6,11.5,6,6,122.9,53.5,36.0,61.8,50.8,47.1,3.2,41.0,5,Stable,1.0
STU3543,4,12.25,5,7,140.0,63.3,42.2,55.4,47.5,55.8,2.7,74.0,6,Declining,
STU3544,5,13.6,6,11,122.5,48.2,46.2,76.2,63.4,50.8,3.9,64.3,1,Declining,
STU3545,2,10.5,5,11,121.5,63.7,44.5,48.6,37.5,69.8,2.5,68.8,5,Stable,
STU3546,6,13.266666666666666,7,7,132.3,60.7,50.3,58.0,51.2,52.2,5.9,23.5,6,Stable,0.0
STU3547,7,12.5125,7,8,131.5,71.3,63.6,46.1,34.8,83.5,4.6,42.6,2,Stable,0.0
STU3548,0,0.0,5,9,128.2,54.1,48.1,37.7,30.9,32.5,3.1,44.8,4,Declining,1.0
STU3549,0,0.0,6,14,148.0,55.4,27.4,7.2,26.2,32.1,2.1,12.9,4,Declining,1.0
STU3550,6,13.483333333333334,7,7,121.5,67.1,60.8,58.6,62.9,44.3,1.5,45.6,2,Stable,0.0
STU3551,6,12.565,7,9,135.4,61.5,68.5,67.1,57.0,44.4,4.9,35.7,5,Stable,
STU3552,0,0.0,6,8,139.0,51.3,50.7,59.5,33.0,47.8,2.0,36.1,6,Declining,1.0
STU3553,3,13.0,5,9,113.4,60.3,52.3,58.6,21.2,35.7,4.1,43.1,2,Declining,1.0
STU3554,5,16.5,5,6,150.0,66.7,53.3,52.6,41.6,43.7,4.0,38.7,1,Stable,1.0
STU3555,6,13.166666666666666,6,7,122.0,62.0,35.4,45.4,44.3,60.3,1.2,77.5,3,Declining,
STU3556,6,13.8,6,11,150.0,70.8,48.4,50.7,52.7,29.1,3.5,62.8,6,Stable,0.0
STU3557,6,11.166666666666666,6,7,119.3,51.2,32.6,34.4,61.4,34.9,2.7,58.8,2,Stable,
STU3558,0,0.0,6,0,140.0,43.0,48.7,35.0,25.6,37.4,2.2,31.5,3,Declining,1.0
STU3559,6,12.666666666666666,6,7,125.0,81.3,48.6,40.1,41.4,58.6,4.4,63.8,4,Improving,
STU3560,5,12.6,5,5,140.7,61.9,49.6,46.4,37.1,48.5,6.3,57.7,2,Declining,0.0
STU3561,5,13.06,7,7,100.0,57.7,43.9,51.8,54.5,58.4,4.4,23.0,7,Stable,
STU3562,6,13.833333333333334,6,7,146.7,66.7,35.9,59.7,34.1,44.3,3.3,81.7,4,Declining,0.0
STU3563,0,0.0,5,5,96.0,61.6,44.3,18.9,23.0,56.9,1.6,56.5,5,Declining,1.0
STU3564,2,16.0,6,6,160.0,70.8,57.0,49.9,58.9,63.8,4.4,43.7,4,Declining,1.0
STU3565,0,0.0,5,5,130.0,49.5,47.0,47.0,55.9,28.9,3.1,5.3,5,Declining,1.0
STU3566,3,10.666666666666666,5,12,130.0,59.8,27.3,68.1,52.5,48.1,2.0,30.7,4,Improving,1.0
STU3567,18,14.5,18,18,140.0,72.6,81.2,67.5,63.9,42.8,5.1,54.0,6,Stable,0.0
STU3568,5,14.0,5,6,116.6,68.8,50.4,81.3,76.8,64.9,3.7,56.4,5,Declining,0.0
STU3569,3,13.333333333333334,5,10,120.5,65.5,59.6,61.6,48.3,36.9,1.8,43.5,4,Declining,0.0
STU3570,0,0.0,6,0,103.0,47.7,3.4,38.7,34.8,31.5,2.9,20.3,6,Declining,1.0
STU3571,5,12.0,6,9,111.9,61.4,55.6,68.6,48.6,49.1,4.0,59.7,3,Stable,0.0
STU3572,5,16.2,5,6,148.7,65.4,52.9,50.7,71.7,39.0,3.8,52.8,5,Stable,0.0
STU3573,7,10.285714285714286,13,13,120.0,77.9,48.9,42.0,60.1,43.5,4.1,66.0,0,Stable,1.0
STU3574,0,0.0,5,5,125.7,54.1,34.6,49.9,46.0,43.2,2.9,29.7,5,Declining,
STU3575,6,13.571428571428571,6,7,120.1,93.2,45.4,61.9,58.9,48.4,6.3,78.4,2,Stable,0.0
STU3576,6,14.285714285714286,6,7,127.8,65.0,36.2,68.7,51.6,65.4,4.8,87.5,5,Declining,0.0
STU3577,5,10.2,5,7,106.4,50.8,33.7,64.1,49.1,59.9,2.2,51.7,4,Declining,0.0
STU3578,2,10.25,8,16,100.0,66.3,48.0,74.8,41.6,39.7,6.8,41.8,2,Declining,1.0
STU3579,0,0.0,6,0,123.9,63.4,50.7,20.6,36.0,32.6,0.7,28.7,6,Declining,1.0
STU3580,6,14.833333333333334,6,7,139.5,71.2,66.9,52.4,59.4,49.9,4.5,70.4,4,Improving,0.0
STU3581,5,13.625,6,12,150.0,68.2,55.3,52.0,53.6,49.5,3.7,66.1,6,Stable,0.0
STU3582,7,12.271428571428572,7,7,139.8,63.5,46.5,69.3,63.5,71.9,3.8,24.2,4,Stable,0.0
STU3583,0,0.0,5,0,154.4,52.7,59.8,42.5,42.6,40.3,2.5,38.0,6,Declining,1.0
STU3584,4,12.5,5,8,115.5,46.4,58.3,67.1,55.3,32.2,4.2,44.0,4,Declining,
STU3585,9,13.22222222222222,9,10,119.0,75.4,62.5,61.7,49.4,49.1,5.9,60.9,0,Stable,0.0
STU3586,2,15.0,7,13,96.1,62.8,35.2,54.0,42.1,47.6,3.0,51.2,3,Declining,1.0
STU3587,0,0.0,0,0,130.0,64.2,38.1,46.2,28.7,43.1,2.5,23.7,3,Declining,1.0
STU3588,12,13.166666666666666,12,12,128.8,66.2,43.3,64.3,71.5,81.3,5.3,35.6,6,Declining,0.0
STU3589,5,13.833333333333334,6,8,126.8,66.0,77.0,59.7,37.9,63.4,6.7,28.6,3,Declining,0.0
STU3590,0,0.0,5,0,130.0,65.0,24.9,45.8,41.9,36.8,2.6,25.5,7,Declining,1.0
STU3591,0,0.0,5,6,116.7,66.3,28.6,44.1,42.7,28.6,0.7,28.8,4,Declining,
STU3592,7,13.154285714285717,8,8,125.5,73.9,45.4,68.0,49.4,72.1,5.7,53.0,3,Stable,
STU3593,9,12.333333333333334,12,12,110.0,53.3,50.4,58.5,57.3,53.0,3.7,60.1,3,Stable,1.0
STU3594,6,13.0,6,6,133.7,56.1,60.0,57.0,56.8,36.8,2.8,40.0,5,Stable,1.0
STU3595,2,11.5,5,14,117.6,69.6,48.5,39.4,40.4,54.8,5.1,26.6,4,Declining,
STU3596,3,13.25,6,15,140.0,60.0,51.4,65.7,46.2,38.0,3.9,65.7,3,Improving,1.0
STU3597,3,13.333333333333334,6,12,150.0,65.9,59.2,74.1,52.5,60.4,3.5,58.8,1,Declining,
STU3598,6,13.5,6,6,133.7,68.2,34.1,33.7,54.4,49.5,6.0,42.3,7,Stable,0.0
STU3599,6,12.666666666666666,6,7,137.0,68.3,60.8,62.5,40.7,50.0,3.3,65.2,3,Declining,0.0
STU3600,11,15.090909090909092,11,18,128.2,63.1,61.4,61.1,62.1,28.2,4.1,47.7,2,Stable,1.0
STU3601,0,0.0,0,0,129.2,63.2,26.6,35.8,40.4,50.9,2.6,33.1,5,Declining,1.0
STU3602,6,13.166666666666666,6,7,129.5,62.3,53.8,62.8,64.5,39.9,1.2,56.3,6,Stable,0.0
STU3603,6,12.833333333333334,6,6,129.6,70.9,53.2,54.4,53.9,45.0,4.1,42.6,3,Stable,0.0
STU3604,5,11.8,5,7,121.7,63.5,18.7,57.9,48.7,54.5,3.8,57.5,3,Stable,
STU3605,6,11.833333333333334,6,6,141.8,81.0,67.5,49.7,61.0,51.2,2.7,31.6,4,Improving,0.0
STU3606,5,12.8,6,6,129.8,77.2,65.4,72.0,64.4,80.4,3.7,50.6,6,Stable,0.0
STU3607,5,11.8,7,7,106.0,82.2,34.6,50.4,38.8,31.5,4.0,49.7,4,Declining,1.0
STU3608,0,0.0,0,0,121.6,68.2,25.9,28.9,33.9,33.4,1.9,13.2,6,Declining,
STU3609,5,15.8,5,7,121.5,66.3,69.8,60.7,34.5,64.8,5.0,64.1,3,Declining,1.0
STU3610,0,0.0,0,0,117.0,50.7,43.0,28.0,29.5,32.7,2.3,46.7,5,Declining,
STU3611,2,12.5,5,9,130.0,54.9,53.2,54.3,66.0,50.6,3.3,46.9,7,Declining,
STU3612,6,14.666666666666666,6,9,117.7,69.7,59.0,76.5,45.1,86.5,4.9,56.1,2,Stable,0.0
STU3613,4,12.5,6,10,140.0,65.5,54.9,52.9,57.4,53.2,4.0,46.1,5,Stable,1.0
STU3614,3,12.0,5,7,133.1,63.8,35.9,35.4,55.3,67.6,7.1,46.6,3,Declining,1.0
STU3615,7,13.142857142857142,8,8,100.0,60.5,46.4,51.2,49.5,62.8,5.3,46.4,4,Declining,
STU3616,3,12.666666666666666,6,6,119.1,67.3,61.0,61.8,47.1,60.0,2.9,48.7,4,Declining,1.0
STU3617,5,15.0,5,6,129.8,63.8,60.6,57.0,68.8,52.2,1.9,49.5,4,Stable,
STU3618,5,13.6,6,7,131.3,62.3,55.1,63.1,63.4,34.1,3.0,76.6,4,Stable,1.0
STU3619,6,12.5,6,6,136.7,67.3,43.7,46.9,76.1,66.5,1.4,48.3,2,Stable,0.0
STU3620,6,13.333333333333334,6,7,126.2,66.0,64.2,50.4,29.0,60.9,4.7,38.5,4,Stable,0.0
STU3621,4,12.25,6,13,109.6,54.0,39.0,61.2,58.3,59.0,3.4,24.5,1,Declining,1.0
STU3622,7,15.101428571428572,7,7,131.9,61.8,72.5,77.0,32.8,54.6,3.3,70.9,4,Declining,0.0
STU3623,6,13.166666666666666,6,6,140.7,70.6,43.4,50.4,53.9,46.2,4.6,74.0,3,Stable,0.0
STU3624,4,11.0,6,8,120.7,63.8,38.4,52.3,49.1,66.8,3.1,30.4,4,Stable,1.0
STU3625,3,11.666666666666666,5,9,113.8,48.6,49.0,64.9,39.7,54.7,4.0,56.9,4,Declining,0.0
STU3626,1,10.0,6,13,121.0,68.0,48.7,50.7,42.9,26.5,2.9,52.3,5,Stable,
STU3627,7,11.571428571428571,7,15,112.4,66.6,54.1,63.6,52.0,54.1,4.1,53.7,0,Stable,1.0
STU3628,6,12.166666666666666,6,6,131.0,57.3,35.4,45.4,57.8,49.5,5.4,34.4,3,Stable,
STU3629,0,0.0,0,0,142.7,49.6,40.1,38.0,27.6,6.5,3.1,37.1,6,Declining,1.0
STU3630,6,13.833333333333334,6,6,125.5,68.1,64.4,48.2,47.3,45.5,5.7,72.8,6,Declining,0.0
STU3631,6,12.357142857142858,7,10,107.8,48.7,51.0,34.8,59.3,85.0,4.3,73.3,8,Declining,0.0
STU3632,6,12.166666666666666,6,7,110.4,69.3,32.8,43.8,60.8,25.0,1.6,59.2,7,Stable,1.0
STU3633,3,12.0,6,8,136.1,72.1,46.3,57.2,77.6,37.0,2.7,61.0,3,Stable,
STU3634,9,12.416666666666666,10,14,138.3,75.6,41.7,64.9,58.7,27.7,2.3,29.3,4,Stable,0.0
STU3635,4,12.75,5,7,142.3,74.3,27.0,62.4,58.8,33.1,4.8,58.9,6,Declining,0.0
STU3636,18,14.933333333333334,21,33,145.0,70.8,61.4,77.1,66.1,46.7,5.7,82.9,3,Improving,0.0
STU3637,6,13.0,6,6,125.7,74.6,71.4,52.3,68.1,39.6,5.4,47.3,4,Declining,0.0
STU3638,7,12.857142857142858,7,7,108.0,69.1,51.8,33.8,45.5,75.2,5.2,54.8,4,Declining,
STU3639,7,14.455000000000002,7,10,128.7,61.4,51.3,43.9,55.8,67.2,4.0,47.9,4,Improving,0.0
STU3640,6,14.0,6,8,128.0,70.8,61.6,69.3,57.6,51.8,6.1,30.5,3,Declining,0.0
STU3641,6,13.5,6,6,146.5,70.1,59.7,45.3,59.3,74.3,5.1,62.0,4,Declining,0.0
STU3642,0,0.0,6,0,106.1,67.3,17.4,37.1,48.4,32.3,2.1,58.0,4,Declining,1.0
STU3643,6,11.666666666666666,6,6,118.0,75.1,73.3,54.6,51.0,41.3,4.3,37.7,8,Declining,0.0
STU3644,4,12.0,5,6,117.0,59.1,51.7,35.8,60.7,46.2,5.3,50.0,4,Stable,0.0
STU3645,6,11.714285714285714,6,7,115.4,68.4,61.9,58.0,39.1,33.9,4.3,31.2,5,Stable,0.0
STU3646,6,12.666666666666666,6,8,117.0,68.9,44.8,73.3,56.6,31.2,3.1,55.8,4,Stable,0.0
STU3647,3,11.75,6,11,144.9,66.4,25.6,51.8,32.6,59.0,2.1,38.9,4,Stable,
STU3648,0,0.0,6,0,127.0,52.6,33.6,34.8,36.7,42.0,1.7,27.6,7,Declining,1.0
STU3649,7,12.328571428571427,8,8,118.0,80.7,39.3,41.6,79.6,38.9,3.1,68.0,6,Declining,0.0
STU3650,6,11.666666666666666,7,14,118.0,61.4,66.1,51.7,56.8,59.5,4.1,56.9,4,Stable,1.0
STU3651,12,13.25,12,12,126.4,83.8,41.2,67.7,54.9,65.8,4.0,59.0,4,Stable,0.0
STU3652,5,11.833333333333334,6,8,110.0,53.9,50.7,53.3,57.8,45.1,3.3,36.4,5,Stable,
STU3653,7,13.3,7,7,124.4,64.1,60.4,50.9,54.7,43.6,5.5,64.5,2,Stable,0.0
STU3654,6,12.555555555555555,6,13,140.0,72.9,57.7,67.7,43.4,63.9,5.9,36.6,4,Stable,
STU3655,6,12.833333333333334,6,6,129.4,57.8,45.8,51.7,35.5,59.1,2.9,72.2,4,Stable,0.0
STU3656,6,12.833333333333334,6,6,141.7,60.3,30.4,49.7,53.8,74.6,3.4,54.0,5,Declining,0.0
STU3657,3,12.666666666666666,5,10,132.1,69.1,31.6,54.4,50.1,56.9,3.4,34.0,5,Declining,0.0
STU3658,6,13.271428571428572,7,8,116.8,52.8,43.4,71.2,52.0,33.0,4.3,30.5,4,Stable,0.0
STU3659,5,12.4,5,5,135.0,74.1,33.5,51.6,61.1,34.0,4.1,45.6,5,Declining,0.0
STU3660,2,14.5,5,10,150.0,77.0,49.4,42.7,66.5,49.7,3.1,45.0,4,Declining,
STU3661,0,0.0,6,7,116.0,67.9,26.9,45.6,47.4,48.7,2.7,38.2,5,Declining,1.0
STU3662,6,14.285714285714286,6,7,155.0,69.7,37.6,52.2,52.0,58.8,3.5,38.8,6,Declining,0.0
STU3663,3,12.333333333333334,5,7,127.0,60.9,31.9,58.6,52.9,43.6,3.1,60.4,5,Improving,0.0
STU3664,6,12.583333333333334,7,10,130.8,63.6,33.1,30.6,65.6,33.9,2.8,14.9,7,Declining,0.0
STU3665,6,13.731666666666667,7,8,121.8,69.2,52.2,56.3,64.0,72.3,5.2,55.0,4,Stable,1.0
STU3666,6,12.875,6,8,140.0,67.5,43.3,52.2,60.3,71.0,5.0,42.0,3,Stable,
STU3667,8,14.625,10,14,148.5,66.1,56.5,47.7,53.4,40.9,4.8,59.7,0,Stable,1.0
STU3668,0,0.0,3,3,109.8,68.0,34.5,23.9,50.8,46.4,2.8,48.7,9,Declining,1.0
STU3669,6,12.666666666666666,6,8,119.7,64.3,49.5,51.6,68.5,56.9,5.2,66.2,5,Stable,0.0
STU3670,6,12.491666666666667,8,11,122.0,78.0,60.0,42.4,63.5,62.3,4.8,58.0,5,Declining,0.0
STU3671,12,13.666666666666666,12,12,147.5,71.5,40.9,26.0,90.4,78.2,5.5,81.4,6,Stable,0.0
STU3672,6,16.0,6,13,150.8,69.0,63.3,44.4,65.7,74.2,3.8,77.9,4,Stable,0.0
STU3673,6,14.142857142857142,6,8,150.0,71.3,57.9,41.6,67.6,61.1,2.2,77.3,3,Stable,0.0
STU3674,6,11.833333333333334,6,9,131.5,70.0,49.0,54.8,61.0,50.4,2.9,42.8,6,Stable,0.0
STU3675,6,12.666666666666666,6,6,127.2,65.0,42.0,40.4,53.5,50.0,6.5,63.4,4,Declining,0.0
STU3676,6,12.5,6,6,111.0,70.5,52.0,54.5,42.9,50.8,3.6,63.5,1,Stable,0.0
STU3677,9,10.88888888888889,11,16,119.9,73.4,59.7,45.8,49.4,88.7,6.1,55.8,6,Stable,0.0
STU3678,1,13.0,6,11,133.7,77.1,31.6,60.8,44.3,51.0,4.1,63.3,3,Stable,1.0
STU3679,6,15.166666666666666,6,6,140.0,68.1,61.1,61.2,44.6,64.9,4.0,55.5,3,Stable,0.0
STU3680,6,12.666666666666666,6,8,113.9,60.1,72.8,51.4,52.2,58.8,2.8,30.3,5,Declining,0.0
STU3681,0,0.0,0,0,120.7,49.6,34.2,39.7,40.0,26.1,1.2,49.0,3,Declining,1.0
STU3682,5,12.0,5,9,119.8,84.4,66.3,60.6,65.9,58.4,3.6,41.7,4,Stable,
STU3683,0,0.0,5,5,121.8,40.5,41.4,39.5,28.6,30.8,1.9,4.7,6,Declining,1.0
STU3684,0,0.0,0,0,117.7,45.5,38.2,39.7,48.9,26.6,2.7,77.8,8,Declining,0.0
STU3685,2,11.0,5,8,110.0,63.3,38.7,24.8,53.4,56.4,2.5,29.9,6,Declining,1.0
STU3686,6,15.714285714285714,6,7,134.4,63.0,50.3,51.1,61.0,40.9,3.4,65.4,5,Declining,1.0
STU3687,11,10.818181818181818,15,15,125.3,75.4,44.0,49.5,57.5,67.9,5.4,41.8,5,Stable,1.0
STU3688,1,12.0,5,16,119.1,69.7,59.6,63.9,72.7,57.2,5.8,41.4,7,Declining,1.0
STU3689,5,12.6,6,8,146.0,61.4,42.1,49.4,46.4,68.2,3.9,40.9,3,Declining,0.0
STU3690,1,13.0,5,12,130.0,76.0,69.7,43.4,46.4,56.4,4.0,33.1,3,Declining,
STU3691,5,11.6,5,8,122.0,56.3,55.5,60.2,54.7,40.7,3.5,63.3,3,Declining,0.0
STU3692,1,10.0,5,11,118.1,56.3,50.6,30.6,53.6,61.5,3.1,78.5,6,Declining,1.0
STU3693,1,14.0,6,7,105.2,76.6,32.7,50.6,54.3,64.7,3.3,48.2,4,Stable,1.0
STU3694,5,12.6,5,9,123.3,55.4,59.2,30.5,53.9,63.8,3.4,25.0,3,Declining,1.0
STU3695,0,0.0,0,0,124.8,57.8,32.4,29.4,45.3,46.8,2.7,14.3,8,Stable,1.0
STU3696,2,11.333333333333334,5,11,149.4,76.1,41.1,45.3,57.4,32.2,4.2,34.6,5,Stable,1.0
STU3697,6,12.666666666666666,6,6,108.5,45.3,43.8,72.1,54.4,63.8,3.6,53.7,6,Declining,0.0
STU3698,5,10.8,6,7,125.0,61.9,34.5,50.6,71.2,36.4,2.9,42.9,5,Declining,
STU3699,5,12.87857142857143,7,14,101.0,74.0,52.3,44.5,59.7,46.6,3.3,84.6,5,Stable,0.0
STU3700,0,0.0,5,5,112.9,53.3,33.7,37.1,37.9,28.7,2.9,29.5,5,Declining,1.0
STU3701,6,12.833333333333334,6,6,120.2,66.7,36.0,72.1,67.4,34.9,2.9,64.5,1,Stable,
STU3702,5,12.6,5,5,111.6,66.9,56.8,28.9,33.6,54.7,2.5,48.2,3,Stable,
STU3703,0,0.0,5,0,134.1,57.5,60.5,47.3,28.7,37.6,2.3,29.4,5,Declining,1.0
STU3704,0,0.0,5,11,101.6,49.7,19.6,44.2,39.4,55.5,2.1,26.8,4,Declining,1.0
STU3705,6,14.166666666666666,6,6,111.9,73.1,51.6,54.5,44.1,69.2,3.8,53.8,4,Stable,0.0
STU3706,5,13.4,5,7,118.4,68.1,71.5,50.8,62.8,55.6,4.8,44.6,6,Stable,1.0
STU3707,5,11.2,5,8,127.1,55.7,40.5,70.1,60.9,61.3,3.6,50.4,4,Declining,0.0
STU3708,0,0.0,0,0,120.5,51.3,40.3,46.6,56.3,36.7,1.2,21.7,7,Declining,0.0
STU3709,6,12.666666666666666,6,6,136.1,54.8,56.4,42.2,49.0,52.2,4.1,86.2,3,Stable,1.0
STU3710,3,12.333333333333334,5,7,124.0,66.0,56.8,52.2,58.1,52.5,2.8,54.5,4,Declining,1.0
STU3711,4,12.25,5,7,141.6,68.7,71.7,67.7,65.9,49.9,4.7,58.3,3,Declining,0.0
STU3712,0,0.0,0,0,160.0,56.7,13.5,44.5,41.6,40.5,2.0,27.5,6,Declining,1.0
STU3713,3,10.75,5,13,110.0,68.4,50.8,54.7,61.9,58.6,2.3,25.9,5,Declining,1.0
STU3714,0,0.0,7,7,100.0,56.8,30.0,23.4,39.9,24.3,2.3,11.2,8,Declining,1.0
STU3715,0,0.0,6,13,120.0,62.4,36.5,67.7,54.9,34.9,1.3,30.0,5,Declining,1.0
STU3716,2,14.333333333333334,5,9,124.8,64.0,50.6,61.7,45.8,61.3,4.9,46.9,4,Declining,
STU3717,2,11.5,5,8,140.0,69.0,44.0,71.9,35.6,43.0,3.3,52.6,6,Stable,1.0
STU3718,0,0.0,0,0,124.3,44.7,22.0,41.6,36.2,31.6,2.8,32.8,5,Declining,0.0
STU3719,2,10.5,5,11,118.9,51.9,34.9,49.9,49.9,61.5,2.6,39.1,5,Stable,1.0
STU3720,6,13.5,6,6,130.2,67.3,77.9,47.6,59.8,45.3,3.7,92.9,3,Stable,1.0
STU3721,1,11.0,6,17,120.0,68.9,31.0,62.3,55.7,55.0,3.9,52.0,5,Declining,
STU3722,1,10.0,6,6,140.0,59.5,59.8,66.1,41.9,49.2,2.9,36.9,6,Stable,1.0
STU3723,0,0.0,6,17,130.0,61.8,25.1,53.0,32.3,51.0,1.2,27.8,8,Stable,1.0
STU3724,1,12.0,5,10,130.4,65.7,48.5,77.4,67.3,48.8,4.2,57.3,3,Stable,1.0
STU3725,4,12.25,5,6,116.1,48.3,73.2,54.2,51.6,42.1,4.0,46.1,5,Declining,1.0
STU3726,5,11.4,10,21,130.0,84.9,61.5,47.5,50.3,46.0,2.6,66.9,4,Stable,1.0
STU3727,0,0.0,5,5,124.3,45.4,18.5,41.8,43.9,58.6,1.6,29.7,3,Declining,1.0
STU3728,4,14.25,6,8,125.0,58.5,47.5,64.2,45.0,47.0,2.9,46.3,3,Improving,0.0
STU3729,11,14.454545454545457,12,12,110.0,79.8,58.1,58.2,53.6,52.6,4.0,39.6,2,Stable,0.0
STU3730,12,14.538461538461538,12,13,115.0,71.5,71.8,61.9,69.7,55.3,4.2,78.2,4,Stable,0.0
STU3731,6,12.733333333333334,7,10,129.6,60.4,52.9,57.9,45.2,50.9,3.6,36.8,3,Declining,0.0
STU3732,5,13.2,12,13,128.8,62.8,50.4,61.2,42.1,49.2,2.2,64.3,4,Stable,1.0
STU3733,0,0.0,0,0,144.2,48.0,55.6,39.6,36.4,44.8,1.5,21.0,6,Declining,0.0
STU3734,6,12.333333333333334,6,7,134.0,59.6,70.5,57.1,57.3,54.7,5.0,65.0,5,Declining,1.0
STU3735,5,11.2,9,9,112.0,71.3,58.4,60.7,67.1,44.9,5.7,69.3,4,Declining,1.0
STU3736,6,13.2,7,7,128.8,62.5,44.7,64.5,58.7,62.8,2.5,41.7,2,Declining,0.0
STU3737,5,11.833333333333334,5,8,134.0,56.7,18.6,47.5,58.9,55.8,5.0,37.9,6,Declining,
STU3738,5,11.333333333333334,6,10,125.0,59.1,34.9,31.2,43.4,68.2,6.4,83.7,3,Declining,
STU3739,5,13.6,5,5,123.2,64.7,32.9,42.0,56.5,57.1,3.6,58.8,6,Stable,0.0
STU3740,0,0.0,5,10,118.4,50.0,35.8,45.0,30.1,37.9,2.8,42.8,6,Declining,1.0
STU3741,5,12.857142857142858,6,11,116.2,63.7,63.0,45.9,64.0,51.1,5.1,32.0,4,Stable,1.0
STU3742,3,14.333333333333334,5,16,123.0,69.1,75.7,58.1,56.2,55.6,3.4,37.3,5,Declining,
STU3743,5,13.5,6,9,113.5,62.4,67.2,54.3,54.5,58.2,5.0,55.8,5,Stable,0.0
STU3744,6,14.428571428571429,6,8,125.0,60.4,44.9,57.2,61.4,55.2,3.8,48.9,4,Declining,
STU3745,0,0.0,6,12,134.8,50.6,39.8,45.7,36.7,34.4,3.3,17.3,5,Declining,1.0
STU3746,0,0.0,0,0,149.9,66.1,39.8,52.3,35.1,45.5,3.8,34.2,6,Declining,0.0
STU3747,8,12.82875,8,8,119.8,85.0,35.1,56.6,47.2,60.8,5.6,29.5,1,Stable,0.0
STU3748,0,0.0,5,6,125.0,56.0,25.4,26.4,58.6,39.1,1.7,35.8,7,Declining,0.0
STU3749,0,0.0,7,0,135.1,60.8,29.8,41.7,37.7,46.0,2.7,16.5,5,Declining,1.0
STU3750,6,14.666666666666666,6,6,138.3,59.7,78.9,64.9,53.1,54.2,3.5,65.1,3,Improving,0.0
STU3751,7,13.937142857142858,8,8,122.5,62.9,58.5,29.8,63.7,55.8,2.7,56.7,3,Declining,0.0
STU3752,10,14.7,12,12,148.0,73.7,41.9,52.1,60.3,66.8,4.3,68.2,4,Stable,0.0
STU3753,6,11.666666666666666,6,6,126.2,46.6,45.7,54.2,30.9,62.4,4.7,71.2,4,Stable,0.0
STU3754,6,14.85,7,7,129.8,73.6,59.0,50.9,76.8,63.2,3.7,44.8,5,Stable,0.0
STU3755,1,12.0,5,11,104.0,58.8,44.5,52.1,46.3,40.5,5.1,32.0,5,Declining,1.0
STU3756,7,13.6875,7,8,126.7,58.8,49.4,49.2,48.2,59.9,4.2,72.9,3,Stable,1.0
STU3757,5,12.4,6,14,120.0,69.3,60.6,66.0,53.3,54.2,2.6,77.8,3,Stable,0.0
STU3758,7,13.398,7,10,124.6,79.0,70.6,57.4,51.5,60.2,3.8,74.2,4,Stable,0.0
STU3759,5,11.8,6,13,130.0,63.2,65.7,32.5,49.4,74.9,3.0,16.5,5,Declining,
STU3760,0,0.0,5,0,127.3,57.3,31.4,46.8,41.2,35.5,3.6,39.0,7,Declining,1.0
STU3761,13,11.76923076923077,15,19,122.0,74.6,56.9,71.5,42.7,60.6,5.3,47.9,4,Stable,0.0
STU3762,0,0.0,6,8,125.1,57.7,32.5,38.8,48.4,32.4,2.1,45.0,5,Declining,1.0
STU3763,6,13.285714285714286,6,8,110.0,58.7,65.2,33.4,65.1,52.0,4.8,49.5,6,Declining,0.0
STU3764,6,11.666666666666666,6,6,129.8,67.3,46.2,64.7,37.2,44.6,2.8,46.1,5,Declining,0.0
STU3765,6,11.5,6,13,114.9,67.6,28.7,42.5,59.4,40.7,2.5,46.4,3,Stable,0.0
STU3766,6,13.081666666666669,7,9,125.6,44.8,58.2,51.1,47.0,30.8,2.4,44.3,4,Stable,0.0
STU3767,6,12.666666666666666,6,6,125.1,73.0,58.0,47.8,50.4,45.2,1.7,33.0,5,Stable,0.0
STU3768,3,11.333333333333334,6,6,115.7,51.6,43.1,33.7,55.0,42.6,2.2,41.5,7,Stable,1.0
STU3769,5,13.6,6,8,112.6,67.3,74.1,54.9,63.7,53.0,4.6,54.5,2,Stable,
STU3770,6,13.166666666666666,6,6,127.2,78.5,45.6,57.5,58.5,47.5,4.8,75.2,5,Stable,1.0
STU3771,0,0.0,6,0,140.0,53.0,52.0,39.4,26.1,50.4,1.0,37.7,4,Declining,1.0
STU3772,5,11.666666666666666,6,10,140.0,57.0,34.5,51.1,54.5,55.2,1.3,46.4,3,Declining,0.0
STU3773,6,13.5,6,6,120.4,71.0,55.7,46.4,60.3,63.1,3.4,47.7,5,Stable,0.0
STU3774,0,0.0,6,7,100.0,66.9,26.3,56.7,33.2,50.8,2.7,0.0,6,Declining,1.0
STU3775,6,13.166666666666666,6,6,113.5,57.5,51.2,57.3,46.7,70.6,4.9,46.9,3,Stable,0.0
STU3776,4,12.5,5,11,132.1,46.5,59.7,42.3,53.1,64.2,4.0,52.7,4,Stable,1.0
STU3777,6,13.375,6,10,160.0,76.4,46.0,61.1,61.6,44.1,2.8,44.6,5,Stable,0.0
STU3778,6,13.166666666666666,6,6,126.3,73.2,43.7,59.5,49.5,64.3,4.8,44.9,4,Declining,0.0
STU3779,4,13.4,6,12,160.0,69.0,48.8,61.8,57.0,57.2,4.3,14.7,4,Declining,
STU3780,3,13.0,7,10,100.0,50.6,95.1,52.6,40.7,68.1,4.5,29.1,6,Declining,
STU3781,7,13.154285714285717,8,8,125.8,71.9,55.7,48.8,58.9,55.3,3.0,37.8,5,Stable,0.0
STU3782,6,12.833333333333334,6,6,142.2,74.5,53.5,38.4,36.7,67.4,4.5,41.6,4,Stable,0.0
STU3783,7,12.142857142857142,7,10,119.4,84.0,57.9,49.3,58.8,55.7,5.0,8.0,5,Stable,0.0
STU3784,5,13.34,7,9,106.4,64.0,31.2,34.9,63.8,55.4,2.2,49.6,4,Declining,
STU3785,4,13.0,10,15,120.0,67.3,62.6,58.2,53.1,61.4,3.1,50.7,4,Declining,1.0
STU3786,3,12.0,6,18,150.0,48.0,58.8,34.0,59.2,48.5,1.9,56.6,2,Declining,
STU3787,0,0.0,0,0,148.6,62.7,13.6,33.7,42.5,44.6,1.0,23.6,5,Declining,1.0
STU3788,5,11.0,6,9,108.7,72.5,78.7,61.6,39.4,33.6,3.5,62.2,5,Declining,1.0
STU3789,5,11.5,6,8,130.0,68.3,50.2,50.2,41.6,57.9,1.9,76.9,3,Declining,
STU3790,3,13.333333333333334,9,9,124.6,74.5,36.7,52.4,49.8,36.8,5.0,29.0,4,Declining,1.0
STU3791,7,14.594444444444443,7,9,131.0,61.8,58.3,62.9,55.9,62.9,5.5,37.4,1,Stable,0.0
STU3792,4,11.0,6,9,130.0,62.6,38.1,58.2,44.6,13.6,3.4,53.7,5,Stable,1.0
STU3793,0,0.0,5,8,116.1,54.4,16.9,51.7,28.9,17.3,1.3,40.4,8,Declining,1.0
STU3794,0,0.0,6,6,125.6,64.4,32.6,45.7,12.2,39.5,2.0,12.9,4,Declining,1.0
STU3795,1,12.0,5,9,121.3,72.1,44.5,54.5,67.6,50.3,5.1,71.6,2,Declining,1.0
STU3796,5,14.0,5,8,107.4,69.0,33.3,31.7,72.3,51.0,4.7,38.8,5,Declining,0.0
STU3797,6,13.571428571428571,6,8,116.9,68.9,43.4,58.6,47.3,63.2,1.8,49.9,4,Declining,0.0
STU3798,0,0.0,6,12,123.5,60.6,24.4,59.7,27.2,50.9,0.0,42.4,6,Declining,1.0
STU3799,6,14.25,6,8,130.5,64.5,49.0,64.1,70.8,85.4,2.9,75.9,5,Stable,0.0
STU3800,0,0.0,6,7,140.0,66.6,43.8,50.7,19.7,39.5,2.1,16.5,6,Declining,1.0
STU3801,0,0.0,6,12,117.1,52.6,38.5,31.7,51.9,52.1,0.2,43.5,8,Declining,1.0
STU3802,7,13.542857142857144,8,8,127.5,70.8,53.2,55.7,62.9,45.4,3.8,53.1,6,Declining,0.0
STU3803,9,13.11111111111111,9,9,126.0,63.6,33.2,64.9,54.4,50.2,2.2,34.8,7,Stable,0.0
STU3804,9,12.666666666666666,9,11,113.0,75.9,54.7,63.3,71.7,46.8,4.2,47.5,7,Declining,0.0
STU3805,4,10.75,5,10,130.1,63.5,35.9,61.4,45.8,49.7,3.8,30.5,3,Declining,1.0
STU3806,4,10.75,10,14,110.0,81.2,28.9,38.9,61.3,54.2,5.7,59.6,6,Stable,1.0
STU3807,6,13.666666666666666,6,6,135.8,65.7,63.0,46.0,53.1,66.8,3.8,32.0,4,Stable,0.0
STU3808,6,13.833333333333334,6,6,126.3,74.3,36.7,40.1,43.5,58.6,3.5,60.1,1,Declining,0.0
STU3809,17,13.176470588235292,18,18,130.0,68.9,64.5,69.5,85.7,80.6,6.8,67.6,4,Improving,1.0
STU3810,4,12.75,6,8,104.0,62.7,44.5,51.1,46.5,68.5,4.5,55.4,3,Declining,1.0
STU3811,5,12.86,7,8,123.6,65.5,39.8,51.9,50.2,53.7,3.9,51.6,4,Stable,
STU3812,4,12.0,8,12,121.0,68.0,64.9,45.1,61.7,51.0,3.3,37.1,3,Improving,1.0
STU3813,9,11.666666666666666,11,11,130.5,61.8,47.0,47.1,69.4,37.6,6.2,61.2,6,Declining,0.0
STU3814,14,16.5,14,14,180.0,69.1,56.6,66.0,51.7,57.6,4.2,69.2,2,Stable,0.0
STU3815,9,12.333333333333334,10,14,112.5,69.2,46.4,71.5,72.3,47.1,2.5,49.1,3,Stable,0.0
STU3816,7,12.59125,7,8,126.1,70.0,54.9,74.6,55.7,45.4,3.7,92.0,6,Stable,
STU3817,4,11.5,6,9,111.8,64.3,47.5,71.3,51.9,46.4,3.2,31.4,5,Stable,1.0
STU3818,18,11.894736842105264,18,19,131.4,72.5,54.9,60.7,63.5,70.8,6.6,75.3,6,Stable,0.0
STU3819,0,0.0,6,0,144.3,44.4,23.9,23.8,39.8,41.5,2.2,38.8,7,Declining,1.0
STU3820,0,0.0,6,0,115.0,59.0,34.5,48.6,24.4,49.9,3.1,25.6,8,Declining,1.0
STU3821,5,13.0,6,13,120.0,73.2,44.3,70.4,59.3,58.6,0.8,56.5,3,Declining,
STU3822,0,0.0,6,9,168.6,63.6,57.0,44.4,43.2,32.2,1.7,38.4,6,Declining,1.0
STU3823,6,15.166666666666666,6,6,127.7,68.7,47.4,56.5,53.0,64.6,5.9,53.8,7,Stable,0.0
STU3824,4,11.75,6,8,150.0,59.8,53.5,44.9,54.9,35.1,2.3,40.8,3,Declining,1.0
STU3825,0,0.0,5,5,129.8,52.9,34.7,46.0,38.6,50.4,1.7,29.7,6,Declining,
STU3826,0,0.0,0,0,135.6,56.2,31.5,44.9,39.3,28.8,3.0,20.8,6,Declining,1.0
STU3827,3,11.333333333333334,6,11,100.0,64.0,59.5,55.1,56.4,23.2,2.9,68.8,5,Declining,1.0
STU3828,5,12.6,6,10,140.0,59.1,58.3,41.1,52.3,59.8,4.8,64.9,5,Declining,0.0
STU3829,0,0.0,5,10,124.1,42.5,43.2,27.6,33.6,35.7,1.4,33.1,6,Declining,1.0
STU3830,6,15.5,6,8,131.6,63.4,60.9,56.2,64.8,70.1,4.1,44.5,7,Stable,1.0
STU3831,7,12.365714285714288,8,8,129.0,64.5,33.2,68.1,44.9,66.0,4.8,48.6,1,Stable,0.0
STU3832,5,13.2,6,7,135.7,68.4,56.7,65.3,65.1,41.5,2.5,42.9,0,Declining,
STU3833,7,11.428571428571429,12,12,108.0,63.3,49.4,50.6,52.0,72.5,3.0,51.7,4,Stable,
STU3834,0,0.0,6,0,110.8,53.0,28.8,16.1,48.8,15.4,3.1,5.8,8,Declining,1.0
STU3835,4,14.0,6,10,124.5,67.0,93.2,70.7,69.2,59.1,2.9,43.8,4,Stable,0.0
STU3836,3,12.0,12,12,100.0,77.1,31.7,67.3,52.2,68.5,3.8,32.7,4,Stable,1.0
STU3837,0,0.0,4,4,123.8,54.1,34.5,40.1,49.3,26.4,3.2,20.2,3,Declining,1.0
STU3838,4,10.0,5,13,131.4,51.8,46.7,46.6,58.5,76.2,3.6,75.7,4,Stable,1.0
STU3839,1,10.0,5,9,118.5,56.6,44.6,44.9,51.2,49.8,3.5,39.2,4,Declining,1.0
STU3840,0,0.0,0,0,122.0,69.5,22.8,49.2,46.0,42.5,3.9,32.8,6,Declining,1.0
STU3841,6,11.166666666666666,6,7,122.9,76.8,53.3,60.0,51.0,66.6,6.5,47.3,4,Declining,
STU3842,4,11.75,6,12,118.7,72.6,36.6,47.9,69.8,57.1,3.8,59.4,5,Declining,
STU3843,3,11.75,6,13,100.0,70.2,52.8,78.8,53.6,35.5,3.1,43.2,4,Declining,1.0
STU3844,1,10.0,5,8,135.9,67.6,47.3,30.0,41.9,9.1,4.2,35.6,4,Declining,1.0
STU3845,3,14.0,5,8,138.4,63.4,47.5,46.3,49.4,40.7,2.8,40.3,4,Stable,0.0
STU3846,0,0.0,5,5,128.2,62.4,34.9,31.8,49.5,28.1,3.7,19.8,6,Declining,1.0
STU3847,3,12.0,6,12,107.4,71.9,68.4,53.7,43.6,40.1,2.9,71.7,3,Declining,1.0
STU3848,0,0.0,6,10,129.8,62.8,43.4,53.1,60.3,31.8,1.7,37.7,6,Declining,1.0
STU3849,8,11.88888888888889,10,19,100.0,63.3,56.8,67.6,70.6,22.2,3.0,47.0,2,Stable,1.0
STU3850,6,13.833333333333334,6,6,113.0,64.2,57.7,57.2,43.4,40.2,2.9,66.1,5,Stable,0.0
STU3851,0,0.0,5,5,107.0,50.4,36.2,22.8,48.4,45.3,3.5,48.2,5,Declining,1.0
STU3852,5,11.4,6,8,130.0,73.0,56.7,64.5,43.7,64.5,4.1,39.3,3,Declining,1.0
STU3853,0,0.0,6,8,120.0,58.2,28.9,25.6,32.7,30.4,2.1,27.2,10,Declining,1.0
STU3854,14,10.642857142857142,17,17,120.5,73.8,85.1,56.7,56.2,68.3,7.1,61.5,4,Stable,1.0
STU3855,2,11.0,6,10,120.5,67.9,49.7,49.5,43.6,18.5,3.5,35.0,6,Stable,1.0
STU3856,6,16.833333333333332,6,6,137.0,57.1,89.1,48.4,65.2,60.0,4.2,49.4,4,Stable,0.0
STU3857,6,13.571428571428571,6,8,115.0,73.9,79.3,45.8,58.3,68.8,2.6,46.2,6,Declining,0.0
STU3858,5,14.714285714285714,5,11,142.7,62.8,47.2,66.9,60.5,61.2,3.1,52.1,5,Declining,0.0
STU3859,0,0.0,5,8,116.7,52.2,39.1,56.7,41.1,38.8,1.0,77.5,5,Declining,1.0
STU3860,1,10.0,5,14,136.1,55.9,50.7,48.4,44.8,18.0,2.4,31.5,6,Declining,1.0
STU3861,1,11.0,6,15,134.3,63.8,58.5,28.9,45.7,72.2,2.8,24.3,6,Declining,1.0
STU3862,1,11.0,6,6,153.0,61.8,47.5,52.3,60.8,71.5,2.9,59.3,4,Declining,1.0
STU3863,5,12.0,6,6,132.0,54.0,64.7,44.9,50.1,60.6,4.5,53.1,4,Declining,0.0
STU3864,6,11.125,6,10,129.6,51.3,29.9,58.3,68.2,68.9,3.7,46.7,7,Declining,0.0
STU3865,3,11.333333333333334,6,13,105.0,62.7,41.7,55.5,46.1,51.1,5.7,61.7,5,Stable,1.0
STU3866,2,12.0,6,15,130.8,70.8,46.7,29.4,52.9,60.2,4.3,30.3,6,Stable,1.0
STU3867,0,0.0,7,8,119.7,61.5,28.2,34.5,44.2,49.2,1.3,36.3,7,Declining,1.0
STU3868,7,14.54,8,8,132.5,75.9,33.6,64.8,69.1,55.3,4.7,53.0,5,Stable,0.0
STU3869,6,12.166666666666666,6,9,130.0,64.5,62.3,53.6,64.5,43.7,4.0,52.8,6,Stable,0.0
STU3870,4,13.5,5,13,120.0,63.3,38.4,41.5,57.9,64.1,5.5,53.0,0,Stable,1.0
STU3871,6,14.75,6,8,150.0,66.6,45.6,64.6,57.4,78.0,5.1,90.7,3,Stable,0.0
STU3872,5,12.375,5,8,115.6,72.0,59.9,33.9,45.0,67.7,3.8,43.6,4,Stable,0.0
STU3873,6,12.733333333333334,7,7,119.1,79.1,66.6,57.7,53.1,57.8,6.0,39.8,5,Declining,0.0
STU3874,4,12.5,6,9,123.5,61.5,43.5,46.8,76.2,55.4,4.4,58.4,3,Stable,1.0
STU3875,0,0.0,5,5,120.0,53.4,23.3,44.0,31.1,42.6,2.8,46.3,6,Declining,1.0
STU3876,0,0.0,7,7,110.0,55.9,26.3,36.3,35.3,11.6,3.9,11.1,4,Declining,1.0
STU3877,7,13.44285714285714,7,7,131.4,65.1,66.7,62.2,42.5,53.8,5.1,60.3,1,Stable,1.0
STU3878,8,14.2,8,8,126.8,63.7,69.0,74.3,50.3,54.0,4.5,39.1,8,Improving,0.0
STU3879,6,13.55,7,7,118.9,65.7,56.6,63.9,43.8,39.9,3.9,33.1,3,Stable,0.0
STU3880,5,11.6,5,5,160.0,58.5,52.7,60.9,40.9,64.4,1.2,46.3,6,Stable,0.0
STU3881,6,13.571428571428571,6,7,115.9,72.5,36.7,62.6,58.8,57.8,1.7,43.5,5,Stable,0.0
STU3882,6,13.833333333333334,6,6,109.3,78.5,58.2,35.0,63.0,23.1,3.8,34.2,3,Stable,0.0
STU3883,4,11.25,6,7,113.9,62.0,58.3,52.9,55.9,53.8,2.9,35.8,7,Stable,1.0
STU3884,5,10.2,6,7,121.8,77.6,50.9,55.1,42.1,66.3,3.6,40.7,3,Declining,0.0
STU3885,7,15.675714285714283,8,8,140.0,67.7,57.8,65.0,41.2,49.8,5.5,66.4,4,Stable,0.0
STU3886,6,10.833333333333334,6,9,114.7,59.8,38.2,52.6,33.4,40.2,2.8,36.1,5,Declining,0.0
STU3887,6,14.5,6,6,120.0,72.6,67.2,64.8,44.0,39.5,2.1,55.3,4,Stable,
STU3888,4,10.4,6,12,107.3,56.9,32.6,40.4,42.1,52.2,2.0,20.9,4,Declining,
STU3889,5,13.0,5,7,136.2,70.8,51.0,78.1,49.8,44.4,2.6,48.3,1,Declining,0.0
STU3890,7,12.242857142857144,7,7,119.5,68.6,57.8,62.0,58.0,36.5,2.6,64.1,5,Declining,0.0
STU3891,7,13.0,7,7,106.0,63.7,66.6,44.9,52.1,74.2,4.0,46.8,5,Improving,
STU3892,6,14.166666666666666,6,6,124.1,62.9,65.6,72.2,71.8,57.2,5.8,61.9,3,Declining,
STU3893,4,14.25,5,11,133.2,59.4,65.7,41.6,78.2,47.6,4.6,23.9,6,Stable,0.0
STU3894,1,12.0,5,14,110.0,71.9,44.4,51.1,50.5,70.2,4.3,30.6,5,Declining,1.0
STU3895,4,13.25,7,11,114.8,64.0,79.1,55.6,35.2,56.4,4.1,60.0,6,Stable,
STU3896,6,13.183333333333332,7,7,130.0,69.0,65.3,50.3,50.0,52.5,2.4,62.5,5,Declining,0.0
STU3897,1,11.0,6,6,122.6,62.2,41.7,47.5,47.1,50.8,5.9,72.6,4,Stable,
STU3898,7,11.9725,7,8,133.5,64.8,48.8,56.0,62.2,47.8,3.5,63.6,7,Declining,0.0
STU3899,5,12.4,6,7,120.0,68.1,59.8,40.8,40.6,51.0,4.7,68.3,3,Declining,0.0
STU3900,5,12.6,8,9,120.0,69.9,45.6,57.5,38.2,60.1,1.1,37.2,0,Stable,
STU3901,6,13.9,7,7,137.3,68.0,37.5,55.9,58.5,74.8,3.9,53.7,0,Declining,0.0
STU3902,4,11.5,6,11,123.5,63.3,50.7,76.0,47.6,45.1,3.4,28.9,5,Stable,
STU3903,4,14.2,5,6,131.8,57.1,23.9,72.0,48.8,60.7,3.5,67.9,1,Declining,
STU3904,3,10.666666666666666,5,12,130.0,59.0,52.6,42.5,43.0,32.7,1.8,43.4,4,Stable,1.0
STU3905,0,0.0,7,14,128.0,54.0,44.8,38.4,37.8,46.0,2.5,40.1,7,Declining,1.0
STU3906,6,11.0,6,10,95.0,65.7,47.7,45.5,56.1,74.5,5.2,16.7,0,Stable,0.0
STU3907,7,13.957142857142856,8,8,116.0,53.7,67.7,53.8,32.8,55.9,6.6,17.4,4,Improving,0.0
STU3908,4,12.5,6,11,136.7,70.3,60.8,63.9,54.0,45.6,5.7,77.2,4,Declining,
STU3909,6,13.333333333333334,6,8,107.5,69.2,40.3,54.3,62.4,48.0,5.5,100.0,2,Stable,0.0
STU3910,0,0.0,5,5,108.4,50.8,36.3,32.8,45.1,44.5,4.1,36.3,6,Declining,1.0
STU3911,6,11.666666666666666,6,9,130.7,58.5,45.0,61.5,75.5,53.9,6.0,74.9,4,Stable,
STU3912,6,15.714285714285714,6,7,155.9,62.4,50.5,34.1,52.8,51.2,3.0,44.8,5,Stable,0.0
STU3913,5,11.0,6,8,106.1,54.2,63.5,48.1,52.1,59.6,3.9,26.0,4,Declining,0.0
STU3914,4,12.25,5,8,128.6,62.2,57.4,69.3,66.0,41.4,2.1,74.6,4,Declining,0.0
STU3915,5,12.2,10,25,140.0,65.7,44.6,73.3,56.8,65.4,4.7,52.3,5,Stable,1.0
STU3916,5,13.0,5,6,145.0,73.1,53.8,69.7,69.3,49.2,3.5,48.2,6,Stable,0.0
STU3917,4,12.0,6,11,113.0,68.9,41.1,38.3,61.6,60.0,3.5,75.1,6,Stable,0.0
STU3918,6,13.333333333333334,6,6,137.1,76.5,46.4,40.4,56.7,64.1,3.6,47.8,5,Declining,0.0
STU3919,3,13.0,5,6,119.7,65.5,67.8,46.4,52.6,28.1,0.6,31.5,6,Declining,
STU3920,7,12.91,8,8,120.5,59.7,83.6,56.2,53.7,54.0,1.7,33.2,3,Declining,0.0
STU3921,6,11.0,6,8,125.7,79.3,71.9,44.8,53.5,34.2,4.8,50.7,4,Stable,0.0
STU3922,6,13.579999999999998,7,8,125.5,64.3,56.1,35.6,47.3,33.8,3.2,66.7,5,Stable,0.0
STU3923,4,12.4,6,10,124.5,52.8,52.5,64.4,60.4,49.5,4.9,46.1,5,Stable,0.0
STU3924,8,12.88888888888889,9,13,126.0,69.8,66.9,66.8,76.6,60.0,4.0,54.5,5,Stable,0.0
STU3925,11,11.545454545454543,12,12,136.2,56.2,57.2,51.9,40.5,39.0,2.4,46.3,6,Stable,
STU3926,1,10.0,5,6,124.2,61.1,28.0,56.7,60.8,50.7,1.4,35.7,5,Declining,
STU3927,8,14.34125,8,8,138.5,64.6,76.9,69.4,60.3,46.3,3.4,80.4,2,Stable,0.0
STU3928,6,14.142857142857142,6,8,122.3,71.3,38.9,27.6,66.6,55.8,2.9,52.2,3,Declining,1.0
STU3929,0,0.0,0,0,126.0,62.6,49.5,45.7,34.1,68.4,1.9,18.4,6,Declining,0.0
STU3930,5,11.8,6,10,135.4,62.9,59.8,52.9,52.1,48.8,4.0,75.5,4,Stable,
STU3931,6,13.333333333333334,6,6,146.5,63.3,74.5,25.1,68.0,40.4,4.3,48.7,2,Declining,0.0
STU3932,6,14.5,6,8,121.9,73.4,63.8,68.7,55.9,55.0,4.3,52.0,4,Stable,0.0
STU3933,8,12.666666666666666,10,13,130.0,61.8,47.4,58.4,65.5,53.9,5.2,52.0,3,Declining,0.0
STU3934,1,10.0,5,13,115.2,63.0,59.2,30.0,44.0,44.3,4.4,20.4,6,Declining,
STU3935,0,0.0,6,10,115.2,60.3,32.1,44.3,39.4,39.8,1.1,25.6,8,Declining,1.0
STU3936,4,11.0,6,12,125.1,58.3,37.7,54.6,57.9,49.3,1.4,52.2,6,Stable,
STU3937,2,12.0,5,10,108.0,61.4,26.3,57.7,55.8,35.5,2.7,41.1,3,Declining,1.0
STU3938,4,10.0,6,10,125.9,64.7,46.8,28.1,60.1,60.3,3.6,62.3,4,Declining,
STU3939,7,14.20857142857143,7,7,128.0,78.3,33.7,53.4,53.4,71.5,3.5,40.1,2,Stable,0.0
STU3940,7,14.30714285714286,7,7,113.5,58.0,71.3,45.3,56.9,51.3,4.9,59.5,6,Stable,0.0
STU3941,3,11.0,5,8,124.6,62.5,29.1,49.0,61.2,54.3,1.8,39.3,5,Stable,
STU3942,0,0.0,7,14,116.0,67.2,32.5,19.7,56.3,15.4,4.1,46.6,8,Declining,1.0
STU3943,6,12.0,6,10,124.9,73.9,47.7,41.3,46.5,53.4,4.8,75.0,5,Declining,0.0
STU3944,0,0.0,5,0,140.5,52.8,37.1,56.5,51.9,61.1,1.5,48.1,5,Declining,1.0
STU3945,0,0.0,6,6,179.6,55.0,25.5,52.8,33.1,48.4,1.2,32.1,3,Stable,1.0
STU3946,6,13.857142857142858,6,7,116.1,70.5,66.4,67.5,57.9,56.5,3.8,53.0,4,Stable,0.0
STU3947,0,0.0,0,0,139.4,58.8,37.0,55.6,42.8,37.5,3.4,28.2,9,Declining,0.0
STU3948,0,0.0,7,0,129.0,66.0,34.8,15.6,35.1,34.4,1.5,13.6,7,Declining,1.0
STU3949,5,11.0,6,8,135.6,73.9,41.9,52.0,51.3,56.8,2.9,62.9,4,Declining,0.0
STU3950,5,13.2,5,9,147.8,55.1,58.3,57.6,37.1,65.9,3.8,20.2,5,Declining,0.0
STU3951,6,13.5,6,7,138.0,53.9,69.3,50.9,62.8,48.3,2.4,47.2,5,Declining,1.0
STU3952,0,0.0,5,5,150.0,51.2,68.1,16.4,37.9,47.7,3.4,55.0,8,Declining,1.0
STU3953,7,14.214285714285714,8,8,130.8,52.9,42.8,67.7,56.6,46.1,4.9,30.8,3,Stable,0.0
STU3954,5,13.0,5,5,122.6,76.1,49.3,61.3,48.4,47.6,4.9,58.2,5,Declining,0.0
STU3955,2,12.0,6,13,119.1,52.2,25.8,44.2,59.5,37.4,5.2,59.4,2,Declining,1.0
STU3956,0,0.0,7,0,111.8,52.6,43.2,48.1,41.9,39.9,1.1,21.2,3,Declining,1.0
STU3957,5,12.8,5,6,125.0,58.6,34.5,55.4,42.6,53.8,3.8,35.3,5,Stable,0.0
STU3958,4,13.6,5,11,129.9,53.3,54.8,62.1,53.5,58.1,3.7,26.4,6,Improving,0.0
STU3959,7,13.971428571428572,7,7,131.1,77.0,68.6,45.8,46.3,59.2,6.0,47.7,4,Stable,0.0
STU3960,6,15.0,6,8,141.4,63.0,49.0,59.8,57.0,64.3,3.6,43.1,4,Declining,0.0
STU3961,0,0.0,6,0,120.0,70.3,23.8,41.0,46.8,63.0,0.0,8.0,7,Declining,1.0
STU3962,26,15.07777777777778,26,27,133.4,92.3,89.9,74.4,76.7,83.3,5.8,96.7,3,Improving,0.0
STU3963,6,13.383333333333333,7,7,127.3,66.6,60.9,23.3,59.8,30.6,5.0,39.9,5,Declining,0.0
STU3964,12,13.25,12,12,131.8,53.7,44.7,63.3,71.2,56.7,5.2,67.5,4,Improving,0.0
STU3965,5,11.714285714285714,6,10,114.8,62.7,52.3,56.5,45.7,52.1,3.6,37.5,5,Declining,1.0
STU3966,8,13.01125,8,8,132.8,85.9,43.7,45.6,52.5,36.7,3.7,63.0,5,Declining,0.0
STU3967,3,10.666666666666666,6,12,140.0,67.3,61.0,58.2,33.8,60.4,3.9,50.5,3,Declining,1.0
STU3968,0,0.0,7,14,108.3,55.1,38.6,43.0,38.1,61.4,2.9,48.0,7,Declining,
STU3969,6,13.0,6,9,150.0,61.7,70.7,60.3,49.3,43.8,4.2,28.9,2,Declining,0.0
STU3970,5,12.0,5,5,160.0,72.2,38.9,48.6,60.0,67.2,3.3,38.3,6,Stable,0.0
STU3971,6,12.166666666666666,6,6,131.7,68.8,54.0,33.7,59.1,66.0,3.8,65.2,5,Declining,0.0
STU3972,6,11.85,7,10,112.6,68.3,51.4,34.3,69.7,56.8,3.2,42.0,4,Declining,0.0
STU3973,4,11.0,5,8,111.1,73.3,51.9,60.1,47.3,60.9,4.8,42.3,4,Declining,0.0
STU3974,7,12.327777777777778,7,9,127.5,75.5,45.9,42.6,59.7,45.3,3.8,61.5,6,Stable,0.0
STU3975,4,12.0,5,9,120.2,68.4,22.8,43.2,60.6,65.6,2.5,45.0,5,Stable,0.0
STU3976,7,14.428571428571429,7,7,118.9,55.1,62.3,67.2,79.9,71.1,6.8,56.9,4,Stable,0.0
STU3977,7,13.78,7,7,119.9,59.5,54.2,31.0,60.9,61.1,3.2,52.7,4,Declining,0.0
STU3978,6,13.8,7,7,127.3,61.9,42.8,36.5,55.3,58.2,2.9,48.3,5,Declining,0.0
STU3979,7,14.857142857142858,7,7,127.9,67.7,48.5,67.0,58.6,46.7,2.7,35.0,6,Stable,0.0
STU3980,5,13.0,6,8,133.0,77.9,37.3,55.4,59.2,64.6,3.0,44.5,2,Declining,
STU3981,6,12.142857142857142,6,7,114.6,82.3,29.1,30.5,68.3,53.5,4.7,59.6,4,Declining,0.0
STU3982,6,15.666666666666666,6,7,144.5,71.0,66.8,52.0,52.9,54.4,2.2,50.6,1,Stable,0.0
STU3983,5,12.5,7,13,125.4,70.5,58.6,56.8,47.7,64.9,4.0,59.3,5,Improving,0.0
STU3984,6,12.833333333333334,6,7,145.0,54.2,35.7,41.7,81.3,50.4,3.2,47.4,3,Improving,0.0
STU3985,0,0.0,6,6,138.1,52.2,66.2,21.5,29.5,30.4,1.1,38.1,6,Declining,1.0
STU3986,6,12.5,6,6,124.6,61.6,38.0,34.3,63.2,66.5,1.7,42.5,3,Declining,0.0
STU3987,4,11.25,6,14,130.8,59.9,58.5,63.1,57.5,33.8,3.6,32.1,3,Declining,0.0
STU3988,6,15.25,7,7,140.5,72.3,54.0,69.5,60.1,64.4,2.1,68.0,3,Stable,0.0
STU3989,5,14.0,5,13,124.1,63.4,37.8,65.0,43.7,40.0,3.7,37.1,4,Declining,0.0
STU3990,13,12.076923076923077,16,16,118.4,55.7,62.9,76.5,88.2,38.4,5.0,50.9,4,Stable,0.0
STU3991,16,14.625,16,17,128.2,80.8,61.4,82.0,67.2,72.6,2.5,68.0,2,Improving,0.0
STU3992,4,10.5,7,10,109.5,73.8,41.1,33.5,47.0,54.7,4.4,20.9,5,Declining,1.0
STU3993,6,12.833333333333334,6,8,131.1,68.7,67.9,67.1,41.9,46.4,1.5,43.9,5,Stable,0.0
STU3994,6,12.5,6,6,137.9,64.7,59.0,55.9,34.6,39.6,6.0,41.8,3,Declining,0.0
STU3995,12,11.23076923076923,12,13,128.2,62.3,65.3,82.5,66.3,62.3,4.2,54.5,4,Stable,0.0
STU3996,2,10.5,5,5,126.5,55.8,43.7,89.9,41.6,42.9,2.2,41.1,3,Stable,1.0
STU3997,3,12.0,6,11,120.0,73.1,53.5,49.9,50.0,60.8,3.8,41.6,3,Declining,1.0
STU3998,7,10.985714285714286,7,10,123.0,60.2,51.4,51.1,48.8,46.7,2.8,49.3,6,Stable,0.0
STU3999,5,12.62,7,10,130.0,82.0,57.3,49.8,59.9,48.2,0.9,73.4,1,Declining,1.0
STU4000,6,13.0,7,9,141.1,74.2,40.7,56.3,59.4,67.5,5.3,88.0,4,Declining,1.0
STU4001,0,0.0,5,5,140.0,58.2,7.3,41.5,48.2,26.4,1.7,38.2,6,Declining,1.0
STU4002,0,0.0,5,0,133.6,76.7,51.3,69.7,47.9,20.5,2.1,24.8,6,Declining,1.0
STU4003,6,13.5,6,6,123.5,76.8,52.2,57.1,48.3,43.0,3.7,39.3,4,Stable,0.0
STU4004,6,13.516666666666666,7,7,136.3,63.2,59.4,50.4,42.1,57.3,3.0,41.9,4,Stable,0.0
STU4005,6,13.166666666666666,6,6,123.5,58.2,43.9,55.2,53.7,76.9,2.6,48.9,4,Stable,0.0
STU4006,0,0.0,6,0,112.0,51.6,32.3,28.1,45.2,39.8,2.9,46.6,5,Declining,1.0
STU4007,6,13.125,6,8,160.0,65.7,70.6,35.2,56.5,43.7,4.5,37.3,6,Stable,0.0
STU4008,3,14.4,6,15,110.0,60.2,56.2,53.1,36.3,43.8,3.8,57.5,5,Declining,1.0
STU4009,4,12.0,6,10,116.8,56.0,76.4,81.0,53.9,56.9,4.9,41.7,5,Stable,1.0
STU4010,0,0.0,5,5,109.5,57.4,46.4,49.4,30.7,17.9,2.0,45.0,6,Declining,1.0
STU4011,0,0.0,7,7,100.0,62.8,28.0,33.3,41.2,16.4,3.5,25.4,5,Declining,1.0
STU4012,3,10.8,5,15,117.3,79.1,54.2,56.1,62.0,53.3,5.3,36.7,4,Stable,
STU4013,0,0.0,6,0,130.0,55.6,55.2,68.2,15.1,48.6,3.3,19.2,5,Declining,1.0
STU4014,7,16.13142857142857,7,7,137.8,73.5,58.2,61.0,73.4,68.1,4.8,83.0,6,Stable,0.0
STU4015,7,14.838571428571427,7,7,136.5,53.2,62.2,46.8,46.9,60.3,3.0,54.8,3,Stable,0.0
STU4016,3,10.333333333333334,5,7,138.7,70.0,64.2,51.1,60.9,63.8,3.9,62.3,3,Declining,1.0
STU4017,3,12.0,6,11,124.9,56.4,21.1,60.0,61.1,49.0,3.0,53.8,9,Declining,1.0
STU4018,0,0.0,6,6,140.0,58.0,44.3,43.9,37.8,34.3,3.0,39.8,6,Declining,1.0
STU4019,6,13.166666666666666,6,6,122.6,66.0,68.2,72.5,59.7,53.3,5.8,46.7,3,Stable,0.0
STU4020,8,13.9475,8,8,129.5,66.2,45.6,59.0,50.6,60.0,4.1,54.2,5,Declining,0.0
STU4021,3,11.333333333333334,5,6,155.0,51.8,60.5,22.8,34.3,96.8,2.1,30.9,3,Declining,1.0
STU4022,7,12.75,8,11,100.0,61.2,53.3,62.0,67.7,52.8,4.9,38.9,3,Stable,0.0
STU4023,5,12.6,5,6,137.6,57.9,30.4,58.6,47.2,54.8,3.7,46.9,5,Stable,0.0
STU4024,6,12.25,8,8,120.0,61.3,61.1,58.7,72.8,74.4,5.7,46.5,7,Stable,1.0
STU4025,0,0.0,7,14,114.0,65.9,37.0,29.9,50.7,46.6,2.3,30.1,7,Declining,
STU4026,5,11.0,5,8,139.0,62.0,48.8,76.6,44.6,31.6,3.5,60.6,5,Declining,
STU4027,12,11.833333333333334,12,17,110.0,64.8,65.6,47.8,66.2,79.9,4.6,87.7,6,Stable,0.0
STU4028,6,13.066666666666668,8,10,128.5,71.9,41.2,43.8,60.9,58.3,4.3,38.0,4,Stable,1.0
STU4029,6,13.833333333333334,6,6,132.2,69.4,61.9,52.9,72.9,20.4,1.6,58.6,2,Declining,0.0
STU4030,3,13.833333333333334,7,7,130.0,81.4,39.2,69.1,48.6,47.3,2.7,40.8,3,Stable,1.0
STU4031,5,11.8,5,5,129.3,73.0,68.1,69.4,50.9,43.3,5.0,24.5,6,Stable,0.0
STU4032,12,13.333333333333334,12,12,128.2,54.6,72.0,69.0,65.1,54.1,3.8,95.9,2,Stable,
STU4033,8,13.74625,8,8,130.3,74.5,73.0,68.3,57.6,55.9,4.1,54.5,4,Stable,0.0
STU4034,0,0.0,0,0,162.5,60.5,40.6,22.4,26.1,46.7,1.7,23.7,6,Declining,1.0
STU4035,0,0.0,6,0,130.0,68.3,29.9,17.6,50.1,53.2,1.2,42.8,7,Declining,1.0
STU4036,0,0.0,6,9,110.0,54.3,27.7,34.9,57.2,54.9,2.0,67.3,7,Declining,1.0
STU4037,6,13.333333333333334,6,6,142.3,75.2,42.9,65.8,56.8,73.3,2.7,57.0,5,Stable,0.0
STU4038,1,10.0,6,8,122.0,59.1,43.3,59.3,36.5,45.3,1.4,81.4,9,Declining,
STU4039,6,15.666666666666666,6,7,153.6,70.2,46.1,46.9,56.0,31.0,4.4,55.0,5,Declining,0.0
STU4040,7,11.857142857142858,7,9,112.9,58.1,56.2,43.6,46.3,24.1,5.9,67.8,6,Declining,0.0
STU4041,5,14.5,5,12,124.1,56.2,43.6,70.2,53.6,64.3,4.9,41.7,4,Stable,0.0
STU4042,6,12.166666666666666,6,6,129.7,72.8,43.8,56.5,56.3,52.4,4.7,39.2,7,Stable,0.0
STU4043,5,12.6,6,6,110.0,65.5,46.2,28.9,60.6,70.7,5.0,55.1,3,Declining,0.0
STU4044,7,12.285714285714286,8,12,136.3,56.8,43.8,42.6,70.1,60.5,4.3,73.6,6,Declining,
STU4045,6,12.666666666666666,6,6,146.0,72.6,47.6,60.5,61.1,32.5,3.9,44.3,4,Declining,0.0
STU4046,0,0.0,7,0,129.9,40.0,42.0,23.8,29.4,30.7,1.0,43.6,7,Declining,1.0
STU4047,6,12.857142857142858,6,7,140.9,59.8,41.4,43.2,61.9,59.0,4.8,58.0,5,Declining,0.0
STU4048,7,13.9,8,8,135.5,54.3,39.4,45.5,53.9,42.2,4.4,50.7,6,Declining,0.0
STU4049,7,13.817142857142857,8,8,122.0,77.1,51.6,67.3,55.0,73.6,3.3,65.7,5,Declining,0.0
STU4050,6,13.314285714285717,7,10,140.0,63.4,39.1,55.7,55.7,49.3,3.6,41.6,4,Stable,0.0
STU4051,0,0.0,6,0,163.0,55.6,51.0,58.1,41.4,34.1,0.6,45.3,8,Declining,1.0
STU4052,6,12.166666666666666,6,6,107.4,68.3,42.9,49.1,64.6,33.9,4.4,48.1,3,Declining,0.0
STU4053,4,11.25,6,12,114.3,71.2,50.2,50.1,58.0,76.1,5.5,60.3,2,Stable,1.0
STU4054,5,12.4,6,6,140.8,70.9,56.0,57.6,42.0,50.2,2.4,53.9,1,Stable,
STU4055,6,14.666666666666666,6,6,126.3,73.6,38.2,48.8,41.3,58.6,5.3,55.8,7,Declining,0.0
STU4056,4,12.0,6,15,110.0,63.4,40.6,34.5,60.5,43.4,5.2,0.2,5,Declining,1.0
STU4057,6,14.0,6,8,126.2,73.9,45.5,51.8,61.5,50.1,2.6,45.6,5,Stable,0.0
STU4058,6,12.571428571428571,6,10,140.0,61.2,61.6,46.2,67.9,57.7,1.4,38.0,4,Declining,
STU4059,6,15.538461538461538,6,14,123.0,65.3,77.2,56.7,57.0,62.1,4.3,65.3,4,Declining,0.0
STU4060,0,0.0,6,0,157.0,42.7,57.3,30.8,42.8,44.9,1.8,26.5,5,Declining,1.0
STU4061,6,15.0,6,6,149.7,80.8,68.9,62.0,61.3,67.5,3.8,29.7,4,Declining,0.0
STU4062,4,12.25,5,11,140.0,57.3,35.5,49.1,38.1,60.6,5.1,58.9,2,Declining,0.0
STU4063,11,15.692307692307692,11,13,170.0,82.7,49.0,43.2,45.7,67.5,4.3,60.3,0,Stable,0.0
STU4064,5,12.285714285714286,5,7,130.2,69.7,67.3,46.2,61.3,44.7,6.6,49.9,2,Stable,0.0
STU4065,12,11.833333333333334,17,19,135.5,72.0,76.4,46.7,64.2,56.9,2.7,67.7,2,Declining,
STU4066,6,12.166666666666666,6,6,118.3,68.8,60.8,77.3,67.9,38.4,2.8,55.5,6,Declining,
STU4067,7,11.88888888888889,7,10,116.3,58.1,62.1,56.0,74.0,48.3,2.9,83.5,8,Stable,0.0
STU4068,0,0.0,6,0,120.0,67.8,29.9,46.0,37.0,43.1,1.8,43.7,8,Declining,1.0
STU4069,5,11.8,5,6,154.7,62.2,70.7,51.9,49.9,56.9,5.4,51.2,0,Declining,0.0
STU4070,6,11.166666666666666,6,7,132.7,73.5,41.8,75.6,40.3,60.5,2.4,55.7,7,Declining,0.0
STU4071,7,14.05714285714286,7,7,130.8,63.2,34.5,41.7,61.9,73.2,3.0,51.9,3,Stable,0.0
STU4072,4,11.75,6,10,122.7,53.4,59.4,43.3,32.5,36.0,2.9,42.4,2,Improving,1.0
STU4073,6,13.166666666666666,6,6,130.0,82.3,45.1,68.4,45.5,31.5,3.8,66.0,7,Declining,
STU4074,6,13.5,6,7,123.6,61.8,36.9,49.3,58.6,51.2,4.1,77.6,3,Declining,0.0
STU4075,7,12.625,7,10,116.5,70.8,63.6,47.1,49.5,72.6,3.5,51.6,3,Improving,0.0
STU4076,0,0.0,6,0,111.1,40.0,13.1,31.3,39.5,55.3,0.5,38.2,5,Declining,1.0
STU4077,7,13.971428571428572,8,8,136.3,67.0,59.4,80.1,54.7,58.0,4.0,41.6,3,Stable,0.0
STU4078,2,11.0,6,7,129.8,67.8,41.6,74.5,39.5,45.7,5.0,55.7,6,Declining,1.0
STU4079,5,12.8,5,5,134.7,66.6,70.0,58.7,33.3,55.8,4.8,37.1,5,Stable,0.0
STU4080,6,13.571428571428571,6,8,131.8,66.0,58.2,58.1,62.7,68.0,3.4,56.7,3,Stable,
STU4081,0,0.0,0,0,126.8,53.3,47.9,47.4,38.2,28.6,2.1,36.7,3,Declining,1.0
STU4082,2,11.5,5,9,130.7,70.4,34.7,55.4,54.7,43.0,4.0,66.7,3,Declining,
STU4083,4,11.25,6,8,109.8,54.0,28.7,54.2,51.9,52.3,4.6,17.9,5,Declining,
STU4084,5,13.714285714285714,5,7,133.9,64.3,47.5,49.4,54.2,67.1,5.7,76.5,3,Stable,0.0
STU4085,0,0.0,4,4,109.9,66.9,42.9,31.2,42.2,48.6,2.4,49.0,6,Declining,1.0
STU4086,6,12.0,6,9,160.0,54.2,52.4,60.5,52.8,29.8,2.4,60.0,4,Declining,1.0
STU4087,6,12.666666666666666,6,7,106.5,65.4,65.6,56.5,51.6,63.7,2.0,47.8,6,Stable,0.0
STU4088,7,13.29,8,11,120.0,58.7,60.4,74.4,46.7,55.4,4.8,71.1,4,Stable,
STU4089,8,10.375,10,15,107.8,69.3,40.2,52.7,80.7,62.3,2.2,82.1,5,Declining,
STU4090,3,12.0,7,13,100.0,65.0,55.1,41.5,63.0,49.0,4.6,45.4,4,Stable,1.0
STU4091,5,11.4,6,10,112.5,57.7,52.4,35.8,68.5,58.3,3.0,72.3,7,Stable,0.0
STU4092,2,13.25,5,15,135.5,65.2,65.3,43.8,66.1,52.6,2.2,64.9,4,Declining,1.0
STU4093,6,13.861666666666666,7,7,145.0,67.4,41.7,38.6,53.0,48.1,4.6,72.6,3,Stable,1.0
STU4094,6,12.166666666666666,6,6,119.0,61.0,43.3,68.0,52.6,44.1,2.6,63.5,6,Declining,0.0
STU4095,4,13.75,6,17,130.0,63.3,57.2,50.4,55.6,52.0,4.5,53.7,3,Stable,0.0
STU4096,6,15.433333333333332,7,7,126.3,62.6,71.1,47.9,53.4,40.3,4.3,37.9,2,Declining,0.0
STU4097,6,13.833333333333334,6,6,113.5,48.5,50.2,61.4,64.5,49.1,1.7,46.4,2,Stable,0.0
STU4098,12,11.833333333333334,14,21,120.0,78.0,65.6,84.8,52.7,56.0,6.3,71.6,3,Stable,0.0
STU4099,0,0.0,7,7,111.3,65.3,36.5,33.9,30.3,51.4,3.7,28.5,5,Declining,1.0
STU4100,0,0.0,1,1,130.2,41.1,34.6,24.5,27.2,46.1,3.2,1.7,7,Declining,1.0
STU4101,7,12.333333333333334,7,9,140.2,76.5,66.5,51.0,52.5,78.7,5.1,44.8,5,Improving,
STU4102,6,11.166666666666666,6,6,113.9,68.5,51.7,31.1,49.0,32.3,2.8,34.0,4,Declining,0.0
STU4103,6,14.666666666666666,6,6,99.0,58.4,48.0,62.5,50.1,52.0,5.4,58.4,5,Stable,0.0
STU4104,5,11.2,5,5,124.0,62.9,43.4,59.3,53.7,66.3,4.5,62.3,6,Declining,
STU4105,6,13.714285714285714,6,9,138.9,61.3,49.3,50.7,44.3,58.1,1.5,57.4,3,Stable,0.0
STU4106,5,12.8,5,5,130.0,72.9,42.5,40.3,61.4,50.1,2.6,28.9,3,Declining,0.0
STU4107,4,13.25,6,9,120.8,58.2,48.0,82.7,43.1,41.6,2.9,45.6,4,Declining,0.0
STU4108,6,13.78,8,10,127.8,84.1,53.9,41.4,44.4,63.3,5.8,38.7,1,Stable,1.0
STU4109,7,15.11,8,8,126.0,77.5,58.3,48.9,51.2,58.8,3.0,54.6,4,Stable,0.0
STU4110,4,11.0,6,10,126.0,54.6,37.3,52.5,51.2,47.1,2.9,60.5,4,Declining,0.0
STU4111,7,15.798571428571426,8,8,138.5,81.7,50.4,68.8,66.8,69.2,2.7,58.9,6,Stable,0.0
STU4112,7,13.775714285714288,7,7,119.4,73.2,49.1,54.8,55.8,82.2,3.5,55.5,6,Stable,0.0
STU4113,7,12.16,8,11,101.5,65.7,43.7,56.3,39.8,44.0,5.2,77.7,4,Stable,0.0
STU4114,0,0.0,7,0,101.5,60.4,28.0,45.3,44.9,45.0,0.3,16.8,7,Declining,1.0
STU4115,6,14.333333333333334,6,6,126.2,74.4,63.9,94.5,60.7,56.5,4.6,71.1,4,Stable,0.0
STU4116,6,11.833333333333334,6,6,129.8,59.6,67.3,47.0,48.4,60.7,2.7,47.1,5,Declining,
STU4117,6,14.833333333333334,6,7,138.4,74.1,49.9,50.5,58.3,71.2,6.3,92.7,1,Improving,
STU4118,7,14.2,8,8,129.3,64.3,45.6,55.8,71.3,72.9,4.3,59.9,3,Stable,0.0
STU4119,5,12.2,5,6,113.1,71.8,49.4,61.6,45.1,46.4,3.6,23.8,5,Stable,0.0
STU4120,4,13.0,6,10,144.3,64.4,51.8,84.1,63.7,32.9,3.1,45.7,4,Stable,0.0
STU4121,7,12.485714285714286,8,8,141.0,58.7,61.0,54.3,68.4,53.4,4.2,34.7,6,Declining,0.0
STU4122,6,17.0,6,7,130.0,73.7,50.7,65.1,59.9,56.0,2.5,89.5,4,Declining,0.0
STU4123,5,10.8,6,7,117.5,61.6,42.9,26.5,40.5,18.4,3.7,38.7,5,Stable,0.0
STU4124,6,14.716666666666669,7,7,131.8,68.6,82.9,57.3,69.5,67.4,3.4,73.7,4,Declining,0.0
STU4125,2,13.5,5,10,133.7,67.9,34.0,52.3,62.0,45.2,2.9,63.8,4,Declining,
STU4126,7,11.971428571428572,8,8,115.4,78.3,63.1,67.5,60.8,53.5,6.4,35.7,5,Declining,
STU4127,3,12.0,5,7,129.1,60.6,66.5,45.5,51.6,43.9,5.2,25.5,7,Declining,
STU4128,6,12.333333333333334,6,7,135.5,59.2,48.5,39.9,66.3,50.9,5.6,67.0,1,Declining,0.0
STU4129,6,15.307692307692308,12,22,112.4,82.3,61.5,62.0,50.4,73.2,5.4,53.4,2,Stable,0.0
STU4130,6,12.666666666666666,7,7,130.8,66.2,31.7,36.1,63.5,54.7,4.4,52.7,4,Stable,0.0
STU4131,7,14.368,7,10,131.6,63.7,54.8,47.9,54.2,81.7,5.9,58.6,6,Stable,0.0
STU4132,7,12.084285714285716,8,8,140.8,69.5,66.3,56.0,38.7,61.7,4.3,9.4,5,Declining,0.0
STU4133,8,12.25,12,18,140.0,65.5,56.3,29.1,47.6,64.9,4.9,55.4,3,Stable,
STU4134,5,12.2,6,10,114.2,63.5,51.5,50.9,58.3,50.5,5.4,68.6,4,Stable,
STU4135,4,11.0,6,12,127.3,85.2,70.3,71.4,55.1,50.8,4.6,22.9,6,Declining,0.0
STU4136,5,12.8,6,8,115.0,57.9,61.0,34.9,58.8,65.5,4.3,63.9,3,Declining,0.0
STU4137,7,11.857142857142858,8,8,118.8,54.9,60.7,47.0,51.6,68.3,4.9,49.6,5,Improving,0.0
STU4138,6,12.285714285714286,6,8,125.0,75.9,41.9,61.7,56.9,56.7,4.0,35.1,3,Stable,0.0
STU4139,3,12.333333333333334,6,11,111.5,61.7,20.2,62.3,59.2,58.3,4.2,54.6,5,Declining,1.0
STU4140,4,11.25,6,11,124.2,67.2,54.0,53.2,76.5,49.9,4.3,49.1,5,Declining,0.0
STU4141,0,0.0,6,0,130.0,60.1,35.1,35.8,36.1,40.6,0.5,50.4,2,Declining,1.0
STU4142,2,16.0,3,3,120.0,51.4,59.7,73.4,64.1,53.5,2.8,42.3,7,Declining,1.0
STU4143,6,11.666666666666666,6,10,110.0,75.1,52.9,57.0,61.1,53.8,4.7,71.2,7,Declining,0.0
STU4144,5,12.4,7,15,113.3,61.8,52.5,42.2,56.3,65.8,4.0,52.0,1,Stable,
STU4145,6,10.744444444444444,7,14,123.5,81.0,51.6,55.7,41.4,52.6,3.8,58.2,4,Declining,
STU4146,0,0.0,6,0,101.0,48.6,21.7,36.4,53.9,30.5,2.4,24.7,4,Declining,1.0
STU4147,4,12.0,7,12,120.9,77.7,28.1,48.0,56.1,49.0,1.3,36.0,1,Declining,1.0
STU4148,4,12.75,6,12,154.6,79.6,40.3,33.7,48.2,49.4,3.6,65.4,5,Declining,
STU4149,2,10.0,5,9,120.2,58.7,33.2,49.3,41.3,54.0,3.1,44.5,7,Stable,
STU4150,12,13.417391304347827,14,26,146.5,70.5,59.9,70.5,65.3,55.1,5.0,59.0,3,Stable,0.0
STU4151,6,15.166666666666666,6,6,160.1,65.0,34.2,65.8,47.3,69.0,5.1,69.9,6,Stable,0.0
STU4152,5,13.833333333333334,6,10,150.0,78.7,46.7,55.5,49.8,51.0,3.5,75.6,3,Stable,0.0
STU4153,5,13.333333333333334,5,6,135.8,67.3,74.5,54.8,48.6,72.1,5.4,43.8,2,Declining,0.0
STU4154,0,0.0,0,0,143.8,59.3,34.1,31.3,40.5,38.3,0.8,54.6,5,Declining,
STU4155,3,11.666666666666666,6,11,116.8,63.2,49.6,63.6,58.4,57.4,4.4,36.9,3,Stable,1.0
STU4156,5,15.0,6,12,113.9,71.2,53.8,42.4,53.4,67.3,3.4,58.0,5,Stable,0.0
STU4157,7,13.242857142857144,8,8,118.0,71.5,55.9,50.1,54.1,69.8,5.4,67.3,6,Declining,
STU4158,1,13.0,5,13,150.2,59.3,42.3,42.0,53.2,58.3,3.8,0.0,3,Stable,1.0
STU4159,6,13.075,7,8,115.1,80.7,50.3,54.0,47.9,85.6,2.5,38.4,2,Declining,0.0
STU4160,6,13.5,6,6,131.3,64.9,45.9,71.1,49.6,54.2,4.1,46.7,5,Declining,0.0
STU4161,5,11.8,6,8,120.0,73.5,32.5,39.1,49.0,34.2,4.2,54.5,4,Declining,0.0
STU4162,5,12.6,6,7,110.3,55.5,65.0,57.2,57.0,52.4,4.0,51.2,5,Declining,
STU4163,6,12.166666666666666,6,6,100.0,71.3,40.7,57.9,70.5,62.7,4.2,14.6,3,Declining,1.0
STU4164,6,12.166666666666666,6,9,110.7,74.6,70.9,43.1,42.4,59.0,3.6,46.3,3,Declining,0.0
STU4165,0,0.0,0,0,143.4,57.1,25.8,35.7,42.4,25.8,1.3,6.4,8,Declining,1.0
STU4166,7,13.557142857142855,7,7,115.9,75.9,37.1,45.7,54.1,51.1,2.1,45.2,5,Declining,0.0
STU4167,4,12.25,5,6,145.0,59.1,72.8,53.8,51.3,41.9,4.3,44.2,6,Declining,
STU4168,6,14.333333333333334,6,6,140.9,70.8,35.3,54.6,51.2,46.9,4.6,57.1,4,Declining,0.0
STU4169,4,10.5,6,10,108.4,52.0,21.5,69.8,63.6,49.7,5.8,41.4,6,Stable,0.0
STU4170,0,0.0,4,8,114.3,57.0,18.8,30.0,16.8,44.7,2.1,31.9,7,Declining,1.0
STU4171,4,12.75,6,10,110.0,59.1,48.9,51.5,42.5,43.8,4.1,42.5,5,Declining,
STU4172,0,0.0,6,14,121.7,55.8,21.0,35.6,52.8,32.3,2.4,37.6,4,Declining,
STU4173,1,14.0,5,10,123.7,75.4,42.3,68.3,64.1,59.6,4.6,29.0,5,Declining,
STU4174,7,14.093333333333332,7,9,116.5,81.7,29.8,51.3,74.6,45.6,3.5,54.3,3,Stable,0.0
STU4175,6,13.333333333333334,6,6,155.0,56.2,65.3,44.5,58.4,43.3,4.1,35.6,7,Stable,0.0
STU4176,7,12.071428571428571,8,12,129.3,76.9,58.0,46.6,60.8,81.1,4.0,47.7,4,Declining,0.0
STU4177,6,12.666666666666666,6,6,121.7,77.3,36.5,45.2,36.2,47.2,4.7,55.1,4,Declining,0.0
STU4178,6,12.125,6,11,148.2,68.9,24.2,48.0,55.1,31.9,6.6,38.9,6,Stable,
STU4179,7,13.2,7,9,125.5,78.1,42.6,46.2,62.0,40.3,4.4,52.4,4,Declining,0.0
STU4180,7,14.15,7,8,131.9,64.4,61.9,57.3,52.1,31.9,2.4,49.8,3,Declining,0.0
STU4181,4,13.5,6,12,121.8,61.9,64.4,38.9,53.8,73.2,2.4,82.6,2,Declining,
STU4182,0,0.0,6,0,107.7,50.9,32.2,44.9,52.3,37.1,3.3,35.0,5,Declining,1.0
STU4183,5,12.2,7,13,115.5,71.7,45.4,55.0,69.2,40.9,1.8,59.2,1,Stable,1.0
STU4184,5,14.8,5,6,139.8,65.9,45.6,75.0,58.1,61.1,4.3,40.0,4,Stable,0.0
STU4185,5,11.0,6,8,133.2,59.1,53.4,58.3,52.6,72.3,2.8,11.7,6,Declining,0.0
STU4186,0,0.0,5,10,118.4,50.7,47.1,43.9,48.6,37.3,5.4,22.6,5,Declining,
STU4187,3,14.0,5,15,123.3,66.0,49.8,78.6,51.0,73.0,2.4,27.3,8,Stable,
STU4188,5,11.833333333333334,6,8,134.5,58.5,45.9,58.6,64.1,48.3,2.9,53.5,2,Declining,0.0
STU4189,4,11.75,5,7,110.6,69.9,58.7,49.7,47.5,37.2,4.5,52.8,5,Declining,0.0
STU4190,12,12.333333333333334,14,22,154.0,80.5,76.9,51.5,68.8,82.1,4.4,64.7,4,Stable,0.0
STU4191,3,11.666666666666666,10,16,160.0,72.6,46.3,70.2,52.9,43.1,2.8,48.1,4,Stable,1.0
STU4192,6,12.666666666666666,6,9,140.0,89.7,53.1,43.0,49.0,47.2,2.7,39.1,4,Declining,
STU4193,4,12.25,6,9,132.5,68.3,41.0,39.4,57.0,64.5,2.9,38.7,7,Stable,
STU4194,6,11.285714285714286,6,7,127.7,79.0,51.6,40.0,50.0,53.0,2.7,56.7,6,Declining,0.0
STU4195,2,11.5,5,12,117.5,65.2,37.0,42.1,61.6,48.9,3.4,76.9,6,Stable,1.0
STU4196,6,11.666666666666666,6,10,127.0,63.7,68.5,54.9,44.7,50.3,6.1,55.1,3,Stable,0.0
STU4197,7,13.514285714285714,8,8,125.5,68.3,64.2,53.4,58.7,47.3,6.5,59.8,5,Stable,0.0
STU4198,6,13.0,6,7,140.5,67.7,72.9,61.4,47.9,56.1,6.4,80.9,5,Stable,0.0
STU4199,3,15.0,6,11,118.3,65.2,45.0,41.7,66.9,59.5,3.7,51.7,5,Stable,
STU4200,7,12.744285714285716,8,8,120.8,58.3,77.7,45.4,63.1,52.0,4.8,39.4,2,Stable,0.0
STU4201,4,11.75,5,10,95.0,57.0,52.7,54.6,52.7,58.6,3.8,55.0,5,Declining,0.0
STU4202,6,12.166666666666666,6,6,122.2,74.9,49.6,42.7,54.3,58.1,2.8,76.1,5,Stable,0.0
STU4203,0,0.0,0,0,143.9,61.7,50.1,21.7,56.8,42.6,0.0,43.1,8,Declining,
STU4204,5,13.4,6,9,127.2,80.5,39.6,36.5,62.6,50.3,1.8,55.4,4,Declining,0.0
STU4205,5,11.8,6,9,120.2,62.2,50.9,52.9,46.2,48.0,3.9,21.8,3,Declining,1.0
STU4206,6,13.533333333333331,7,7,134.8,62.8,50.7,54.7,64.9,58.8,2.3,30.1,3,Stable,0.0
STU4207,6,14.166666666666666,6,7,142.6,57.8,58.1,54.7,50.4,40.5,3.1,59.1,5,Stable,0.0
STU4208,7,14.652857142857142,7,7,147.9,76.3,49.0,71.9,58.7,90.8,4.6,50.5,6,Declining,0.0
STU4209,0,0.0,0,0,160.4,47.9,28.5,41.6,19.0,7.8,0.0,28.6,5,Declining,1.0
STU4210,5,13.6,5,5,134.6,65.7,46.9,54.4,62.7,46.6,5.6,66.5,5,Declining,0.0
STU4211,6,12.833333333333334,6,9,121.0,69.0,48.8,71.4,48.6,60.3,4.0,34.1,1,Stable,0.0
STU4212,6,14.666666666666666,6,6,142.7,54.7,54.3,68.0,54.2,63.9,3.6,45.1,1,Stable,0.0
STU4213,6,13.333333333333334,6,6,115.6,72.7,67.7,46.5,41.4,43.9,3.1,71.0,5,Declining,0.0
STU4214,5,13.4,6,10,130.0,74.4,26.1,65.0,56.9,46.1,4.5,33.9,5,Stable,0.0
STU4215,7,13.3125,7,9,124.3,69.6,62.7,77.8,57.2,55.9,2.9,72.1,5,Declining,0.0
STU4216,0,0.0,0,0,137.9,54.3,29.3,59.3,27.3,21.7,3.6,35.3,3,Declining,1.0
STU4217,0,0.0,4,4,100.0,55.1,33.5,50.3,40.9,24.1,3.1,28.9,8,Declining,1.0
STU4218,6,12.333333333333334,6,7,128.2,77.2,38.5,59.2,52.0,64.0,3.0,54.2,3,Improving,0.0
STU4219,6,13.5,6,6,135.0,67.0,52.9,58.8,67.7,64.0,3.7,58.7,3,Declining,
STU4220,5,13.0,6,8,121.0,65.8,46.7,71.9,47.5,53.4,5.3,61.7,5,Declining,0.0
STU4221,2,12.5,5,6,147.0,58.2,45.4,35.0,56.4,59.4,3.9,16.9,5,Declining,1.0
STU4222,6,17.0,6,10,149.5,46.5,62.9,74.1,43.9,58.6,4.0,76.8,6,Stable,0.0
STU4223,6,13.5,6,7,144.4,75.4,60.1,57.1,56.4,45.1,3.1,57.0,5,Declining,0.0
STU4224,6,12.714285714285714,6,7,116.0,66.2,68.9,43.8,58.6,39.8,3.7,69.7,6,Stable,0.0
STU4225,6,13.0,7,9,120.7,59.6,45.3,41.2,59.5,61.7,3.4,59.9,3,Stable,0.0
STU4226,6,12.571428571428571,6,7,141.8,83.0,59.9,34.3,53.7,45.5,4.2,85.1,6,Stable,0.0
STU4227,4,11.5,6,10,119.7,68.2,57.2,59.3,70.3,61.3,3.2,38.7,1,Declining,1.0
STU4228,6,13.5,6,6,118.4,64.9,53.4,78.4,51.8,50.5,2.8,77.4,4,Stable,0.0
STU4229,5,13.6,6,8,134.5,74.4,72.1,48.9,59.8,69.3,5.2,39.6,2,Stable,
STU4230,1,12.0,5,14,128.2,66.6,40.3,40.7,48.4,38.6,4.1,55.5,5,Declining,1.0
STU4231,7,14.95,7,8,115.0,70.9,56.5,72.2,49.2,42.7,3.0,72.2,4,Stable,0.0
STU4232,4,11.25,5,10,130.0,59.7,53.0,53.7,40.9,53.9,2.9,49.4,6,Stable,
STU4233,3,10.666666666666666,6,13,120.7,69.5,34.1,66.5,42.8,46.4,4.3,18.7,5,Improving,1.0
STU4234,7,14.992857142857142,8,8,130.5,75.7,69.9,46.1,63.6,58.2,3.2,58.4,3,Stable,0.0
STU4235,3,10.5,5,12,107.4,58.9,46.9,59.0,65.0,49.4,3.3,40.5,4,Stable,
STU4236,4,11.25,6,6,100.0,49.0,54.0,73.5,58.2,44.6,3.2,61.9,5,Declining,
STU4237,6,12.333333333333334,6,6,125.0,73.5,70.3,41.8,51.2,50.1,3.0,38.5,3,Stable,0.0
STU4238,6,13.016666666666666,7,7,121.5,71.4,54.7,51.3,48.9,27.7,2.6,44.6,6,Stable,
STU4239,3,11.333333333333334,5,7,127.2,70.5,48.6,46.8,53.3,68.1,3.4,37.4,4,Stable,1.0
STU4240,6,16.142857142857142,6,7,160.0,68.5,55.5,66.7,47.1,48.7,3.1,51.6,5,Stable,0.0
STU4241,6,14.833333333333334,6,8,120.0,75.2,41.7,71.9,65.5,60.7,3.4,56.3,3,Stable,0.0
STU4242,7,13.327142857142857,8,8,141.5,62.0,48.8,48.2,60.0,30.2,5.1,63.1,5,Stable,1.0
STU4243,4,11.0,6,13,111.4,63.2,47.8,82.6,43.3,41.0,2.8,56.9,4,Declining,1.0
STU4244,6,11.714285714285714,6,10,136.6,57.6,52.6,55.1,69.6,56.4,4.4,32.8,6,Stable,
STU4245,12,12.333333333333334,12,13,154.6,79.3,74.2,53.8,48.1,80.8,5.7,47.2,6,Stable,1.0
STU4246,0,0.0,7,9,111.4,55.5,47.5,56.5,41.7,44.6,2.0,23.0,6,Declining,1.0
STU4247,12,11.916666666666666,15,15,120.1,71.9,50.5,62.3,68.4,65.7,5.1,54.9,6,Stable,1.0
STU4248,6,11.833333333333334,6,9,100.0,69.4,51.1,49.9,61.9,47.3,2.8,38.9,4,Stable,0.0
STU4249,3,12.333333333333334,7,11,140.0,62.8,66.3,46.0,46.7,51.3,4.5,38.1,5,Stable,1.0
STU4250,10,14.3,10,11,130.0,76.4,36.5,85.5,55.6,56.3,5.2,79.1,3,Stable,0.0
STU4251,5,11.832,8,11,100.0,78.8,48.1,41.9,44.5,56.4,5.5,55.8,3,Declining,1.0
STU4252,2,10.0,5,13,106.1,70.9,31.4,63.5,52.9,64.0,4.7,29.5,7,Declining,1.0
STU4253,5,12.0,5,5,151.4,51.3,79.4,43.4,61.6,47.8,4.0,56.1,5,Declining,0.0
STU4254,5,12.2,7,11,113.7,66.6,60.4,46.7,35.3,53.3,7.1,45.4,4,Declining,1.0
STU4255,3,11.333333333333334,5,7,116.5,65.0,42.1,50.1,57.2,45.4,4.5,75.2,3,Declining,1.0
STU4256,13,13.846153846153848,16,24,120.0,82.5,61.0,70.0,58.6,59.4,6.5,55.7,6,Improving,1.0
STU4257,7,12.412857142857144,8,8,122.0,62.4,42.8,35.9,54.7,67.9,3.4,46.1,4,Stable,0.0
STU4258,3,12.666666666666666,5,7,117.1,56.2,73.1,45.7,42.0,56.5,3.1,44.5,4,Declining,
STU4259,7,12.545714285714286,8,11,120.8,73.8,25.7,68.5,50.0,58.7,4.1,37.7,6,Stable,0.0
STU4260,3,13.0,6,12,141.4,65.0,54.2,65.5,73.5,50.6,2.5,57.3,7,Declining,1.0
STU4261,0,0.0,6,6,110.0,50.6,35.0,35.4,37.4,28.4,2.1,31.9,5,Declining,1.0
STU4262,9,12.22222222222222,12,12,120.0,66.1,42.4,43.7,57.5,64.7,4.2,61.5,5,Stable,1.0
STU4263,5,13.285714285714286,5,10,120.2,55.0,48.9,57.5,45.9,63.7,5.2,53.0,5,Declining,0.0
STU4264,3,11.666666666666666,5,7,138.4,65.3,28.9,61.4,77.7,61.0,4.9,50.6,4,Declining,1.0
STU4265,6,13.555555555555555,6,9,150.0,64.5,71.7,58.0,60.5,54.4,4.1,78.1,3,Stable,0.0
STU4266,6,13.166666666666666,6,6,121.8,70.6,52.4,71.9,55.0,44.5,3.5,61.0,3,Stable,0.0
STU4267,0,0.0,0,0,140.0,53.4,46.0,34.8,49.2,45.6,4.1,3.1,8,Declining,
STU4268,6,11.666666666666666,6,6,116.3,65.8,45.0,38.0,57.6,65.6,1.9,55.8,5,Declining,0.0
STU4269,4,11.0,5,11,131.5,60.9,65.4,45.2,51.0,61.3,1.7,66.5,5,Declining,1.0
STU4270,6,13.0,6,6,141.0,64.3,52.4,55.0,53.8,44.4,4.5,17.8,3,Stable,
STU4271,6,13.666666666666666,6,6,138.0,57.6,65.4,47.1,40.2,58.8,3.9,35.9,6,Stable,0.0
STU4272,5,14.6,5,6,127.5,74.9,59.2,49.2,51.8,30.8,3.6,62.2,5,Stable,1.0
STU4273,7,12.514285714285714,8,8,127.0,66.5,52.3,67.2,50.7,70.5,1.8,68.2,3,Stable,0.0
STU4274,3,14.0,5,5,118.9,49.1,62.0,43.3,56.6,54.0,2.6,52.6,4,Declining,
STU4275,6,13.166666666666666,6,8,134.5,53.9,100.0,39.4,53.3,56.5,5.7,59.7,5,Declining,
STU4276,4,13.0,5,10,133.0,73.8,37.2,63.5,60.9,71.3,5.3,71.6,2,Declining,
STU4277,1,13.0,5,5,114.0,63.0,46.0,58.2,52.1,42.5,4.3,38.9,5,Declining,1.0
STU4278,1,10.0,5,10,116.7,62.0,30.2,36.3,41.1,49.4,2.2,30.2,6,Declining,1.0
STU4279,6,14.333333333333334,6,6,125.1,67.0,58.0,64.5,70.9,44.5,3.6,50.3,4,Stable,0.0
STU4280,0,0.0,6,6,137.2,59.5,38.6,25.3,36.9,20.9,1.6,33.8,7,Declining,1.0
STU4281,1,11.0,5,7,111.4,74.6,69.4,40.4,55.4,51.7,2.4,49.5,2,Declining,1.0
STU4282,3,11.25,6,15,105.0,68.1,46.2,39.0,39.5,54.1,2.9,60.6,2,Stable,
STU4283,4,10.75,5,7,124.3,66.4,59.9,46.0,59.7,25.1,3.4,73.0,6,Declining,1.0
STU4284,1,11.0,5,7,132.0,57.8,21.1,55.9,33.5,57.1,1.5,47.6,5,Declining,1.0
STU4285,6,10.857142857142858,7,13,110.0,53.5,53.0,57.4,73.8,52.6,5.2,32.8,4,Stable,
STU4286,4,11.75,5,10,134.7,68.6,39.3,43.0,60.0,60.8,3.5,38.1,5,Stable,
STU4287,5,12.8,5,8,136.8,70.2,58.3,56.5,52.2,55.9,3.2,53.7,5,Stable,0.0
STU4288,3,12.333333333333334,5,15,160.0,73.9,64.0,57.7,59.2,64.7,1.8,72.0,4,Declining,0.0
STU4289,2,11.333333333333334,6,12,130.0,77.4,40.8,62.5,38.9,64.0,4.4,57.1,4,Declining,1.0
STU4290,5,11.6,6,10,128.8,56.1,57.0,57.8,51.8,54.9,2.5,37.3,2,Stable,0.0
STU4291,12,10.923076923076923,14,15,148.4,64.6,52.5,68.6,66.8,69.4,5.0,49.2,6,Stable,0.0
STU4292,0,0.0,0,0,130.4,60.3,35.6,38.8,45.7,48.6,0.9,25.6,6,Declining,0.0
STU4293,7,13.62857142857143,7,7,126.0,67.3,58.4,46.7,56.3,41.1,4.2,55.8,6,Declining,0.0
STU4294,3,10.333333333333334,6,16,118.7,75.6,36.6,53.6,55.3,40.1,2.0,44.1,2,Stable,1.0
STU4295,18,13.736842105263158,18,25,120.0,74.0,53.8,83.4,78.2,54.6,5.2,57.9,3,Stable,0.0
STU4296,8,11.625,13,19,120.0,84.0,64.9,72.7,64.5,64.1,4.1,44.7,2,Stable,
STU4297,4,11.5,7,7,116.3,64.9,41.0,21.1,33.8,42.7,3.8,47.7,7,Declining,0.0
STU4298,5,14.0,6,8,133.9,79.5,67.6,62.8,55.2,29.7,5.0,56.1,8,Declining,0.0
STU4299,3,11.333333333333334,5,7,150.3,44.5,26.8,45.2,51.8,38.1,4.1,32.9,6,Declining,1.0
STU4300,1,10.0,5,13,118.3,66.3,57.4,54.0,37.4,43.8,5.1,49.7,3,Declining,1.0
STU4301,5,11.714285714285714,6,14,130.0,66.0,51.3,37.8,43.8,58.6,2.1,78.8,2,Declining,0.0
STU4302,0,0.0,0,0,140.0,40.0,33.9,32.8,55.0,53.5,4.5,33.1,6,Declining,1.0
STU4303,13,10.76923076923077,15,15,110.4,69.9,59.3,41.2,52.7,70.4,5.6,64.1,4,Stable,1.0
STU4304,5,11.6,6,10,139.7,55.4,33.2,48.3,49.5,54.6,3.2,30.1,5,Stable,1.0
STU4305,4,13.75,5,6,138.3,61.4,64.3,61.1,46.1,42.9,4.9,62.2,5,Declining,1.0
STU4306,4,11.0,5,14,123.2,67.3,44.6,58.1,57.2,27.7,5.8,41.0,4,Declining,1.0
STU4307,0,0.0,5,6,120.0,54.6,25.9,64.7,43.6,33.0,3.4,47.3,6,Declining,1.0
STU4308,0,0.0,0,0,127.0,57.9,61.0,31.8,59.4,34.6,0.8,57.0,5,Declining,1.0
STU4309,0,0.0,0,0,114.2,56.3,30.8,27.5,34.6,39.2,2.0,19.8,7,Declining,1.0
STU4310,6,12.333333333333334,6,7,119.7,84.9,41.2,71.2,59.9,64.2,4.7,42.3,1,Declining,0.0
STU4311,6,13.428571428571429,6,9,150.0,68.9,62.5,35.2,36.9,62.6,3.9,61.7,4,Declining,0.0
STU4312,0,0.0,5,10,123.5,56.9,39.7,41.8,27.2,40.5,2.7,12.9,6,Declining,
STU4313,4,14.75,5,12,130.0,70.1,64.7,61.6,68.9,49.6,4.6,54.9,4,Declining,1.0
STU4314,21,12.476190476190476,21,21,124.6,75.9,67.7,42.0,79.3,49.3,4.3,68.0,4,Stable,0.0
STU4315,0,0.0,5,8,119.4,43.1,47.7,26.1,45.5,29.5,3.6,30.4,7,Declining,1.0
STU4316,3,11.666666666666666,6,15,121.9,70.3,74.2,36.2,64.2,40.0,3.7,19.1,5,Declining,1.0
STU4317,6,12.0,6,6,110.0,76.1,42.0,64.1,43.6,84.1,3.7,59.1,8,Stable,0.0
STU4318,6,12.0,6,7,118.7,78.3,45.7,46.5,71.0,77.1,2.7,88.5,3,Declining,0.0
STU4319,12,15.25,12,12,163.1,77.1,40.7,59.8,51.8,46.1,4.5,57.0,3,Stable,0.0
STU4320,5,12.4,6,9,121.7,63.5,55.6,34.7,57.5,57.7,4.9,29.8,4,Stable,0.0
STU4321,3,12.333333333333334,5,9,135.0,66.6,50.7,42.5,80.4,35.1,3.9,61.0,6,Declining,
STU4322,4,11.5,5,8,147.9,78.8,64.4,42.8,43.9,54.0,4.4,36.0,5,Declining,
STU4323,5,12.2,6,8,118.1,63.7,50.4,51.1,67.4,46.8,3.7,51.4,1,Declining,1.0
STU4324,2,10.5,5,14,105.3,53.8,46.6,46.9,60.9,48.0,3.5,36.1,4,Stable,1.0
STU4325,7,14.4,8,8,139.8,85.5,56.6,74.9,51.8,68.6,2.2,34.3,3,Declining,0.0
STU4326,13,12.846153846153848,14,18,130.0,63.3,56.9,71.0,82.8,65.5,5.2,67.6,6,Improving,0.0
STU4327,4,12.0,6,13,127.5,52.7,54.8,32.1,44.6,62.8,3.5,40.2,3,Declining,1.0
STU4328,0,0.0,5,0,120.0,57.6,37.7,50.2,39.6,44.0,2.4,6.0,6,Declining,1.0
STU4329,6,13.666666666666666,7,8,124.2,70.1,59.3,66.4,62.2,45.8,1.4,58.1,2,Stable,1.0
STU4330,5,11.857142857142858,6,10,113.4,69.1,48.0,54.5,53.0,36.9,6.8,94.0,4,Declining,0.0
STU4331,0,0.0,6,0,118.0,62.0,41.6,49.8,71.1,34.4,2.1,45.3,9,Declining,1.0
STU4332,0,0.0,0,0,130.0,53.7,42.4,52.4,27.4,34.4,2.6,29.4,5,Declining,1.0
STU4333,5,13.2,6,8,135.9,64.8,47.6,48.7,70.9,47.2,4.3,97.6,6,Declining,0.0
STU4334,6,12.714285714285714,6,8,135.8,61.7,51.0,40.4,32.5,45.4,3.5,26.3,4,Declining,1.0
STU4335,6,12.5,6,6,133.1,67.1,49.4,61.3,25.8,54.2,4.3,60.7,4,Stable,0.0
STU4336,3,10.666666666666666,5,9,118.8,67.9,33.1,41.1,51.9,65.8,4.9,74.6,6,Declining,
STU4337,1,17.0,6,12,117.1,73.5,46.0,58.0,62.3,28.5,4.1,37.2,2,Declining,
STU4338,5,13.0,5,6,114.5,58.5,60.2,41.6,69.2,38.1,4.8,56.0,3,Stable,0.0
STU4339,3,12.666666666666666,5,7,127.2,54.5,59.4,63.9,68.7,54.4,4.5,39.5,3,Declining,
STU4340,12,13.291666666666666,14,14,130.0,77.8,62.6,52.5,63.0,37.7,5.5,56.3,6,Improving,0.0
STU4341,3,11.666666666666666,5,12,116.1,60.2,37.0,49.6,57.5,33.9,5.8,55.0,6,Declining,0.0
STU4342,7,14.24,8,8,130.5,59.9,65.9,53.8,59.4,81.3,4.5,29.0,5,Stable,0.0
STU4343,3,13.0,5,10,104.0,50.2,72.2,35.9,68.5,58.7,3.6,34.8,6,Declining,1.0
STU4344,5,14.06,7,9,128.5,77.9,59.5,68.4,43.1,86.3,3.9,53.8,5,Stable,
STU4345,5,11.833333333333334,6,10,126.0,67.7,50.7,69.1,47.3,32.2,4.2,24.6,2,Declining,1.0
STU4346,6,12.833333333333334,6,6,141.1,70.6,41.4,53.1,63.5,78.7,2.2,46.9,3,Stable,0.0
STU4347,1,10.0,6,16,102.8,66.2,46.4,40.5,60.8,33.1,5.0,22.7,4,Declining,1.0
STU4348,2,11.0,5,9,129.2,64.9,41.3,47.5,64.4,60.2,3.1,24.4,5,Declining,1.0
STU4349,7,14.105714285714289,7,7,119.3,67.4,51.5,50.8,56.1,29.5,4.0,69.0,2,Declining,0.0
STU4350,7,12.471428571428572,8,12,126.3,66.6,68.7,56.0,51.3,58.5,2.5,55.8,2,Stable,0.0
STU4351,6,11.833333333333334,6,11,140.0,58.3,62.3,51.0,61.9,57.9,4.0,49.0,3,Stable,0.0
STU4352,6,12.5,6,6,131.5,51.9,47.4,43.6,43.7,48.0,2.2,45.4,3,Stable,0.0
STU4353,6,11.666666666666666,6,7,137.6,83.6,52.0,67.6,70.9,36.2,1.8,56.0,4,Stable,1.0
STU4354,0,0.0,0,0,142.8,55.3,34.9,35.4,35.0,34.6,1.1,22.8,7,Declining,0.0
STU4355,3,10.333333333333334,5,11,146.2,60.1,42.7,74.0,48.7,52.9,3.1,35.9,4,Stable,
STU4356,5,16.166666666666668,5,8,162.1,61.3,37.9,58.3,64.4,41.9,3.1,71.0,6,Stable,0.0
STU4357,3,12.666666666666666,6,11,140.0,73.3,59.8,48.0,45.9,49.3,4.0,40.5,5,Declining,1.0
STU4358,2,10.5,6,14,120.0,64.6,61.8,47.2,39.7,49.0,4.9,66.9,4,Declining,1.0
STU4359,2,11.5,6,13,133.3,56.9,41.0,46.9,63.3,55.8,3.7,39.4,5,Declining,1.0
STU4360,6,13.0,6,6,124.8,63.9,44.1,53.7,44.6,34.7,1.2,63.8,4,Declining,0.0
STU4361,6,11.966666666666669,7,7,133.3,68.3,62.1,56.9,57.0,46.0,3.8,55.5,3,Declining,0.0
STU4362,8,13.3475,8,8,141.8,64.7,46.3,43.8,57.3,58.1,4.8,64.1,4,Declining,0.0
STU4363,5,12.0,5,7,128.2,71.8,33.8,41.1,34.7,47.6,3.3,54.9,5,Declining,0.0
STU4364,2,10.5,6,10,115.0,80.0,41.7,59.4,40.2,36.0,3.7,56.7,6,Declining,1.0
STU4365,4,11.5,6,9,123.6,61.2,65.7,58.6,56.4,62.7,3.9,71.0,8,Improving,
STU4366,0,0.0,0,0,120.2,52.7,28.7,19.1,52.3,49.6,0.7,16.8,8,Declining,0.0
STU4367,6,13.571428571428571,6,9,127.0,60.3,45.1,62.1,48.3,63.7,5.4,76.2,3,Stable,0.0
STU4368,6,14.7,6,10,120.4,66.4,48.3,67.0,48.0,51.3,3.8,50.8,2,Declining,0.0
STU4369,0,0.0,5,5,120.0,40.0,21.9,41.8,47.0,36.2,1.7,3.8,8,Declining,1.0
STU4370,6,11.833333333333334,7,8,120.0,74.6,35.5,34.4,62.5,68.2,4.3,61.9,4,Stable,
STU4371,0,0.0,0,0,133.9,44.3,31.9,22.0,49.3,47.6,0.1,42.4,5,Declining,0.0
STU4372,7,13.175714285714289,7,7,113.5,60.6,36.3,55.5,58.3,70.1,5.5,61.7,6,Declining,0.0
STU4373,0,0.0,6,7,126.1,56.4,31.3,61.6,35.6,40.0,0.9,26.3,6,Declining,1.0
STU4374,2,13.0,6,12,121.2,75.6,52.5,45.9,60.6,58.7,5.8,35.1,4,Stable,
STU4375,7,13.742857142857144,8,11,150.0,60.9,58.7,64.4,56.2,63.9,5.5,47.6,3,Stable,0.0
STU4376,0,0.0,5,5,100.0,54.0,34.1,31.0,47.4,56.0,0.9,33.5,3,Declining,1.0
STU4377,7,12.217142857142855,7,8,127.3,69.0,38.1,75.9,50.3,26.9,4.3,49.1,3,Stable,0.0
STU4378,14,11.071428571428571,15,15,103.8,65.4,53.7,62.1,58.9,61.5,3.5,45.8,2,Declining,1.0
STU4379,7,13.428571428571429,7,10,131.0,66.5,57.9,42.2,62.0,67.0,2.8,51.1,1,Declining,0.0
STU4380,5,11.4,5,7,133.9,52.2,57.3,43.1,32.7,66.0,0.7,37.4,4,Declining,1.0
STU4381,4,11.325,8,14,140.0,60.8,46.7,42.3,66.7,46.6,4.4,39.9,5,Declining,1.0
STU4382,0,0.0,6,13,121.4,66.1,28.5,41.3,41.2,44.5,1.7,43.5,7,Declining,
STU4383,7,15.0,8,8,122.0,74.7,55.8,49.4,29.4,65.3,5.1,38.5,3,Stable,0.0
STU4384,6,13.166666666666666,6,7,150.5,62.9,48.0,49.3,57.0,69.1,4.2,57.9,1,Stable,0.0
STU4385,2,11.0,6,12,139.4,55.4,35.5,74.1,47.0,54.1,2.0,38.8,4,Declining,1.0
STU4386,0,0.0,6,0,112.6,53.3,38.7,31.0,29.6,41.1,3.0,34.1,4,Declining,1.0
STU4387,3,12.333333333333334,5,7,115.2,52.6,49.2,54.1,72.0,47.8,4.2,34.7,4,Stable,1.0
STU4388,4,12.25,5,6,131.8,63.1,36.3,49.3,61.3,65.1,3.0,46.1,6,Declining,1.0
STU4389,13,11.923076923076923,13,13,122.8,67.2,50.6,60.6,59.0,74.5,5.7,48.0,3,Stable,1.0
STU4390,6,14.333333333333334,6,6,156.2,63.5,50.8,64.1,56.6,67.4,3.7,58.4,4,Declining,0.0
STU4391,5,12.0,5,6,132.0,64.0,32.0,26.9,56.2,61.1,2.7,22.9,1,Declining,0.0
STU4392,7,13.761111111111113,7,9,130.0,71.9,45.2,58.7,40.5,58.6,3.9,53.7,3,Stable,
STU4393,4,11.25,5,6,138.4,55.9,56.3,47.2,78.5,43.8,3.1,28.4,7,Declining,
STU4394,3,12.333333333333334,5,10,146.2,72.3,43.5,54.5,53.2,42.5,1.8,39.3,5,Stable,0.0
STU4395,8,14.88875,8,8,166.0,77.7,46.0,56.1,76.3,69.5,1.1,52.2,3,Stable,0.0
STU4396,6,12.166666666666666,6,8,133.1,83.6,64.5,52.2,46.2,67.0,5.8,62.6,2,Declining,1.0
STU4397,6,12.666666666666666,6,7,121.9,68.6,56.0,58.4,60.8,56.6,5.2,26.9,4,Declining,0.0
STU4398,5,12.6,6,9,110.4,77.6,59.5,47.6,42.6,56.0,5.6,23.3,5,Stable,
STU4399,4,13.0,5,8,121.4,73.2,41.1,77.1,25.0,55.0,4.8,67.3,3,Stable,0.0
STU4400,6,13.875,6,9,137.0,68.6,49.7,44.6,65.2,69.3,3.5,48.8,4,Stable,0.0
STU4401,4,10.75,5,10,140.0,54.6,48.8,69.2,54.3,60.1,3.3,22.2,2,Declining,1.0
STU4402,3,14.666666666666666,5,10,140.0,73.1,54.1,39.4,49.2,48.1,3.1,45.3,5,Stable,1.0
STU4403,5,12.6,6,7,126.8,67.5,78.3,50.7,20.4,58.9,4.4,43.8,3,Declining,
STU4404,6,12.4125,7,11,124.8,80.8,53.2,58.9,50.6,35.1,4.5,44.1,5,Stable,0.0
STU4405,1,11.0,6,12,120.0,68.8,59.9,38.7,53.3,41.6,2.9,49.0,5,Stable,1.0
STU4406,7,14.314285714285717,8,8,133.0,76.2,81.7,45.2,46.3,34.9,4.7,29.9,5,Improving,0.0
STU4407,4,12.0,6,6,127.5,60.0,70.0,49.0,54.1,41.1,5.0,49.5,4,Declining,
STU4408,6,12.833333333333334,6,6,131.7,68.2,53.7,65.6,48.6,44.5,3.9,45.1,7,Stable,0.0
STU4409,5,11.4,6,8,133.0,49.6,63.8,54.0,41.4,27.0,2.3,48.8,3,Stable,1.0
STU4410,5,14.6,5,5,122.7,70.9,53.8,78.0,53.9,68.2,4.5,66.0,7,Stable,0.0
STU4411,6,13.5,6,7,121.2,76.4,52.0,62.3,33.9,48.2,2.5,68.1,4,Stable,0.0
STU4412,6,12.5,6,8,150.0,77.4,61.9,49.3,60.0,49.8,2.9,75.8,4,Declining,1.0
STU4413,4,13.0,6,6,133.4,62.3,60.8,20.9,54.5,41.9,4.0,21.3,4,Declining,
STU4414,5,11.6,10,13,121.2,51.1,57.0,35.3,60.2,59.7,4.5,56.2,4,Stable,
STU4415,5,11.8,5,6,129.3,60.7,48.1,49.9,64.7,68.6,3.8,61.3,4,Declining,0.0
STU4416,3,12.333333333333334,7,14,117.8,64.4,44.2,34.2,50.8,58.3,2.4,40.7,7,Declining,1.0
STU4417,12,12.625,14,15,131.3,73.7,43.7,58.9,33.7,63.8,7.9,60.0,2,Stable,0.0
STU4418,6,13.833333333333334,6,6,133.8,50.5,54.6,58.3,53.1,30.8,3.3,73.0,4,Stable,0.0
STU4419,6,12.5,7,7,120.0,65.3,54.5,51.2,43.4,52.3,4.4,48.6,3,Stable,0.0
STU4420,5,13.6,6,7,122.2,57.9,61.7,51.5,69.2,61.4,3.2,71.3,3,Declining,0.0
STU4421,6,12.0,6,6,119.0,77.3,33.6,77.6,50.6,67.4,2.7,50.2,4,Declining,1.0
STU4422,7,14.9125,7,8,149.5,49.5,56.0,58.5,65.9,63.7,4.3,62.6,6,Stable,1.0
STU4423,5,13.8,5,5,153.8,74.2,49.2,52.9,69.4,78.5,3.3,65.5,5,Declining,0.0
STU4424,6,11.666666666666666,6,8,152.0,64.5,50.4,42.2,46.9,44.3,3.9,34.6,3,Declining,0.0
