student_id,Curricular units 1st sem (approved),Curricular units 1st sem (grade),Curricular units 1st sem (enrolled),Curricular units 1st sem (evaluations),Admission grade,semester,attendance_percentage,ca1_score,ca2_score,ca3_score,best_2_ca_average,mid_term_score,previous_semester_tgpa,academic_trend,academic_risk
STU0001,0,0.0,0,0,127.3,2,42.4,5.3,8.9,5.1,7.1,11.3,3.97,Stable,1.0
STU0002,6,14.0,6,6,142.5,4,58.4,15.1,15.9,16.8,16.4,9.6,6.08,Stable,0.0
STU0003,0,0.0,6,0,124.8,6,50.6,6.8,8.8,3.4,7.8,5.0,3.96,Stable,0.0
STU0004,6,13.428571428571429,6,8,119.6,2,55.9,24.0,16.3,15.2,20.2,12.5,6.17,Stable,0.0
STU0005,5,12.333333333333334,6,9,141.5,5,76.9,15.3,13.2,10.6,14.2,19.4,4.27,Improving,0.0
STU0006,5,11.857142857142858,5,10,114.8,4,67.1,12.1,16.4,8.5,14.2,15.9,5.87,Stable,1.0
STU0007,7,13.3,7,9,128.4,4,72.9,13.1,12.5,14.6,13.8,5.0,6.57,Declining,0.0
STU0008,0,0.0,5,5,113.1,1,35.0,0.8,7.8,14.4,11.1,3.4,,Stable,1.0
STU0009,6,13.875,6,8,129.3,5,56.3,24.3,24.0,20.8,24.2,20.4,6.78,Stable,0.0
STU0010,5,11.4,6,9,123.0,7,65.8,7.8,6.8,16.4,12.1,4.5,6.52,Declining,0.0
STU0011,6,12.333333333333334,6,6,130.6,1,92.5,17.7,20.1,25.0,22.6,21.4,,Improving,0.0
STU0012,7,13.214285714285714,8,8,119.3,3,68.5,18.8,19.2,15.0,19.0,21.3,7.34,Stable,0.0
STU0013,0,0.0,6,6,130.2,1,63.2,4.7,4.4,4.0,4.6,5.0,,Stable,1.0
STU0014,6,10.571428571428571,6,7,111.8,1,67.9,11.5,15.8,20.8,18.3,10.7,,Stable,0.0
STU0015,4,13.25,5,7,137.1,8,74.0,13.2,13.1,14.8,14.0,10.4,6.2,Declining,1.0
STU0016,5,13.2,6,6,120.7,4,78.4,10.7,6.3,17.1,13.9,8.5,6.03,Declining,0.0
STU0017,1,12.0,6,10,137.4,3,67.0,11.6,10.2,23.4,17.5,8.9,6.51,Declining,1.0
STU0018,7,13.30625,7,8,127.3,2,62.7,19.4,11.2,10.1,15.3,13.8,7.02,Stable,1.0
STU0019,4,12.5,5,8,136.3,8,87.0,16.9,18.1,17.7,17.9,18.4,6.1,Stable,0.0
STU0020,6,11.666666666666666,7,7,124.6,2,70.3,12.2,14.7,15.4,15.0,7.0,6.07,Stable,1.0
STU0021,0,0.0,0,0,120.3,5,63.4,5.4,9.1,5.4,7.2,3.2,3.32,Declining,0.0
STU0022,7,11.4375,7,14,121.8,2,61.4,15.9,17.6,13.7,16.8,14.9,6.98,Stable,0.0
STU0023,7,12.857142857142858,8,12,125.5,1,89.4,16.9,20.2,18.4,19.3,23.3,,Improving,0.0
STU0024,6,13.375,6,8,114.9,5,72.9,18.5,9.9,16.9,17.7,16.2,6.29,Stable,0.0
STU0025,6,13.296666666666669,7,8,123.9,1,74.0,9.2,7.2,15.6,12.4,8.4,,Improving,1.0
STU0026,5,11.6,6,8,157.0,5,72.2,20.0,14.6,22.5,21.2,17.2,5.83,Declining,0.0
STU0027,6,11.375,6,9,116.4,2,66.6,15.1,13.3,17.0,16.0,13.0,4.74,Stable,0.0
STU0028,5,12.666666666666666,5,9,131.0,6,72.5,15.7,20.9,24.0,22.4,20.9,5.12,Stable,0.0
STU0029,5,12.0,5,6,122.1,6,67.3,12.3,16.1,14.4,15.2,15.1,6.23,Declining,0.0
STU0030,6,12.933333333333332,7,9,118.8,5,81.2,10.8,14.7,11.6,13.2,17.2,6.31,Declining,0.0
STU0031,5,11.857142857142858,6,15,150.0,1,78.5,13.5,14.2,19.2,16.7,9.0,,Stable,0.0
STU0032,6,12.833333333333334,6,7,130.0,5,56.8,11.4,9.2,17.7,14.6,7.1,6.76,Declining,0.0
STU0033,3,11.333333333333334,5,9,138.8,8,52.2,15.4,16.8,20.1,18.5,15.5,5.57,Stable,0.0
STU0034,6,12.666666666666666,6,6,134.5,2,53.3,9.8,13.3,22.0,17.6,12.9,5.4,Stable,0.0
STU0035,5,12.4,5,6,131.4,2,78.8,9.9,9.7,17.9,13.9,18.9,6.18,Stable,0.0
STU0036,0,0.0,7,7,102.5,6,46.7,3.1,0.0,11.0,7.0,0.0,4.17,Declining,0.0
STU0037,0,0.0,5,0,128.8,2,57.3,3.9,4.1,13.6,8.8,3.4,3.25,Stable,0.0
STU0038,1,10.0,5,10,122.9,5,63.3,8.4,1.9,7.2,7.8,4.8,5.66,Declining,1.0
STU0039,5,11.0,5,8,113.9,6,64.1,10.8,16.8,13.4,15.1,13.4,5.08,Declining,1.0
STU0040,3,11.666666666666666,6,13,120.0,1,74.4,19.1,14.6,30.0,24.6,21.7,,Improving,0.0
STU0041,4,12.75,6,6,121.1,4,74.1,21.2,16.4,23.2,22.2,20.3,5.53,Improving,1.0
STU0042,5,14.8,5,5,120.4,4,50.1,25.5,25.8,24.4,25.6,16.9,7.5,Stable,0.0
STU0043,5,13.928,7,9,100.6,2,64.2,6.0,9.5,17.5,13.5,13.5,6.74,Declining,1.0
STU0044,4,13.0,6,7,121.4,7,74.8,11.4,11.9,10.1,11.6,16.9,4.79,Stable,1.0
STU0045,0,0.0,5,0,109.7,2,68.5,8.0,13.9,6.1,11.0,10.0,3.83,Stable,0.0
STU0046,2,11.5,5,9,134.1,3,84.5,12.2,16.3,11.7,14.2,7.3,5.68,Stable,0.0
STU0047,6,11.666666666666666,6,6,127.6,6,61.5,20.3,18.0,21.7,21.0,17.0,6.69,Declining,0.0
STU0048,6,13.516666666666666,7,8,132.4,2,70.4,17.4,17.6,17.4,17.5,18.0,6.82,Declining,0.0
STU0049,6,11.5,6,6,133.4,6,59.3,23.1,21.0,21.0,22.0,23.5,4.37,Improving,0.0
STU0050,5,12.333333333333334,6,7,126.1,1,84.3,19.2,22.4,17.5,20.8,12.1,,Stable,1.0
STU0051,6,13.666666666666666,6,6,113.5,4,81.4,20.2,21.7,12.2,21.0,16.1,7.22,Stable,0.0
STU0052,6,11.833333333333334,8,10,121.3,1,75.6,14.1,14.7,21.7,18.2,17.7,,Improving,1.0
STU0053,4,14.0,6,11,121.8,5,66.9,11.4,6.3,5.2,8.8,13.9,4.35,Stable,1.0
STU0054,5,14.714285714285714,5,7,159.3,6,87.0,15.8,15.1,15.5,15.6,16.3,6.53,Declining,1.0
STU0055,5,10.6,5,12,120.0,6,77.1,5.9,7.2,6.6,6.9,11.0,4.83,Declining,1.0
STU0056,7,13.044444444444444,7,9,129.1,8,80.5,20.7,17.1,14.2,18.9,18.6,4.16,Improving,0.0
STU0057,0,0.0,6,10,130.0,5,58.2,8.4,7.4,9.3,8.9,10.1,2.95,Stable,1.0
STU0058,5,13.0,6,9,155.3,6,76.3,18.5,18.2,27.4,23.0,18.1,6.31,Improving,1.0
STU0059,8,14.935,8,8,139.8,4,79.6,21.5,21.2,12.8,21.4,21.0,6.57,Stable,0.0
STU0060,0,0.0,0,0,115.2,7,64.9,4.6,0.0,5.5,5.0,0.0,2.56,Stable,0.0
STU0061,6,13.133333333333333,7,8,114.9,5,62.5,3.4,6.1,3.3,4.8,7.8,4.14,Declining,0.0
STU0062,6,12.0,6,7,131.9,7,66.7,18.6,14.4,14.6,16.6,10.3,5.38,Stable,1.0
STU0063,0,0.0,0,0,126.0,2,65.6,0.6,4.9,7.5,6.2,5.3,4.4,Declining,1.0
STU0064,5,11.4,6,6,130.2,4,87.0,14.8,12.6,20.9,17.8,11.4,8.68,Declining,0.0
STU0065,0,0.0,6,6,120.9,5,50.4,7.8,6.2,0.0,7.0,7.5,4.23,Stable,1.0
STU0066,5,11.9,7,10,126.0,2,70.6,17.8,13.5,20.9,19.4,11.1,5.39,Stable,1.0
STU0067,0,0.0,0,0,128.2,2,56.8,8.5,6.9,3.7,7.7,4.4,2.84,Stable,1.0
STU0068,6,12.571428571428571,6,8,130.0,8,74.1,16.8,21.9,12.5,19.4,18.8,6.43,Stable,1.0
STU0069,5,11.2,5,8,120.1,3,67.3,17.9,17.5,18.9,18.4,19.0,4.96,Improving,0.0
STU0070,6,12.0,6,7,100.0,2,84.4,9.7,15.9,18.0,17.0,16.0,6.49,Stable,1.0
STU0071,0,0.0,5,9,134.0,3,55.8,5.2,12.4,7.2,9.8,2.9,3.45,Stable,0.0
STU0072,7,11.975,7,8,130.8,3,72.0,6.5,14.0,9.1,11.6,4.4,5.35,Declining,0.0
STU0073,0,0.0,0,0,135.8,5,68.0,10.6,16.6,8.8,13.6,7.4,1.7,Improving,0.0
STU0074,3,11.666666666666666,6,12,111.7,7,65.1,8.1,15.8,12.1,14.0,7.6,6.58,Declining,0.0
STU0075,6,12.333333333333334,6,8,132.9,8,71.3,14.2,10.9,19.8,17.0,17.9,5.51,Stable,1.0
STU0076,3,10.333333333333334,5,8,115.5,5,57.6,8.3,10.7,19.6,15.2,14.4,5.85,Declining,0.0
STU0077,4,10.5,6,8,106.0,5,62.9,8.2,13.1,17.9,15.5,6.2,4.91,Stable,1.0
STU0078,6,13.666666666666666,6,6,120.3,3,59.0,15.9,20.0,18.6,19.3,22.9,4.81,Improving,0.0
STU0079,7,14.842857142857142,7,7,130.8,7,83.7,16.3,12.6,24.7,20.5,18.8,6.7,Declining,1.0
STU0080,6,12.0,6,8,117.0,2,72.3,18.4,18.9,12.8,18.6,10.6,4.58,Stable,1.0
STU0081,5,12.2,6,8,110.2,1,68.1,15.7,15.7,25.6,20.6,10.7,,Stable,1.0
STU0082,0,0.0,1,1,155.7,8,54.0,3.8,15.6,4.3,10.0,2.2,4.03,Declining,1.0
STU0083,6,12.166666666666666,12,17,180.4,7,81.1,16.4,9.2,8.7,12.8,12.1,7.15,Declining,0.0
STU0084,5,12.0,5,6,125.5,2,58.3,18.7,15.4,23.3,21.0,15.4,5.64,Stable,0.0
STU0085,6,11.0,6,7,110.0,5,65.3,14.5,7.2,9.9,12.2,9.8,4.11,Stable,0.0
STU0086,7,13.08,8,8,161.0,3,83.6,13.9,15.5,20.2,17.8,6.9,6.39,Declining,1.0
STU0087,4,10.5,5,7,100.0,3,47.7,8.0,15.8,8.5,12.2,5.6,4.35,Declining,1.0
STU0088,6,10.666666666666666,6,9,117.6,2,74.7,15.6,15.3,27.3,21.4,15.0,3.73,Improving,0.0
STU0089,4,14.0,5,6,128.7,1,58.5,18.0,16.5,27.5,22.8,18.3,,Stable,1.0
STU0090,2,10.0,5,9,112.2,4,65.6,8.1,8.0,20.5,14.3,0.5,3.89,Improving,0.0
STU0091,0,0.0,7,18,100.8,3,44.6,8.9,11.6,9.9,10.8,3.8,3.73,Improving,1.0
STU0092,6,14.0,6,6,105.0,4,83.2,10.9,12.5,20.5,16.5,15.1,4.62,Stable,0.0
STU0093,2,12.0,6,7,100.0,2,53.9,16.6,17.0,15.0,16.8,10.2,3.94,Stable,1.0
STU0094,3,12.666666666666666,6,12,115.5,8,53.4,15.7,10.6,20.9,18.3,12.1,6.22,Stable,0.0
STU0095,8,11.875,8,11,114.0,5,65.2,6.2,4.9,9.7,8.0,0.8,5.01,Declining,1.0
STU0096,5,14.0,5,9,137.0,7,63.7,10.8,14.5,22.4,18.4,14.9,3.8,Improving,0.0
STU0097,6,13.666666666666666,6,6,124.9,1,53.5,10.5,14.5,12.8,13.6,4.2,,Improving,0.0
STU0098,7,13.75,7,7,120.3,5,73.3,14.3,17.4,15.0,16.2,13.4,5.9,Declining,0.0
STU0099,5,14.2,5,7,134.3,6,56.6,16.3,16.5,17.0,16.8,19.0,6.0,Improving,0.0
STU0100,4,11.96,7,10,111.5,3,55.2,6.5,6.5,12.9,9.7,8.8,4.76,Declining,1.0
STU0101,8,12.875,10,12,128.8,2,66.2,9.4,11.9,14.3,13.1,8.9,6.31,Declining,0.0
STU0102,0,0.0,0,0,110.0,2,65.6,10.0,9.3,12.9,11.4,5.8,4.19,Stable,1.0
STU0103,0,0.0,6,0,113.5,2,64.0,5.4,0.0,3.9,4.6,1.2,2.35,Stable,1.0
STU0104,18,14.63157894736842,18,19,160.0,3,96.1,24.3,22.3,29.6,27.0,17.4,8.3,Stable,0.0
STU0105,0,0.0,6,0,117.4,3,50.6,5.1,2.9,13.3,9.2,2.8,2.94,Stable,1.0
STU0106,10,13.0,10,12,122.2,2,50.9,13.5,14.1,18.0,16.0,12.9,7.84,Declining,0.0
STU0107,0,0.0,6,0,118.2,5,55.5,4.8,11.1,17.6,14.4,4.9,3.11,Improving,1.0
STU0108,4,14.2,6,15,106.7,1,81.9,24.3,20.9,24.1,24.2,23.5,,Improving,0.0
STU0109,6,13.266666666666666,7,9,108.2,3,84.6,21.4,21.8,30.0,25.9,15.6,6.64,Improving,0.0
STU0110,6,11.666666666666666,7,12,107.0,5,66.0,8.5,6.2,11.0,9.8,0.6,4.37,Declining,1.0
STU0111,6,13.857142857142858,6,8,136.1,2,64.4,15.2,11.8,10.9,13.5,11.2,5.99,Declining,1.0
STU0112,3,13.0,5,9,115.3,2,65.1,2.3,11.3,10.8,11.0,7.9,6.27,Declining,0.0
STU0113,5,13.4,5,6,139.8,2,87.8,19.2,13.2,14.8,17.0,14.4,6.36,Declining,0.0
STU0114,6,12.666666666666666,6,6,157.0,1,55.7,16.9,12.5,11.9,14.7,12.8,,Stable,1.0
STU0115,6,12.516666666666666,7,7,131.0,4,61.5,13.3,13.4,7.0,13.4,8.6,6.82,Declining,0.0
STU0116,6,11.616666666666667,7,11,100.0,1,74.3,6.0,8.6,17.5,13.0,3.7,,Declining,1.0
STU0117,2,10.0,6,13,140.4,2,64.5,8.7,9.7,5.9,9.2,7.3,6.29,Stable,1.0
STU0118,3,10.333333333333334,5,11,113.4,8,55.4,14.1,21.0,20.3,20.6,13.6,4.67,Improving,0.0
STU0119,5,13.142857142857142,5,12,137.0,7,92.1,19.0,14.4,30.0,24.5,20.1,5.99,Stable,0.0
STU0120,5,12.6,5,5,121.8,2,73.5,17.0,10.8,12.8,14.9,13.8,4.87,Stable,0.0
STU0121,3,11.0,6,12,131.0,2,60.9,11.5,17.6,16.2,16.9,11.1,5.65,Declining,1.0
STU0122,5,10.8,5,8,118.6,3,58.5,17.8,20.1,15.8,19.0,21.0,6.98,Stable,0.0
STU0123,0,0.0,0,0,122.3,6,73.7,7.5,11.2,13.0,12.1,9.6,4.36,Stable,1.0
STU0124,5,12.8,5,5,127.9,6,76.0,21.6,18.8,15.6,20.2,13.6,6.66,Declining,1.0
STU0125,6,14.166666666666666,6,15,121.3,1,88.2,8.9,11.8,17.0,14.4,0.0,,Declining,0.0
STU0126,5,12.1,7,12,117.1,1,78.7,9.7,12.8,21.1,17.0,6.1,,Improving,1.0
STU0127,6,14.166666666666666,6,7,160.0,3,76.9,19.6,17.8,22.5,21.0,20.2,6.56,Stable,0.0
STU0128,5,12.8,6,8,145.3,7,63.4,17.8,14.8,9.1,16.3,17.9,5.8,Stable,0.0
STU0129,6,13.0,6,7,122.6,7,81.8,21.7,22.2,24.4,23.3,13.2,6.87,Declining,0.0
STU0130,7,13.467142857142855,7,7,128.0,1,82.4,13.3,19.0,10.9,16.2,17.3,,Stable,0.0
STU0131,7,13.2375,7,9,124.9,4,53.9,12.4,10.3,16.5,14.4,13.3,4.47,Stable,0.0
STU0132,6,12.333333333333334,6,6,123.7,1,70.3,3.6,1.9,13.9,8.8,8.7,,Declining,1.0
STU0133,5,12.4,5,7,120.1,5,71.2,19.5,16.2,19.4,19.4,19.9,6.92,Declining,1.0
STU0134,5,14.0,7,8,131.7,7,62.4,13.1,13.5,28.7,21.1,17.7,3.47,Improving,0.0
STU0135,9,11.666666666666666,9,15,133.2,3,69.3,25.1,24.7,22.3,24.9,23.3,6.3,Stable,0.0
STU0136,5,12.0,6,7,109.3,1,52.4,8.2,11.5,12.1,11.8,10.9,,Improving,1.0
STU0137,4,12.2,5,7,113.0,4,65.5,23.1,26.9,22.7,25.0,20.7,6.48,Stable,0.0
STU0138,6,14.833333333333334,6,6,157.9,3,72.4,23.2,22.6,24.2,23.7,24.2,5.51,Improving,0.0
STU0139,5,13.188,7,9,112.1,6,73.2,14.6,15.5,20.2,17.8,9.8,5.7,Stable,0.0
STU0140,7,17.125,7,8,174.7,3,91.5,28.3,28.9,30.0,29.4,26.6,9.73,Declining,0.0
STU0141,6,12.666666666666666,7,7,128.8,7,64.0,19.5,10.0,16.3,17.9,15.8,7.44,Declining,1.0
STU0142,6,12.666666666666666,6,8,110.1,2,80.2,11.2,18.0,16.0,17.0,18.5,5.27,Improving,0.0
STU0143,0,0.0,5,8,99.7,1,56.4,7.5,3.8,4.6,6.0,2.7,,Improving,0.0
STU0144,6,11.333333333333334,6,7,121.0,2,86.6,18.2,15.9,9.1,17.0,19.1,5.03,Improving,0.0
STU0145,7,13.605,7,10,131.7,1,68.7,17.1,18.3,23.1,20.7,15.4,,Improving,1.0
STU0146,5,12.0,6,10,119.1,2,62.8,13.1,14.0,12.9,13.6,16.2,5.28,Stable,1.0
STU0147,0,0.0,5,10,124.7,5,68.1,0.0,3.9,6.3,5.1,0.0,2.93,Declining,0.0
STU0148,5,11.2,6,8,117.2,1,62.6,12.9,13.4,12.0,13.2,14.9,,Improving,0.0
STU0149,5,13.375,5,10,128.8,1,74.2,18.6,13.2,16.2,17.4,14.7,,Improving,0.0
STU0150,6,13.863333333333337,7,8,131.5,1,80.1,8.7,14.0,12.3,13.2,7.1,,Stable,1.0
STU0151,0,0.0,0,0,121.7,1,42.7,5.8,11.0,12.7,11.8,6.4,,Improving,0.0
STU0152,5,12.4,5,6,123.4,7,72.6,11.8,13.5,20.1,16.8,16.5,6.76,Declining,0.0
STU0153,3,12.333333333333334,6,11,124.7,8,67.8,4.7,7.9,11.3,9.6,2.4,4.33,Stable,0.0
STU0154,6,13.333333333333334,6,7,132.8,1,82.1,13.5,10.8,13.9,13.7,6.1,,Stable,1.0
STU0155,3,12.666666666666666,6,10,108.7,6,75.8,11.8,22.1,8.7,17.0,16.9,6.09,Stable,0.0
STU0156,6,12.0,6,8,138.1,5,90.2,27.5,22.3,27.2,27.4,16.4,7.14,Improving,0.0
STU0157,5,10.6,5,5,126.5,8,68.1,14.9,17.2,13.7,16.0,20.5,5.56,Stable,1.0
STU0158,6,12.25,6,8,127.4,3,67.0,21.6,19.8,15.5,20.7,24.6,4.73,Improving,0.0
STU0159,4,11.0,6,10,123.6,2,85.2,11.8,11.8,14.5,13.2,14.8,5.4,Stable,0.0
STU0160,5,11.0,6,11,122.0,3,50.3,3.1,3.1,9.2,6.1,3.7,5.53,Declining,1.0
STU0161,6,13.166666666666666,6,6,118.2,7,54.5,15.7,14.9,9.0,15.3,20.0,5.43,Stable,1.0
STU0162,7,12.855555555555554,7,9,123.9,5,74.1,11.1,16.8,9.7,14.0,18.0,5.03,Improving,0.0
STU0163,7,14.91875,7,8,125.8,4,97.0,20.2,17.5,24.6,22.4,16.2,6.21,Improving,0.0
STU0164,4,11.5,6,13,123.3,2,67.2,7.4,10.8,10.2,10.5,14.1,5.62,Stable,1.0
STU0165,5,14.2,5,5,124.4,5,84.4,17.9,20.0,22.6,21.3,14.3,6.71,Stable,0.0
STU0166,6,12.5,6,6,126.0,7,49.6,17.5,14.8,17.1,17.3,13.8,6.77,Declining,1.0
STU0167,0,0.0,1,1,170.0,3,57.9,14.0,17.2,18.8,18.0,7.0,3.44,Stable,0.0
STU0168,5,11.666666666666666,6,10,121.5,5,53.9,21.6,19.4,15.2,20.5,18.9,5.57,Improving,0.0
STU0169,7,14.257142857142856,8,8,130.0,3,80.3,23.6,18.9,21.4,22.5,18.0,5.17,Improving,0.0
STU0170,3,12.0,6,13,117.0,4,53.9,4.6,1.0,15.2,9.9,2.2,6.49,Declining,1.0
STU0171,4,11.25,5,13,130.0,4,55.0,7.4,10.6,10.7,10.6,8.2,6.47,Declining,1.0
STU0172,7,12.457142857142856,7,8,108.0,6,76.4,7.9,8.7,20.6,14.6,6.6,7.87,Declining,1.0
STU0173,6,11.683333333333332,7,7,132.3,8,78.6,16.6,16.3,9.3,16.5,15.1,6.21,Stable,1.0
STU0174,3,11.666666666666666,6,10,148.0,3,64.3,9.1,8.9,9.5,9.3,13.4,5.96,Declining,0.0
STU0175,4,11.75,6,8,122.6,3,69.0,8.9,8.8,4.7,8.9,4.4,5.37,Declining,1.0
STU0176,3,11.666666666666666,5,6,123.0,3,73.7,12.9,10.7,12.1,12.5,14.4,6.23,Stable,0.0
STU0177,5,13.2,6,9,102.5,1,73.3,19.1,8.9,18.2,18.6,14.2,,Stable,0.0
STU0178,4,11.95,7,8,113.3,2,59.0,7.6,8.8,18.1,13.4,9.7,6.26,Declining,1.0
STU0179,5,12.4,6,8,133.0,1,75.7,9.5,12.8,15.1,14.0,10.8,,Improving,1.0
STU0180,6,14.35,7,8,140.0,3,80.9,17.6,15.4,16.8,17.2,12.9,6.87,Declining,1.0
STU0181,21,12.61904761904762,21,21,128.3,2,93.2,28.3,30.0,20.3,29.2,28.5,8.16,Stable,0.0
STU0182,6,12.666666666666666,6,7,140.0,3,76.2,16.3,11.7,12.4,14.4,15.3,6.56,Declining,1.0
STU0183,5,12.0,6,6,104.0,6,55.9,9.1,3.8,14.3,11.7,3.6,5.21,Declining,1.0
STU0184,6,12.166666666666666,6,6,122.3,2,80.9,8.2,7.3,20.5,14.4,3.6,6.8,Declining,0.0
STU0185,0,0.0,6,0,135.0,5,57.3,11.1,14.5,9.2,12.8,11.2,3.82,Improving,1.0
STU0186,3,10.0,5,9,119.1,7,67.8,12.6,6.5,21.7,17.2,12.4,7.22,Declining,1.0
STU0187,8,11.5,10,18,126.6,4,69.3,10.8,15.9,12.7,14.3,16.6,7.11,Stable,0.0
STU0188,6,13.05,7,7,129.0,2,61.0,5.6,6.2,11.1,8.6,10.8,7.41,Declining,1.0
STU0189,2,11.0,6,10,162.3,3,73.2,5.6,0.0,9.8,7.7,4.9,5.15,Declining,0.0
STU0190,6,11.5,6,7,163.4,4,67.1,16.2,14.8,28.0,22.1,14.3,7.6,Declining,0.0
STU0191,6,12.0,6,7,121.5,4,67.9,17.4,13.0,20.4,18.9,14.7,7.12,Declining,1.0
STU0192,2,10.0,6,13,122.8,1,62.3,6.6,5.2,3.9,5.9,1.5,,Stable,1.0
STU0193,0,0.0,5,5,118.0,3,67.1,5.1,1.0,10.7,7.9,0.0,4.31,Stable,0.0
STU0194,0,0.0,6,0,134.0,4,70.7,8.3,10.2,20.0,15.1,8.2,3.1,Improving,1.0
STU0195,7,12.242857142857144,8,8,129.8,2,52.7,22.3,28.5,18.0,25.4,21.1,5.92,Improving,0.0
STU0196,0,0.0,5,0,152.0,5,65.9,0.0,5.0,2.2,3.6,2.6,5.25,Declining,0.0
STU0197,8,12.93375,8,8,122.8,1,87.0,18.0,9.7,22.6,20.3,8.2,,Stable,1.0
STU0198,0,0.0,5,0,150.0,3,44.9,6.7,6.3,17.5,12.1,1.3,4.84,Declining,1.0
STU0199,7,12.571428571428571,7,9,131.8,6,49.6,11.4,9.9,20.4,15.9,13.5,6.97,Stable,0.0
STU0200,3,11.816666666666668,3,4,105.9,2,65.6,12.7,10.6,6.9,11.6,7.7,4.78,Stable,0.0
STU0201,4,13.75,5,9,132.1,4,83.2,19.5,17.5,22.8,21.2,14.5,5.66,Improving,0.0
STU0202,6,11.166666666666666,6,8,127.4,3,89.6,18.0,19.1,22.0,20.6,17.7,6.0,Improving,0.0
STU0203,7,12.324285714285711,8,8,129.5,2,64.3,21.5,18.3,15.0,19.9,14.5,5.18,Stable,1.0
STU0204,6,12.166666666666666,6,6,126.7,7,89.1,7.2,1.2,20.8,14.0,9.6,7.22,Declining,0.0
STU0205,5,11.142857142857142,6,11,116.5,3,40.3,5.3,0.0,11.3,8.3,0.0,5.76,Declining,1.0
STU0206,4,11.0,6,9,119.1,2,64.3,19.3,13.9,22.6,21.0,14.8,5.91,Stable,0.0
STU0207,7,12.914285714285713,8,8,126.5,7,65.1,17.6,16.3,12.3,17.0,12.5,6.44,Declining,1.0
STU0208,6,13.833333333333334,6,6,149.8,6,80.3,16.7,13.7,18.8,17.8,14.6,6.13,Declining,1.0
STU0209,6,13.857142857142858,6,8,115.1,5,79.8,18.5,14.8,12.7,16.6,13.1,6.11,Stable,0.0
STU0210,6,13.714285714285714,6,7,124.5,1,79.5,6.9,9.1,16.1,12.6,8.3,,Stable,0.0
STU0211,7,12.642857142857142,8,8,128.3,1,63.4,21.0,23.5,28.2,25.8,24.8,,Improving,0.0
STU0212,6,12.916666666666666,7,7,136.0,5,75.1,17.4,16.0,9.9,16.7,12.4,5.09,Stable,0.0
STU0213,6,15.625,6,8,140.0,2,80.3,15.0,15.6,13.0,15.3,12.2,6.69,Declining,0.0
STU0214,0,0.0,5,7,126.3,2,37.9,15.6,13.2,14.4,15.0,10.4,3.55,Stable,1.0
STU0215,6,11.714285714285714,6,8,126.9,6,50.5,14.8,11.4,16.0,15.4,17.7,5.1,Stable,1.0
STU0216,6,12.125,7,10,145.0,2,85.7,8.9,6.4,22.5,15.7,8.3,5.85,Declining,0.0
STU0217,5,11.6,5,7,115.8,1,69.1,16.5,14.7,13.7,15.6,19.0,,Improving,0.0
STU0218,1,10.0,6,11,100.0,1,56.9,10.5,3.6,14.1,12.3,6.6,,Stable,1.0
STU0219,1,10.0,6,16,102.5,3,61.0,15.2,13.8,17.1,16.2,17.1,3.78,Improving,1.0
STU0220,0,0.0,5,10,131.5,5,55.9,6.7,14.8,9.5,12.2,10.3,2.37,Improving,1.0
STU0221,4,13.0,5,7,147.0,7,70.7,12.8,16.2,9.1,14.5,15.8,4.81,Stable,0.0
STU0222,6,13.333333333333334,6,6,122.5,1,58.6,22.3,23.4,30.0,26.7,15.1,,Improving,0.0
STU0223,4,11.25,6,9,117.5,2,85.5,17.6,16.4,18.0,17.8,9.4,4.86,Stable,0.0
STU0224,5,13.85,7,9,150.0,4,78.9,10.9,19.3,10.6,15.1,18.1,4.18,Improving,0.0
STU0225,6,13.741666666666667,7,8,127.5,3,69.8,15.5,11.5,19.1,17.3,16.8,5.94,Stable,1.0
STU0226,6,15.333333333333334,6,7,140.0,4,73.5,20.2,18.9,22.8,21.5,27.1,5.79,Improving,0.0
STU0227,5,11.0,5,6,130.0,7,82.3,18.2,20.7,26.5,23.6,12.9,8.54,Declining,0.0
STU0228,6,12.0,6,6,133.3,4,68.3,18.0,15.9,25.2,21.6,18.1,7.26,Declining,0.0
STU0229,0,0.0,5,5,97.0,3,54.9,4.2,2.4,5.1,4.6,0.0,1.88,Stable,1.0
STU0230,7,11.571428571428571,8,15,112.0,8,56.4,9.0,10.9,6.7,10.0,7.0,6.14,Declining,0.0
STU0231,6,12.857142857142858,6,10,123.6,1,64.9,2.5,0.7,13.0,7.8,0.8,,Declining,1.0
STU0232,0,0.0,6,0,130.5,8,42.4,5.5,2.8,0.0,4.2,4.8,3.12,Declining,1.0
STU0233,5,13.0,5,5,133.3,4,62.8,7.8,4.5,20.9,14.4,4.6,7.73,Declining,1.0
STU0234,5,11.0,6,9,132.1,4,89.0,12.7,14.7,14.7,14.7,13.4,5.63,Stable,0.0
STU0235,3,12.0,5,12,100.0,7,64.2,3.3,9.1,14.4,11.8,9.4,5.87,Declining,1.0
STU0236,5,12.6,6,6,140.4,4,71.3,7.2,13.3,12.0,12.6,14.3,5.42,Stable,0.0
STU0237,5,13.4,6,8,141.7,3,46.4,13.1,9.7,11.4,12.2,12.9,5.05,Declining,1.0
STU0238,6,11.333333333333334,6,9,119.7,2,63.3,12.8,11.1,11.8,12.3,12.9,5.01,Declining,1.0
STU0239,4,13.5,5,14,122.5,5,70.7,11.4,18.0,18.6,18.3,12.9,4.75,Stable,1.0
STU0240,3,11.75,6,11,140.0,4,69.6,7.7,11.7,11.4,11.6,7.4,5.16,Declining,0.0
STU0241,6,12.471428571428572,7,10,119.4,2,47.7,10.0,14.3,18.3,16.3,13.4,3.73,Stable,0.0
STU0242,11,12.909090909090908,17,19,155.0,5,78.5,19.9,12.6,17.4,18.6,11.5,7.18,Stable,0.0
STU0243,5,11.6,5,5,119.1,5,65.5,9.7,7.7,10.8,10.2,8.4,4.82,Stable,0.0
STU0244,0,0.0,5,5,122.7,3,63.6,7.5,3.7,7.0,7.2,0.4,1.85,Improving,1.0
STU0245,9,12.9,10,13,117.9,1,74.9,24.8,24.0,24.9,24.8,22.4,,Stable,0.0
STU0246,8,13.22,8,8,130.0,3,48.2,12.5,10.2,10.9,11.7,6.8,6.95,Declining,0.0
STU0247,7,13.151428571428571,8,8,120.0,1,58.6,5.3,13.6,17.2,15.4,7.9,,Stable,1.0
STU0248,3,12.75,6,13,130.0,1,67.2,15.4,8.9,17.7,16.6,9.7,,Declining,0.0
STU0249,6,11.333333333333334,6,8,116.8,3,86.9,20.0,15.3,24.4,22.2,14.0,8.42,Declining,0.0
STU0250,6,13.25,6,10,123.4,1,42.6,9.5,10.7,14.1,12.4,9.4,,Stable,1.0
STU0251,5,12.4,6,7,125.4,2,64.9,9.4,12.6,17.9,15.2,1.7,5.6,Declining,1.0
STU0252,6,15.0,6,6,127.2,5,87.9,17.7,6.5,16.3,17.0,5.2,7.37,Declining,1.0
STU0253,5,14.4,5,6,103.4,2,77.2,28.8,22.0,19.6,25.4,25.8,7.18,Stable,1.0
STU0254,1,11.0,6,12,123.2,8,70.7,8.1,4.8,13.3,10.7,6.7,6.06,Declining,1.0
STU0255,5,12.4,5,8,124.1,7,54.5,14.0,17.5,14.5,16.0,11.8,5.76,Stable,1.0
STU0256,1,16.0,7,13,99.5,4,58.0,10.3,18.5,24.2,21.4,17.4,6.62,Stable,0.0
STU0257,5,13.571428571428571,5,10,124.9,8,86.1,21.5,19.4,20.3,20.9,16.2,7.34,Stable,0.0
STU0258,6,11.833333333333334,6,6,110.8,7,68.5,16.7,14.1,9.8,15.4,11.8,3.32,Improving,1.0
STU0259,5,11.666666666666666,6,8,118.9,2,69.4,17.0,12.9,13.7,15.4,10.7,6.68,Declining,0.0
STU0260,6,11.833333333333334,10,16,118.8,6,54.4,16.9,17.2,10.8,17.0,22.0,4.6,Improving,0.0
STU0261,6,11.166666666666666,6,8,137.0,1,70.7,12.6,18.2,21.8,20.0,15.2,,Improving,0.0
STU0262,0,0.0,6,0,100.0,5,41.7,2.7,10.2,10.5,10.4,6.0,4.7,Declining,0.0
STU0263,8,11.75,12,17,120.0,4,82.5,22.7,21.2,19.6,22.0,21.3,5.88,Stable,0.0
STU0264,6,14.0,6,7,122.8,1,94.7,17.2,12.7,18.4,17.8,6.9,,Stable,0.0
STU0265,6,12.833333333333334,6,6,121.6,2,77.2,6.8,6.9,15.0,11.0,5.5,6.26,Declining,0.0
STU0266,4,12.25,6,11,149.2,8,70.0,19.7,21.2,24.8,23.0,20.6,5.42,Improving,0.0
STU0267,7,14.828571428571427,8,8,140.0,2,53.1,15.5,14.1,21.6,18.6,14.3,8.74,Declining,0.0
STU0268,5,11.4,6,7,133.4,2,56.3,19.1,12.3,21.0,20.0,22.6,6.05,Improving,0.0
STU0269,6,13.0,6,6,126.2,2,85.8,17.2,15.7,17.3,17.2,13.2,7.63,Stable,0.0
STU0270,7,13.671428571428573,8,8,127.8,4,63.8,8.9,8.1,13.1,11.0,12.5,6.03,Declining,1.0
STU0271,6,12.666666666666666,6,9,150.0,6,67.3,16.0,7.9,19.4,17.7,14.3,6.01,Declining,1.0
STU0272,2,10.0,5,10,113.7,6,72.2,13.2,14.0,22.1,18.0,12.9,6.18,Stable,1.0
STU0273,5,13.5,5,10,117.8,3,83.8,16.2,18.3,22.9,20.6,17.0,4.95,Improving,0.0
STU0274,7,12.67,7,8,136.7,2,79.1,23.2,27.5,30.0,28.8,22.3,7.41,Stable,0.0
STU0275,6,14.5,6,8,144.7,1,77.3,27.1,21.0,25.0,26.0,14.8,,Improving,0.0
STU0276,7,13.685714285714283,7,7,139.8,3,76.3,19.5,20.5,16.3,20.0,19.8,6.53,Improving,0.0
STU0277,5,11.0,6,8,113.7,6,59.3,11.6,14.5,10.2,13.0,13.4,4.69,Declining,1.0
STU0278,7,11.555555555555555,9,16,140.0,5,62.5,17.9,18.7,23.4,21.0,18.5,6.54,Stable,0.0
STU0279,7,13.79714285714286,7,7,142.3,3,82.8,29.2,23.9,15.7,26.6,24.2,8.49,Declining,0.0
STU0280,7,14.00375,7,8,119.6,4,75.3,20.4,15.4,26.3,23.4,20.1,7.83,Stable,0.0
STU0281,4,12.0,5,8,123.7,3,90.3,16.0,15.6,14.0,15.8,11.4,5.43,Stable,0.0
STU0282,5,14.166666666666666,6,9,143.0,4,71.0,14.5,13.8,24.3,19.4,18.3,4.91,Improving,1.0
STU0283,5,14.0,5,5,100.1,4,83.7,17.5,14.4,18.3,17.9,11.3,5.95,Improving,1.0
STU0284,5,13.8,6,7,119.4,5,63.4,16.3,20.7,22.5,21.6,16.7,6.97,Stable,0.0
STU0285,5,12.8,6,8,122.1,4,70.9,21.3,20.3,28.3,24.8,20.6,4.23,Improving,0.0
STU0286,6,12.166666666666666,6,6,100.0,8,60.1,9.3,2.3,11.2,10.2,4.1,4.34,Declining,1.0
STU0287,6,12.5,6,8,113.9,3,74.6,19.9,16.9,16.9,18.4,19.4,5.39,Stable,1.0
STU0288,4,12.0,6,9,101.0,1,73.6,12.4,13.3,12.0,12.8,10.6,,Improving,1.0
STU0289,6,10.833333333333334,6,8,111.8,2,67.4,6.5,8.5,8.7,8.6,8.0,6.22,Declining,0.0
STU0290,8,13.385,8,8,140.0,4,95.7,16.0,15.6,17.3,16.6,14.3,7.21,Declining,0.0
STU0291,6,15.666666666666666,6,14,124.4,4,86.1,14.0,20.4,16.2,18.3,14.0,5.92,Stable,1.0
STU0292,6,14.333333333333334,6,9,150.0,4,86.3,20.2,17.2,14.7,18.7,25.7,6.56,Stable,0.0
STU0293,6,11.428571428571429,6,10,140.0,5,83.8,18.9,15.9,19.5,19.2,13.4,4.63,Improving,0.0
STU0294,6,11.666666666666666,6,9,116.0,2,75.3,4.0,14.3,12.7,13.5,0.0,3.89,Stable,1.0
STU0295,5,12.0,6,9,135.6,5,57.0,20.6,13.3,13.6,17.1,12.3,6.99,Declining,0.0
STU0296,7,14.725714285714288,8,8,121.0,5,86.5,21.5,20.6,19.8,21.0,19.6,6.04,Stable,0.0
STU0297,6,14.166666666666666,6,6,118.7,3,64.4,23.0,26.2,27.7,27.0,20.6,5.39,Improving,0.0
STU0298,6,11.571428571428571,6,10,125.7,3,63.6,14.7,16.8,10.1,15.8,18.2,6.92,Declining,0.0
STU0299,7,12.5,7,7,107.1,2,68.2,10.3,12.0,21.8,16.9,13.8,3.86,Improving,0.0
STU0300,8,12.86,8,10,125.5,3,84.9,19.7,20.4,16.9,20.0,17.2,7.84,Stable,1.0
STU0301,6,12.25,6,10,127.0,6,67.2,16.5,10.6,20.5,18.5,7.2,9.61,Declining,0.0
STU0302,4,12.0,5,7,113.5,7,57.7,10.6,15.3,19.0,17.2,6.8,4.64,Stable,1.0
STU0303,7,15.116666666666667,7,9,154.4,4,81.1,19.7,12.9,28.8,24.2,15.7,8.53,Declining,0.0
STU0304,2,12.5,5,6,122.0,2,65.5,6.7,2.8,14.7,10.7,0.0,3.95,Declining,0.0
STU0305,0,0.0,6,11,128.0,5,62.4,6.1,10.2,5.4,8.1,5.5,2.07,Improving,0.0
STU0306,4,11.0,6,8,115.5,6,94.3,8.8,7.0,8.4,8.6,12.7,4.18,Stable,0.0
STU0307,6,11.875,6,8,117.2,3,72.1,12.5,12.9,12.9,12.9,13.1,6.38,Declining,0.0
STU0308,1,11.0,5,6,150.0,6,67.2,18.2,19.0,28.3,23.6,17.4,6.46,Declining,1.0
STU0309,5,15.2,5,5,155.3,1,66.5,24.6,30.0,22.2,27.3,20.8,,Stable,1.0
STU0310,5,11.6,6,7,120.0,1,72.8,14.2,14.4,20.5,17.4,14.6,,Stable,0.0
STU0311,6,14.833333333333334,6,6,116.1,1,68.7,17.2,13.8,15.2,16.2,14.0,,Stable,0.0
STU0312,3,11.333333333333334,6,12,118.9,1,73.4,10.8,13.7,10.4,12.2,12.5,,Stable,1.0
STU0313,5,11.2,5,5,127.3,7,80.1,14.5,10.6,18.7,16.6,15.2,5.95,Improving,0.0
STU0314,5,13.4,6,8,113.7,3,67.9,13.1,18.8,16.4,17.6,18.3,5.27,Stable,1.0
STU0315,2,10.5,5,12,118.5,2,87.1,13.2,13.9,15.0,14.4,13.1,5.94,Declining,1.0
STU0316,5,16.2,5,5,146.7,3,68.4,19.9,18.6,13.5,19.2,19.7,5.98,Improving,1.0
STU0317,7,14.542857142857144,7,7,124.3,3,72.8,18.1,10.0,18.0,18.0,11.5,6.45,Declining,0.0
STU0318,7,13.694285714285714,7,7,137.8,2,77.0,10.8,5.0,22.4,16.6,12.4,4.48,Improving,0.0
STU0319,6,11.285714285714286,6,8,130.2,1,82.1,22.3,15.6,16.0,19.2,14.1,,Declining,1.0
STU0320,6,11.757142857142856,7,11,147.8,5,79.2,17.1,21.4,21.4,21.4,16.4,5.76,Stable,1.0
STU0321,0,0.0,3,3,150.0,1,63.9,4.9,3.3,0.0,4.1,8.7,,Improving,1.0
STU0322,7,13.058571428571428,8,8,100.0,6,78.6,19.1,17.8,14.0,18.5,14.7,5.9,Stable,1.0
STU0323,7,14.3,7,7,155.6,2,74.7,22.1,20.0,14.3,21.0,14.8,8.32,Declining,0.0
STU0324,5,11.8,10,15,117.4,5,80.2,14.9,12.0,22.9,18.9,11.3,4.86,Stable,1.0
STU0325,3,10.333333333333334,5,9,128.8,6,82.6,18.5,16.2,23.5,21.0,21.3,6.6,Stable,0.0
STU0326,6,10.571428571428571,6,7,117.5,1,84.8,15.0,18.7,13.2,16.8,7.2,,Stable,0.0
STU0327,6,13.333333333333334,7,7,120.4,1,50.3,14.1,14.7,16.2,15.4,13.3,,Improving,1.0
STU0328,6,11.857142857142858,6,10,130.9,8,62.5,15.6,17.8,23.2,20.5,13.0,5.74,Stable,0.0
STU0329,5,12.6,6,9,125.0,3,73.4,10.7,18.2,21.2,19.7,12.6,5.26,Stable,0.0
STU0330,5,14.0,5,11,136.8,5,47.2,6.6,6.4,12.7,9.6,5.9,6.8,Declining,0.0
STU0331,5,12.0,7,12,121.6,1,79.9,19.8,19.9,10.5,19.8,21.9,,Improving,0.0
STU0332,0,0.0,5,6,151.0,2,69.1,6.8,9.0,6.3,7.9,7.4,5.3,Declining,1.0
STU0333,6,12.0,6,7,103.5,4,60.7,15.3,18.4,19.3,18.8,18.7,4.9,Stable,1.0
STU0334,6,12.666666666666666,6,6,119.4,7,62.9,14.6,14.7,25.2,20.0,18.0,6.03,Improving,0.0
STU0335,6,12.166666666666666,6,6,134.4,2,62.0,14.0,11.5,16.6,15.3,12.3,6.58,Declining,0.0
STU0336,6,13.333333333333334,6,6,143.0,6,64.1,18.1,12.5,13.8,16.0,12.6,5.36,Declining,0.0
STU0337,7,15.0,7,8,110.0,5,65.8,15.4,10.6,27.5,21.4,13.6,6.01,Improving,0.0
STU0338,8,13.39125,8,8,132.5,1,68.8,18.0,14.6,21.2,19.6,17.5,,Stable,0.0
STU0339,5,12.166666666666666,6,9,114.7,2,67.0,16.0,16.0,13.0,16.0,10.8,7.67,Declining,0.0
STU0340,4,11.25,5,9,166.9,2,72.3,24.3,22.1,20.9,23.2,21.8,7.31,Improving,0.0
STU0341,4,12.0,5,13,125.9,3,58.0,6.0,8.7,15.3,12.0,5.9,4.17,Declining,1.0
STU0342,0,0.0,0,0,178.3,5,77.6,7.7,11.6,11.1,11.4,7.2,4.13,Improving,1.0
STU0343,6,12.833333333333334,6,7,117.0,3,67.4,9.8,4.4,18.5,14.2,5.0,6.87,Declining,1.0
STU0344,6,14.0,6,10,150.0,2,79.5,21.2,18.2,13.6,19.7,15.9,8.04,Declining,1.0
STU0345,4,13.0,5,5,130.0,5,71.9,16.1,13.3,13.1,14.7,19.0,7.21,Stable,0.0
STU0346,6,13.5,6,7,135.1,4,59.7,9.6,8.0,9.6,9.6,7.0,5.72,Declining,0.0
STU0347,13,10.692307692307692,16,24,110.0,4,54.2,12.0,7.7,13.9,13.0,13.9,6.99,Declining,0.0
STU0348,5,11.0,5,6,136.2,4,58.0,16.0,21.2,20.4,20.8,17.6,6.05,Stable,0.0
STU0349,6,13.0,6,8,116.0,2,53.7,6.1,3.9,14.5,10.3,1.1,5.15,Declining,1.0
STU0350,5,12.0,6,10,100.0,5,75.0,7.0,15.6,28.2,21.9,12.2,6.82,Declining,1.0
STU0351,4,12.6,6,9,116.3,3,80.3,16.7,17.1,14.4,16.9,11.1,5.58,Improving,0.0
STU0352,6,13.666666666666666,6,6,134.0,3,60.2,9.2,11.6,16.4,14.0,13.2,8.34,Declining,1.0
STU0353,0,0.0,0,0,124.2,1,47.5,7.8,9.8,4.7,8.8,6.4,,Improving,1.0
STU0354,6,14.2,7,7,134.5,4,64.5,24.9,26.6,28.0,27.3,26.4,6.94,Improving,0.0
STU0355,5,11.0,6,10,120.7,4,70.3,15.3,21.2,24.1,22.6,22.2,8.0,Stable,1.0
STU0356,6,15.0,6,7,127.1,3,84.3,22.6,18.9,18.6,20.8,12.5,4.9,Stable,0.0
STU0357,6,12.585714285714284,7,9,133.0,7,68.7,15.9,14.6,27.6,21.8,12.6,6.48,Improving,1.0
STU0358,0,0.0,5,0,128.2,6,55.6,13.1,9.9,7.1,11.5,5.1,3.21,Stable,0.0
STU0359,0,0.0,6,6,130.0,1,65.1,2.1,0.2,10.1,6.1,8.9,,Improving,1.0
STU0360,0,0.0,6,0,172.0,5,62.5,0.0,1.6,14.4,8.0,0.0,3.07,Stable,1.0
STU0361,6,11.666666666666666,6,7,128.5,3,63.0,14.1,20.6,11.2,17.4,11.0,5.53,Declining,0.0
STU0362,3,12.666666666666666,6,13,128.5,8,72.7,22.4,19.6,22.0,22.2,27.0,6.09,Stable,1.0
STU0363,3,10.333333333333334,5,10,112.0,2,62.3,16.6,23.7,5.8,20.2,15.4,6.05,Stable,1.0
STU0364,8,13.5,11,18,142.5,2,74.5,12.7,21.2,21.4,21.3,9.7,6.79,Stable,0.0
STU0365,5,13.98,7,8,133.0,3,76.8,17.1,25.9,14.6,21.5,15.2,4.11,Improving,1.0
STU0366,6,16.153846153846153,6,13,106.0,2,66.5,23.6,30.0,26.6,28.3,24.9,7.07,Improving,0.0
STU0367,6,14.033333333333331,7,7,125.5,5,71.3,14.0,22.8,21.2,22.0,16.9,5.68,Stable,0.0
STU0368,1,11.0,5,8,131.2,4,62.9,22.0,23.1,22.1,22.6,16.2,4.92,Improving,0.0
STU0369,7,13.857142857142858,7,8,112.9,2,77.6,13.8,15.6,21.9,18.8,12.2,6.3,Declining,1.0
STU0370,7,13.414285714285716,8,8,124.8,4,83.3,22.0,23.3,21.9,22.6,20.8,5.99,Stable,0.0
STU0371,11,13.545454545454543,11,11,140.9,7,80.8,21.4,21.5,19.8,21.4,24.6,5.45,Improving,0.0
STU0372,4,11.25,5,11,148.0,6,73.1,14.9,14.9,18.8,16.8,15.6,6.94,Declining,1.0
STU0373,6,13.833333333333334,6,6,148.4,4,86.2,17.2,20.2,16.0,18.7,15.6,6.15,Declining,0.0
STU0374,5,12.0,5,8,129.7,2,65.7,20.8,18.5,18.9,19.8,17.1,6.78,Declining,1.0
STU0375,0,0.0,6,0,128.2,2,45.3,7.6,4.3,7.7,7.6,8.1,3.12,Improving,1.0
STU0376,10,11.9,11,14,104.0,7,51.1,21.6,22.6,19.4,22.1,26.8,7.96,Stable,0.0
STU0377,0,0.0,5,5,119.9,5,52.8,0.0,2.0,0.0,1.0,0.0,3.37,Declining,1.0
STU0378,7,15.135714285714286,7,7,141.0,4,60.6,16.0,14.6,10.4,15.3,18.0,5.59,Declining,1.0
STU0379,7,12.285714285714286,7,7,116.6,7,80.4,19.6,16.5,6.2,18.0,15.8,6.67,Stable,0.0
STU0380,5,12.666666666666666,6,16,140.0,1,52.4,14.3,13.5,15.2,14.8,7.0,,Stable,0.0
STU0381,5,12.74,7,13,140.0,5,66.6,17.4,20.2,20.7,20.4,10.5,6.03,Declining,1.0
STU0382,6,13.25,7,8,100.0,2,78.8,15.4,13.6,6.3,14.5,18.9,7.62,Declining,0.0
STU0383,3,10.333333333333334,6,13,121.0,1,51.2,6.4,13.5,12.5,13.0,14.4,,Improving,0.0
STU0384,6,13.428571428571429,6,7,117.0,3,70.1,11.3,14.2,14.1,14.2,9.7,4.76,Stable,1.0
STU0385,9,12.555555555555555,11,19,140.2,3,63.0,11.3,11.6,9.6,11.4,10.1,6.53,Declining,0.0
STU0386,6,11.5,6,8,129.3,8,67.0,22.1,23.6,16.3,22.8,13.3,6.21,Stable,0.0
STU0387,6,13.666666666666666,6,6,145.3,3,81.1,21.6,16.0,25.3,23.5,20.2,7.94,Stable,0.0
STU0388,11,11.272727272727272,14,16,146.2,6,85.2,14.2,15.3,14.9,15.1,14.3,6.81,Declining,1.0
STU0389,5,13.166666666666666,6,10,122.5,6,72.8,24.2,25.4,21.2,24.8,16.2,4.98,Improving,0.0
STU0390,6,14.666666666666666,6,6,156.1,5,63.2,13.0,17.8,18.8,18.3,15.1,4.97,Improving,0.0
STU0391,4,12.75,6,11,140.0,7,58.4,10.2,6.2,8.1,9.1,2.4,4.5,Stable,1.0
STU0392,5,11.2,7,11,140.0,3,76.4,18.6,12.1,22.1,20.4,16.2,6.66,Improving,0.0
STU0393,5,13.0,6,8,128.4,3,60.2,5.9,5.7,15.6,10.8,2.5,5.56,Declining,1.0
STU0394,2,10.5,5,8,115.0,2,65.9,12.0,17.4,14.6,16.0,14.7,5.21,Improving,0.0
STU0395,6,14.857142857142858,6,7,158.7,2,75.7,17.4,18.1,30.0,24.0,14.6,7.6,Declining,1.0
STU0396,7,12.86,8,11,124.5,7,71.5,16.7,12.0,22.4,19.5,4.8,6.27,Stable,1.0
STU0397,11,11.727272727272728,11,12,111.9,4,65.8,18.8,10.3,11.1,15.0,17.5,6.21,Declining,0.0
STU0398,6,13.142857142857142,6,11,150.0,3,58.1,16.9,14.0,17.2,17.0,18.6,5.69,Improving,0.0
STU0399,5,11.8,6,6,114.2,2,75.5,14.4,9.1,27.6,21.0,9.3,6.85,Stable,1.0
STU0400,3,10.666666666666666,5,10,96.0,4,70.7,14.3,19.8,9.8,17.0,15.8,5.64,Stable,0.0
STU0401,5,11.6,6,9,128.9,5,53.0,15.2,18.5,17.4,18.0,17.0,4.8,Stable,1.0
STU0402,3,10.333333333333334,6,13,121.7,2,70.8,13.2,7.9,20.3,16.8,11.7,5.15,Stable,0.0
STU0403,4,12.25,6,11,114.8,6,81.6,16.2,16.9,21.1,19.0,21.7,6.75,Stable,0.0
STU0404,6,12.0,6,6,127.0,5,74.5,21.7,21.8,22.4,22.1,20.7,4.73,Improving,0.0
STU0405,7,14.731428571428571,8,8,131.3,6,72.7,18.9,13.0,23.3,21.1,13.9,7.17,Declining,1.0
STU0406,0,0.0,0,0,137.1,2,46.3,3.5,2.8,7.2,5.4,4.4,3.32,Declining,1.0
STU0407,13,13.615384615384617,13,14,120.0,5,76.0,9.5,10.8,13.8,12.3,9.0,5.57,Stable,0.0
STU0408,5,15.8,5,5,139.0,1,80.5,13.3,13.9,21.7,17.8,9.7,,Stable,1.0
STU0409,6,14.666666666666666,6,6,129.1,3,66.7,10.1,4.9,11.1,10.6,11.9,4.96,Stable,0.0
STU0410,0,0.0,5,5,128.2,5,50.4,3.5,7.1,4.4,5.8,6.3,3.67,Declining,1.0
STU0411,7,14.654285714285717,8,8,120.8,5,57.9,10.8,15.2,22.1,18.6,5.2,4.52,Declining,1.0
STU0412,7,12.401428571428571,8,8,135.8,2,67.2,12.1,20.3,12.8,16.6,11.8,6.3,Declining,0.0
STU0413,7,11.5875,7,8,118.9,7,71.7,10.6,8.8,22.1,16.4,12.1,7.26,Declining,0.0
STU0414,5,14.0,5,5,140.0,1,78.0,14.2,12.2,20.0,17.1,7.3,,Declining,0.0
STU0415,6,12.333333333333334,6,9,127.1,4,70.9,17.0,14.2,16.4,16.7,11.5,5.72,Stable,0.0
STU0416,5,14.0,5,5,137.0,8,88.9,22.4,23.0,12.5,22.7,30.0,7.64,Improving,0.0
STU0417,6,15.23076923076923,6,13,127.4,4,72.6,14.6,14.1,29.7,22.2,13.0,6.68,Stable,0.0
STU0418,5,11.6,6,9,97.0,6,83.6,16.7,17.3,18.4,17.8,19.7,6.56,Stable,0.0
STU0419,6,11.6,7,7,126.3,4,63.3,6.4,2.8,3.2,4.8,11.0,4.36,Declining,1.0
STU0420,0,0.0,7,0,127.5,6,70.2,2.6,7.0,14.2,10.6,1.4,3.71,Declining,1.0
STU0421,7,12.901428571428571,7,7,126.6,5,83.6,13.4,11.0,16.8,15.1,12.8,6.52,Declining,0.0
STU0422,7,14.142857142857142,7,9,120.0,5,66.9,19.0,17.0,13.5,18.0,23.8,5.29,Improving,1.0
STU0423,0,0.0,6,0,140.0,2,68.7,1.8,10.5,11.8,11.2,7.0,3.14,Improving,0.0
STU0424,8,13.25375,8,8,131.5,6,72.0,9.8,3.5,1.8,6.6,15.6,4.19,Stable,1.0
STU0425,7,13.785714285714286,7,7,112.2,2,60.4,13.6,13.0,12.4,13.3,10.0,6.22,Declining,1.0
STU0426,6,13.916666666666666,7,7,150.5,8,70.0,16.6,10.0,16.5,16.6,19.4,5.18,Improving,0.0
STU0427,6,13.5,6,8,121.0,2,85.0,13.9,15.1,22.5,18.8,14.1,7.98,Declining,1.0
STU0428,3,11.333333333333334,5,8,112.2,2,81.9,24.9,26.7,30.0,28.4,21.7,5.8,Improving,0.0
STU0429,0,0.0,5,8,129.4,7,42.5,2.9,6.3,5.3,5.8,6.1,3.92,Declining,1.0
STU0430,5,11.5,6,10,114.4,2,68.7,14.9,14.4,18.9,16.9,13.2,6.51,Declining,0.0
STU0431,7,12.082857142857142,8,8,120.3,3,68.5,10.9,19.1,28.1,23.6,13.4,4.5,Improving,0.0
STU0432,6,11.833333333333334,6,8,120.0,5,67.1,17.3,17.5,18.4,18.0,17.8,5.61,Stable,0.0
STU0433,5,13.4,5,6,114.5,1,91.1,19.6,20.3,20.6,20.5,11.2,,Improving,1.0
STU0434,0,0.0,7,7,127.8,1,54.1,11.0,13.4,3.2,12.2,6.9,,Improving,1.0
STU0435,5,14.2,6,7,124.6,4,75.2,14.6,4.7,26.7,20.6,12.7,5.56,Improving,1.0
STU0436,7,13.814285714285717,8,8,130.3,2,81.8,19.7,16.7,15.1,18.2,20.2,6.52,Improving,0.0
STU0437,4,11.25,6,10,118.2,2,62.6,14.4,8.3,15.5,15.0,11.7,4.65,Stable,1.0
STU0438,6,14.5,6,6,118.8,1,77.4,17.6,12.9,17.5,17.6,14.8,,Improving,0.0
STU0439,0,0.0,6,0,133.0,3,37.9,4.1,11.7,8.1,9.9,8.1,4.24,Stable,0.0
STU0440,6,11.3,7,7,129.0,2,67.7,14.7,12.2,15.2,15.0,16.3,6.66,Stable,0.0
STU0441,0,0.0,2,2,100.0,1,61.4,7.9,14.7,9.6,12.1,3.9,,Improving,0.0
STU0442,1,12.0,5,11,120.7,5,82.6,17.6,10.9,24.3,21.0,11.1,6.59,Declining,0.0
STU0443,7,12.3,8,9,132.5,5,66.5,23.1,18.2,30.0,26.6,18.4,6.99,Improving,0.0
STU0444,7,12.694285714285714,8,8,120.3,1,68.5,19.1,20.7,20.2,20.4,19.2,,Improving,0.0
STU0445,4,11.0,5,5,114.6,2,71.1,11.7,9.7,11.9,11.8,2.2,4.83,Declining,1.0
STU0446,6,13.0,6,6,116.5,7,59.4,1.2,8.2,7.8,8.0,0.6,6.04,Declining,1.0
STU0447,7,14.4125,7,8,127.8,4,75.5,12.3,12.6,30.0,21.3,12.6,7.76,Declining,0.0
STU0448,7,12.92875,7,8,129.9,3,79.1,13.5,13.8,17.5,15.6,16.7,4.7,Improving,0.0
STU0449,6,13.333333333333334,6,6,118.9,3,70.7,13.1,12.5,23.6,18.4,11.1,5.81,Improving,0.0
STU0450,5,12.8,6,8,114.3,2,53.6,18.6,15.4,21.3,20.0,13.1,6.69,Stable,1.0
STU0451,7,14.402857142857142,8,8,114.8,6,60.4,10.2,13.0,26.8,19.9,13.4,5.14,Improving,0.0
STU0452,7,13.381428571428572,8,8,123.0,7,73.7,14.5,19.6,17.8,18.7,14.8,7.15,Stable,0.0
STU0453,7,14.13125,7,8,122.1,7,63.8,18.7,16.6,16.9,17.8,20.3,9.19,Declining,1.0
STU0454,5,11.714285714285714,5,11,123.7,2,74.9,23.9,20.1,30.0,27.0,19.4,7.34,Stable,0.0
STU0455,5,11.8,5,5,132.4,2,58.1,12.3,10.2,20.2,16.2,6.8,5.14,Declining,0.0
STU0456,6,11.166666666666666,6,9,114.8,2,84.1,16.0,20.6,19.7,20.2,21.8,5.94,Improving,1.0
STU0457,0,0.0,6,7,130.0,2,78.8,9.1,12.1,18.3,15.2,13.9,5.22,Stable,0.0
STU0458,5,13.6,6,9,122.3,3,58.5,17.1,9.5,18.1,17.6,8.6,5.68,Stable,0.0
STU0459,12,13.846153846153848,12,14,152.4,5,81.9,23.6,14.8,29.5,26.6,19.5,7.75,Stable,0.0
STU0460,6,12.5,6,7,120.1,2,61.8,14.6,9.5,17.4,16.0,10.3,5.23,Stable,0.0
STU0461,5,16.4,5,5,155.1,7,75.6,12.2,14.2,23.8,19.0,15.6,6.47,Stable,0.0
STU0462,11,13.818181818181818,11,11,124.5,1,88.2,14.6,15.8,20.2,18.0,11.0,,Improving,1.0
STU0463,5,10.6,6,8,126.9,1,58.3,10.0,13.0,11.3,12.2,13.6,,Improving,0.0
STU0464,5,10.2,5,8,153.2,7,60.0,11.4,10.1,11.7,11.6,14.1,2.45,Improving,1.0
STU0465,5,10.6,6,11,129.8,5,56.1,8.2,12.8,11.4,12.1,6.3,4.8,Declining,0.0
STU0466,9,11.444444444444445,10,10,135.0,3,81.1,19.7,20.5,20.1,20.3,18.3,6.28,Stable,0.0
STU0467,5,14.333333333333334,6,9,131.3,4,42.4,15.5,14.9,15.6,15.6,18.7,7.09,Declining,0.0
STU0468,16,13.0,16,18,125.2,2,80.8,19.2,21.8,26.5,24.2,16.2,9.57,Declining,0.0
STU0469,8,13.31,8,9,141.3,2,78.3,17.6,10.9,22.1,19.8,11.6,7.26,Declining,0.0
STU0470,5,10.571428571428571,6,10,117.1,4,58.1,19.1,16.9,16.5,18.0,18.1,5.58,Stable,1.0
STU0471,7,13.487142857142857,8,8,126.5,3,81.8,19.6,15.9,20.5,20.0,15.8,6.59,Stable,0.0
STU0472,6,12.333333333333334,6,6,120.1,5,79.6,18.2,17.7,14.8,18.0,10.3,6.02,Stable,1.0
STU0473,6,11.875,6,11,128.4,2,56.9,9.8,2.5,12.8,11.3,5.4,5.65,Stable,1.0
STU0474,6,13.966666666666669,7,7,140.0,5,93.4,14.2,12.5,10.6,13.4,19.5,6.91,Stable,1.0
STU0475,0,0.0,5,10,110.0,6,42.9,3.3,7.3,7.6,7.4,12.3,3.1,Stable,0.0
STU0476,4,11.5,5,8,116.8,2,78.4,13.4,15.6,10.9,14.5,10.8,7.18,Declining,1.0
STU0477,2,12.5,2,2,104.5,1,72.3,14.3,16.6,17.8,17.2,11.0,,Improving,0.0
STU0478,0,0.0,7,0,140.0,3,47.5,1.9,9.0,3.3,6.2,2.8,3.71,Stable,1.0
STU0479,6,11.98,7,10,113.2,6,65.7,12.6,13.0,6.5,12.8,18.7,6.08,Declining,0.0
STU0480,5,13.2,6,8,118.6,5,80.3,17.3,18.6,30.0,24.3,20.5,7.79,Stable,0.0
STU0481,6,11.614285714285714,7,10,123.8,5,72.7,14.2,14.2,15.9,15.0,18.7,4.94,Stable,1.0
STU0482,7,14.314285714285717,8,8,126.7,3,70.9,24.5,23.0,30.0,27.2,25.5,5.73,Improving,0.0
STU0483,0,0.0,7,0,133.8,2,53.8,0.0,8.7,5.3,7.0,0.0,4.32,Declining,0.0
STU0484,6,12.666666666666666,6,9,140.0,4,67.8,18.7,16.4,27.5,23.1,12.9,7.8,Declining,0.0
STU0485,6,12.766666666666666,7,9,100.6,2,57.9,19.6,20.4,12.7,20.0,15.2,5.91,Declining,1.0
STU0486,6,12.666666666666666,6,7,132.7,5,63.9,14.4,16.7,18.3,17.5,12.6,6.78,Declining,1.0
STU0487,6,11.5,6,7,106.6,2,54.9,9.5,13.6,8.9,11.6,8.2,4.77,Stable,1.0
STU0488,5,11.4,6,13,140.4,2,68.6,19.7,20.8,30.0,25.4,16.3,6.53,Declining,1.0
STU0489,7,14.70625,7,8,128.3,4,74.7,10.8,23.4,16.5,20.0,18.3,7.11,Stable,0.0
STU0490,6,11.814285714285717,7,9,118.6,4,73.4,15.7,16.5,22.0,19.2,15.5,5.94,Improving,1.0
STU0491,6,13.0,6,8,123.4,4,93.3,13.3,12.9,20.6,17.0,17.5,7.78,Stable,1.0
STU0492,6,14.857142857142858,6,7,124.0,3,54.9,9.4,10.5,17.0,13.8,11.3,5.11,Stable,1.0
STU0493,6,12.6,7,7,121.3,7,73.9,13.6,16.3,19.1,17.7,11.4,5.28,Stable,1.0
STU0494,5,13.333333333333334,6,9,101.0,6,70.9,9.7,11.3,22.0,16.6,11.1,6.5,Declining,1.0
STU0495,6,10.666666666666666,7,10,116.9,7,74.5,12.8,17.3,18.8,18.0,8.1,7.17,Declining,1.0
STU0496,2,11.5,5,6,130.0,5,78.2,20.2,11.4,18.8,19.5,6.0,6.15,Stable,0.0
STU0497,1,10.0,7,9,120.0,5,56.5,15.3,24.5,15.9,20.2,19.1,3.16,Improving,0.0
STU0498,5,11.8,6,10,130.4,4,70.5,14.2,20.9,26.0,23.4,19.7,7.41,Stable,0.0
STU0499,5,11.8,6,7,118.7,3,54.7,13.8,11.3,10.9,12.6,11.2,4.49,Stable,0.0
STU0500,8,12.77125,8,8,131.5,3,72.8,14.5,16.8,7.5,15.6,12.7,6.07,Stable,1.0
STU0501,3,11.333333333333334,5,13,120.4,4,56.0,14.6,14.2,12.8,14.4,8.7,6.01,Stable,0.0
STU0502,6,12.666666666666666,6,6,129.1,1,82.0,9.3,8.3,12.2,10.8,13.7,,Stable,1.0
STU0503,5,12.2,6,10,132.0,1,67.8,20.1,22.1,14.0,21.1,20.4,,Improving,0.0
STU0504,1,12.0,5,9,130.0,7,57.9,5.5,9.0,7.4,8.2,8.0,6.76,Declining,1.0
STU0505,7,11.721428571428572,8,12,132.8,1,57.9,14.5,18.8,13.3,16.6,14.2,,Improving,0.0
STU0506,4,14.0,7,12,143.7,4,69.5,17.3,18.3,19.3,18.8,14.5,7.62,Declining,0.0
STU0507,7,14.75,7,9,152.8,5,97.4,19.5,21.1,25.9,23.5,15.7,7.52,Stable,0.0
STU0508,6,12.666666666666666,6,6,133.5,2,100.0,17.9,20.2,16.2,19.0,18.5,4.78,Improving,1.0
STU0509,4,13.0,5,12,146.2,7,81.1,23.5,18.5,23.5,23.5,16.6,5.63,Improving,0.0
STU0510,0,0.0,5,6,115.2,2,50.5,12.6,13.3,13.0,13.2,9.2,6.0,Declining,0.0
STU0511,4,10.75,6,8,120.7,7,67.3,7.4,14.2,19.4,16.8,16.1,4.34,Improving,0.0
STU0512,0,0.0,5,5,101.8,6,58.1,1.0,5.1,9.8,7.4,2.3,4.15,Declining,1.0
STU0513,4,12.5,5,6,100.0,2,59.6,13.7,19.3,14.9,17.1,5.9,4.65,Stable,0.0
STU0514,0,0.0,4,4,121.9,1,42.8,4.5,4.1,13.2,8.8,1.7,,Improving,1.0
STU0515,0,0.0,5,5,120.4,2,56.8,12.2,14.3,12.6,13.4,7.5,3.93,Stable,1.0
STU0516,0,0.0,6,0,120.4,3,62.9,9.2,7.6,12.8,11.0,6.6,5.64,Stable,1.0
STU0517,6,12.5,6,7,148.8,2,61.2,10.7,16.8,22.0,19.4,8.3,7.72,Declining,1.0
STU0518,5,12.8,6,10,123.0,8,61.4,15.2,21.2,16.4,18.8,17.9,3.72,Improving,0.0
STU0519,1,10.0,6,11,100.0,2,71.9,11.8,15.3,15.6,15.4,11.4,6.0,Declining,0.0
STU0520,4,11.25,6,11,112.1,6,74.1,16.8,18.3,18.6,18.5,14.6,5.4,Stable,1.0
STU0521,7,12.61,8,8,126.8,1,80.8,14.4,20.8,12.9,17.6,16.4,,Improving,0.0
STU0522,2,12.0,5,14,115.9,8,51.2,16.0,17.7,5.2,16.8,14.5,5.43,Stable,0.0
STU0523,5,13.0,6,9,132.5,2,98.0,22.5,21.4,18.6,22.0,19.6,8.15,Declining,0.0
STU0524,4,12.0,5,9,132.2,3,55.4,10.9,16.0,16.9,16.4,11.8,6.98,Declining,0.0
STU0525,4,12.0,7,8,183.5,4,61.8,20.1,18.2,27.3,23.7,18.1,7.68,Declining,0.0
STU0526,1,12.0,5,12,136.0,1,66.3,10.8,10.6,18.0,14.4,11.4,,Improving,0.0
STU0527,1,12.0,5,9,100.9,6,60.8,8.0,16.7,15.0,15.8,12.9,7.25,Stable,0.0
STU0528,0,0.0,0,0,114.5,2,53.9,4.9,4.1,4.2,4.6,8.0,2.12,Stable,1.0
STU0529,0,0.0,5,5,110.3,4,53.7,13.1,16.5,9.8,14.8,10.1,5.2,Stable,0.0
STU0530,5,13.625,6,11,137.2,4,77.0,12.4,14.7,15.4,15.0,14.6,6.52,Stable,0.0
STU0531,3,11.666666666666666,5,12,116.9,4,58.7,12.2,14.1,5.1,13.2,21.1,5.56,Stable,0.0
STU0532,0,0.0,6,0,121.8,1,55.9,3.8,6.3,0.0,5.0,3.9,,Improving,1.0
STU0533,7,11.69,8,8,127.3,2,66.4,15.2,20.5,23.7,22.1,16.2,4.72,Improving,0.0
STU0534,0,0.0,6,11,120.0,2,65.9,2.3,6.1,16.4,11.2,0.0,4.21,Declining,1.0
STU0535,0,0.0,0,0,150.0,2,50.4,0.0,5.4,9.2,7.3,0.0,3.41,Declining,1.0
STU0536,4,11.5,5,10,100.0,1,60.3,8.1,12.7,14.7,13.7,9.8,,Stable,1.0
STU0537,1,14.0,5,10,150.0,7,54.6,20.0,15.9,11.5,18.0,18.1,5.72,Improving,1.0
STU0538,5,11.0,6,7,116.9,4,71.0,11.8,9.1,15.8,13.8,12.9,7.64,Declining,1.0
STU0539,6,12.857142857142858,6,7,140.0,5,52.0,8.6,15.5,16.1,15.8,12.2,6.88,Declining,1.0
STU0540,4,12.5,6,9,122.1,3,54.4,21.3,23.3,21.7,22.5,22.4,6.49,Stable,1.0
STU0541,7,14.528571428571428,7,7,160.0,2,75.1,11.6,16.1,19.7,17.9,9.4,6.17,Declining,0.0
STU0542,5,10.0,5,8,118.4,4,48.1,12.5,9.7,18.9,15.7,11.9,3.52,Improving,0.0
STU0543,6,13.0,6,8,150.0,2,87.4,21.7,21.8,29.9,25.8,19.8,7.15,Stable,0.0
STU0544,7,15.957142857142856,7,7,144.9,3,77.7,22.4,18.1,19.3,20.8,19.1,7.41,Improving,0.0
STU0545,5,13.2,5,6,121.1,3,69.4,8.8,8.7,27.7,18.2,7.5,6.54,Declining,1.0
STU0546,4,10.2,5,9,121.8,4,57.3,9.5,6.6,4.1,8.0,4.4,4.34,Declining,1.0
STU0547,5,14.2,5,6,146.8,8,81.8,18.6,13.8,15.8,17.2,10.8,7.38,Declining,0.0
STU0548,6,12.625,6,8,138.0,2,68.4,21.6,20.9,19.2,21.2,19.9,7.05,Stable,1.0
STU0549,6,13.496666666666668,8,11,138.0,4,69.8,14.7,6.4,20.5,17.6,12.6,5.88,Stable,0.0
STU0550,5,13.25,5,8,116.3,1,74.8,14.1,9.7,16.4,15.2,11.1,,Stable,0.0
STU0551,3,12.0,5,12,122.5,3,54.9,16.2,17.2,15.2,16.7,15.2,5.15,Stable,0.0
STU0552,4,13.0,6,10,115.0,5,56.9,18.0,16.9,28.5,23.2,13.3,6.02,Stable,0.0
STU0553,9,11.77777777777778,11,12,115.0,2,62.2,18.6,13.7,15.8,17.2,16.8,5.36,Improving,1.0
STU0554,2,11.0,5,10,119.8,4,77.7,13.6,15.3,13.8,14.6,14.2,6.24,Stable,1.0
STU0555,0,0.0,5,14,95.0,3,52.0,1.8,0.0,13.1,7.4,0.0,2.89,Stable,1.0
STU0556,14,12.428571428571429,14,16,150.0,1,86.1,19.2,20.6,25.0,22.8,21.7,,Improving,0.0
STU0557,3,11.0,5,8,117.8,8,55.9,16.4,13.6,19.7,18.0,15.6,5.81,Improving,0.0
STU0558,0,0.0,0,0,144.2,3,57.6,3.3,4.4,7.3,5.8,0.0,4.36,Declining,0.0
STU0559,3,11.5,6,12,130.0,6,62.9,10.8,12.5,7.1,11.6,10.8,4.38,Stable,1.0
STU0560,8,12.5075,8,8,128.2,3,60.5,9.6,18.3,16.4,17.4,9.6,6.06,Stable,0.0
STU0561,11,12.090909090909092,12,18,135.3,8,77.6,24.7,18.0,13.8,21.4,19.8,5.51,Improving,0.0
STU0562,2,11.0,5,14,143.9,2,69.6,15.2,16.0,18.3,17.2,2.7,5.8,Stable,0.0
STU0563,1,10.0,5,13,140.7,3,61.5,17.3,20.5,20.0,20.2,17.5,5.5,Stable,1.0
STU0564,6,13.5,6,6,130.4,6,69.9,14.3,11.7,21.1,17.7,14.8,4.98,Improving,0.0
STU0565,6,14.166666666666666,6,6,123.2,3,74.9,18.3,8.9,18.6,18.5,12.8,7.28,Stable,0.0
STU0566,6,14.0,6,7,118.0,3,73.4,10.9,12.1,21.1,16.6,7.3,6.45,Declining,0.0
STU0567,0,0.0,3,4,120.0,8,49.9,0.0,3.8,2.0,2.9,9.0,3.58,Declining,1.0
STU0568,3,11.666666666666666,5,9,118.9,4,53.6,17.0,13.0,19.6,18.3,17.6,6.29,Stable,0.0
STU0569,5,14.6,5,7,117.2,5,74.7,17.1,15.7,22.1,19.6,13.4,6.09,Stable,0.0
STU0570,5,13.0,6,10,120.0,5,64.0,16.0,19.0,14.5,17.5,15.1,6.82,Declining,0.0
STU0571,6,12.166666666666666,6,7,118.1,6,55.2,6.0,4.3,14.0,10.0,0.0,6.35,Declining,1.0
STU0572,0,0.0,5,9,124.8,7,52.3,1.6,3.1,11.7,7.4,3.9,4.81,Declining,1.0
STU0573,3,10.5,5,10,106.5,4,73.2,16.9,12.0,15.8,16.4,7.9,5.2,Declining,1.0
STU0574,3,12.4,5,14,116.8,2,66.6,18.8,17.9,12.2,18.4,18.5,4.25,Improving,0.0
STU0575,0,0.0,0,0,109.3,1,49.2,2.6,2.9,7.5,5.2,6.2,,Improving,0.0
STU0576,0,0.0,5,12,120.0,5,46.9,6.8,12.9,10.6,11.8,7.7,1.77,Improving,0.0
STU0577,7,13.828571428571427,8,8,137.5,6,85.0,20.6,16.8,18.0,19.3,13.8,7.87,Declining,0.0
STU0578,5,10.6,5,7,150.0,3,54.0,17.2,16.2,15.0,16.7,20.4,7.38,Stable,0.0
STU0579,6,11.5,6,7,120.4,2,75.8,21.4,17.3,20.2,20.8,17.1,5.77,Improving,1.0
STU0580,4,13.5,6,6,136.7,2,56.5,14.5,15.8,22.0,18.9,14.7,5.14,Stable,0.0
STU0581,0,0.0,6,12,118.5,4,39.3,9.2,13.6,18.5,16.0,5.8,2.87,Stable,1.0
STU0582,7,12.5375,7,8,133.0,6,63.2,14.8,13.3,18.9,16.8,13.6,6.8,Declining,0.0
STU0583,6,14.833333333333334,6,6,128.8,2,92.1,15.9,10.9,12.0,14.0,12.0,6.82,Declining,1.0
STU0584,4,12.0,5,10,133.0,5,81.0,17.8,13.4,25.0,21.4,8.9,5.97,Stable,0.0
STU0585,5,11.8,6,8,102.0,6,76.7,15.9,10.2,21.4,18.6,17.2,8.91,Declining,0.0
STU0586,5,15.0,5,5,133.9,8,84.7,20.8,14.3,13.2,17.6,23.5,7.89,Stable,0.0
STU0587,3,12.0,5,7,127.0,1,47.6,17.0,18.0,10.7,17.5,19.1,,Improving,0.0
STU0588,6,12.833333333333334,6,6,120.4,7,69.1,18.4,11.2,13.8,16.1,16.6,4.54,Improving,1.0
STU0589,6,11.666666666666666,6,12,124.5,4,66.1,20.1,21.4,23.0,22.2,25.1,6.31,Stable,1.0
STU0590,7,12.1625,7,9,123.9,6,70.0,2.4,4.3,5.1,4.7,1.5,6.99,Declining,1.0
STU0591,6,13.833333333333334,6,6,117.8,1,68.4,14.6,13.6,14.9,14.8,8.9,,Improving,0.0
STU0592,4,12.45,7,12,126.7,4,66.7,15.9,15.3,21.1,18.5,12.9,5.88,Stable,1.0
STU0593,6,12.125,6,9,110.0,5,84.1,18.0,13.1,6.6,15.6,16.0,6.11,Declining,0.0
STU0594,5,13.4,6,8,134.7,2,48.4,14.6,17.3,19.0,18.2,13.2,5.6,Stable,1.0
STU0595,6,13.333333333333334,6,8,113.2,3,66.5,13.1,11.7,18.5,15.8,7.6,6.51,Declining,1.0
STU0596,11,11.454545454545457,15,15,141.0,4,64.7,18.8,16.9,15.0,17.8,16.4,7.83,Stable,0.0
STU0597,4,12.0,6,10,111.5,4,62.4,11.1,10.7,8.8,10.9,9.8,6.83,Declining,1.0
STU0598,6,12.666666666666666,7,8,140.0,1,78.4,24.1,26.0,18.4,25.0,25.7,,Improving,0.0
STU0599,6,12.666666666666666,6,7,134.3,3,62.9,19.5,19.3,7.2,19.4,17.9,6.3,Declining,1.0
STU0600,18,11.88888888888889,18,22,125.3,2,72.0,17.0,5.7,14.7,15.8,3.7,5.67,Declining,1.0
STU0601,0,0.0,6,0,140.0,7,56.2,9.6,9.8,11.5,10.6,9.8,4.64,Stable,1.0
STU0602,4,13.0,6,6,119.6,8,61.7,18.0,9.6,10.2,14.1,18.4,5.45,Improving,0.0
STU0603,7,16.885714285714283,7,7,170.0,2,80.8,27.5,25.3,30.0,28.8,24.6,7.92,Improving,0.0
STU0604,6,12.5,6,6,150.5,2,69.5,14.5,14.0,17.5,16.0,17.0,7.32,Declining,1.0
STU0605,7,13.055555555555555,7,9,128.0,2,63.0,18.6,14.5,18.7,18.6,13.2,5.96,Stable,0.0
STU0606,0,0.0,0,0,108.7,4,55.4,6.7,8.8,6.9,7.8,8.7,3.81,Improving,0.0
STU0607,0,0.0,5,7,121.6,7,54.9,15.2,14.6,15.3,15.2,9.7,4.37,Stable,1.0
STU0608,7,12.355714285714283,8,8,125.3,4,67.7,20.9,18.0,25.6,23.2,16.8,6.96,Improving,1.0
STU0609,0,0.0,6,0,117.6,1,66.3,1.4,1.5,3.6,2.6,0.3,,Improving,1.0
STU0610,5,11.98,7,8,124.3,1,75.6,25.4,25.3,24.5,25.4,24.1,,Improving,0.0
STU0611,7,13.857142857142858,7,7,106.1,2,63.8,4.0,2.1,15.6,9.8,0.9,4.31,Declining,1.0
STU0612,5,13.0,6,9,139.9,6,74.5,19.0,14.1,20.7,19.8,9.9,6.65,Declining,1.0
STU0613,6,12.833333333333334,6,6,110.8,5,55.3,8.4,13.6,21.1,17.4,12.0,4.98,Stable,1.0
STU0614,4,11.0,5,11,118.0,4,65.5,22.0,16.4,14.8,19.2,18.7,5.52,Declining,1.0
STU0615,7,12.357142857142858,8,8,117.8,2,64.8,14.2,12.6,13.6,13.9,12.7,6.21,Declining,1.0
STU0616,7,13.857142857142858,8,8,127.5,7,57.0,10.1,9.4,11.0,10.6,12.9,6.78,Declining,0.0
STU0617,6,12.333333333333334,6,6,129.7,3,77.5,15.7,21.8,22.9,22.4,16.7,5.94,Stable,0.0
STU0618,7,12.847142857142858,7,8,130.6,6,68.8,13.4,13.6,16.5,15.0,14.1,7.9,Declining,1.0
STU0619,6,12.339999999999998,7,9,126.3,7,65.4,12.4,10.8,12.1,12.2,9.7,4.38,Stable,0.0
STU0620,5,12.666666666666666,6,10,140.0,4,72.5,17.5,12.6,27.7,22.6,13.7,7.54,Declining,1.0
STU0621,6,13.833333333333334,6,6,105.0,7,95.5,10.6,9.0,23.2,16.9,10.8,4.91,Stable,1.0
STU0622,2,10.75,5,15,114.6,2,60.1,13.3,15.7,13.6,14.6,21.5,4.72,Stable,0.0
STU0623,4,13.25,6,11,114.6,5,52.1,16.5,13.6,11.0,15.0,16.7,6.04,Stable,0.0
STU0624,8,13.73125,8,8,131.0,1,57.2,11.2,14.8,25.4,20.1,14.5,,Stable,0.0
STU0625,6,13.333333333333334,6,6,109.0,4,79.1,8.8,9.1,18.0,13.6,12.1,3.63,Stable,0.0
STU0626,5,12.0,6,8,132.0,2,80.5,14.9,18.1,18.7,18.4,6.3,6.2,Declining,1.0
STU0627,9,10.88888888888889,9,10,130.0,1,63.8,16.7,14.4,17.6,17.2,15.5,,Stable,1.0
STU0628,7,13.025,7,8,109.5,1,87.5,21.0,22.3,17.7,21.6,23.2,,Improving,0.0
STU0629,6,13.0,6,6,115.9,3,73.3,14.8,13.3,13.4,14.1,13.1,5.17,Stable,0.0
STU0630,5,11.8,6,10,131.6,4,59.3,15.8,23.3,17.8,20.6,16.6,4.2,Stable,0.0
STU0631,7,12.042857142857144,8,8,120.0,3,74.6,22.7,21.8,19.9,22.2,16.9,5.37,Stable,0.0
STU0632,5,12.2,6,9,109.7,2,80.2,30.0,29.8,27.1,29.9,25.1,5.52,Improving,0.0
STU0633,7,12.8375,7,8,136.4,8,79.3,28.3,26.4,21.5,27.4,20.8,6.81,Improving,0.0
STU0634,7,11.0,7,13,120.0,8,65.7,2.5,4.4,5.2,4.8,7.6,5.66,Declining,1.0
STU0635,6,13.5,6,7,132.6,1,65.4,6.1,6.8,22.2,14.5,12.8,,Improving,0.0
STU0636,6,12.125,6,8,112.9,3,66.8,13.5,17.8,19.1,18.5,21.5,5.98,Stable,0.0
STU0637,7,12.62857142857143,8,12,134.3,5,89.7,17.6,14.3,19.5,18.6,11.6,6.85,Stable,0.0
STU0638,3,10.666666666666666,5,9,123.2,5,65.2,10.0,9.0,14.9,12.4,6.2,5.47,Declining,1.0
STU0639,5,11.2,6,11,117.2,3,78.5,17.8,15.3,9.5,16.6,12.4,5.27,Stable,1.0
STU0640,6,12.666666666666666,6,6,129.8,6,78.5,15.4,16.5,16.4,16.4,11.3,6.62,Declining,1.0
STU0641,4,13.5,6,7,158.0,1,70.5,10.4,5.6,7.0,8.7,4.3,,Stable,1.0
STU0642,3,11.666666666666666,5,9,116.5,3,71.3,12.4,9.1,16.3,14.4,8.5,5.68,Declining,0.0
STU0643,2,10.5,5,8,121.0,5,82.3,16.1,11.3,19.8,18.0,16.4,7.53,Declining,0.0
STU0644,8,14.26875,8,8,133.8,5,81.9,21.2,20.4,21.6,21.4,16.4,8.11,Declining,1.0
STU0645,0,0.0,6,0,115.0,6,54.9,2.2,0.7,11.1,6.6,5.1,1.16,Improving,1.0
STU0646,2,10.5,5,8,131.8,1,60.5,11.3,9.8,7.3,10.6,15.0,,Improving,1.0
STU0647,5,11.2,6,11,121.0,2,74.6,17.5,12.3,13.8,15.6,14.9,5.77,Stable,0.0
STU0648,5,12.0,5,5,152.4,1,65.1,11.1,8.5,15.5,13.3,13.8,,Improving,0.0
STU0649,7,12.228571428571428,7,9,110.2,2,67.8,19.5,12.6,18.8,19.2,9.6,4.66,Stable,0.0
STU0650,4,11.5,5,6,113.5,1,90.4,8.4,8.9,7.4,8.6,6.4,,Stable,0.0
STU0651,6,15.375,6,8,144.4,4,69.0,17.2,17.4,28.2,22.8,17.8,8.53,Declining,0.0
STU0652,9,13.666666666666666,12,19,143.3,4,83.5,18.6,17.9,27.0,22.8,17.8,7.48,Declining,0.0
STU0653,7,12.614285714285714,8,11,100.0,5,68.1,19.6,16.8,22.3,21.0,22.3,5.15,Improving,0.0
STU0654,5,12.2,6,7,126.3,3,67.1,8.5,0.2,5.1,6.8,1.1,5.17,Declining,1.0
STU0655,4,11.75,6,13,115.9,1,93.6,20.4,19.6,19.5,20.0,15.9,,Improving,0.0
STU0656,5,11.4,6,9,114.9,5,61.0,22.3,18.8,20.2,21.2,17.9,4.85,Improving,1.0
STU0657,5,10.6,6,10,121.0,1,58.2,8.8,11.5,12.0,11.8,7.6,,Improving,1.0
STU0658,13,10.923076923076923,16,16,112.3,7,72.8,22.4,23.9,26.9,25.4,16.9,6.78,Stable,0.0
STU0659,5,12.4,6,6,127.0,1,67.6,7.5,6.3,15.9,11.7,6.2,,Stable,0.0
STU0660,0,0.0,6,6,120.0,4,61.0,9.1,15.1,18.8,17.0,9.0,2.84,Improving,0.0
STU0661,6,15.833333333333334,6,6,180.0,7,68.0,12.5,10.6,20.6,16.6,16.7,4.78,Improving,0.0
STU0662,5,11.8,7,12,117.4,4,74.8,18.0,13.8,18.1,18.0,10.6,5.57,Improving,0.0
STU0663,6,12.571428571428571,6,7,115.8,4,54.8,8.5,12.7,18.4,15.6,13.1,4.68,Improving,1.0
STU0664,3,12.0,5,7,136.5,5,52.2,13.3,12.4,22.7,18.0,16.7,5.84,Stable,1.0
STU0665,7,13.3625,7,8,129.0,1,70.5,12.5,12.3,21.2,16.8,10.2,,Stable,0.0
STU0666,5,15.4,5,6,137.6,5,53.8,12.4,20.4,16.0,18.2,15.9,6.82,Declining,0.0
STU0667,5,12.2,6,9,129.5,7,77.9,18.8,19.4,12.9,19.1,18.7,7.13,Stable,0.0
STU0668,11,12.818181818181818,11,11,129.1,8,62.7,17.8,15.0,14.8,16.4,17.1,7.03,Declining,1.0
STU0669,0,0.0,7,0,130.2,3,43.8,13.5,13.2,0.0,13.4,11.1,3.09,Declining,0.0
STU0670,17,13.394736842105264,17,21,134.3,3,72.9,12.4,16.6,17.2,16.9,11.0,5.42,Stable,1.0
STU0671,6,14.25,6,8,138.4,6,71.8,24.8,23.4,20.9,24.1,24.3,6.06,Improving,0.0
STU0672,9,13.444444444444445,11,19,120.0,4,60.6,10.1,11.7,15.7,13.7,9.7,6.92,Declining,1.0
STU0673,7,12.285714285714286,7,8,123.5,2,86.8,12.4,15.9,20.7,18.3,13.2,5.21,Stable,0.0
STU0674,6,11.666666666666666,6,7,116.1,2,55.2,8.9,11.4,12.5,12.0,10.1,5.49,Stable,1.0
STU0675,6,12.166666666666666,6,8,110.8,2,70.8,22.4,25.1,29.4,27.2,24.4,5.43,Improving,0.0
STU0676,2,10.0,6,11,142.8,3,67.2,14.7,18.0,14.3,16.4,22.1,5.32,Stable,0.0
STU0677,6,14.0,6,6,155.5,2,90.9,14.1,15.7,18.1,16.9,12.6,8.43,Declining,1.0
STU0678,5,11.833333333333334,6,9,126.7,1,75.7,9.8,11.6,10.3,11.0,10.8,,Stable,1.0
STU0679,1,15.0,6,7,163.5,1,68.2,13.5,11.7,21.8,17.6,7.0,,Stable,1.0
STU0680,0,0.0,0,0,161.9,7,54.5,11.1,19.2,17.1,18.2,18.3,3.99,Improving,0.0
STU0681,6,10.833333333333334,6,7,123.3,1,70.3,19.2,10.7,15.2,17.2,14.1,,Stable,0.0
STU0682,6,13.142857142857142,6,7,137.5,1,82.0,16.2,17.4,14.6,16.8,14.8,,Improving,1.0
STU0683,5,14.4,5,8,166.6,3,70.5,18.5,11.9,28.5,23.5,15.3,8.39,Declining,0.0
STU0684,0,0.0,6,0,103.5,2,70.2,7.0,8.7,0.8,7.8,6.7,1.15,Improving,1.0
STU0685,7,12.0,12,17,110.0,8,61.2,8.6,6.0,18.4,13.5,4.8,6.31,Declining,1.0
STU0686,9,12.2,10,13,128.2,7,70.8,16.9,14.1,14.8,15.8,18.7,6.36,Improving,0.0
STU0687,3,12.333333333333334,3,3,137.7,3,62.9,18.0,15.2,20.6,19.3,17.8,5.04,Stable,0.0
STU0688,7,11.8375,7,8,128.8,3,65.4,17.4,11.7,24.6,21.0,17.0,7.72,Declining,0.0
STU0689,5,11.8,5,5,170.0,3,64.1,17.3,16.4,20.5,18.9,13.0,5.03,Improving,0.0
STU0690,0,0.0,5,5,116.4,1,43.6,4.6,13.8,6.5,10.2,4.9,,Improving,1.0
STU0691,0,0.0,6,0,100.9,2,50.0,7.1,3.5,13.9,10.5,3.9,2.88,Stable,0.0
STU0692,19,12.68421052631579,19,19,136.0,1,70.0,14.0,10.1,20.8,17.4,15.3,,Stable,1.0
STU0693,6,12.571428571428571,6,8,130.0,1,81.5,20.1,22.8,30.0,26.4,21.5,,Improving,0.0
STU0694,3,11.25,7,18,100.0,4,50.0,11.2,15.1,3.3,13.2,8.2,2.55,Stable,0.0
STU0695,4,14.0,5,13,157.0,1,63.0,16.4,14.5,9.6,15.4,16.8,,Improving,0.0
STU0696,4,13.333333333333334,5,15,152.1,1,66.6,17.1,21.9,22.9,22.4,14.0,,Improving,0.0
STU0697,6,13.666666666666666,6,7,162.9,4,75.6,12.1,12.5,14.6,13.6,8.9,4.97,Declining,1.0
STU0698,3,10.0,6,12,137.2,3,66.0,14.8,15.6,18.3,17.0,14.0,5.63,Declining,1.0
STU0699,5,12.6,6,12,140.0,1,67.4,13.8,12.0,10.6,12.9,7.7,,Stable,1.0
STU0700,3,17.333333333333332,5,10,146.5,1,62.5,12.8,11.7,18.4,15.6,8.7,,Declining,1.0
STU0701,5,13.2,6,10,130.0,2,65.6,21.3,26.3,24.1,25.2,27.4,7.09,Improving,1.0
STU0702,3,14.0,5,9,128.0,2,58.6,7.7,2.9,11.5,9.6,11.1,4.39,Declining,1.0
STU0703,4,13.875,4,4,190.0,6,84.9,17.5,11.1,19.1,18.3,22.0,6.84,Declining,1.0
STU0704,0,0.0,5,5,133.2,7,60.0,4.3,0.0,0.8,2.6,3.6,3.89,Declining,1.0
STU0705,9,13.11111111111111,9,9,124.3,3,69.6,16.9,20.5,22.7,21.6,20.1,6.41,Stable,1.0
STU0706,5,13.0,5,8,138.1,3,63.3,14.2,11.0,22.2,18.2,11.2,7.5,Declining,1.0
STU0707,10,12.5,10,10,144.3,5,64.1,12.4,13.2,11.1,12.8,11.0,6.66,Declining,1.0
STU0708,18,14.11111111111111,18,18,140.0,5,75.1,24.2,16.7,18.0,21.1,22.7,8.68,Declining,0.0
STU0709,11,14.727272727272728,11,11,148.3,2,81.6,19.0,16.0,26.2,22.6,21.6,7.86,Declining,0.0
STU0710,0,0.0,6,6,96.0,1,52.0,2.9,10.2,1.9,6.6,8.6,,Improving,0.0
STU0711,0,0.0,5,5,121.7,3,73.1,11.0,15.6,14.0,14.8,7.9,4.12,Stable,1.0
STU0712,0,0.0,5,5,160.0,4,71.9,9.9,9.2,11.7,10.8,10.0,4.76,Stable,0.0
STU0713,4,13.5,5,7,110.3,1,77.3,14.5,9.2,12.3,13.4,7.9,,Stable,1.0
STU0714,7,13.105714285714283,8,8,129.0,2,78.6,21.9,19.3,26.5,24.2,17.4,5.15,Improving,0.0
STU0715,5,13.5,5,8,150.0,2,69.1,22.0,23.2,24.7,24.0,26.3,6.33,Improving,0.0
STU0716,13,11.846153846153848,13,18,100.0,2,72.8,15.4,12.9,17.0,16.2,8.4,6.02,Declining,0.0
STU0717,0,0.0,5,5,107.5,3,48.9,2.7,3.8,0.0,3.2,10.6,3.21,Declining,1.0
STU0718,3,14.333333333333334,6,11,170.0,5,92.5,13.0,18.0,23.4,20.7,17.2,6.89,Stable,0.0
STU0719,5,15.8,5,10,123.0,4,75.9,16.7,12.9,12.9,14.8,12.2,6.24,Stable,0.0
STU0720,5,13.8,6,16,138.5,2,71.4,18.5,19.9,16.8,19.2,17.4,5.48,Improving,1.0
STU0721,6,12.666666666666666,10,18,140.0,1,73.3,17.2,15.5,18.3,17.8,12.6,,Improving,0.0
STU0722,6,13.0,6,10,113.6,6,90.5,2.8,9.3,24.6,17.0,5.3,6.84,Declining,1.0
STU0723,0,0.0,0,0,170.0,4,39.1,7.7,14.9,7.3,11.3,9.5,2.76,Stable,1.0
STU0724,1,11.0,6,6,115.5,1,76.5,12.5,7.6,4.9,10.0,7.6,,Stable,1.0
STU0725,0,0.0,5,9,130.0,2,50.3,2.7,9.0,13.5,11.2,1.4,3.02,Stable,0.0
STU0726,7,15.2,7,7,140.0,6,68.7,25.2,28.0,28.4,28.2,23.6,7.05,Improving,0.0
STU0727,6,14.428571428571429,6,7,126.6,6,67.4,19.6,12.5,22.6,21.1,10.2,5.95,Stable,0.0
STU0728,0,0.0,5,5,143.2,7,44.5,5.4,2.9,16.1,10.8,0.0,5.14,Declining,1.0
STU0729,0,0.0,0,0,131.4,4,57.9,9.3,4.3,15.2,12.2,0.6,3.27,Declining,0.0
STU0730,4,13.75,6,13,133.3,3,58.2,7.7,6.9,9.4,8.6,13.6,4.0,Stable,1.0
STU0731,5,12.166666666666666,6,11,118.3,3,72.7,14.9,13.8,10.8,14.4,15.0,6.62,Declining,0.0
STU0732,5,12.142857142857142,6,12,140.0,2,81.8,14.8,13.0,21.1,18.0,15.3,4.7,Stable,1.0
STU0733,6,12.0,6,9,124.7,5,66.5,12.5,17.2,16.6,16.9,14.2,6.89,Stable,0.0
STU0734,3,11.666666666666666,5,10,140.0,4,66.6,15.2,7.7,14.8,15.0,12.7,5.31,Declining,1.0
STU0735,0,0.0,6,9,150.0,1,46.3,13.0,9.4,5.9,11.2,13.9,,Improving,0.0
STU0736,6,11.875,6,10,115.6,7,66.6,19.8,19.8,21.2,20.5,19.2,5.88,Improving,0.0
STU0737,7,11.285714285714286,11,15,116.9,3,95.8,19.0,20.4,21.3,20.8,24.0,6.13,Improving,0.0
STU0738,2,10.0,6,17,123.4,1,76.1,6.8,2.1,12.6,9.7,5.1,,Stable,1.0
STU0739,11,12.0,12,13,146.5,3,66.7,8.3,12.4,8.6,10.5,12.4,5.81,Stable,0.0
STU0740,6,13.833333333333334,7,7,117.1,7,57.5,11.1,18.5,19.5,19.0,15.7,6.51,Declining,0.0
STU0741,0,0.0,6,0,113.9,7,57.2,7.1,7.5,10.7,9.1,3.0,4.23,Stable,1.0
STU0742,6,14.428571428571429,6,7,128.7,4,79.1,17.0,13.0,25.3,21.2,14.8,7.28,Declining,0.0
STU0743,5,14.2,7,8,132.9,8,65.2,21.8,24.3,9.3,23.0,13.4,5.08,Improving,0.0
STU0744,4,11.5,5,8,123.0,7,66.2,9.9,16.0,13.0,14.5,11.0,4.95,Improving,1.0
STU0745,5,13.0,6,7,129.8,6,63.2,17.8,12.4,14.4,16.1,13.0,5.22,Declining,1.0
STU0746,0,0.0,6,6,156.1,7,52.5,13.5,15.4,13.3,14.4,11.3,5.59,Stable,0.0
STU0747,3,11.333333333333334,6,12,120.0,3,77.9,17.4,19.2,24.1,21.6,15.5,5.22,Improving,1.0
STU0748,18,12.5,18,45,117.2,6,68.7,30.0,28.1,26.8,29.0,27.9,6.5,Improving,0.0
STU0749,0,0.0,5,5,107.0,4,58.6,0.1,0.0,5.1,2.6,0.0,1.73,Stable,1.0
STU0750,7,13.471428571428572,7,7,128.4,5,69.3,11.6,15.4,16.2,15.8,19.6,6.17,Stable,0.0
STU0751,4,11.75,5,5,123.4,2,52.5,9.9,4.8,7.0,8.4,9.7,5.35,Declining,0.0
STU0752,6,13.333333333333334,6,9,126.7,5,71.8,21.5,17.6,14.6,19.6,14.6,6.62,Stable,1.0
STU0753,8,13.105,8,8,123.0,8,53.5,17.1,8.4,21.0,19.0,14.2,4.8,Improving,0.0
STU0754,0,0.0,5,5,137.2,2,70.0,8.5,9.7,10.2,10.0,12.2,5.43,Declining,0.0
STU0755,6,15.5,6,6,125.9,8,78.8,17.3,12.4,26.6,22.0,16.2,8.05,Stable,1.0
STU0756,0,0.0,0,0,138.0,3,76.9,14.6,16.9,17.1,17.0,9.8,4.62,Improving,1.0
STU0757,4,11.25,6,6,128.2,2,74.9,13.2,15.6,18.9,17.2,21.2,5.21,Improving,1.0
STU0758,12,11.0,15,24,126.5,1,66.8,24.1,22.9,23.7,23.9,23.7,,Improving,0.0
STU0759,6,12.333333333333334,6,10,112.4,6,54.0,15.5,16.0,16.0,16.0,10.1,5.38,Declining,1.0
STU0760,8,11.375,9,18,109.0,4,64.5,17.4,17.3,17.5,17.4,16.7,5.1,Declining,1.0
STU0761,18,12.22222222222222,18,19,100.0,2,69.2,21.7,22.3,26.1,24.2,19.8,7.89,Stable,0.0
STU0762,0,0.0,0,0,144.7,4,75.4,5.4,1.3,0.0,3.4,3.3,3.9,Stable,0.0
STU0763,9,12.0,9,11,120.0,3,74.5,16.6,12.3,24.4,20.5,9.4,6.98,Declining,0.0
STU0764,1,11.0,5,10,100.0,3,75.2,7.6,7.8,11.0,9.4,7.9,6.79,Declining,0.0
STU0765,16,14.125,16,17,154.0,7,79.8,23.8,21.3,23.9,23.8,18.1,7.31,Stable,0.0
STU0766,5,10.2,5,8,111.3,5,58.3,11.8,12.0,11.6,11.9,9.1,3.84,Stable,1.0
STU0767,4,12.0,5,7,150.0,6,71.6,19.7,20.9,19.2,20.3,19.8,5.87,Improving,0.0
STU0768,9,12.333333333333334,9,11,100.0,4,78.1,16.2,16.5,10.6,16.4,13.0,5.64,Stable,1.0
STU0769,9,14.333333333333334,9,9,162.5,8,75.9,15.7,12.1,18.5,17.1,12.2,6.89,Stable,0.0
STU0770,6,15.166666666666666,6,6,134.1,2,71.6,27.4,18.0,26.7,27.0,24.0,7.5,Improving,0.0
STU0771,6,15.142857142857142,6,8,133.0,2,95.7,24.7,20.0,14.4,22.4,17.5,9.41,Declining,0.0
STU0772,0,0.0,6,0,119.0,1,56.8,14.2,8.6,5.7,11.4,7.4,,Improving,0.0
STU0773,6,13.411428571428573,7,9,131.1,4,69.4,22.6,19.6,24.4,23.5,14.4,7.1,Declining,0.0
STU0774,6,12.333333333333334,6,7,129.4,5,51.0,17.7,18.1,23.7,20.9,13.8,6.81,Declining,1.0
STU0775,4,11.8,6,13,123.9,5,74.8,15.6,12.5,17.7,16.6,13.4,6.65,Declining,1.0
STU0776,6,12.0,6,9,140.0,3,73.5,19.2,24.4,16.9,21.8,22.1,6.09,Improving,1.0
STU0777,6,15.0,6,7,162.0,1,73.6,11.2,14.0,20.4,17.2,9.3,,Stable,1.0
STU0778,8,13.875,12,12,131.6,5,72.1,13.0,20.8,14.1,17.4,18.4,7.54,Declining,0.0
STU0779,6,11.833333333333334,7,9,110.6,8,64.1,8.6,12.5,14.5,13.5,10.7,5.72,Declining,1.0
STU0780,6,12.5,6,6,117.4,2,61.9,11.3,15.3,8.4,13.3,7.0,5.4,Stable,1.0
STU0781,6,15.0,6,6,137.8,2,78.7,15.7,14.6,18.0,16.8,15.1,7.44,Declining,1.0
STU0782,2,11.666666666666666,6,10,106.7,2,71.6,6.0,1.5,7.0,6.5,8.8,5.39,Declining,0.0
STU0783,7,14.668,7,10,156.9,3,81.6,23.0,20.6,28.0,25.5,13.7,7.78,Declining,1.0
STU0784,6,13.345,8,9,129.0,2,84.2,17.4,15.7,21.7,19.5,23.1,6.24,Improving,0.0
STU0785,5,12.8,6,7,124.8,3,70.0,19.9,15.2,15.5,17.7,13.7,6.95,Stable,1.0
STU0786,6,10.833333333333334,6,10,115.1,5,64.8,22.5,17.1,23.3,22.9,11.4,5.48,Stable,0.0
STU0787,6,13.666666666666666,6,6,146.7,3,76.1,18.9,18.8,15.5,18.8,17.9,6.48,Stable,0.0
STU0788,7,14.537142857142856,8,8,132.8,3,61.4,13.6,11.7,17.5,15.6,15.4,6.67,Stable,0.0
STU0789,5,14.4,5,5,159.1,1,73.4,17.9,9.7,14.4,16.2,11.9,,Stable,0.0
STU0790,0,0.0,0,0,137.6,7,41.4,5.9,3.3,11.2,8.6,5.1,4.6,Declining,1.0
STU0791,6,13.166666666666666,6,6,124.0,3,59.5,12.7,13.5,18.7,16.1,20.1,5.62,Stable,0.0
STU0792,2,11.5,6,15,149.0,3,46.8,7.9,4.2,18.1,13.0,6.9,6.37,Declining,1.0
STU0793,6,11.333333333333334,6,7,129.6,1,70.6,13.8,14.5,17.9,16.2,24.5,,Improving,0.0
STU0794,6,12.0,6,6,110.0,5,85.1,14.1,15.7,3.5,14.9,18.6,6.31,Declining,0.0
STU0795,6,13.166666666666666,6,6,116.1,7,62.9,14.3,16.1,12.6,15.2,13.6,4.82,Stable,0.0
STU0796,6,14.833333333333334,6,6,133.3,1,79.5,18.7,13.4,26.0,22.4,16.1,,Improving,0.0
STU0797,7,13.0,7,7,144.3,1,98.9,26.6,19.7,21.2,23.9,19.9,,Improving,0.0
STU0798,7,13.087142857142856,7,8,133.6,1,80.7,21.4,19.2,12.6,20.3,19.7,,Improving,0.0
STU0799,6,13.333333333333334,6,8,123.2,4,68.8,19.5,20.1,22.8,21.5,20.4,6.83,Improving,1.0
STU0800,6,12.166666666666666,6,7,137.2,7,66.3,14.3,16.7,20.2,18.4,13.0,5.92,Stable,1.0
STU0801,6,11.0,6,8,130.0,3,66.7,8.2,8.7,10.1,9.4,3.2,5.66,Declining,1.0
STU0802,0,0.0,6,0,110.0,3,46.3,1.6,9.8,5.5,7.6,9.6,4.31,Declining,1.0
STU0803,5,13.6,5,7,118.0,6,67.2,12.8,21.0,14.4,17.7,19.4,6.35,Declining,0.0
STU0804,6,15.5,6,6,128.4,6,84.7,7.1,6.5,19.0,13.0,2.7,6.92,Declining,1.0
STU0805,7,13.857142857142858,7,7,113.6,2,86.2,14.3,21.1,20.6,20.8,17.5,6.7,Stable,1.0
STU0806,2,11.5,5,10,113.5,2,56.1,21.7,21.1,14.0,21.4,22.9,5.56,Stable,1.0
STU0807,6,13.0,6,6,146.9,3,65.6,17.7,20.4,19.3,19.8,20.9,6.41,Improving,0.0
STU0808,6,14.0,6,10,141.3,6,65.0,12.4,16.4,13.0,14.7,10.8,5.77,Declining,0.0
STU0809,0,0.0,4,4,129.7,5,59.3,6.8,3.2,14.1,10.4,7.8,4.54,Stable,1.0
STU0810,6,11.166666666666666,6,6,121.3,5,80.4,6.3,5.2,18.2,12.2,6.5,5.04,Declining,0.0
STU0811,0,0.0,6,0,109.1,6,76.8,5.5,0.2,5.6,5.6,3.7,4.58,Declining,0.0
STU0812,7,12.142857142857142,7,8,107.1,2,63.2,18.3,11.1,16.3,17.3,9.8,5.35,Stable,0.0
STU0813,7,14.145714285714286,7,7,129.2,3,70.9,16.6,19.0,24.3,21.6,0.9,6.7,Declining,0.0
STU0814,7,14.45,7,7,154.1,1,79.6,9.5,16.3,17.0,16.6,9.9,,Stable,0.0
STU0815,7,15.714285714285714,7,7,147.2,7,68.3,15.3,12.1,21.8,18.6,15.2,7.05,Stable,1.0
STU0816,5,12.8,5,9,120.0,4,70.2,20.7,22.2,26.3,24.2,18.5,5.24,Improving,0.0
STU0817,6,12.5,6,6,130.8,2,66.2,15.5,19.8,15.4,17.6,18.5,6.21,Stable,0.0
STU0818,6,14.5,6,6,120.8,1,50.0,10.6,11.3,24.6,18.0,15.1,,Stable,0.0
STU0819,7,13.462857142857144,7,7,125.4,5,74.8,26.5,23.8,27.9,27.2,21.1,6.13,Stable,0.0
STU0820,6,12.833333333333334,6,6,121.3,6,65.0,7.2,7.8,14.3,11.0,6.0,3.51,Improving,1.0
STU0821,5,12.0,5,10,127.0,5,79.7,12.4,14.3,13.6,14.0,4.3,7.56,Declining,1.0
STU0822,0,0.0,0,0,151.6,2,62.7,5.9,10.2,12.8,11.5,1.9,3.84,Stable,1.0
STU0823,6,14.714285714285714,7,9,131.6,7,58.1,9.7,9.6,13.8,11.8,4.6,6.03,Declining,0.0
STU0824,6,12.571428571428571,6,7,106.0,6,58.8,7.4,9.9,7.7,8.8,10.0,3.91,Stable,1.0
STU0825,6,12.5,6,6,111.6,5,43.8,12.8,13.9,15.9,14.9,10.6,5.72,Declining,0.0
STU0826,6,14.0,6,8,117.3,5,61.1,21.0,13.8,13.9,17.4,13.9,5.83,Stable,1.0
STU0827,7,11.571428571428571,7,8,121.4,7,76.1,13.1,15.8,15.3,15.6,11.1,5.27,Stable,0.0
STU0828,6,15.833333333333334,6,6,126.1,7,71.8,12.6,7.3,15.5,14.0,7.3,7.02,Declining,1.0
STU0829,8,14.25,8,8,137.0,4,88.0,22.1,24.3,17.1,23.2,24.9,6.18,Improving,0.0
STU0830,0,0.0,6,0,120.8,3,35.0,6.1,10.2,10.6,10.4,6.9,2.83,Stable,1.0
STU0831,6,11.666666666666666,6,8,128.7,3,69.8,16.6,11.4,16.5,16.6,16.9,6.8,Declining,0.0
STU0832,0,0.0,6,12,118.0,6,55.8,9.9,6.9,16.9,13.4,0.0,5.77,Declining,1.0
STU0833,5,13.2,5,9,120.0,5,74.9,11.9,20.8,14.6,17.7,16.7,4.47,Improving,0.0
STU0834,2,12.0,6,11,160.0,1,75.9,14.8,14.6,14.9,14.8,11.8,,Stable,0.0
STU0835,0,0.0,5,6,150.0,1,59.8,4.4,0.8,2.6,3.5,1.2,,Improving,1.0
STU0836,4,12.0,5,9,121.8,7,79.5,16.4,17.4,15.9,16.9,20.0,3.42,Improving,1.0
STU0837,3,13.333333333333334,5,10,125.4,7,65.6,23.2,19.4,18.8,21.3,17.3,6.94,Declining,1.0
STU0838,5,12.414285714285713,7,11,126.6,8,88.0,18.7,9.7,22.6,20.6,15.5,5.87,Stable,1.0
STU0839,0,0.0,5,5,150.0,3,54.7,11.0,17.1,14.5,15.8,8.9,4.61,Stable,0.0
STU0840,5,13.8,5,5,114.5,6,59.8,15.3,11.0,25.8,20.6,12.4,6.04,Stable,0.0
STU0841,0,0.0,5,14,107.0,6,67.2,6.2,8.8,12.8,10.8,1.0,4.51,Stable,0.0
STU0842,4,11.5,5,10,115.7,2,54.6,16.6,13.2,11.7,14.9,13.3,4.73,Stable,1.0
STU0843,0,0.0,5,11,120.0,1,66.2,11.1,17.1,8.0,14.1,13.8,,Improving,0.0
STU0844,6,14.016666666666666,7,7,134.8,8,74.0,14.5,14.1,20.4,17.4,17.7,4.02,Improving,0.0
STU0845,5,11.4,6,9,133.6,1,80.2,18.6,8.9,12.2,15.4,9.7,,Improving,1.0
STU0846,0,0.0,0,0,129.0,4,56.0,6.7,8.6,11.9,10.2,4.7,3.3,Declining,1.0
STU0847,5,10.4,5,12,128.4,5,81.4,16.7,16.2,25.8,21.2,13.8,6.64,Stable,0.0
STU0848,3,10.666666666666666,5,11,122.2,5,75.0,16.2,20.8,22.3,21.6,15.9,7.04,Declining,1.0
STU0849,4,14.25,5,9,113.3,2,61.9,14.2,14.0,11.8,14.1,9.4,4.07,Improving,1.0
STU0850,7,13.914285714285713,7,7,129.9,5,70.9,22.7,24.5,26.7,25.6,13.6,8.36,Declining,1.0
STU0851,7,13.761111111111113,7,9,126.2,2,75.9,18.9,15.7,19.8,19.4,12.0,5.86,Improving,0.0
STU0852,5,12.6,6,10,112.6,6,67.2,12.6,10.4,12.1,12.4,10.6,4.28,Stable,0.0
STU0853,6,13.857142857142858,6,7,149.0,2,74.4,17.2,15.7,19.9,18.5,15.3,5.19,Improving,1.0
STU0854,7,13.842857142857143,8,8,120.0,5,71.9,16.0,14.6,20.2,18.1,16.4,6.08,Stable,0.0
STU0855,0,0.0,5,12,120.4,6,69.7,7.5,12.1,6.3,9.8,11.4,3.07,Improving,0.0
STU0856,5,11.8,6,6,128.1,2,66.1,16.5,14.7,18.5,17.5,12.7,6.1,Stable,1.0
STU0857,6,12.666666666666666,6,6,141.7,2,69.7,18.1,11.0,25.1,21.6,7.9,6.07,Stable,0.0
STU0858,0,0.0,6,6,130.0,6,41.4,6.4,7.4,13.5,10.4,7.5,4.78,Declining,0.0
STU0859,0,0.0,5,7,113.3,1,51.6,8.2,9.3,8.2,8.8,7.0,,Improving,0.0
STU0860,4,10.75,6,11,105.9,2,74.8,11.0,11.9,16.4,14.2,10.0,5.33,Declining,1.0
STU0861,5,12.6,5,7,122.7,3,74.0,22.9,21.9,15.4,22.4,23.9,6.24,Improving,0.0
STU0862,0,0.0,5,5,120.0,8,53.0,7.2,11.5,5.6,9.4,9.2,3.41,Stable,1.0
STU0863,2,12.0,7,7,119.8,4,76.1,8.3,3.5,6.0,7.2,6.7,6.2,Declining,1.0
STU0864,3,14.0,6,7,122.9,3,77.5,15.8,5.9,17.3,16.6,11.1,7.05,Declining,0.0
STU0865,6,14.0,6,6,160.0,8,83.0,19.5,14.6,22.0,20.8,18.9,6.06,Improving,0.0
STU0866,7,14.682857142857143,7,7,125.2,3,85.9,17.1,16.0,19.9,18.5,13.3,6.96,Declining,0.0
STU0867,0,0.0,3,3,143.4,3,66.1,0.0,0.0,1.0,0.5,0.0,3.96,Declining,1.0
STU0868,0,0.0,5,6,96.7,3,50.5,0.0,0.0,5.3,2.6,0.0,0.99,Declining,1.0
STU0869,6,13.857142857142858,6,7,126.9,2,58.4,16.9,18.3,24.0,21.2,11.7,5.83,Stable,0.0
STU0870,0,0.0,0,0,143.1,3,62.1,0.0,5.3,11.5,8.4,2.5,3.62,Declining,1.0
STU0871,6,13.142857142857142,6,8,114.5,5,78.8,9.4,10.2,15.8,13.0,10.3,6.48,Declining,1.0
STU0872,1,18.0,5,14,140.0,1,85.3,17.4,17.2,27.6,22.5,15.6,,Improving,0.0
STU0873,13,11.461538461538462,15,15,113.7,5,87.3,16.9,11.0,30.0,23.4,12.2,7.72,Declining,1.0
STU0874,5,11.2,7,14,131.5,2,87.4,11.5,12.3,13.7,13.0,17.5,5.2,Stable,0.0
STU0875,5,15.0,6,6,143.5,3,72.9,10.8,14.4,13.9,14.2,15.2,5.07,Improving,1.0
STU0876,7,14.244444444444444,7,9,126.8,1,68.0,5.9,10.8,16.3,13.6,7.9,,Stable,1.0
STU0877,4,11.5,6,8,115.2,4,55.4,15.3,15.9,12.1,15.6,14.5,6.67,Declining,0.0
STU0878,2,10.0,7,7,100.0,5,65.8,7.0,10.5,16.0,13.2,13.3,2.96,Improving,1.0
STU0879,3,12.333333333333334,5,7,121.4,3,63.4,11.3,5.8,14.8,13.0,6.3,7.24,Declining,1.0
STU0880,5,12.2,7,8,120.0,2,71.5,15.7,13.2,18.3,17.0,9.8,7.14,Declining,1.0
STU0881,6,13.666666666666666,6,6,129.9,2,74.0,15.4,10.8,15.2,15.3,13.5,5.89,Stable,0.0
STU0882,0,0.0,0,0,151.1,6,65.0,6.1,11.9,7.6,9.8,9.8,5.43,Stable,1.0
STU0883,1,11.0,6,15,120.0,2,60.9,1.4,7.7,1.1,4.6,6.6,4.78,Stable,1.0
STU0884,3,13.0,6,8,130.0,6,74.1,13.5,10.8,21.2,17.4,14.2,6.73,Declining,0.0
STU0885,7,12.599999999999998,8,12,119.0,3,42.4,13.0,14.0,19.5,16.8,9.7,6.27,Declining,0.0
STU0886,10,12.2,10,11,122.0,2,75.6,14.5,17.6,21.8,19.7,10.0,8.43,Declining,0.0
STU0887,6,13.166666666666666,6,6,129.7,5,87.8,14.1,18.3,21.6,20.0,13.5,5.5,Improving,0.0
STU0888,6,11.0,7,16,112.5,3,83.5,12.6,5.0,3.2,8.8,10.6,5.55,Declining,0.0
STU0889,7,14.014285714285714,7,7,136.0,1,71.0,13.3,5.1,9.6,11.4,5.1,,Declining,1.0
STU0890,4,13.0,6,9,133.1,8,79.7,11.7,12.4,12.6,12.5,3.8,4.59,Stable,0.0
STU0891,6,14.0,6,6,151.3,1,73.2,22.3,13.3,13.7,18.0,16.7,,Improving,0.0
STU0892,0,0.0,0,0,133.3,3,53.3,7.7,6.8,0.1,7.2,3.8,3.82,Stable,0.0
STU0893,7,14.428571428571429,8,8,130.8,3,77.3,15.5,16.4,13.7,16.0,8.5,7.14,Declining,1.0
STU0894,0,0.0,5,9,140.0,4,56.2,9.6,11.3,10.2,10.8,9.1,4.29,Stable,0.0
STU0895,18,11.833333333333334,18,45,150.0,6,71.3,19.5,14.5,21.2,20.4,14.8,7.52,Declining,0.0
STU0896,3,11.333333333333334,5,12,130.0,1,67.9,16.2,15.2,22.4,19.3,20.9,,Improving,0.0
STU0897,6,12.5,6,9,125.3,8,58.4,19.0,18.9,27.0,23.0,17.2,5.01,Improving,0.0
STU0898,12,13.333333333333334,12,12,124.0,5,76.7,11.8,7.2,19.2,15.5,11.8,5.67,Stable,0.0
STU0899,6,10.833333333333334,6,10,113.8,8,70.2,14.6,18.8,16.6,17.7,15.3,3.44,Improving,0.0
STU0900,6,13.0,6,6,124.4,6,62.3,16.9,17.3,24.1,20.7,12.9,5.14,Stable,0.0
STU0901,2,10.0,5,7,107.7,7,61.0,13.5,9.6,7.0,11.6,8.8,5.51,Declining,1.0
STU0902,6,11.428571428571429,6,8,110.0,4,73.5,12.3,13.6,6.2,13.0,16.2,5.16,Declining,1.0
STU0903,8,12.8875,8,8,130.0,3,79.5,8.7,6.5,11.5,10.1,10.9,6.12,Stable,0.0
STU0904,6,12.95,7,7,138.8,3,68.7,10.1,15.5,23.3,19.4,7.7,7.67,Declining,0.0
STU0905,1,10.0,5,12,126.3,5,51.7,19.3,18.1,16.2,18.7,11.5,5.67,Stable,0.0
STU0906,7,13.094285714285714,7,7,114.5,3,87.8,21.1,21.8,17.4,21.5,15.6,6.17,Stable,0.0
STU0907,0,0.0,6,7,116.5,5,40.7,2.2,0.9,2.6,2.4,5.2,2.64,Stable,1.0
STU0908,5,11.714285714285714,6,12,128.6,1,69.9,13.0,9.1,8.1,11.0,3.7,,Improving,1.0
STU0909,4,11.25,6,8,130.0,6,83.8,10.1,11.8,9.6,11.0,13.5,6.3,Declining,1.0
STU0910,0,0.0,0,0,134.6,2,66.6,2.6,1.6,12.8,7.7,3.1,4.41,Declining,0.0
STU0911,6,13.166666666666666,6,6,146.8,8,77.4,10.9,16.7,16.1,16.4,13.7,7.16,Stable,0.0
STU0912,4,12.75,5,7,135.7,1,79.0,10.0,14.8,25.2,20.0,10.4,,Improving,1.0
STU0913,5,10.6,5,6,120.0,1,90.4,5.7,5.3,9.9,7.8,10.7,,Stable,0.0
STU0914,5,11.2,6,8,138.0,6,46.9,6.5,8.3,15.9,12.1,8.0,6.98,Declining,1.0
STU0915,0,0.0,7,0,135.5,6,55.3,12.6,8.5,12.5,12.6,3.8,3.49,Stable,1.0
STU0916,6,13.0,6,6,120.0,5,83.2,13.5,7.3,21.8,17.6,6.2,8.86,Declining,0.0
STU0917,0,0.0,5,10,111.7,8,56.0,10.4,9.8,12.2,11.3,2.7,4.66,Stable,1.0
STU0918,0,0.0,6,0,100.0,2,65.7,9.5,6.6,13.2,11.4,11.1,4.06,Stable,1.0
STU0919,6,14.166666666666666,6,8,160.0,6,80.8,21.0,23.1,26.1,24.6,26.0,8.43,Declining,0.0
STU0920,5,12.833333333333334,6,10,114.8,3,63.7,8.9,10.5,7.2,9.7,12.9,3.55,Improving,0.0
STU0921,4,11.75,6,11,131.0,4,65.9,14.1,18.0,19.9,19.0,14.1,4.67,Improving,1.0
STU0922,6,10.833333333333334,6,8,97.0,3,58.7,8.9,5.9,11.5,10.2,1.8,5.0,Declining,1.0
STU0923,4,11.75,6,8,131.7,1,65.2,19.6,13.7,14.1,16.8,11.2,,Improving,0.0
STU0924,3,11.5,7,14,120.0,4,68.0,19.8,25.1,20.6,22.8,15.8,7.1,Declining,1.0
STU0925,2,10.0,5,14,110.0,6,57.2,17.1,6.6,18.0,17.6,10.4,4.15,Stable,1.0
STU0926,6,13.7,7,7,133.0,2,88.8,11.4,10.8,17.5,14.4,17.0,8.79,Declining,0.0
STU0927,1,14.0,5,8,140.0,8,76.2,12.8,10.2,14.4,13.6,16.2,5.69,Stable,1.0
STU0928,7,11.375,8,12,100.0,4,79.7,14.3,13.9,10.2,14.1,11.3,5.59,Stable,1.0
STU0929,0,0.0,6,17,129.3,2,44.0,7.2,3.8,0.0,5.5,0.0,3.38,Declining,1.0
STU0930,0,0.0,6,10,137.0,5,40.8,0.0,3.8,6.0,4.9,0.0,3.53,Stable,0.0
STU0931,1,11.0,5,9,122.2,2,66.3,5.0,7.8,16.3,12.0,11.1,5.77,Declining,0.0
STU0932,6,13.0,7,10,108.0,1,97.8,20.9,16.8,16.3,18.8,17.9,,Improving,0.0
STU0933,8,13.6,11,15,110.0,5,87.8,15.9,12.0,25.8,20.8,12.3,5.57,Stable,1.0
STU0934,3,11.0,5,8,127.7,1,69.4,10.7,12.5,16.6,14.6,10.1,,Declining,1.0
STU0935,7,11.705714285714285,8,11,121.3,1,75.5,10.8,13.1,15.6,14.4,8.9,,Declining,1.0
STU0936,12,13.25,12,12,140.1,5,85.4,21.3,30.0,22.3,26.2,19.1,5.94,Improving,0.0
STU0937,1,10.75,7,15,114.8,1,48.6,5.7,8.0,15.2,11.6,14.1,,Stable,1.0
STU0938,6,12.0,6,8,150.0,6,84.7,16.9,12.1,13.4,15.2,20.0,7.3,Declining,0.0
STU0939,6,12.666666666666666,6,7,131.7,6,73.9,13.5,13.3,18.0,15.8,10.1,8.02,Declining,1.0
STU0940,5,11.4,6,8,110.0,1,70.5,7.9,10.1,12.9,11.5,2.8,,Stable,0.0
STU0941,6,13.0,6,6,105.5,4,70.8,20.8,19.3,16.2,20.0,18.6,4.34,Improving,0.0
STU0942,6,14.0,6,8,127.3,1,86.5,19.7,18.5,20.9,20.3,17.2,,Improving,0.0
STU0943,0,0.0,6,11,130.0,5,50.3,5.5,0.0,7.5,6.5,4.9,4.82,Declining,1.0
STU0944,0,0.0,6,0,130.0,1,44.5,6.4,12.8,15.9,14.4,11.8,,Improving,0.0
STU0945,7,15.285714285714286,7,7,122.7,8,78.3,23.7,21.5,21.5,22.6,16.2,6.61,Stable,1.0
STU0946,6,13.166666666666666,6,6,113.9,2,50.9,16.5,15.0,19.5,18.0,19.1,6.21,Stable,0.0
STU0947,5,13.6,5,7,151.1,5,72.5,22.3,26.3,22.7,24.5,20.6,8.26,Stable,1.0
STU0948,0,0.0,4,8,125.8,1,62.7,1.5,0.0,11.7,6.6,2.8,,Improving,1.0
STU0949,10,11.4,10,12,128.2,2,79.2,17.0,17.4,17.8,17.6,15.1,7.27,Stable,1.0
STU0950,0,0.0,5,0,135.1,3,61.4,5.7,8.0,5.8,6.9,8.9,3.48,Stable,0.0
STU0951,5,11.0,5,7,120.2,4,67.4,7.4,8.5,14.8,11.6,0.0,4.84,Stable,0.0
STU0952,0,0.0,5,9,132.8,8,78.9,6.6,4.1,7.4,7.0,7.5,5.17,Declining,1.0
STU0953,6,13.571428571428571,6,7,140.0,1,70.0,15.1,19.6,22.0,20.8,13.3,,Improving,0.0
STU0954,0,0.0,7,0,129.3,1,55.6,5.7,3.9,17.3,11.5,4.1,,Improving,1.0
STU0955,4,11.25,10,14,108.2,3,60.3,5.6,8.0,7.5,7.8,11.4,5.05,Stable,0.0
STU0956,3,13.333333333333334,5,6,125.4,3,84.1,20.0,20.9,27.9,24.4,15.9,5.34,Stable,0.0
STU0957,6,12.0,6,6,140.2,7,69.4,15.8,14.2,14.7,15.2,10.3,6.99,Declining,1.0
STU0958,6,12.5,6,6,116.1,7,94.3,18.8,13.4,27.0,22.9,14.2,7.95,Declining,0.0
STU0959,5,13.2,5,6,137.8,7,67.5,17.7,16.5,21.7,19.7,14.2,6.25,Stable,0.0
STU0960,0,0.0,5,5,128.4,1,69.3,5.1,5.7,11.3,8.5,0.9,,Improving,1.0
STU0961,3,11.666666666666666,5,7,106.0,3,78.3,13.4,15.6,17.2,16.4,14.2,6.32,Stable,0.0
STU0962,15,13.466666666666669,15,16,130.2,6,77.9,21.5,22.1,21.2,21.8,20.8,7.73,Stable,0.0
STU0963,3,13.666666666666666,5,7,126.0,2,71.6,15.0,23.8,13.5,19.4,18.9,5.43,Improving,0.0
STU0964,2,11.666666666666666,5,9,141.0,5,71.2,11.7,10.2,15.2,13.4,7.5,5.11,Stable,1.0
STU0965,6,11.666666666666666,6,7,113.0,2,72.1,11.3,9.9,14.3,12.8,6.7,5.25,Declining,1.0
STU0966,5,13.4,6,9,120.0,3,63.8,11.1,7.4,14.3,12.7,8.3,5.22,Declining,1.0
STU0967,0,0.0,5,5,130.9,7,47.9,3.0,14.2,1.9,8.6,6.4,2.7,Declining,0.0
STU0968,0,0.0,6,9,120.0,2,49.0,10.4,14.1,9.0,12.2,9.0,3.5,Stable,1.0
STU0969,0,0.0,5,5,134.1,8,44.0,9.5,6.4,16.2,12.8,4.4,3.55,Stable,0.0
STU0970,3,10.666666666666666,5,6,120.0,2,74.6,12.8,19.6,20.4,20.0,15.9,4.58,Improving,0.0
STU0971,4,13.75,5,5,114.8,1,58.0,10.0,17.2,16.1,16.6,9.3,,Improving,1.0
STU0972,1,10.0,5,5,123.0,2,63.0,14.6,9.5,25.9,20.2,10.4,6.87,Declining,0.0
STU0973,0,0.0,5,11,118.0,2,60.8,3.1,2.6,4.4,3.8,1.4,3.77,Stable,0.0
STU0974,1,16.0,2,4,100.0,4,79.4,12.8,11.4,16.3,14.6,11.6,6.92,Declining,0.0
STU0975,5,12.285714285714286,5,9,151.1,1,52.7,17.0,14.3,10.0,15.6,18.6,,Improving,0.0
STU0976,3,12.0,5,10,116.9,5,63.2,12.6,13.6,12.1,13.1,6.9,4.92,Declining,1.0
STU0977,6,12.666666666666666,7,7,106.0,7,77.9,6.1,9.9,24.3,17.1,0.0,6.69,Declining,0.0
STU0978,5,11.8,5,6,127.1,3,68.8,12.8,7.6,13.1,13.0,7.6,5.39,Declining,0.0
STU0979,5,10.6,5,6,155.5,2,77.9,12.5,12.8,7.5,12.6,7.3,6.38,Stable,1.0
STU0980,9,11.9,11,16,101.0,3,64.3,14.0,19.1,22.0,20.6,4.3,7.27,Declining,1.0
STU0981,4,11.25,6,8,128.2,6,52.2,15.5,16.1,19.2,17.6,21.1,7.38,Declining,0.0
STU0982,4,11.0,5,9,113.0,4,68.6,1.8,5.3,13.6,9.4,6.0,4.82,Declining,1.0
STU0983,6,12.0,6,6,122.8,1,66.3,3.3,1.6,12.0,7.6,6.4,,Declining,1.0
STU0984,4,11.75,5,10,145.6,4,58.0,12.6,17.7,13.7,15.7,13.4,6.37,Stable,0.0
STU0985,2,10.0,5,8,116.5,3,65.4,13.8,10.8,14.0,13.9,12.9,7.25,Stable,0.0
STU0986,7,13.714285714285714,8,8,142.0,3,87.9,4.9,7.2,19.2,13.2,5.9,6.48,Declining,0.0
STU0987,6,14.875,6,14,150.0,1,58.9,11.1,12.9,15.7,14.3,14.6,,Improving,0.0
STU0988,5,10.8,6,7,133.3,8,91.7,6.8,12.4,17.1,14.8,10.5,7.81,Declining,0.0
STU0989,3,12.0,6,11,115.8,2,59.2,11.6,8.7,11.7,11.6,9.5,5.99,Declining,0.0
STU0990,5,12.5,6,10,100.0,2,67.1,20.5,21.2,19.3,20.8,18.3,5.79,Stable,1.0
STU0991,7,14.728571428571428,7,7,128.6,1,66.6,17.9,12.2,20.0,19.0,20.0,,Stable,0.0
STU0992,6,12.0,6,8,137.1,4,77.7,18.3,17.5,17.5,17.9,17.6,6.21,Stable,0.0
STU0993,6,11.428571428571429,6,8,149.0,3,77.8,23.2,20.0,23.3,23.2,16.2,6.55,Stable,0.0
STU0994,6,14.166666666666666,6,6,147.0,2,66.4,20.2,18.2,20.4,20.3,19.5,7.46,Declining,1.0
STU0995,5,12.5,6,12,150.0,3,97.7,14.9,12.0,20.2,17.6,14.6,6.08,Stable,0.0
STU0996,6,14.166666666666666,6,6,103.5,5,67.7,19.6,19.7,23.3,21.5,17.3,4.45,Improving,1.0
STU0997,5,14.46,7,10,107.8,2,69.4,18.7,12.8,21.1,19.9,14.6,7.98,Declining,1.0
STU0998,5,12.8,6,12,130.0,7,80.4,16.6,10.8,9.8,13.7,9.0,5.75,Declining,0.0
STU0999,6,12.666666666666666,6,8,109.4,2,86.6,14.0,17.8,12.8,15.9,15.1,7.03,Declining,1.0
STU1000,6,12.5,6,6,143.6,2,86.0,16.4,14.6,16.5,16.4,10.4,6.12,Declining,1.0
STU1001,0,0.0,6,0,124.3,8,43.6,9.3,12.3,5.7,10.8,8.0,3.7,Stable,1.0
STU1002,0,0.0,6,0,119.5,6,53.9,2.6,8.5,4.2,6.4,2.1,4.08,Stable,1.0
STU1003,0,0.0,0,0,175.6,3,40.8,12.5,14.6,15.8,15.2,15.1,4.8,Stable,0.0
STU1004,5,11.2,5,8,116.1,6,78.9,10.5,13.6,19.4,16.5,17.4,5.75,Improving,0.0
STU1005,6,16.5,6,6,126.6,4,60.5,23.5,30.0,20.7,26.8,19.7,7.12,Improving,0.0
STU1006,3,13.666666666666666,5,9,130.8,3,65.1,17.8,21.3,21.9,21.6,17.8,6.83,Declining,0.0
STU1007,7,15.228571428571428,8,8,133.5,6,77.7,14.9,18.8,22.0,20.4,15.1,6.9,Stable,0.0
STU1008,9,12.77777777777778,9,10,136.9,6,76.7,18.1,13.4,18.2,18.2,16.4,5.27,Stable,0.0
STU1009,7,14.428571428571429,8,8,142.3,2,75.7,16.4,11.5,25.1,20.8,14.1,6.52,Declining,0.0
STU1010,6,13.875,6,8,114.3,4,86.6,16.3,16.0,15.4,16.2,13.7,5.97,Stable,0.0
STU1011,7,13.128,7,10,122.9,3,73.8,10.8,18.1,15.8,17.0,13.6,5.49,Stable,1.0
STU1012,6,11.605,7,9,117.2,1,80.8,16.8,18.6,14.9,17.7,15.8,,Improving,1.0
STU1013,5,14.6,5,5,152.0,8,62.0,20.2,21.5,15.4,20.8,24.8,7.15,Declining,1.0
STU1014,0,0.0,6,0,122.2,4,67.3,6.2,9.7,1.2,8.0,3.5,2.47,Improving,0.0
STU1015,5,11.8,5,6,101.7,4,56.3,6.0,9.9,7.5,8.7,8.6,6.57,Declining,1.0
STU1016,6,12.333333333333334,6,6,119.9,4,82.1,7.9,8.6,13.7,11.1,10.0,5.28,Improving,1.0
STU1017,4,11.0,5,5,123.7,4,86.6,14.7,16.8,15.1,16.0,16.0,6.24,Declining,1.0
STU1018,11,13.181818181818182,11,11,121.8,2,77.9,17.8,17.8,17.9,17.8,15.4,5.52,Improving,0.0
STU1019,1,11.0,6,6,106.1,8,72.8,7.9,5.3,10.3,9.1,11.5,4.51,Stable,0.0
STU1020,6,11.833333333333334,6,6,124.3,5,44.9,22.7,18.6,28.0,25.4,10.9,7.21,Declining,1.0
STU1021,8,12.98125,8,8,124.3,5,72.2,20.2,18.9,14.7,19.5,13.9,5.67,Stable,1.0
STU1022,6,11.333333333333334,7,10,117.4,3,80.3,12.0,6.0,9.5,10.8,11.5,5.98,Stable,1.0
STU1023,6,11.68,8,12,112.7,2,79.0,11.8,11.5,12.2,12.0,8.0,6.4,Declining,1.0
STU1024,6,14.5,6,6,123.7,1,64.3,16.6,15.8,19.1,17.8,11.9,,Stable,0.0
STU1025,7,13.142857142857142,7,7,105.8,3,59.7,8.6,13.2,14.9,14.0,8.2,3.14,Improving,0.0
STU1026,2,11.5,5,8,124.2,2,43.4,17.5,20.0,19.4,19.7,13.6,6.13,Stable,0.0
STU1027,5,14.2,5,6,122.3,5,67.2,14.8,19.8,19.3,19.6,17.5,7.49,Declining,0.0
STU1028,5,11.666666666666666,6,8,123.7,7,52.6,14.4,18.8,16.7,17.8,18.6,6.23,Stable,1.0
STU1029,7,13.175,7,8,129.8,2,82.9,18.9,14.9,16.8,17.8,15.9,6.87,Stable,0.0
STU1030,7,13.314285714285717,8,8,123.8,3,87.0,21.6,17.2,28.4,25.0,21.9,6.03,Improving,0.0
STU1031,3,10.6,5,13,126.4,5,67.8,15.9,18.2,5.5,17.0,10.7,7.51,Declining,1.0
STU1032,4,12.0,6,11,115.1,1,73.9,15.7,18.7,17.5,18.1,15.9,,Improving,0.0
STU1033,6,13.428571428571429,6,7,138.4,7,69.3,17.7,20.1,20.6,20.4,22.2,7.11,Declining,0.0
STU1034,4,13.25,5,7,118.2,3,74.1,17.6,18.8,27.3,23.0,20.3,6.7,Stable,0.0
STU1035,2,13.0,6,6,121.7,1,56.5,9.4,0.3,5.0,7.2,10.6,,Declining,0.0
STU1036,6,14.333333333333334,6,6,118.0,2,77.8,12.9,15.1,15.5,15.3,11.2,6.75,Declining,1.0
STU1037,0,0.0,6,0,119.8,8,43.3,6.3,10.6,3.8,8.4,10.9,4.61,Stable,0.0
STU1038,6,14.0,6,6,164.9,2,57.5,13.8,17.9,10.4,15.8,13.5,6.73,Declining,0.0
STU1039,2,12.0,2,2,100.0,5,67.9,7.7,13.0,14.0,13.5,12.4,6.61,Declining,1.0
STU1040,5,12.333333333333334,6,9,121.6,1,70.7,18.8,21.1,23.3,22.2,23.0,,Improving,0.0
STU1041,5,11.8,6,8,120.4,2,68.0,13.4,10.4,19.8,16.6,7.9,5.01,Declining,1.0
STU1042,7,12.791428571428572,8,8,117.8,7,69.2,11.7,8.1,14.9,13.3,3.4,7.94,Declining,0.0
STU1043,8,11.625,8,8,110.0,1,89.6,15.0,16.2,21.2,18.7,21.5,,Improving,1.0
STU1044,6,11.994444444444444,7,11,128.8,1,72.7,14.4,12.8,16.1,15.2,14.7,,Stable,1.0
STU1045,5,11.6,6,9,116.6,4,67.9,12.8,20.8,18.2,19.5,14.6,6.18,Declining,0.0
STU1046,0,0.0,5,5,120.0,7,53.8,0.0,0.0,10.3,5.2,0.0,3.95,Declining,1.0
STU1047,6,13.166666666666666,6,8,157.5,3,81.6,10.3,13.1,15.9,14.5,3.8,5.09,Declining,0.0
STU1048,7,14.1,8,8,136.3,1,81.5,20.3,22.7,26.4,24.5,20.6,,Improving,0.0
STU1049,6,12.396666666666668,7,8,121.5,8,70.9,6.2,4.2,7.0,6.6,3.7,5.54,Declining,1.0
STU1050,7,15.014285714285714,7,7,133.9,5,83.3,17.4,12.8,22.7,20.0,14.8,7.51,Stable,0.0
STU1051,0,0.0,0,0,136.8,7,35.6,2.6,0.0,10.2,6.4,1.1,3.21,Declining,0.0
STU1052,7,14.05,7,8,133.5,6,57.1,15.8,14.4,22.5,19.2,1.8,6.77,Declining,1.0
STU1053,7,14.85,7,8,130.0,5,74.2,18.4,16.0,14.1,17.2,17.9,4.96,Improving,0.0
STU1054,6,13.0,6,10,140.0,3,80.6,28.4,30.0,25.4,29.2,27.3,6.91,Improving,1.0
STU1055,7,14.7875,7,8,132.7,3,74.5,7.3,5.2,15.3,11.3,8.0,6.44,Declining,1.0
STU1056,7,13.7,7,7,117.8,5,78.0,22.7,23.2,24.6,23.9,20.4,9.41,Stable,0.0
STU1057,7,12.495714285714286,7,7,126.1,5,77.5,5.2,1.6,14.7,10.0,4.9,6.55,Declining,0.0
STU1058,6,14.566666666666668,7,7,120.0,8,63.1,22.8,24.4,27.9,26.2,21.9,5.89,Improving,0.0
STU1059,5,11.2,5,5,100.0,4,67.2,4.3,0.0,5.9,5.1,4.2,5.6,Declining,1.0
STU1060,7,12.685714285714283,8,8,116.8,2,60.7,26.3,30.0,21.0,28.2,26.5,5.48,Improving,0.0
STU1061,7,13.571428571428571,9,12,128.3,4,75.9,14.2,14.6,9.9,14.4,14.7,7.36,Stable,1.0
STU1062,0,0.0,6,0,117.0,5,42.7,13.8,6.3,14.3,14.0,15.5,4.38,Stable,0.0
STU1063,5,11.0,6,8,131.5,3,70.8,17.7,13.9,18.9,18.3,11.5,6.49,Declining,0.0
STU1064,8,14.445,8,8,134.8,6,66.2,18.1,13.3,30.0,24.0,13.9,7.14,Stable,1.0
STU1065,5,13.6,6,9,146.6,4,67.6,13.5,10.1,21.1,17.3,17.6,7.06,Declining,1.0
STU1066,11,14.0,12,12,130.0,1,83.7,14.2,14.3,20.4,17.4,13.3,,Stable,1.0
STU1067,6,13.416666666666666,7,7,127.5,4,70.1,16.6,13.8,17.4,17.0,17.2,5.61,Improving,1.0
STU1068,5,12.333333333333334,5,8,123.0,5,57.0,13.8,11.1,15.4,14.6,12.5,6.64,Declining,1.0
STU1069,7,13.1,7,8,100.0,7,69.5,14.2,10.0,18.9,16.5,11.2,6.46,Declining,1.0
STU1070,4,13.2,6,9,114.2,3,55.8,16.3,18.7,18.7,18.7,19.5,6.1,Stable,1.0
STU1071,8,14.75,8,8,123.5,4,58.3,12.8,18.4,9.4,15.6,16.8,6.72,Declining,1.0
STU1072,6,13.142857142857142,6,7,144.3,4,70.2,12.6,13.3,16.8,15.0,6.5,6.69,Declining,1.0
STU1073,4,12.5,6,9,142.2,4,75.6,15.2,16.5,17.8,17.2,15.3,6.52,Declining,0.0
STU1074,4,13.75,5,6,161.9,1,72.3,10.8,8.4,22.6,16.7,5.7,,Stable,0.0
STU1075,5,12.4,6,11,135.9,7,73.2,11.1,14.8,14.7,14.8,16.8,6.34,Declining,0.0
STU1076,6,13.333333333333334,6,6,110.1,7,71.3,21.7,23.4,16.3,22.5,26.6,4.87,Improving,0.0
STU1077,11,11.727272727272728,11,11,122.5,4,75.5,18.2,15.6,22.0,20.1,23.1,6.39,Improving,0.0
STU1078,4,12.5,6,8,138.1,4,72.2,19.9,17.8,23.2,21.5,19.5,6.4,Stable,0.0
STU1079,0,0.0,0,0,117.3,1,48.0,3.3,6.7,5.9,6.3,2.4,,Improving,1.0
STU1080,6,13.533333333333331,7,8,106.8,4,64.1,19.8,15.0,14.3,17.4,17.5,7.14,Declining,1.0
STU1081,6,13.166666666666666,6,6,120.1,3,64.6,11.4,16.0,16.5,16.2,9.7,7.45,Stable,1.0
STU1082,5,13.2,6,9,116.5,5,70.6,16.1,14.6,14.3,15.4,22.8,6.16,Stable,1.0
STU1083,5,12.2,6,7,120.0,1,70.3,16.3,21.6,17.6,19.6,21.7,,Improving,0.0
STU1084,7,13.428571428571429,7,7,139.7,5,100.0,9.3,11.4,20.4,15.9,11.8,6.61,Stable,0.0
STU1085,6,12.714285714285714,6,8,123.7,2,59.4,22.9,28.8,17.8,25.8,26.5,4.42,Improving,1.0
STU1086,0,0.0,6,0,116.5,5,51.2,10.3,14.4,8.0,12.4,8.2,2.89,Improving,1.0
STU1087,6,13.666666666666666,6,6,122.2,5,53.7,9.1,10.4,16.3,13.4,5.2,3.25,Improving,1.0
STU1088,5,11.0,6,6,146.0,2,61.3,6.7,3.8,10.6,8.6,0.0,5.4,Declining,1.0
STU1089,5,11.4,7,11,108.8,3,67.2,15.6,10.3,28.5,22.0,12.5,5.68,Stable,0.0
STU1090,0,0.0,0,0,133.0,6,62.0,0.0,9.0,8.3,8.6,3.3,3.43,Stable,1.0
STU1091,4,12.0,5,7,123.8,4,62.9,18.4,18.3,11.1,18.4,18.2,4.58,Improving,0.0
STU1092,0,0.0,6,6,120.0,1,52.6,3.4,7.0,3.6,5.3,4.5,,Improving,1.0
STU1093,5,11.0,6,14,126.9,3,68.3,22.5,25.8,16.3,24.2,23.2,6.82,Improving,0.0
STU1094,5,12.0,6,12,121.3,2,57.7,11.2,13.3,12.3,12.8,14.8,4.63,Stable,0.0
STU1095,7,13.308571428571428,7,7,129.0,5,64.4,14.1,17.5,19.7,18.6,9.2,6.37,Declining,0.0
STU1096,3,13.666666666666666,6,8,114.9,5,70.9,22.3,18.1,15.3,20.2,21.6,5.79,Stable,1.0
STU1097,0,0.0,6,6,106.5,1,59.8,6.8,12.0,9.2,10.6,6.9,,Improving,0.0
STU1098,5,12.2,6,10,133.9,4,77.9,17.3,17.1,24.0,20.6,17.9,7.4,Declining,1.0
STU1099,6,12.666666666666666,6,7,124.9,5,72.8,21.9,24.8,19.1,23.4,24.9,7.81,Stable,0.0
STU1100,8,14.07125,8,8,128.5,6,76.6,17.3,19.2,24.5,21.8,21.3,6.72,Improving,0.0
STU1101,4,14.25,5,14,126.2,1,60.6,12.7,14.1,11.1,13.4,13.8,,Stable,0.0
STU1102,0,0.0,6,0,121.7,2,61.7,0.7,1.2,5.5,3.4,1.9,3.69,Declining,1.0
STU1103,3,12.0,6,10,120.0,3,64.4,17.3,20.9,14.3,19.1,20.6,5.24,Improving,0.0
STU1104,6,11.166666666666666,10,18,113.2,2,77.3,16.4,15.0,18.8,17.6,8.9,5.39,Stable,0.0
STU1105,2,13.0,6,12,120.3,3,76.4,15.7,17.1,10.4,16.4,10.9,5.47,Stable,0.0
STU1106,0,0.0,0,0,127.8,1,56.0,6.2,6.6,18.8,12.7,4.7,,Improving,0.0
STU1107,7,14.901428571428571,8,8,123.3,1,59.4,7.7,2.5,5.8,6.8,0.8,,Declining,0.0
STU1108,7,12.65,7,8,126.3,5,68.6,3.9,2.0,17.8,10.8,3.1,6.62,Declining,1.0
STU1109,7,11.0,12,12,128.2,2,78.5,29.6,28.4,27.6,29.0,24.4,7.0,Improving,0.0
STU1110,4,12.4,5,7,134.9,5,71.1,18.9,20.6,21.4,21.0,18.4,4.95,Stable,0.0
STU1111,6,12.0,6,7,140.0,1,72.5,19.5,19.2,21.6,20.6,17.9,,Stable,0.0
STU1112,7,12.135714285714286,7,8,115.5,4,74.4,15.2,18.9,25.8,22.4,19.5,5.64,Improving,0.0
STU1113,5,12.62,7,10,106.7,3,68.9,5.2,8.0,23.3,15.6,8.8,6.37,Stable,1.0
STU1114,3,10.666666666666666,5,11,140.0,6,64.7,9.9,7.0,13.0,11.4,8.1,6.91,Declining,0.0
STU1115,6,13.766666666666666,7,12,136.6,6,58.9,24.0,24.6,22.1,24.3,20.5,6.78,Stable,0.0
STU1116,8,13.11625,8,8,119.3,3,76.7,18.7,15.7,16.2,17.4,15.7,7.36,Declining,1.0
STU1117,0,0.0,5,5,152.0,5,54.6,6.3,6.3,5.4,6.3,5.9,4.49,Declining,1.0
STU1118,6,12.7,7,9,144.3,2,73.5,10.2,14.3,18.7,16.5,21.2,7.12,Declining,1.0
STU1119,7,11.857142857142858,7,11,159.0,4,76.7,15.4,13.0,20.0,17.7,8.4,6.77,Declining,1.0
STU1120,6,12.333333333333334,7,7,129.5,1,50.4,11.6,11.1,7.3,11.4,7.3,,Stable,1.0
STU1121,4,15.75,6,9,140.0,3,77.0,26.7,25.2,25.0,26.0,19.3,7.89,Stable,0.0
STU1122,5,13.333333333333334,5,6,105.4,2,74.1,13.4,17.4,18.1,17.8,15.2,6.45,Stable,0.0
STU1123,7,14.355555555555554,7,9,136.0,7,77.3,10.4,16.8,14.2,15.5,13.9,5.45,Declining,0.0
STU1124,6,13.0,6,8,160.0,3,74.8,16.4,15.9,15.7,16.2,13.1,6.06,Declining,0.0
STU1125,6,12.833333333333334,6,6,139.1,4,54.1,16.7,17.5,20.3,18.9,19.1,6.84,Declining,1.0
STU1126,5,13.2,5,5,126.9,3,81.8,9.2,5.1,22.0,15.6,8.9,6.72,Declining,0.0
STU1127,7,17.005555555555556,7,9,184.0,2,92.1,26.9,30.0,30.0,30.0,30.0,8.76,Stable,0.0
STU1128,5,10.6,6,8,125.0,2,57.3,18.4,20.7,21.2,21.0,21.8,5.31,Improving,0.0
STU1129,5,14.0,5,5,138.5,7,65.2,16.4,20.5,15.0,18.4,9.1,6.38,Stable,0.0
STU1130,7,12.114285714285714,8,8,133.5,6,65.9,7.5,0.0,9.1,8.3,6.6,4.71,Stable,1.0
STU1131,8,13.05875,8,8,141.5,1,76.9,12.7,13.4,19.4,16.4,7.6,,Improving,1.0
STU1132,7,13.285714285714286,8,8,130.0,6,67.4,8.6,8.6,9.3,9.0,9.9,7.91,Declining,0.0
STU1133,4,11.0,5,9,131.0,3,73.6,11.7,14.3,15.7,15.0,11.7,4.89,Stable,0.0
STU1134,7,14.071428571428571,7,7,145.0,1,64.2,21.8,21.0,25.3,23.6,20.0,,Improving,0.0
STU1135,0,0.0,6,0,114.3,4,43.7,0.9,2.3,5.7,4.0,0.0,3.5,Stable,0.0
STU1136,4,11.25,9,9,108.3,1,53.5,23.8,23.4,21.9,23.6,24.8,,Improving,0.0
STU1137,6,14.0,6,6,125.2,2,64.7,19.4,13.8,18.9,19.2,10.6,5.16,Stable,0.0
STU1138,6,12.166666666666666,6,8,131.7,5,85.0,7.8,6.7,12.1,10.0,10.6,6.02,Declining,1.0
STU1139,7,13.297142857142855,8,8,126.3,2,90.7,8.3,8.2,10.2,9.2,3.4,4.45,Stable,0.0
STU1140,6,13.923076923076923,6,14,147.6,7,76.6,13.0,18.5,18.4,18.4,15.0,8.2,Declining,1.0
STU1141,7,13.37,7,11,125.1,5,73.4,26.4,27.4,30.0,28.7,30.0,6.91,Improving,0.0
STU1142,5,12.4,5,5,123.8,6,59.2,13.1,15.5,17.9,16.7,21.2,4.18,Improving,1.0
STU1143,4,15.0,5,5,130.8,5,69.4,18.5,16.0,14.2,17.2,9.1,6.26,Stable,0.0
STU1144,6,13.333333333333334,6,6,154.1,7,58.3,15.9,20.8,17.2,19.0,14.3,6.11,Declining,0.0
STU1145,3,12.0,5,8,122.6,3,63.4,12.8,7.9,12.9,12.8,8.0,6.26,Declining,1.0
STU1146,5,13.4,6,7,103.5,4,85.0,10.4,18.6,15.4,17.0,22.2,5.67,Stable,0.0
STU1147,0,0.0,0,0,132.8,4,47.8,8.5,16.5,12.2,14.4,10.5,4.02,Stable,1.0
STU1148,4,11.5,5,9,100.0,7,58.3,10.8,13.4,18.8,16.1,15.1,6.02,Declining,1.0
STU1149,6,12.0,7,12,115.8,2,73.7,15.6,18.6,29.4,24.0,17.1,5.64,Stable,0.0
STU1150,7,13.485714285714284,8,8,133.8,4,79.9,25.5,23.9,19.2,24.7,17.9,7.45,Improving,0.0
STU1151,6,12.0,6,6,118.5,6,65.0,14.3,13.0,19.7,17.0,6.0,3.8,Improving,0.0
STU1152,0,0.0,0,0,150.3,3,61.4,14.7,13.0,15.4,15.0,9.7,5.64,Stable,0.0
STU1153,3,10.333333333333334,5,7,107.8,7,72.0,5.8,6.2,11.1,8.6,14.9,4.86,Declining,0.0
STU1154,5,12.94,7,10,127.5,3,86.6,25.1,26.0,15.1,25.6,23.2,5.64,Improving,1.0
STU1155,7,13.258571428571427,8,11,120.5,2,73.5,15.6,16.9,20.4,18.6,19.3,6.48,Stable,0.0
STU1156,4,12.25,5,9,117.3,4,68.9,17.0,25.7,28.3,27.0,13.8,4.9,Improving,0.0
STU1157,3,11.666666666666666,6,9,120.6,3,81.8,17.0,15.7,17.8,17.4,13.5,4.64,Improving,0.0
STU1158,6,13.571428571428571,6,7,118.7,1,72.3,16.6,10.0,15.7,16.2,16.0,,Stable,0.0
STU1159,5,11.8,6,9,130.8,1,48.8,12.5,18.0,12.5,15.2,9.2,,Improving,0.0
STU1160,5,14.2,5,7,112.6,2,67.8,15.5,9.1,9.2,12.4,10.9,4.42,Stable,1.0
STU1161,5,11.0,5,8,117.2,6,73.3,7.7,5.4,11.8,9.8,3.2,5.41,Declining,1.0
STU1162,4,13.625,7,16,130.0,7,73.3,11.5,14.3,19.4,16.8,15.3,6.39,Stable,1.0
STU1163,7,14.652857142857142,8,8,131.8,4,72.5,16.6,17.8,15.8,17.2,17.5,6.05,Stable,0.0
STU1164,6,11.333333333333334,6,9,97.0,1,48.4,9.0,4.0,0.0,6.5,8.6,,Stable,1.0
STU1165,4,13.7,7,12,130.0,4,67.2,19.0,13.8,17.8,18.4,17.9,5.51,Stable,1.0
STU1166,11,13.727272727272728,11,11,148.0,7,85.0,19.7,11.5,16.5,18.1,13.8,6.79,Declining,0.0
STU1167,7,11.75,7,9,103.4,6,67.3,19.0,18.4,18.0,18.7,21.4,7.07,Declining,1.0
STU1168,6,12.333333333333334,6,9,127.1,2,75.8,21.7,25.2,19.2,23.4,19.4,6.54,Stable,0.0
STU1169,6,14.0,6,6,124.0,1,67.4,6.4,1.4,15.6,11.0,7.3,,Stable,0.0
STU1170,4,11.5,5,7,121.4,7,60.8,10.2,17.1,13.3,15.2,5.3,6.58,Declining,1.0
STU1171,5,11.2,5,6,118.1,7,66.3,12.2,19.0,18.9,19.0,11.1,4.3,Improving,1.0
STU1172,7,15.07,8,8,121.3,1,70.5,17.1,10.9,19.7,18.4,21.2,,Improving,0.0
STU1173,1,10.0,5,6,119.5,6,68.5,12.2,6.2,11.8,12.0,10.8,7.54,Declining,1.0
STU1174,4,12.0,5,5,115.2,1,55.8,17.4,12.5,12.5,15.0,15.4,,Improving,0.0
STU1175,4,13.0,6,11,130.2,1,55.7,18.4,14.6,18.3,18.4,12.0,,Improving,1.0
STU1176,4,11.0,6,7,130.0,6,64.9,8.1,12.9,11.8,12.4,5.6,4.34,Improving,0.0
STU1177,6,13.571428571428571,6,8,126.9,4,64.8,13.5,14.5,8.2,14.0,12.1,5.1,Stable,1.0
STU1178,5,14.6,6,7,168.5,3,93.6,20.3,17.3,29.8,25.0,17.4,7.28,Declining,0.0
STU1179,3,11.833333333333334,7,13,130.0,7,87.4,12.8,15.0,20.0,17.5,20.2,6.22,Improving,0.0
STU1180,7,12.625,7,11,122.8,6,91.0,22.7,16.6,17.6,20.2,21.6,5.77,Improving,0.0
STU1181,4,11.5,7,12,110.0,1,53.9,5.4,6.4,2.1,5.9,6.2,,Improving,1.0
STU1182,4,13.25,5,8,127.1,5,79.2,18.2,13.3,18.1,18.2,15.1,6.57,Stable,0.0
STU1183,7,12.60625,7,9,108.5,6,74.9,15.9,10.8,12.6,14.2,15.0,5.04,Stable,0.0
STU1184,8,13.75,10,15,138.2,4,83.9,17.3,18.1,20.3,19.2,11.9,5.83,Stable,0.0
STU1185,6,13.598333333333334,7,10,96.0,8,66.3,11.9,16.6,6.4,14.2,6.2,4.99,Declining,1.0
STU1186,5,11.142857142857142,6,11,124.5,5,75.2,10.5,19.2,12.0,15.6,16.0,3.81,Improving,0.0
STU1187,11,12.7,11,11,120.0,1,72.4,19.3,12.7,16.4,17.8,15.1,,Improving,1.0
STU1188,1,10.0,5,9,132.3,2,68.8,11.0,9.7,13.6,12.3,5.0,4.73,Declining,0.0
STU1189,6,11.666666666666666,6,8,120.7,6,58.3,11.2,14.5,15.9,15.2,4.7,6.9,Declining,1.0
STU1190,6,14.0,6,8,132.6,8,78.5,20.9,25.5,20.7,23.2,24.1,5.75,Improving,0.0
STU1191,0,0.0,5,9,140.0,1,59.7,11.5,5.7,18.8,15.2,5.9,,Improving,1.0
STU1192,7,12.04142857142857,8,9,124.5,1,79.1,21.6,22.4,18.7,22.0,21.5,,Improving,0.0
STU1193,0,0.0,0,0,142.0,6,57.4,9.1,6.8,4.7,8.0,5.7,4.27,Stable,1.0
STU1194,13,13.76923076923077,13,14,130.0,1,81.3,29.3,21.8,16.3,25.6,23.1,,Improving,0.0
STU1195,18,15.444444444444445,18,20,144.0,1,89.8,30.0,23.2,26.4,28.2,22.9,,Improving,1.0
STU1196,6,11.5,7,9,128.5,7,85.0,16.0,12.9,13.5,14.8,13.9,6.29,Declining,1.0
STU1197,2,10.0,3,3,140.0,6,60.9,12.2,13.0,17.7,15.4,13.4,5.56,Stable,1.0
STU1198,4,12.25,6,8,113.9,7,51.9,9.2,12.1,13.0,12.6,8.9,5.49,Declining,1.0
STU1199,6,14.5,6,6,137.2,5,85.0,18.3,18.0,26.2,22.2,16.2,8.31,Declining,1.0
STU1200,6,15.571428571428571,6,7,140.0,3,64.1,9.4,11.3,22.7,17.0,12.6,6.19,Declining,0.0
STU1201,6,15.571428571428571,6,7,152.3,7,59.6,14.1,13.3,13.1,13.7,15.5,7.16,Declining,0.0
STU1202,5,13.8,6,8,112.5,2,59.5,16.0,10.0,14.3,15.2,7.8,4.53,Stable,0.0
STU1203,3,10.666666666666666,5,8,101.0,2,69.4,12.4,11.9,20.9,16.6,11.2,4.51,Stable,1.0
STU1204,5,11.6,6,8,112.3,7,67.1,8.7,12.4,15.5,14.0,8.2,5.06,Stable,1.0
STU1205,1,13.0,6,11,114.0,5,45.9,5.2,10.1,14.9,12.5,7.6,5.08,Declining,0.0
STU1206,3,12.0,5,9,130.0,7,63.1,21.4,20.5,22.2,21.8,23.6,5.41,Improving,0.0
STU1207,12,12.333333333333334,14,14,121.5,1,81.8,16.5,12.4,21.4,19.0,14.8,,Stable,0.0
STU1208,6,12.875,6,10,120.0,8,63.5,9.6,9.0,16.0,12.8,17.1,4.62,Improving,1.0
STU1209,1,11.0,6,12,130.0,5,74.4,19.8,19.1,27.1,23.5,18.9,6.16,Improving,0.0
STU1210,4,12.25,6,10,125.7,5,80.2,24.1,28.3,20.4,26.2,22.4,4.46,Improving,0.0
STU1211,0,0.0,7,7,128.0,7,65.6,10.3,10.0,13.2,11.8,8.7,3.9,Stable,1.0
STU1212,4,10.75,6,11,113.2,3,74.3,0.0,2.5,9.7,6.1,2.9,5.1,Declining,1.0
STU1213,8,13.63,8,9,120.0,5,47.2,26.9,28.5,26.5,27.7,25.5,6.6,Improving,0.0
STU1214,3,13.0,5,8,117.8,5,82.0,4.6,5.6,9.1,7.4,1.9,5.49,Declining,1.0
STU1215,6,13.533333333333331,7,9,121.3,6,67.2,8.6,5.8,3.4,7.2,5.8,6.22,Declining,1.0
STU1216,7,16.9,7,7,169.7,7,97.0,12.5,17.3,21.7,19.5,11.7,7.33,Stable,1.0
STU1217,5,12.0,6,10,117.7,5,55.2,6.8,5.5,6.4,6.6,9.8,5.39,Declining,0.0
STU1218,6,12.5,6,6,121.8,1,46.1,11.0,20.2,8.6,15.6,6.6,,Improving,1.0
STU1219,7,12.764285714285714,8,8,128.3,2,67.6,4.3,4.1,18.3,11.3,5.6,5.99,Declining,0.0
STU1220,5,13.75,5,8,132.2,8,75.0,18.4,19.0,25.5,22.2,12.0,6.79,Declining,0.0
STU1221,0,0.0,0,0,134.3,8,61.3,10.8,11.6,8.3,11.2,10.9,3.79,Improving,1.0
STU1222,7,14.604285714285712,7,7,123.4,8,88.3,15.9,16.6,6.7,16.2,14.3,8.89,Declining,1.0
STU1223,0,0.0,5,7,121.7,1,55.2,0.5,2.9,9.5,6.2,0.0,,Improving,1.0
STU1224,5,13.833333333333334,6,9,130.0,3,73.1,16.9,18.3,22.9,20.6,20.0,5.47,Improving,1.0
STU1225,8,13.57625,8,8,126.5,6,74.6,13.0,11.8,18.5,15.8,2.5,6.49,Declining,1.0
STU1226,6,15.142857142857142,6,7,159.7,6,76.6,17.1,14.6,22.9,20.0,15.3,7.99,Declining,0.0
STU1227,3,10.666666666666666,5,8,151.3,1,69.5,11.0,19.5,17.0,18.2,17.1,,Improving,0.0
STU1228,5,11.2,6,11,138.0,4,77.4,15.5,15.6,14.4,15.6,19.2,3.9,Improving,1.0
STU1229,8,13.76375,8,8,126.5,1,87.1,20.3,18.6,15.6,19.5,12.1,,Stable,1.0
STU1230,8,13.25,9,10,140.0,4,86.2,13.8,7.5,15.0,14.4,9.0,7.05,Stable,0.0
STU1231,5,10.714285714285714,6,10,112.3,2,63.8,7.8,15.2,15.3,15.2,14.8,4.9,Stable,1.0
STU1232,6,12.166666666666666,6,6,127.3,1,47.3,13.0,12.9,16.4,14.7,16.1,,Improving,1.0
STU1233,6,14.357142857142858,7,8,130.0,1,67.4,9.7,16.3,19.3,17.8,17.0,,Improving,1.0
STU1234,6,12.833333333333334,6,6,115.0,7,64.0,15.7,17.5,11.2,16.6,24.8,6.1,Stable,0.0
STU1235,7,13.925714285714283,8,8,131.5,6,73.7,23.5,23.5,13.9,23.5,19.3,6.12,Improving,0.0
STU1236,2,12.0,5,9,125.7,8,59.1,11.4,14.3,12.5,13.4,13.1,6.5,Declining,0.0
STU1237,7,13.44285714285714,7,7,126.8,3,72.6,11.0,20.3,13.4,16.8,13.6,6.52,Stable,0.0
STU1238,1,16.0,5,5,132.4,3,65.2,18.8,9.7,19.5,19.2,6.3,5.78,Declining,0.0
STU1239,6,13.125,6,8,150.0,3,64.8,17.4,15.5,13.9,16.4,15.3,7.84,Declining,0.0
STU1240,0,0.0,6,7,95.0,5,69.0,6.9,6.7,15.0,11.0,0.0,1.88,Stable,0.0
STU1241,5,11.4,9,9,128.2,3,65.8,19.1,16.9,15.9,18.0,14.8,7.01,Improving,1.0
STU1242,2,11.0,4,12,130.0,6,63.7,13.7,14.8,21.5,18.2,7.2,3.81,Stable,1.0
STU1243,1,11.0,5,13,100.0,6,79.4,15.1,14.9,19.7,17.4,15.6,5.59,Improving,0.0
STU1244,5,13.666666666666666,6,14,159.9,7,81.0,15.8,15.6,13.4,15.7,11.8,6.07,Stable,0.0
STU1245,4,11.75,6,10,100.0,2,78.0,23.6,21.8,29.4,26.5,13.5,6.83,Declining,1.0
STU1246,1,10.0,7,11,116.5,4,67.8,16.6,8.5,15.6,16.1,14.4,7.12,Stable,0.0
STU1247,6,13.5,6,8,120.0,2,76.5,18.0,17.3,18.5,18.2,13.8,4.27,Improving,0.0
STU1248,0,0.0,6,0,117.0,1,64.4,4.6,9.8,6.9,8.4,4.3,,Improving,1.0
STU1249,1,12.0,6,12,140.0,5,72.1,9.2,7.9,16.4,12.8,4.9,7.61,Declining,0.0
STU1250,3,13.0,6,11,118.1,4,46.6,15.2,19.3,17.3,18.3,19.3,4.34,Improving,0.0
STU1251,6,14.833333333333334,6,7,153.5,5,75.0,20.7,26.5,19.4,23.6,22.9,6.75,Improving,0.0
STU1252,6,11.833333333333334,6,6,127.9,1,82.7,15.8,17.2,18.9,18.0,13.5,,Improving,0.0
STU1253,5,12.0,6,10,118.8,8,60.6,11.3,15.3,15.3,15.3,5.1,6.07,Declining,1.0
STU1254,4,12.75,6,11,126.7,8,86.0,11.2,11.9,19.0,15.4,20.6,6.68,Stable,0.0
STU1255,0,0.0,5,5,170.0,3,55.4,10.8,17.0,13.6,15.3,19.0,3.47,Improving,0.0
STU1256,0,0.0,6,7,110.0,7,52.8,6.9,13.4,8.9,11.2,13.6,2.48,Improving,0.0
STU1257,6,12.0,6,6,115.0,2,82.7,16.7,19.2,16.3,18.0,14.0,7.45,Declining,0.0
STU1258,7,11.677777777777775,7,9,119.0,5,68.4,14.3,14.3,13.9,14.3,11.5,5.19,Declining,0.0
STU1259,7,13.6,8,8,121.8,7,80.7,16.9,15.8,15.5,16.4,17.4,5.52,Stable,0.0
STU1260,6,16.0,6,7,133.4,6,81.6,7.5,9.4,18.9,14.2,5.7,5.09,Declining,1.0
STU1261,5,11.8,6,9,131.4,6,60.9,10.9,15.7,15.1,15.4,9.4,5.98,Stable,1.0
STU1262,0,0.0,5,5,135.0,3,53.4,3.2,8.7,7.5,8.1,10.7,5.14,Declining,1.0
STU1263,0,0.0,6,0,122.8,6,65.1,3.5,4.7,9.6,7.2,3.7,2.96,Improving,0.0
STU1264,6,16.142857142857142,6,7,140.0,5,75.0,18.2,23.1,20.4,21.8,14.8,7.9,Declining,1.0
STU1265,7,11.785714285714286,8,8,125.3,1,83.9,18.3,10.8,17.2,17.8,17.0,,Stable,1.0
STU1266,8,13.42375,8,8,126.3,1,58.6,15.5,11.9,13.5,14.5,10.9,,Declining,1.0
STU1267,6,12.5,6,8,100.0,6,50.3,17.8,11.0,16.3,17.0,5.5,2.92,Improving,0.0
STU1268,7,12.464285714285714,8,8,121.3,5,80.7,13.4,9.6,15.9,14.6,7.2,5.37,Stable,0.0
STU1269,8,12.375,11,18,135.0,4,83.2,17.1,20.2,19.8,20.0,15.5,6.12,Stable,1.0
STU1270,1,10.0,6,8,120.0,7,65.7,12.7,18.0,21.2,19.6,14.8,7.05,Declining,1.0
STU1271,5,12.6,6,8,113.7,5,79.1,22.2,20.9,23.5,22.8,20.3,6.18,Stable,0.0
STU1272,5,12.6,5,5,129.7,3,83.3,18.7,18.7,18.1,18.7,22.1,6.16,Stable,0.0
STU1273,2,10.0,5,7,132.1,3,58.0,12.3,12.7,13.6,13.2,10.5,5.35,Stable,0.0
STU1274,0,0.0,7,7,120.3,4,49.4,0.0,0.6,13.9,7.2,0.0,2.49,Stable,1.0
STU1275,5,11.6,5,7,120.0,6,68.3,8.7,16.9,13.3,15.1,16.5,5.36,Stable,0.0
STU1276,6,12.166666666666666,6,8,123.1,4,78.7,19.4,22.5,19.2,21.0,22.4,5.25,Stable,0.0
STU1277,4,13.6,6,10,119.4,4,57.7,4.7,8.8,16.5,12.6,6.4,8.02,Declining,1.0
STU1278,4,12.5,5,8,140.0,5,75.7,24.5,20.4,23.3,23.9,21.6,6.17,Improving,0.0
STU1279,4,12.25,6,6,116.5,5,68.0,16.7,14.7,15.6,16.2,12.7,7.65,Declining,0.0
STU1280,6,11.714285714285714,6,7,113.0,6,72.0,10.3,6.8,10.8,10.6,4.2,4.6,Declining,1.0
STU1281,6,13.5,6,7,133.9,1,77.4,15.3,15.5,19.9,17.7,23.1,,Stable,1.0
STU1282,7,13.024285714285714,8,8,115.5,6,57.9,18.3,16.2,17.9,18.1,12.9,5.27,Improving,1.0
STU1283,0,0.0,6,12,116.5,4,63.2,9.9,7.9,14.0,12.0,8.2,3.33,Improving,0.0
STU1284,5,17.333333333333332,5,6,171.2,1,77.8,21.3,16.2,16.5,18.9,12.5,,Declining,1.0
STU1285,4,11.0,5,7,119.1,5,65.4,13.9,23.3,25.2,24.2,19.5,6.36,Stable,0.0
STU1286,6,13.666666666666666,7,10,121.1,5,58.5,13.4,16.4,16.6,16.5,9.7,6.67,Declining,1.0
STU1287,6,11.375,6,9,132.9,4,59.0,12.4,13.4,18.7,16.0,18.0,5.04,Improving,0.0
STU1288,6,12.833333333333334,6,6,132.8,6,76.6,12.8,10.4,13.2,13.0,18.0,5.56,Stable,0.0
STU1289,5,12.6,6,9,126.7,2,81.3,19.0,11.6,13.1,16.0,17.0,6.99,Stable,0.0
STU1290,6,14.333333333333334,7,8,105.8,2,79.7,24.6,23.0,15.4,23.8,21.8,6.36,Stable,0.0
STU1291,4,13.5,5,8,117.2,3,75.8,14.5,11.8,15.2,14.8,11.7,5.82,Stable,1.0
STU1292,7,14.285714285714286,8,8,140.0,3,91.9,11.8,15.3,20.0,17.6,12.9,6.4,Stable,1.0
STU1293,3,11.75,6,15,120.0,5,59.8,6.7,11.5,13.7,12.6,10.4,4.09,Improving,0.0
STU1294,5,14.8,5,5,119.5,6,49.5,11.5,13.6,12.6,13.1,11.7,4.07,Stable,0.0
STU1295,0,0.0,6,7,153.9,5,48.9,4.5,8.0,14.6,11.3,9.4,4.89,Declining,1.0
STU1296,1,10.0,6,14,130.0,2,62.9,15.1,20.3,17.4,18.8,12.7,3.75,Improving,0.0
STU1297,0,0.0,5,5,107.0,3,43.2,0.0,4.5,6.9,5.7,7.5,4.28,Stable,1.0
STU1298,4,12.6,7,10,132.8,1,68.9,16.3,20.1,30.0,25.0,14.8,,Improving,0.0
STU1299,5,12.428571428571429,5,9,127.5,5,77.4,7.7,9.4,13.2,11.3,5.6,6.8,Declining,1.0
STU1300,4,10.0,6,10,123.3,2,77.2,10.8,5.4,9.0,9.9,8.9,6.0,Declining,1.0
STU1301,3,12.333333333333334,5,7,122.0,4,73.6,12.5,15.3,18.3,16.8,14.5,5.44,Stable,0.0
STU1302,0,0.0,6,0,114.8,6,71.3,11.2,7.3,11.4,11.3,0.9,3.0,Stable,1.0
STU1303,0,0.0,0,0,140.0,5,55.2,8.5,8.2,11.6,10.0,5.6,5.59,Declining,0.0
STU1304,10,12.1,11,12,111.0,2,59.9,25.3,21.3,22.2,23.8,12.9,7.7,Declining,0.0
STU1305,6,14.714285714285714,6,7,133.2,3,82.5,18.6,19.9,26.3,23.1,15.1,7.21,Stable,0.0
STU1306,6,12.666666666666666,6,6,123.0,5,44.8,15.4,19.0,20.4,19.7,12.5,5.63,Stable,0.0
STU1307,12,14.384615384615383,12,14,150.0,4,68.0,16.4,21.4,19.4,20.4,18.7,5.62,Stable,1.0
STU1308,5,13.4,5,5,132.3,1,81.5,19.9,23.5,18.7,21.7,17.1,,Improving,0.0
STU1309,7,13.314285714285717,8,8,126.0,7,60.8,14.8,5.4,14.2,14.5,6.9,3.96,Stable,0.0
STU1310,7,11.98857142857143,8,8,119.3,4,67.5,17.8,12.0,13.7,15.8,18.4,4.76,Improving,0.0
STU1311,11,11.545454545454543,11,17,133.8,4,58.5,16.2,25.1,22.3,23.7,26.1,5.9,Improving,0.0
STU1312,6,16.46153846153846,6,13,126.5,2,78.2,17.9,21.0,23.5,22.2,15.0,6.74,Declining,0.0
STU1313,6,13.666666666666666,6,7,138.4,3,79.8,14.3,16.0,29.5,22.8,17.9,5.85,Stable,1.0
STU1314,7,12.65,7,8,129.0,3,73.8,21.4,19.8,27.0,24.2,20.1,5.97,Stable,0.0
STU1315,6,12.333333333333334,6,7,118.3,2,64.9,21.5,22.5,15.1,22.0,13.3,5.11,Improving,0.0
STU1316,6,14.37,7,8,129.8,4,69.2,18.1,10.0,18.5,18.3,11.1,8.96,Declining,1.0
STU1317,3,12.0,5,13,113.6,3,59.7,9.6,5.9,4.6,7.8,0.0,5.56,Declining,1.0
STU1318,3,12.0,6,12,128.3,7,74.0,11.0,11.7,6.1,11.4,12.2,4.66,Improving,0.0
STU1319,4,12.0,6,11,130.0,8,67.1,14.5,13.7,14.8,14.6,8.5,5.16,Declining,0.0
STU1320,5,12.6,6,10,121.9,2,67.6,13.4,9.7,12.3,12.8,12.1,7.97,Declining,1.0
STU1321,6,12.166666666666666,6,6,129.4,1,48.2,16.8,25.4,25.5,25.4,28.3,,Improving,0.0
STU1322,6,13.5,7,8,115.3,6,72.8,16.2,15.7,22.1,19.2,20.4,5.26,Stable,1.0
STU1323,8,13.76375,8,8,125.5,8,65.3,14.2,15.0,16.9,16.0,11.1,5.94,Stable,1.0
STU1324,6,12.4,7,11,117.8,7,70.4,17.7,17.9,14.0,17.8,11.8,4.15,Improving,0.0
STU1325,4,10.666666666666666,5,16,118.7,1,61.5,7.3,10.1,21.0,15.6,13.5,,Improving,1.0
STU1326,6,14.333333333333334,7,7,139.0,2,69.0,26.0,21.6,30.0,28.0,17.9,6.46,Improving,0.0
STU1327,4,12.5,6,12,98.9,1,70.0,15.0,18.1,12.5,16.6,18.7,,Improving,0.0
STU1328,1,10.0,6,14,137.7,6,81.8,0.3,6.5,4.4,5.4,13.9,4.07,Stable,0.0
STU1329,7,14.69625,7,8,113.6,4,79.1,22.5,16.6,18.0,20.2,20.1,6.53,Improving,0.0
STU1330,4,11.5,6,14,113.4,4,71.9,18.9,14.7,19.8,19.4,19.7,5.6,Stable,1.0
STU1331,7,12.855555555555556,7,9,128.5,4,68.2,9.8,8.8,10.8,10.3,12.7,5.33,Declining,1.0
STU1332,7,13.7,7,7,142.8,2,54.5,10.6,10.6,17.7,14.2,8.3,7.38,Declining,1.0
STU1333,0,0.0,5,9,137.7,4,49.2,1.6,4.4,17.7,11.0,4.3,5.93,Declining,1.0
STU1334,3,11.2,6,13,103.5,1,44.4,22.9,24.5,12.0,23.7,17.0,,Improving,1.0
STU1335,7,13.285714285714286,7,7,123.2,5,89.4,12.8,15.9,16.1,16.0,18.6,7.24,Stable,1.0
STU1336,5,13.0,6,9,126.0,5,92.0,13.9,15.2,13.6,14.6,10.4,6.95,Declining,0.0
STU1337,6,12.6,7,8,121.7,5,76.2,17.1,15.0,14.5,16.0,17.5,5.83,Declining,1.0
STU1338,5,12.8,5,5,142.8,3,76.1,10.4,4.6,15.2,12.8,12.5,5.6,Declining,1.0
STU1339,5,11.5,6,14,120.0,6,65.5,15.8,18.6,18.0,18.3,14.9,7.36,Stable,0.0
STU1340,7,11.4,8,8,119.3,5,67.1,18.1,20.8,20.3,20.6,14.7,6.72,Stable,1.0
STU1341,6,12.333333333333334,6,6,121.0,1,83.5,14.9,12.8,16.3,15.6,12.0,,Improving,0.0
STU1342,5,12.8,6,7,139.4,2,74.9,15.0,14.6,19.7,17.4,10.8,6.17,Declining,1.0
STU1343,5,12.0,5,8,113.9,5,65.5,14.9,17.8,16.1,17.0,15.7,5.67,Declining,1.0
STU1344,5,13.0,6,8,124.6,2,53.0,11.9,17.3,15.3,16.3,10.2,5.93,Declining,0.0
STU1345,6,11.833333333333334,6,6,123.8,1,78.6,12.0,13.1,13.0,13.0,8.4,,Improving,0.0
STU1346,6,14.0,6,8,126.3,1,81.0,18.0,17.7,21.3,19.6,19.4,,Declining,0.0
STU1347,6,12.333333333333334,6,6,120.4,2,55.9,13.0,18.9,19.7,19.3,17.2,7.84,Declining,1.0
STU1348,5,13.04,7,10,120.5,4,59.4,10.6,12.4,6.0,11.5,9.8,4.76,Stable,1.0
STU1349,11,13.166666666666666,11,18,144.9,4,68.4,17.2,16.6,22.8,20.0,10.3,6.52,Stable,1.0
STU1350,6,12.5,6,7,139.9,2,70.7,20.0,15.2,14.6,17.6,20.4,6.39,Stable,1.0
STU1351,0,0.0,0,0,133.3,5,56.4,8.7,13.5,7.9,11.1,7.6,4.88,Stable,1.0
STU1352,7,15.657142857142857,8,8,126.0,2,72.6,14.7,7.2,11.4,13.0,18.9,5.62,Declining,1.0
STU1353,6,12.166666666666666,6,6,133.5,2,73.4,7.4,8.5,11.6,10.0,7.4,5.65,Declining,0.0
STU1354,0,0.0,6,0,127.9,2,57.1,5.9,7.3,10.1,8.7,6.3,3.67,Declining,1.0
STU1355,5,10.6,6,11,105.9,6,83.7,25.9,27.5,24.4,26.7,22.1,7.27,Stable,0.0
STU1356,6,13.428571428571429,6,10,124.3,8,70.5,12.3,8.4,11.5,11.9,11.4,6.99,Declining,0.0
STU1357,4,11.75,6,8,102.5,4,93.0,11.2,13.2,16.1,14.6,24.1,5.27,Stable,1.0
STU1358,0,0.0,5,10,97.0,1,46.9,4.4,8.5,12.2,10.4,4.0,,Improving,0.0
STU1359,0,0.0,0,0,134.7,2,45.9,4.7,7.4,5.4,6.4,9.8,2.91,Stable,1.0
STU1360,0,0.0,5,0,113.8,1,43.5,2.5,1.4,5.9,4.2,1.9,,Improving,0.0
STU1361,1,13.0,5,9,116.9,6,64.5,17.2,18.9,6.9,18.0,20.3,6.6,Stable,0.0
STU1362,7,13.331428571428573,8,8,124.0,1,60.4,19.8,11.1,15.4,17.6,7.5,,Declining,1.0
STU1363,0,0.0,6,0,117.5,8,54.7,7.6,2.2,7.9,7.8,11.0,2.83,Improving,0.0
STU1364,0,0.0,0,0,154.8,4,43.6,11.6,5.5,15.7,13.6,8.9,4.37,Stable,1.0
STU1365,6,13.7,7,7,141.0,4,73.7,19.5,19.8,16.5,19.6,16.9,6.92,Declining,1.0
STU1366,0,0.0,5,5,120.0,6,43.6,12.8,13.2,22.9,18.0,14.1,3.72,Improving,0.0
STU1367,9,13.454545454545457,9,12,133.6,1,66.7,20.1,23.8,20.6,22.2,20.1,,Improving,0.0
STU1368,7,12.2,8,8,122.0,6,81.6,27.8,30.0,17.9,28.9,21.4,7.65,Improving,0.0
STU1369,3,10.0,5,8,120.0,1,91.8,20.2,18.2,24.6,22.4,8.3,,Improving,0.0
STU1370,5,13.0,6,7,114.2,6,64.0,13.8,15.9,12.5,14.8,20.9,6.81,Declining,0.0
STU1371,6,12.0,6,11,95.5,4,60.6,13.3,15.6,15.0,15.3,11.8,3.0,Stable,0.0
STU1372,7,15.028571428571428,8,8,120.0,1,70.4,21.5,20.4,17.3,21.0,17.1,,Stable,0.0
STU1373,6,12.0,6,8,111.1,6,63.0,23.0,27.8,14.2,25.4,20.4,5.94,Improving,0.0
STU1374,5,12.0,6,8,128.6,1,57.6,6.9,17.1,17.8,17.5,16.5,,Improving,1.0
STU1375,3,13.666666666666666,7,7,130.0,1,78.2,17.3,15.7,16.6,17.0,13.3,,Improving,0.0
STU1376,0,0.0,0,0,111.1,6,50.5,2.8,8.5,15.8,12.2,7.3,2.64,Improving,1.0
STU1377,5,12.0,5,6,122.7,3,92.1,17.7,18.6,14.0,18.2,15.4,6.23,Declining,0.0
STU1378,0,0.0,0,0,134.4,7,60.0,5.6,7.1,1.5,6.4,0.9,3.46,Stable,0.0
STU1379,1,14.0,6,6,131.0,5,62.2,17.2,19.5,16.3,18.4,20.1,4.74,Improving,0.0
STU1380,0,0.0,6,6,125.0,5,57.1,3.0,4.5,22.8,13.6,8.0,3.51,Improving,1.0
STU1381,7,12.375,7,8,106.0,2,67.3,20.4,8.8,22.6,21.5,11.3,5.68,Stable,1.0
STU1382,0,0.0,7,0,128.0,1,59.2,4.9,11.2,10.0,10.6,6.4,,Improving,0.0
STU1383,18,11.421052631578949,18,21,120.0,8,60.4,18.1,14.3,22.1,20.1,15.7,7.4,Declining,0.0
STU1384,6,13.35,7,7,134.8,1,60.1,23.9,22.4,18.2,23.2,22.2,,Improving,0.0
STU1385,6,15.0,6,6,112.0,4,60.3,10.3,9.8,26.2,18.2,16.7,4.76,Improving,0.0
STU1386,2,10.5,5,9,116.1,2,72.3,13.7,9.7,16.5,15.1,9.6,4.82,Stable,0.0
STU1387,0,0.0,6,0,120.0,2,70.2,8.5,9.1,12.3,10.7,6.6,4.38,Stable,1.0
STU1388,5,13.25,5,8,119.7,4,78.9,13.3,14.9,19.7,17.3,12.2,5.04,Improving,0.0
STU1389,0,0.0,5,10,117.1,6,60.1,15.3,8.8,4.4,12.0,6.4,3.17,Stable,0.0
STU1390,4,11.5,5,7,112.4,6,63.4,11.3,12.5,9.5,11.9,4.4,5.06,Declining,1.0
STU1391,8,13.88125,8,8,131.0,7,78.7,13.0,14.7,16.0,15.4,13.7,6.74,Stable,0.0
STU1392,6,11.333333333333334,6,8,130.9,2,65.8,25.8,26.1,27.4,26.8,25.2,4.88,Improving,0.0
STU1393,0,0.0,0,0,134.9,3,36.9,3.6,3.2,0.7,3.4,2.9,2.91,Stable,1.0
STU1394,6,12.857142857142858,6,7,127.1,1,77.3,9.7,5.1,15.6,12.6,7.8,,Declining,0.0
STU1395,5,11.6,6,6,110.2,6,51.9,6.1,8.3,9.8,9.0,3.4,4.39,Declining,1.0
STU1396,5,11.4,6,9,108.7,2,74.4,12.2,10.5,10.5,11.4,12.4,7.02,Declining,0.0
STU1397,6,13.333333333333334,6,11,138.0,4,76.4,10.0,10.2,15.1,12.6,11.2,7.68,Declining,1.0
STU1398,7,13.571428571428571,7,7,147.7,2,76.3,15.3,12.0,20.6,18.0,14.9,6.09,Declining,1.0
STU1399,6,11.833333333333334,7,13,123.0,6,80.8,15.5,12.7,10.8,14.1,14.6,6.33,Improving,0.0
STU1400,7,14.428571428571429,7,7,142.8,6,77.2,19.3,15.1,24.1,21.7,17.0,4.32,Improving,0.0
STU1401,0,0.0,0,0,138.3,7,62.3,11.6,13.3,14.5,13.9,15.8,3.69,Improving,0.0
STU1402,6,12.285714285714286,6,8,125.2,1,65.6,16.7,10.2,18.0,17.4,14.6,,Improving,0.0
STU1403,5,14.4,5,7,141.8,8,74.1,12.5,17.1,18.0,17.6,15.9,5.12,Improving,0.0
STU1404,7,13.15,7,8,130.6,2,65.5,18.7,21.6,13.8,20.2,11.7,7.12,Stable,0.0
STU1405,0,0.0,5,6,130.0,2,51.2,10.4,5.0,4.9,7.7,10.0,3.81,Stable,0.0
STU1406,0,0.0,5,5,100.0,2,78.7,7.5,2.9,9.7,8.6,3.3,2.85,Improving,0.0
STU1407,7,12.342857142857143,8,8,119.0,2,73.5,17.3,18.7,15.6,18.0,16.8,4.82,Improving,0.0
STU1408,5,12.2,6,6,124.3,4,76.6,10.7,17.9,18.4,18.2,9.0,5.62,Stable,1.0
STU1409,4,10.5,6,10,122.2,2,61.2,17.4,6.8,11.1,14.2,18.8,4.7,Stable,0.0
STU1410,5,10.6,5,5,150.0,3,81.9,23.5,26.8,23.3,25.2,13.2,5.19,Improving,0.0
STU1411,0,0.0,6,6,135.5,5,60.9,6.5,11.3,11.0,11.2,12.9,2.24,Improving,1.0
STU1412,4,11.25,6,8,127.3,6,84.3,16.3,12.6,12.2,14.4,15.7,6.77,Stable,0.0
STU1413,6,10.5,9,11,127.0,5,65.0,9.8,13.4,13.3,13.4,3.5,5.51,Stable,0.0
STU1414,4,11.0,6,11,126.9,4,82.7,14.7,13.2,10.9,14.0,20.9,5.74,Declining,1.0
STU1415,7,13.457142857142856,7,7,127.5,1,89.5,17.7,17.0,12.3,17.4,18.5,,Declining,0.0
STU1416,5,12.6,5,6,122.0,6,69.5,15.4,16.1,13.2,15.8,5.5,5.13,Stable,0.0
STU1417,0,0.0,6,0,115.8,1,61.5,11.3,16.0,26.3,21.2,10.6,,Improving,0.0
STU1418,6,13.666666666666666,6,6,121.6,2,83.8,22.0,23.9,25.3,24.6,22.9,6.03,Improving,0.0
STU1419,5,11.6,5,5,116.4,1,64.3,17.5,21.8,25.7,23.8,24.3,,Improving,0.0
STU1420,6,12.571428571428571,6,9,120.0,5,64.3,11.3,15.9,19.5,17.7,11.4,6.1,Stable,0.0
STU1421,5,11.8,6,7,127.3,3,68.6,11.8,12.5,16.6,14.6,1.7,6.97,Declining,1.0
STU1422,5,11.6,5,5,123.5,5,52.9,11.3,25.9,21.3,23.6,22.3,6.17,Stable,1.0
STU1423,6,11.333333333333334,6,8,125.6,3,78.8,14.5,19.5,15.1,17.3,17.6,6.31,Declining,1.0
STU1424,6,10.666666666666666,6,6,118.5,3,65.3,24.3,25.7,23.8,25.0,14.1,5.15,Improving,1.0
STU1425,4,13.5,5,10,129.5,3,67.7,23.8,18.1,25.1,24.5,20.0,5.7,Improving,0.0
STU1426,0,0.0,0,0,134.6,1,50.1,7.5,2.0,9.9,8.7,5.4,,Improving,0.0
STU1427,6,13.333333333333334,6,9,140.0,3,76.8,18.7,11.7,25.4,22.0,13.4,6.09,Improving,0.0
STU1428,5,13.4,6,9,133.2,5,72.6,12.0,8.8,18.6,15.3,7.7,6.73,Declining,1.0
STU1429,3,10.2,6,8,133.5,4,69.6,15.5,20.3,25.6,23.0,14.1,6.13,Declining,0.0
STU1430,5,13.0,6,6,117.9,1,72.6,13.0,15.8,17.0,16.4,12.6,,Stable,0.0
STU1431,7,12.90857142857143,8,11,128.0,5,67.2,22.0,20.0,29.1,25.6,20.1,7.2,Improving,1.0
STU1432,4,12.0,6,12,113.2,2,57.7,4.6,5.5,14.3,9.9,8.3,5.52,Stable,0.0
STU1433,6,10.833333333333334,6,9,122.0,1,75.4,13.6,14.3,13.1,14.0,4.7,,Stable,1.0
STU1434,6,15.333333333333334,6,6,156.9,1,51.5,11.1,14.9,11.0,13.0,13.4,,Declining,0.0
STU1435,6,12.816666666666668,7,9,125.1,4,70.4,15.7,11.5,13.7,14.7,14.7,6.74,Stable,1.0
STU1436,6,13.0,7,7,100.0,2,64.7,16.6,18.5,12.9,17.6,16.5,6.86,Declining,1.0
STU1437,2,13.5,6,11,160.0,5,74.9,19.4,17.0,18.1,18.8,15.0,5.92,Improving,1.0
STU1438,6,12.5,6,7,101.0,2,44.3,6.9,1.5,2.7,4.8,9.1,3.87,Stable,0.0
STU1439,6,13.0,6,7,121.5,6,61.9,15.6,19.5,22.2,20.8,20.6,6.31,Improving,0.0
STU1440,4,11.75,5,6,126.8,2,72.7,13.8,13.2,18.4,16.1,11.7,6.57,Declining,0.0
STU1441,4,12.5,5,5,132.9,5,77.6,14.3,12.2,15.9,15.1,11.9,4.14,Improving,0.0
STU1442,17,11.61111111111111,17,19,134.3,6,81.7,23.7,25.2,18.0,24.4,25.2,5.54,Improving,0.0
STU1443,6,14.0,6,6,120.5,3,56.1,14.0,16.6,12.1,15.3,18.6,7.05,Declining,0.0
STU1444,0,0.0,6,8,144.1,1,57.6,7.6,9.5,1.4,8.6,4.9,,Stable,1.0
STU1445,5,13.8,5,5,100.0,4,76.9,12.7,8.8,22.7,17.7,6.4,5.57,Declining,1.0
STU1446,0,0.0,5,6,114.8,8,44.1,10.0,10.7,2.9,10.4,9.6,4.43,Declining,1.0
STU1447,0,0.0,0,0,111.9,8,61.8,5.5,17.5,6.4,12.0,6.4,3.18,Stable,1.0
STU1448,4,12.25,5,9,125.4,2,75.4,13.7,9.1,24.5,19.1,4.3,5.72,Declining,0.0
STU1449,3,11.5,6,12,140.0,6,64.9,16.1,14.8,18.2,17.2,11.0,4.52,Declining,1.0
STU1450,6,12.571428571428571,7,9,140.0,3,94.4,12.7,13.3,16.9,15.1,13.9,7.52,Declining,1.0
STU1451,6,12.0,6,9,127.8,2,65.8,8.1,18.4,17.5,18.0,18.4,7.62,Declining,0.0
STU1452,11,12.0,12,17,131.6,5,80.0,23.6,27.7,27.0,27.4,20.5,6.1,Improving,0.0
STU1453,0,0.0,0,0,119.4,4,46.9,0.4,8.1,7.4,7.8,3.3,3.99,Stable,1.0
STU1454,6,12.0,7,9,129.9,4,74.2,13.3,9.9,8.6,11.6,11.6,6.07,Declining,1.0
STU1455,4,11.6,5,9,114.0,6,81.4,14.0,11.4,21.0,17.5,10.0,6.16,Declining,0.0
STU1456,0,0.0,5,5,113.4,3,47.9,3.5,8.4,9.2,8.8,2.3,1.92,Improving,0.0
STU1457,5,12.0,5,9,117.8,5,77.7,15.5,10.5,25.0,20.2,14.3,9.17,Declining,0.0
STU1458,6,13.976666666666668,7,8,114.3,3,63.8,18.6,11.8,12.1,15.4,9.7,4.53,Improving,0.0
STU1459,4,12.5,6,10,129.7,1,66.9,19.1,17.0,17.4,18.2,14.2,,Stable,0.0
STU1460,0,0.0,5,5,112.0,3,64.3,9.8,10.0,11.1,10.6,7.5,3.05,Stable,1.0
STU1461,4,10.5,6,15,140.0,8,67.9,13.6,14.7,13.4,14.2,14.7,7.21,Declining,0.0
STU1462,5,12.857142857142858,6,8,150.0,4,48.5,23.6,21.5,8.6,22.6,14.3,6.68,Stable,0.0
STU1463,3,11.666666666666666,5,7,122.4,1,80.8,3.5,9.6,13.0,11.3,6.2,,Stable,0.0
STU1464,2,13.0,5,7,150.0,5,66.0,9.7,6.9,20.2,15.0,4.0,5.65,Declining,1.0
STU1465,6,11.833333333333334,6,8,135.0,8,72.8,24.8,26.0,21.6,25.4,20.2,5.24,Improving,0.0
STU1466,11,12.454545454545457,11,11,116.2,7,88.0,18.3,19.3,21.9,20.6,20.2,6.53,Stable,0.0
STU1467,3,11.0,5,6,120.4,4,61.1,11.4,16.3,15.3,15.8,12.0,5.38,Declining,1.0
STU1468,4,13.2,5,10,122.9,3,63.6,13.4,17.6,15.1,16.4,20.0,4.75,Stable,0.0
STU1469,6,15.5,6,6,155.0,4,60.2,17.6,15.0,18.5,18.0,14.7,5.85,Improving,0.0
STU1470,6,12.333333333333334,6,8,123.4,6,49.1,12.1,12.6,19.8,16.2,14.7,6.68,Stable,1.0
STU1471,5,12.0,5,13,124.2,7,68.8,10.6,4.8,10.4,10.5,10.9,6.76,Declining,0.0
STU1472,4,11.6,6,12,130.0,6,77.0,20.1,15.2,22.9,21.5,16.2,7.65,Declining,0.0
STU1473,6,11.333333333333334,6,7,126.2,3,72.6,17.2,14.3,11.7,15.8,9.5,3.84,Stable,1.0
STU1474,0,0.0,6,12,120.5,1,47.7,10.0,10.8,4.7,10.4,7.9,,Improving,0.0
STU1475,4,12.0,5,7,123.7,4,68.7,21.0,17.1,23.2,22.1,14.9,5.88,Stable,1.0
STU1476,4,12.0,5,11,122.5,1,51.9,15.0,11.4,10.2,13.2,10.1,,Stable,1.0
STU1477,2,12.5,5,11,139.2,1,82.2,14.0,18.5,19.3,18.9,16.4,,Improving,0.0
STU1478,12,13.666666666666666,12,12,131.2,4,72.0,22.3,25.9,30.0,28.0,15.9,5.77,Improving,0.0
STU1479,2,14.5,6,17,120.0,5,86.5,9.5,3.0,18.5,14.0,3.4,4.49,Stable,0.0
STU1480,4,13.2,6,10,116.7,7,76.5,19.6,14.4,16.8,18.2,12.3,6.11,Stable,0.0
STU1481,5,12.166666666666666,7,11,150.0,6,65.6,15.8,17.6,16.4,17.0,14.8,6.07,Stable,0.0
STU1482,4,11.25,6,10,117.5,7,69.6,12.7,13.1,15.5,14.3,9.4,6.4,Declining,1.0
STU1483,6,15.166666666666666,6,8,137.6,6,72.4,20.8,17.3,26.4,23.6,15.0,6.03,Improving,0.0
STU1484,6,11.166666666666666,6,8,124.3,5,74.8,16.0,15.1,12.8,15.6,14.9,5.6,Declining,1.0
STU1485,6,10.983333333333334,7,8,116.0,1,71.9,17.6,20.9,14.0,19.2,15.9,,Improving,0.0
STU1486,4,10.75,6,8,121.4,5,53.3,7.9,12.3,16.4,14.4,9.5,3.49,Stable,1.0
STU1487,11,13.384615384615383,12,15,142.8,1,65.1,19.4,15.5,13.9,17.4,12.7,,Declining,0.0
STU1488,6,11.285714285714286,6,8,96.0,1,64.2,6.5,8.7,7.1,7.9,4.1,,Stable,0.0
STU1489,0,0.0,6,13,125.0,1,68.4,5.5,7.7,8.2,8.0,13.3,,Improving,0.0
STU1490,4,13.0,5,7,126.1,6,71.9,14.6,9.3,16.4,15.5,8.9,5.6,Stable,0.0
STU1491,6,16.11111111111111,6,9,155.8,6,82.4,25.2,21.2,15.4,23.2,13.1,5.68,Improving,1.0
STU1492,6,11.5,6,8,116.0,8,78.2,12.8,10.2,17.1,15.0,12.2,7.11,Declining,0.0
STU1493,4,10.75,6,15,110.0,8,66.7,2.2,9.8,14.2,12.0,3.6,4.26,Stable,1.0
STU1494,4,11.6,6,10,97.2,7,54.9,15.8,20.4,11.7,18.1,16.5,3.72,Improving,1.0
STU1495,0,0.0,7,21,100.0,1,53.8,5.9,9.3,15.0,12.2,5.8,,Improving,0.0
STU1496,5,13.8,5,5,140.0,7,79.7,13.2,13.5,17.5,15.5,14.5,5.04,Stable,1.0
STU1497,7,13.585714285714284,7,8,128.0,6,79.0,15.1,18.8,14.5,17.0,15.6,7.45,Declining,0.0
STU1498,6,13.857142857142858,6,8,115.3,7,73.8,8.8,11.2,21.6,16.4,8.8,5.2,Improving,1.0
STU1499,5,12.0,6,12,150.0,1,70.8,25.5,19.5,19.0,22.5,24.5,,Improving,0.0
STU1500,6,13.444444444444445,6,9,160.0,1,68.7,15.0,13.1,17.7,16.4,4.9,,Stable,0.0
STU1501,6,14.0,6,6,133.1,7,70.0,7.8,8.0,12.8,10.4,3.4,5.69,Declining,1.0
STU1502,1,12.0,6,10,119.0,2,64.2,12.7,9.2,16.4,14.6,7.0,6.08,Declining,1.0
STU1503,5,14.2,5,5,156.0,3,90.6,25.4,24.1,21.8,24.8,16.5,6.8,Improving,0.0
STU1504,5,13.34,7,11,163.7,3,54.9,18.6,12.2,17.6,18.1,12.9,6.49,Stable,0.0
STU1505,7,12.457142857142856,8,12,130.0,1,71.4,11.4,10.7,15.4,13.4,8.7,,Stable,0.0
STU1506,3,11.0,6,12,123.1,1,68.8,10.0,8.6,12.6,11.3,12.8,,Improving,1.0
STU1507,4,10.5,5,13,160.0,8,50.5,6.4,1.5,15.6,11.0,3.9,4.2,Stable,0.0
STU1508,0,0.0,0,0,136.1,7,61.6,12.5,7.0,3.8,9.8,7.3,2.35,Stable,1.0
STU1509,13,14.0,13,13,132.7,7,78.5,22.9,25.1,25.5,25.3,21.3,8.1,Stable,1.0
STU1510,0,0.0,7,0,128.2,2,52.3,0.0,0.0,6.8,3.4,0.0,3.07,Declining,1.0
STU1511,0,0.0,1,1,126.7,2,71.8,7.4,15.4,9.2,12.3,12.9,3.69,Declining,0.0
STU1512,4,10.0,5,8,150.0,3,80.8,16.0,21.4,23.1,22.2,21.6,5.75,Improving,1.0
STU1513,0,0.0,0,0,156.3,3,66.2,7.4,6.3,3.9,6.8,1.9,3.9,Stable,1.0
STU1514,6,13.5,6,6,116.1,1,66.9,6.4,14.2,15.3,14.8,15.6,,Improving,1.0
STU1515,0,0.0,7,0,123.8,6,50.5,0.0,6.7,0.2,3.4,0.3,3.13,Stable,1.0
STU1516,17,13.38888888888889,17,18,153.0,8,99.6,25.8,21.2,22.0,23.9,19.0,8.24,Stable,1.0
STU1517,0,0.0,7,0,140.0,4,60.5,5.8,0.0,0.4,3.1,4.1,3.78,Declining,1.0
STU1518,12,13.583333333333334,12,12,131.9,3,74.5,23.0,25.7,22.8,24.4,24.7,9.44,Stable,0.0
STU1519,0,0.0,0,0,141.4,3,42.4,6.8,8.0,5.9,7.4,6.0,3.77,Declining,1.0
STU1520,0,0.0,5,5,140.0,1,57.1,5.4,9.3,14.8,12.0,4.7,,Improving,0.0
STU1521,1,10.0,5,9,115.0,2,59.2,6.5,5.5,11.1,8.8,9.9,4.2,Stable,1.0
STU1522,5,15.2,5,5,168.0,4,53.6,11.5,8.7,16.0,13.8,7.2,5.86,Declining,0.0
STU1523,4,12.8,6,12,101.3,3,71.0,17.7,14.2,11.1,16.0,14.0,6.35,Declining,1.0
STU1524,5,11.166666666666666,5,7,122.6,4,65.7,19.3,19.7,21.0,20.4,23.6,6.81,Stable,0.0
STU1525,0,0.0,0,0,141.7,6,59.4,0.4,3.7,14.1,8.9,0.0,2.67,Declining,0.0
STU1526,7,12.828571428571427,8,9,132.3,2,80.7,17.5,14.3,23.9,20.7,13.5,8.04,Declining,1.0
STU1527,6,12.5,6,6,111.7,1,69.0,20.6,14.9,13.6,17.8,20.2,,Improving,0.0
STU1528,3,10.0,5,12,98.7,1,69.4,18.7,16.3,13.1,17.5,17.1,,Improving,1.0
STU1529,6,11.5,6,6,140.0,1,58.6,17.9,11.5,14.7,16.3,16.1,,Improving,0.0
STU1530,7,11.328571428571427,8,11,140.0,4,70.2,13.5,17.2,15.9,16.6,9.8,7.58,Declining,1.0
STU1531,2,13.0,6,15,100.7,6,64.4,19.3,14.0,28.9,24.1,16.2,6.16,Improving,0.0
STU1532,6,13.033333333333331,7,7,133.8,7,83.7,16.8,16.0,16.6,16.7,14.3,5.32,Stable,1.0
STU1533,6,12.166666666666666,6,8,100.0,5,69.7,20.1,30.0,20.6,25.3,30.0,5.12,Improving,0.0
STU1534,4,14.5,5,6,180.0,3,84.7,19.2,15.3,15.9,17.6,18.8,5.12,Improving,0.0
STU1535,5,14.4,5,7,130.8,1,96.7,15.4,13.4,22.0,18.7,14.4,,Declining,1.0
STU1536,4,12.25,6,10,140.0,3,60.6,15.2,18.1,22.6,20.4,16.0,5.54,Improving,0.0
STU1537,0,0.0,7,14,106.2,3,35.0,10.5,5.1,9.7,10.1,6.7,2.77,Declining,1.0
STU1538,6,12.666666666666666,6,6,125.6,7,74.1,11.3,15.5,13.2,14.4,14.7,4.7,Improving,1.0
STU1539,2,12.0,6,14,117.5,4,60.8,9.9,15.4,8.7,12.6,8.3,6.23,Declining,0.0
STU1540,0,0.0,5,6,122.5,2,52.6,2.3,7.9,15.4,11.6,10.1,5.9,Declining,1.0
STU1541,3,11.666666666666666,5,5,132.9,2,62.8,16.2,3.5,14.1,15.2,4.4,6.99,Declining,1.0
STU1542,0,0.0,6,0,103.0,1,52.2,7.2,9.4,8.3,8.9,7.9,,Improving,0.0
STU1543,1,10.0,5,12,107.0,7,76.5,7.6,4.5,1.3,6.0,3.1,6.62,Declining,1.0
STU1544,0,0.0,7,8,100.0,1,53.5,2.7,9.1,6.2,7.6,5.0,,Improving,1.0
STU1545,4,12.25,6,11,100.0,1,84.2,16.6,18.3,16.9,17.6,19.8,,Stable,0.0
STU1546,4,12.0,6,10,131.3,2,73.4,11.5,13.4,7.3,12.4,5.4,6.65,Declining,1.0
STU1547,5,12.6,6,7,122.2,6,60.6,10.6,9.5,17.3,14.0,8.6,5.53,Declining,0.0
STU1548,0,0.0,5,5,118.4,4,48.5,0.0,10.3,4.0,7.2,0.0,1.52,Stable,1.0
STU1549,0,0.0,5,5,100.0,5,59.6,11.2,11.1,18.3,14.8,8.2,3.03,Improving,1.0
STU1550,0,0.0,8,8,110.0,3,62.3,5.7,16.7,16.0,16.4,4.1,3.3,Stable,0.0
STU1551,16,12.6875,16,16,100.0,1,77.6,9.1,9.6,11.2,10.4,9.8,,Stable,0.0
STU1552,10,10.4,13,22,106.2,7,64.3,2.2,8.0,18.6,13.3,4.2,6.28,Declining,1.0
STU1553,14,10.466666666666669,15,26,110.0,2,71.5,18.8,15.4,25.0,21.9,18.3,7.17,Stable,0.0
STU1554,5,14.333333333333334,5,10,122.3,1,75.9,17.2,23.1,16.1,20.2,22.7,,Improving,0.0
STU1555,6,14.666666666666666,7,7,112.5,4,63.3,13.5,16.9,10.9,15.2,13.8,5.67,Improving,0.0
STU1556,7,12.835714285714284,7,7,98.1,1,56.8,16.4,20.6,6.9,18.5,19.8,,Improving,0.0
STU1557,0,0.0,5,5,140.2,1,46.0,8.4,8.7,10.0,9.4,12.1,,Improving,1.0
STU1558,0,0.0,5,9,143.6,6,57.2,9.1,8.7,6.3,8.9,4.5,5.31,Declining,1.0
STU1559,0,0.0,0,0,134.6,4,64.7,6.8,8.5,12.0,10.2,12.2,2.61,Improving,1.0
STU1560,8,13.24875,8,8,126.8,2,83.9,14.2,17.9,15.6,16.8,14.9,6.69,Declining,1.0
STU1561,7,12.857142857142858,7,10,100.0,3,56.0,15.2,18.7,13.2,17.0,11.7,5.62,Stable,0.0
STU1562,5,13.6,6,12,130.0,5,67.2,21.8,21.4,17.5,21.6,20.5,5.62,Improving,0.0
STU1563,3,14.0,5,6,113.6,1,63.4,12.1,5.5,7.7,9.9,8.2,,Declining,1.0
STU1564,3,12.0,6,11,140.0,1,72.8,18.2,19.2,13.8,18.7,11.2,,Improving,0.0
STU1565,6,13.166666666666666,6,9,106.0,5,61.6,13.9,8.8,11.0,12.4,6.4,4.14,Improving,1.0
STU1566,6,13.625,6,8,126.6,4,66.0,16.0,15.3,17.0,16.5,20.4,5.7,Stable,0.0
STU1567,7,14.85,7,8,130.7,8,57.3,24.6,24.7,20.5,24.6,22.6,7.35,Stable,0.0
STU1568,4,10.75,5,9,105.9,3,71.3,19.6,13.0,11.3,16.3,20.0,4.28,Stable,1.0
STU1569,0,0.0,7,11,137.0,1,57.2,14.9,19.4,18.1,18.8,13.0,,Improving,1.0
STU1570,0,0.0,6,0,100.0,4,46.1,0.7,10.8,5.9,8.4,1.8,3.24,Declining,1.0
STU1571,12,14.0,12,14,114.4,5,72.8,26.7,23.9,29.2,28.0,16.4,7.02,Stable,0.0
STU1572,0,0.0,6,8,120.0,1,63.6,4.5,8.2,8.6,8.4,8.9,,Improving,1.0
STU1573,0,0.0,5,5,119.0,4,46.5,5.1,14.0,9.6,11.8,9.7,2.91,Improving,0.0
STU1574,5,13.0,6,17,110.0,2,62.0,5.1,12.2,12.3,12.2,7.4,6.21,Declining,0.0
STU1575,8,12.375,8,12,120.0,6,77.2,13.5,10.3,17.2,15.4,8.0,5.19,Declining,1.0
STU1576,0,0.0,0,0,119.8,6,52.7,0.0,0.0,5.2,2.6,4.2,3.76,Declining,1.0
STU1577,5,11.4,6,10,135.6,3,76.4,16.4,16.3,21.4,18.9,14.3,6.77,Stable,0.0
STU1578,4,11.25,5,9,120.7,8,75.8,10.8,15.2,24.4,19.8,12.0,4.86,Improving,0.0
STU1579,3,13.0,5,7,136.3,8,61.9,17.5,19.0,11.5,18.2,13.5,5.65,Stable,1.0
STU1580,0,0.0,0,0,164.3,1,56.5,10.7,0.7,12.9,11.8,3.6,,Improving,1.0
STU1581,6,13.5,6,6,149.2,3,86.3,29.2,24.2,26.9,28.0,26.1,7.93,Improving,1.0
STU1582,1,11.0,6,11,122.5,4,76.2,7.7,5.0,14.6,11.2,1.2,5.69,Declining,1.0
STU1583,0,0.0,5,9,100.0,1,64.3,12.0,11.4,7.8,11.7,9.9,,Improving,1.0
STU1584,5,12.0,6,9,125.0,3,56.5,5.3,0.0,10.1,7.7,7.1,5.47,Declining,1.0
STU1585,5,13.0,6,8,131.0,2,82.8,15.9,12.4,14.4,15.2,12.9,5.67,Stable,0.0
STU1586,0,0.0,0,0,122.0,8,48.8,1.3,3.7,3.0,3.4,5.9,2.74,Stable,0.0
STU1587,4,12.0,5,8,131.3,3,54.0,7.3,7.2,6.9,7.2,11.7,3.58,Stable,0.0
STU1588,5,11.166666666666666,5,10,117.0,6,70.5,13.4,10.5,16.3,14.8,14.9,6.9,Declining,0.0
STU1589,2,10.5,6,13,118.0,3,69.7,6.1,9.1,7.9,8.5,5.2,3.73,Improving,0.0
STU1590,6,12.666666666666666,6,7,126.0,1,74.4,8.9,9.5,16.9,13.2,9.1,,Improving,0.0
STU1591,1,11.0,6,6,120.0,7,58.5,7.2,5.3,10.8,9.0,7.2,4.3,Stable,1.0
STU1592,0,0.0,0,0,155.6,1,59.6,4.5,11.9,8.3,10.1,5.0,,Improving,1.0
STU1593,4,11.5,5,6,122.8,1,69.2,18.2,17.9,15.8,18.0,14.2,,Improving,1.0
STU1594,0,0.0,0,0,127.3,3,46.9,5.3,5.2,7.0,6.2,2.1,0.18,Improving,0.0
STU1595,2,10.5,5,10,118.4,5,61.1,17.9,12.6,15.0,16.4,23.1,5.43,Improving,1.0
STU1596,4,12.5,5,8,128.1,3,75.6,9.3,8.5,19.3,14.3,8.2,6.37,Declining,1.0
STU1597,6,12.833333333333334,7,9,99.0,1,69.5,12.8,17.3,14.9,16.1,18.0,,Improving,0.0
STU1598,6,15.571428571428571,6,7,161.2,2,66.0,22.3,19.1,23.8,23.0,16.0,7.52,Stable,1.0
STU1599,4,12.0,6,10,140.9,2,84.5,19.9,21.3,15.4,20.6,25.4,6.3,Stable,1.0
STU1600,4,11.25,6,6,111.1,1,58.9,6.9,7.5,15.0,11.2,5.5,,Stable,0.0
STU1601,0,0.0,0,0,149.9,4,71.1,10.7,18.6,8.8,14.6,12.6,5.12,Improving,0.0
STU1602,6,12.285714285714286,6,10,111.3,1,61.3,14.5,15.3,14.2,14.9,7.4,,Stable,0.0
STU1603,5,11.0,6,12,121.5,2,71.8,13.2,11.4,12.2,12.7,16.2,6.08,Declining,1.0
STU1604,6,12.142857142857142,6,8,120.0,5,58.4,13.4,13.3,8.7,13.4,16.9,4.93,Improving,1.0
STU1605,2,11.5,6,11,120.0,5,57.2,12.2,15.5,12.7,14.1,8.2,6.88,Declining,0.0
STU1606,11,12.545454545454543,12,16,130.0,2,75.3,17.9,15.5,28.2,23.0,20.6,7.68,Stable,0.0
STU1607,4,13.0,6,10,98.9,3,85.9,12.1,8.1,12.5,12.3,4.9,5.08,Declining,1.0
STU1608,8,12.8875,8,9,136.3,2,75.6,12.5,15.2,8.1,13.8,15.8,6.09,Stable,0.0
STU1609,6,12.666666666666666,6,6,125.2,8,63.2,13.0,16.1,18.5,17.3,12.6,4.86,Improving,1.0
STU1610,6,12.833333333333334,6,7,130.0,2,53.9,19.3,12.0,12.3,15.8,19.2,5.52,Stable,0.0
STU1611,3,10.666666666666666,5,10,141.5,2,54.5,15.5,13.2,20.5,18.0,14.2,7.33,Declining,1.0
STU1612,5,13.0,5,11,123.9,3,65.0,18.4,12.6,15.2,16.8,17.6,5.71,Stable,0.0
STU1613,6,11.983333333333334,7,11,114.5,2,63.7,16.3,9.6,14.9,15.6,16.6,4.58,Improving,1.0
STU1614,0,0.0,5,9,100.0,1,50.7,1.9,1.8,11.4,6.6,0.5,,Improving,0.0
STU1615,6,11.833333333333334,6,6,110.5,1,45.9,5.4,11.5,16.1,13.8,8.3,,Improving,1.0
STU1616,3,12.666666666666666,6,21,101.0,5,68.5,10.2,15.8,10.2,13.0,8.2,6.28,Declining,1.0
STU1617,4,13.75,5,9,121.0,5,91.3,18.6,20.8,18.1,19.7,17.8,7.45,Stable,0.0
STU1618,5,11.4,6,8,95.0,5,74.3,5.3,5.8,1.6,5.6,12.4,5.65,Declining,1.0
STU1619,6,13.166666666666666,6,8,126.9,6,56.1,20.4,22.6,30.0,26.3,22.2,5.52,Improving,0.0
STU1620,6,12.833333333333334,7,10,116.3,3,60.4,17.2,16.5,12.6,16.8,11.2,4.48,Stable,0.0
STU1621,6,14.125,6,8,120.0,7,66.8,26.3,20.4,26.9,26.6,26.9,7.39,Improving,0.0
STU1622,3,11.666666666666666,5,10,123.6,5,69.8,10.4,8.8,12.2,11.3,10.8,3.85,Stable,0.0
STU1623,6,10.25,7,18,150.0,6,62.9,23.4,17.9,15.4,20.6,21.8,6.31,Stable,1.0
STU1624,6,12.514285714285716,7,16,120.0,5,90.3,24.1,27.9,22.5,26.0,25.1,7.36,Stable,0.0
STU1625,10,11.5,13,17,111.3,3,72.2,14.5,18.0,16.5,17.2,16.7,4.17,Improving,0.0
STU1626,1,10.0,5,5,150.0,2,71.1,17.7,13.2,21.7,19.7,7.0,6.26,Stable,1.0
STU1627,6,15.714285714285714,6,7,123.2,3,79.4,16.8,16.8,19.3,18.0,18.9,3.8,Improving,0.0
STU1628,4,12.5,6,9,130.0,1,76.3,18.0,15.1,17.3,17.6,7.4,,Declining,1.0
STU1629,3,12.0,5,6,137.9,3,75.0,14.7,14.2,10.7,14.4,17.3,5.12,Stable,1.0
STU1630,0,0.0,5,11,100.0,1,49.9,4.1,6.4,2.9,5.2,5.1,,Stable,1.0
STU1631,4,12.25,5,9,120.0,1,52.1,1.3,11.0,1.2,6.2,9.5,,Stable,0.0
STU1632,0,0.0,4,5,131.0,8,46.6,4.3,6.6,5.5,6.0,5.0,4.2,Stable,0.0
STU1633,5,13.6,5,5,133.8,5,92.6,13.2,16.5,17.9,17.2,18.0,6.39,Stable,0.0
STU1634,13,13.307692307692308,13,14,100.0,4,79.3,12.0,13.0,12.3,12.6,12.3,5.97,Declining,1.0
STU1635,5,12.2,5,6,150.0,3,75.9,18.3,11.6,12.6,15.4,15.1,5.22,Stable,0.0
STU1636,6,12.285714285714286,6,7,126.4,4,66.3,11.3,12.8,17.9,15.4,13.6,6.84,Declining,1.0
STU1637,3,12.0,5,12,154.0,7,72.7,14.7,17.7,12.2,16.2,21.3,6.92,Stable,0.0
STU1638,6,13.342857142857143,7,9,114.9,5,62.5,19.2,20.0,19.3,19.6,20.3,5.95,Improving,0.0
STU1639,0,0.0,5,5,110.0,4,39.3,3.1,0.0,4.4,3.8,0.0,2.88,Declining,1.0
STU1640,11,14.272727272727272,12,12,149.8,3,72.1,18.4,11.4,21.0,19.7,12.3,5.99,Stable,0.0
STU1641,7,12.1375,7,9,117.9,3,82.5,6.5,7.5,9.7,8.6,9.2,6.18,Declining,0.0
STU1642,6,14.166666666666666,6,7,165.8,5,95.4,22.5,25.2,20.7,23.8,26.6,7.96,Stable,0.0
STU1643,7,13.528571428571428,7,7,127.6,8,59.5,11.5,13.9,4.9,12.7,8.7,4.51,Stable,0.0
STU1644,5,12.0,6,8,123.8,3,66.2,16.9,18.3,18.4,18.4,24.5,5.68,Stable,1.0
STU1645,5,11.4,5,5,126.1,3,48.9,12.9,9.5,13.6,13.2,10.8,4.08,Stable,1.0
STU1646,0,0.0,0,0,119.7,3,55.1,2.7,1.9,5.9,4.3,3.6,3.3,Stable,1.0
STU1647,12,12.916666666666666,12,12,121.6,3,75.6,10.5,4.9,25.1,17.8,3.7,7.41,Declining,0.0
STU1648,7,13.6375,7,8,100.0,8,82.1,21.4,19.7,21.5,21.4,22.9,6.66,Stable,0.0
STU1649,7,12.9,7,10,127.6,5,79.7,18.3,8.1,16.4,17.4,10.8,7.27,Declining,1.0
STU1650,7,14.36,8,8,132.5,3,69.7,13.1,20.1,20.2,20.2,12.7,5.45,Stable,1.0
STU1651,7,14.514285714285714,8,8,124.3,3,76.6,17.1,20.3,28.4,24.4,15.9,4.04,Improving,0.0
STU1652,7,14.7,8,8,131.0,3,73.0,25.2,23.4,24.8,25.0,27.4,9.61,Declining,1.0
STU1653,5,15.2,5,5,120.0,1,79.6,22.0,15.0,9.9,18.5,18.8,,Stable,0.0
STU1654,7,13.0,7,7,113.3,4,65.0,11.8,13.1,17.9,15.5,8.5,6.51,Declining,1.0
STU1655,6,13.5,6,6,121.9,6,75.0,8.7,15.5,12.1,13.8,9.8,5.29,Stable,0.0
STU1656,5,12.333333333333334,5,11,118.3,5,67.0,5.2,9.3,3.0,7.2,12.3,3.7,Stable,1.0
STU1657,5,13.4,5,6,118.8,2,72.9,14.5,18.5,26.0,22.2,14.5,6.36,Stable,0.0
STU1658,4,11.75,5,7,129.0,5,69.8,16.3,13.1,20.8,18.6,14.9,2.99,Improving,0.0
STU1659,0,0.0,0,0,143.3,5,45.1,5.2,1.4,4.8,5.0,6.3,4.04,Stable,1.0
STU1660,0,0.0,0,0,152.5,2,48.1,4.8,4.8,4.7,4.8,0.0,4.97,Declining,1.0
STU1661,11,14.727272727272728,12,17,155.7,5,85.8,22.5,14.4,26.1,24.3,23.1,8.99,Declining,1.0
STU1662,6,16.571428571428573,6,7,153.9,5,60.5,14.3,23.1,15.2,19.2,14.2,6.63,Declining,0.0
STU1663,7,15.145,7,10,137.8,6,71.4,17.4,17.2,19.0,18.2,14.9,8.2,Declining,1.0
STU1664,7,13.44285714285714,7,7,143.3,1,77.8,15.6,18.0,18.6,18.3,22.2,,Stable,0.0
STU1665,5,14.166666666666666,5,8,123.2,2,88.4,22.8,20.8,19.9,21.8,25.3,5.14,Improving,0.0
STU1666,6,14.0,6,7,138.1,4,72.3,14.5,9.7,10.0,12.2,13.4,5.9,Declining,1.0
STU1667,6,11.333333333333334,6,9,140.5,1,81.3,26.1,29.2,25.5,27.6,27.0,,Improving,0.0
STU1668,8,13.76125,8,8,130.0,3,76.6,11.8,10.1,22.7,17.2,14.6,6.18,Stable,1.0
STU1669,5,11.6,7,9,104.8,6,63.9,20.4,20.7,17.7,20.5,23.5,7.37,Declining,0.0
STU1670,4,12.75,6,7,132.5,1,69.3,19.2,18.2,17.2,18.7,22.4,,Improving,0.0
STU1671,4,12.5,5,12,127.7,3,76.3,12.6,12.9,19.0,16.0,12.5,5.47,Declining,1.0
STU1672,6,15.307692307692308,6,13,136.5,8,79.5,12.1,10.8,15.3,13.7,8.2,4.72,Stable,0.0
STU1673,5,13.285714285714286,6,12,130.0,4,71.0,11.9,10.7,24.6,18.2,10.2,6.51,Declining,0.0
STU1674,7,14.757142857142856,7,7,190.0,4,66.7,17.3,13.4,15.6,16.4,15.8,8.74,Declining,0.0
STU1675,6,12.766666666666666,7,7,128.5,4,55.3,14.9,18.1,21.6,19.8,15.0,4.56,Improving,0.0
STU1676,5,10.4,5,5,126.6,2,59.2,10.0,14.1,12.3,13.2,7.0,4.82,Stable,0.0
STU1677,0,0.0,7,0,131.6,1,38.1,1.4,4.2,3.5,3.8,4.7,,Stable,1.0
STU1678,4,10.5,5,10,119.0,5,84.8,23.3,19.6,28.9,26.1,13.0,5.37,Improving,0.0
STU1679,4,14.25,5,6,127.6,3,74.4,12.8,21.7,28.1,24.9,16.1,4.25,Improving,1.0
STU1680,3,11.916666666666666,7,11,100.0,2,59.6,12.0,9.6,12.8,12.4,10.5,5.69,Declining,0.0
STU1681,3,10.666666666666666,5,10,124.5,1,51.5,6.9,0.9,12.2,9.6,4.4,,Stable,1.0
STU1682,4,12.25,6,11,109.3,6,73.5,10.0,6.2,10.3,10.2,10.8,6.06,Declining,0.0
STU1683,4,12.0,5,5,117.7,1,56.6,11.0,8.9,12.6,11.8,12.1,,Improving,1.0
STU1684,3,11.0,5,7,124.7,6,63.3,15.9,19.3,13.4,17.6,24.5,5.68,Stable,0.0
STU1685,6,14.166666666666666,6,6,124.5,3,63.3,14.5,18.4,11.5,16.4,13.2,4.45,Stable,0.0
STU1686,6,14.666666666666666,6,6,140.8,4,78.2,22.0,20.6,30.0,26.0,20.7,7.29,Stable,1.0
STU1687,0,0.0,5,11,111.9,2,57.6,5.0,7.7,6.8,7.2,5.9,3.64,Stable,1.0
STU1688,3,12.666666666666666,7,8,140.0,1,82.5,18.4,17.9,18.9,18.6,17.2,,Improving,1.0
STU1689,0,0.0,0,0,121.2,4,63.2,5.0,17.7,5.4,11.6,4.8,4.06,Declining,1.0
STU1690,0,0.0,0,0,123.8,5,58.0,8.5,13.3,11.6,12.4,5.1,4.45,Stable,0.0
STU1691,0,0.0,5,0,134.0,2,62.6,3.8,4.2,0.0,4.0,3.4,3.95,Declining,0.0
STU1692,0,0.0,6,0,130.8,3,46.0,8.2,10.8,4.4,9.5,1.8,3.83,Declining,1.0
STU1693,7,13.7,7,7,130.2,3,51.5,14.6,6.0,9.3,12.0,8.5,6.39,Declining,0.0
STU1694,5,11.8,5,7,123.3,2,61.5,12.3,11.3,20.9,16.6,8.6,4.13,Stable,1.0
STU1695,0,0.0,5,0,147.6,4,44.7,3.2,10.8,0.0,7.0,4.6,2.78,Stable,1.0
STU1696,6,13.333333333333334,6,6,113.4,1,66.7,15.4,15.9,12.6,15.6,18.9,,Declining,1.0
STU1697,5,11.4,6,7,133.7,4,59.6,13.6,14.6,6.5,14.1,9.0,5.92,Declining,0.0
STU1698,0,0.0,5,5,128.2,1,60.0,10.9,16.1,9.9,13.5,15.4,,Improving,0.0
STU1699,7,16.142857142857142,7,7,161.0,4,77.4,13.2,17.6,15.6,16.6,12.4,6.96,Declining,1.0
STU1700,0,0.0,8,8,130.0,2,71.4,9.5,16.2,15.0,15.6,9.2,3.24,Improving,0.0
STU1701,8,15.63375,8,8,156.3,3,58.3,20.2,23.4,19.5,21.8,21.5,6.91,Stable,0.0
STU1702,6,13.666666666666666,6,6,129.3,3,59.1,22.4,18.7,17.1,20.5,17.3,6.29,Declining,0.0
STU1703,0,0.0,6,0,129.3,7,48.5,3.6,0.0,8.5,6.0,0.0,3.95,Declining,0.0
STU1704,6,12.5,6,8,136.3,4,69.9,13.2,18.8,12.3,16.0,12.7,3.67,Improving,0.0
STU1705,6,12.285714285714286,6,8,140.0,6,71.2,8.2,11.4,27.5,19.4,3.5,7.52,Declining,1.0
STU1706,2,14.0,5,10,135.9,2,72.1,22.9,22.9,20.1,22.9,22.5,6.1,Stable,1.0
STU1707,0,0.0,0,0,139.7,3,60.7,0.0,1.8,8.1,5.0,0.0,3.21,Stable,0.0
STU1708,4,10.75,5,5,117.0,1,76.9,9.4,13.6,18.8,16.2,14.3,,Stable,1.0
STU1709,4,12.95,7,14,105.0,3,72.3,17.3,15.9,15.6,16.6,17.7,5.91,Improving,0.0
STU1710,6,12.45,7,7,130.5,5,63.5,12.3,12.6,17.2,14.9,17.9,6.07,Improving,0.0
STU1711,4,12.25,6,12,130.0,6,70.2,10.0,10.4,12.2,11.3,17.9,5.66,Stable,0.0
STU1712,8,13.38125,8,8,131.5,4,62.7,9.4,10.2,14.5,12.4,12.7,5.17,Stable,1.0
STU1713,5,12.16,7,10,100.0,5,68.1,17.7,12.3,17.6,17.6,11.5,6.03,Declining,1.0
STU1714,4,12.5,6,11,140.0,2,66.2,11.0,14.5,15.8,15.2,20.3,6.19,Stable,0.0
STU1715,6,12.75,6,8,130.2,1,76.1,13.0,9.7,9.6,11.4,6.3,,Declining,1.0
STU1716,8,13.3425,8,8,133.5,6,76.5,15.4,11.6,26.8,21.1,6.0,5.71,Declining,1.0
STU1717,7,14.175,7,10,133.2,2,81.1,18.9,22.5,22.1,22.3,25.6,4.75,Improving,0.0
STU1718,1,10.0,8,16,130.0,1,76.0,14.5,9.4,6.3,12.0,12.9,,Improving,0.0
STU1719,0,0.0,5,9,129.0,8,61.6,0.0,7.4,6.2,6.8,0.0,4.95,Declining,1.0
STU1720,0,0.0,5,7,100.0,8,47.4,8.4,10.0,0.7,9.2,2.4,3.5,Declining,1.0
STU1721,5,12.0,5,6,116.5,5,82.6,13.8,7.9,20.5,17.2,12.8,6.65,Declining,1.0
STU1722,6,10.571428571428571,6,8,124.2,3,67.7,11.7,18.6,14.2,16.4,10.2,4.09,Stable,1.0
STU1723,11,14.153846153846152,12,19,138.8,6,97.7,13.0,14.9,18.2,16.6,10.8,4.32,Stable,0.0
STU1724,6,11.166666666666666,6,9,126.4,2,80.0,20.2,21.2,17.7,20.7,26.5,6.73,Stable,0.0
STU1725,17,12.0,17,20,151.9,3,89.9,30.0,30.0,25.7,30.0,30.0,6.2,Improving,0.0
STU1726,3,11.333333333333334,5,11,120.0,3,70.6,13.8,18.6,20.0,19.3,15.3,5.75,Stable,0.0
STU1727,16,12.588235294117649,16,17,131.9,7,73.0,14.8,16.9,23.5,20.2,14.5,7.63,Stable,0.0
STU1728,4,12.0,6,11,130.0,7,65.4,12.2,15.7,19.5,17.6,16.2,4.99,Stable,0.0
STU1729,0,0.0,6,0,131.7,5,58.3,0.0,3.6,0.0,1.8,0.0,3.23,Declining,1.0
STU1730,12,12.25,12,13,132.5,1,79.7,23.5,21.5,20.5,22.5,12.1,,Improving,0.0
STU1731,5,11.6,5,7,116.5,4,78.8,14.8,7.6,16.4,15.6,0.3,5.68,Declining,1.0
STU1732,4,13.0,5,7,133.9,2,73.8,10.7,13.1,12.9,13.0,11.3,6.0,Stable,0.0
STU1733,3,10.666666666666666,5,11,145.4,7,64.2,9.3,13.6,7.4,11.4,14.2,4.72,Stable,0.0
STU1734,9,12.333333333333334,11,21,172.0,1,68.3,15.3,15.9,11.7,15.6,14.6,,Stable,0.0
STU1735,2,11.0,5,7,111.0,1,52.0,14.8,9.4,20.6,17.7,13.8,,Improving,1.0
STU1736,6,13.428571428571429,7,10,120.0,5,90.0,12.6,19.4,13.6,16.5,18.7,7.7,Stable,0.0
STU1737,8,13.05375,8,10,129.8,3,63.0,17.9,15.3,16.9,17.4,20.0,5.46,Stable,0.0
STU1738,6,12.035714285714286,7,10,118.1,6,77.9,13.6,5.7,14.3,14.0,10.0,5.65,Stable,1.0
STU1739,6,14.166666666666666,6,6,130.0,1,72.5,10.6,15.0,15.4,15.2,13.2,,Stable,0.0
STU1740,0,0.0,6,6,126.3,6,58.0,3.9,3.3,6.0,5.0,3.1,3.21,Declining,1.0
STU1741,5,13.6,6,11,137.8,1,70.1,22.5,27.6,24.1,25.8,21.2,,Improving,0.0
STU1742,5,12.2,6,7,116.1,1,67.9,11.6,15.7,18.5,17.1,7.6,,Stable,1.0
STU1743,6,13.714285714285714,6,8,115.4,3,64.6,13.3,12.8,14.7,14.0,17.0,5.32,Stable,0.0
STU1744,3,11.666666666666666,6,10,110.0,2,77.5,13.8,15.5,13.8,14.6,11.4,5.01,Stable,0.0
STU1745,1,14.0,6,9,97.4,4,70.8,15.2,22.9,12.1,19.0,15.6,6.84,Stable,0.0
STU1746,4,12.5,6,20,130.0,1,77.4,9.6,11.6,16.6,14.1,8.1,,Improving,0.0
STU1747,5,11.833333333333334,6,11,156.0,1,82.8,18.7,17.1,14.9,17.9,11.2,,Improving,1.0
STU1748,0,0.0,6,6,126.1,5,52.3,10.6,21.6,8.7,16.1,13.2,4.43,Improving,0.0
STU1749,0,0.0,6,0,120.0,2,56.2,5.6,6.0,9.4,7.7,6.6,3.91,Declining,0.0
STU1750,13,11.538461538461538,17,18,105.2,5,76.1,15.2,17.1,17.6,17.4,12.8,7.12,Declining,0.0
STU1751,7,11.285714285714286,9,14,120.0,6,56.5,10.7,11.6,12.8,12.2,14.3,5.64,Stable,1.0
STU1752,0,0.0,0,0,137.8,1,51.8,6.1,3.6,12.6,9.4,2.6,,Improving,0.0
STU1753,5,11.8,6,7,134.2,6,73.3,7.8,9.5,9.6,9.6,3.0,5.33,Declining,0.0
STU1754,0,0.0,5,16,150.0,2,50.3,11.2,11.5,12.0,11.8,14.5,2.61,Improving,1.0
STU1755,0,0.0,5,5,116.0,3,55.2,14.7,18.5,17.0,17.8,14.7,2.72,Improving,0.0
STU1756,5,14.2,5,5,143.4,1,74.7,17.1,10.9,24.6,20.8,16.8,,Stable,1.0
STU1757,10,12.7,12,12,143.6,6,100.0,22.8,25.0,30.0,27.5,25.6,7.74,Improving,1.0
STU1758,3,12.666666666666666,6,10,150.0,4,64.0,25.5,21.0,20.8,23.2,18.0,7.85,Stable,0.0
STU1759,6,14.428571428571429,6,7,118.0,4,72.9,21.7,23.2,14.6,22.4,17.8,4.89,Improving,0.0
STU1760,7,13.117142857142856,7,7,109.3,8,68.8,21.6,25.5,23.8,24.6,24.7,6.13,Improving,0.0
STU1761,6,12.666666666666666,6,7,119.3,3,60.3,4.9,5.6,16.6,11.1,12.5,5.37,Declining,1.0
STU1762,0,0.0,0,0,146.3,7,51.1,3.6,0.0,2.7,3.2,1.8,4.59,Declining,0.0
STU1763,6,15.285714285714286,6,7,161.5,5,80.7,19.3,22.5,22.8,22.6,16.8,7.35,Stable,0.0
STU1764,3,10.5,5,12,140.0,7,71.0,9.2,13.3,26.0,19.6,16.6,4.39,Stable,0.0
STU1765,11,12.636363636363637,11,11,142.2,7,73.2,22.8,22.9,20.5,22.8,18.0,6.56,Stable,0.0
STU1766,0,0.0,5,6,129.2,8,64.4,12.3,19.2,15.2,17.2,14.2,2.91,Improving,0.0
STU1767,3,14.333333333333334,9,9,100.0,1,75.6,7.7,7.2,19.5,13.6,5.6,,Improving,0.0
STU1768,8,15.125,8,14,170.0,6,89.5,20.9,18.8,30.0,25.4,20.0,9.25,Declining,0.0
STU1769,0,0.0,7,0,140.0,6,47.6,1.2,0.4,6.6,3.9,0.0,2.94,Declining,0.0
STU1770,3,12.0,7,16,115.2,5,83.2,18.7,16.2,27.0,22.8,15.3,8.12,Stable,0.0
STU1771,4,14.25,6,10,121.4,2,74.1,13.3,15.5,12.9,14.4,11.1,5.22,Stable,1.0
STU1772,2,10.5,5,12,134.8,8,60.5,17.2,22.0,17.5,19.8,19.9,4.83,Improving,1.0
STU1773,6,13.5,6,7,136.9,2,54.0,9.6,9.7,12.4,11.0,10.0,5.1,Declining,1.0
STU1774,5,11.666666666666666,6,14,140.0,4,59.3,7.9,12.7,9.6,11.1,14.3,7.23,Declining,0.0
STU1775,5,10.8,6,13,112.2,4,72.5,8.8,10.1,8.5,9.4,6.6,6.31,Declining,1.0
STU1776,0,0.0,4,4,148.7,2,60.7,3.2,3.4,10.4,6.9,2.5,4.54,Declining,1.0
STU1777,9,12.8,9,11,133.0,5,57.9,10.9,9.0,16.8,13.8,12.0,5.22,Declining,1.0
STU1778,5,10.8,5,6,150.0,1,81.2,16.3,13.8,12.9,15.0,17.2,,Stable,0.0
STU1779,4,11.4,5,8,98.0,5,63.3,5.2,1.5,17.2,11.2,0.0,3.92,Declining,1.0
STU1780,7,13.725714285714286,7,7,122.4,6,90.4,14.2,20.5,15.7,18.1,17.9,8.43,Declining,0.0
STU1781,5,12.8,6,6,139.0,3,78.5,13.5,15.5,19.9,17.7,11.1,5.46,Stable,1.0
STU1782,6,13.5,6,6,112.0,5,61.6,10.5,8.7,13.8,12.2,13.0,5.32,Declining,0.0
STU1783,7,15.57,8,8,143.8,1,71.1,10.4,18.5,15.9,17.2,20.2,,Improving,1.0
STU1784,4,11.0,5,10,116.1,6,69.7,8.3,4.2,15.8,12.0,0.0,7.09,Declining,1.0
STU1785,7,14.114285714285714,7,7,138.0,8,72.1,21.5,20.6,25.1,23.3,17.0,7.62,Stable,0.0
STU1786,3,11.0,5,12,110.0,1,58.1,10.9,19.3,20.5,19.9,15.2,,Improving,1.0
STU1787,0,0.0,6,0,103.5,5,58.0,5.4,4.0,11.2,8.3,4.2,4.69,Declining,1.0
STU1788,4,13.5,5,6,140.0,4,57.1,9.9,20.0,9.3,15.0,17.1,5.76,Stable,1.0
STU1789,4,11.25,6,9,108.7,4,78.3,16.8,18.1,22.2,20.2,16.0,5.87,Improving,0.0
STU1790,6,12.142857142857142,6,7,115.9,5,70.1,16.0,18.9,14.2,17.4,14.3,7.06,Declining,0.0
STU1791,7,13.075714285714286,8,8,127.3,4,81.5,16.5,21.0,15.9,18.8,12.8,5.33,Stable,0.0
STU1792,0,0.0,5,0,138.7,4,36.8,1.4,4.6,5.8,5.2,0.0,3.94,Declining,1.0
STU1793,3,11.0,5,9,135.8,2,71.0,14.1,11.9,17.8,16.0,9.5,4.45,Stable,0.0
STU1794,0,0.0,6,16,134.6,3,67.3,3.0,4.0,4.8,4.4,1.0,4.86,Declining,0.0
STU1795,4,13.125,7,12,118.4,7,54.7,5.1,3.0,9.8,7.4,5.7,4.39,Declining,1.0
STU1796,7,13.512857142857142,8,8,132.8,1,70.6,15.4,16.0,25.4,20.7,14.1,,Stable,0.0
STU1797,6,12.833333333333334,6,7,155.5,4,69.2,23.4,22.9,14.7,23.2,18.3,5.85,Improving,1.0
STU1798,3,15.0,5,8,132.0,2,65.7,12.0,18.9,17.7,18.3,10.8,5.74,Declining,0.0
STU1799,5,12.8,6,12,110.0,6,69.4,12.3,16.3,10.4,14.3,10.5,4.74,Declining,1.0
STU1800,3,12.333333333333334,6,14,127.3,4,55.9,7.6,16.5,17.9,17.2,9.4,6.22,Declining,1.0
STU1801,5,12.288,8,15,126.0,3,69.1,8.4,1.1,10.5,9.4,2.8,6.78,Declining,1.0
STU1802,12,12.333333333333334,12,21,130.0,2,81.1,14.9,10.3,19.0,17.0,15.0,5.08,Improving,1.0
STU1803,4,11.5,5,9,118.8,3,65.1,10.9,11.7,8.5,11.3,15.7,4.98,Stable,1.0
STU1804,6,11.833333333333334,6,6,127.6,8,60.0,12.2,17.8,22.3,20.0,9.5,5.33,Stable,0.0
STU1805,0,0.0,5,5,112.1,4,63.2,4.2,3.4,7.3,5.8,7.4,3.33,Stable,1.0
STU1806,0,0.0,5,5,130.0,3,58.6,0.0,0.1,5.6,2.8,2.6,4.74,Declining,1.0
STU1807,5,11.8,5,10,111.1,6,60.9,12.0,13.7,20.1,16.9,12.9,5.19,Declining,1.0
STU1808,0,0.0,6,0,121.4,3,42.7,7.5,1.5,1.8,4.6,9.4,4.96,Declining,0.0
STU1809,5,12.2,5,6,126.8,3,61.9,9.0,4.0,11.6,10.3,6.4,5.81,Stable,0.0
STU1810,6,12.333333333333334,6,6,120.6,3,79.1,15.4,21.6,20.3,21.0,18.7,7.91,Declining,1.0
STU1811,6,12.428571428571429,6,7,126.5,1,66.0,11.9,12.8,5.4,12.4,11.6,,Stable,1.0
STU1812,7,12.765714285714289,7,7,120.2,5,70.9,7.6,8.9,4.7,8.2,8.0,4.57,Stable,1.0
STU1813,5,12.1,7,11,120.0,7,67.7,16.3,18.7,14.1,17.5,17.7,5.95,Improving,0.0
STU1814,5,12.0,5,10,137.5,7,62.7,8.7,7.4,9.9,9.3,8.6,7.19,Declining,0.0
STU1815,0,0.0,6,6,127.9,7,63.9,9.8,9.1,7.9,9.4,9.7,3.88,Stable,0.0
STU1816,6,14.88888888888889,6,10,140.0,3,68.0,17.8,16.7,21.3,19.6,13.5,6.52,Declining,0.0
STU1817,13,11.357142857142858,14,19,131.8,2,78.7,18.8,18.4,24.3,21.6,15.1,7.5,Declining,0.0
STU1818,6,13.5,6,6,129.0,5,62.1,22.7,27.1,30.0,28.6,20.0,5.98,Improving,0.0
STU1819,0,0.0,6,6,115.8,8,50.6,4.8,9.9,8.6,9.2,5.0,4.06,Stable,0.0
STU1820,7,13.884285714285712,7,7,126.4,5,81.2,13.1,9.1,17.3,15.2,14.7,5.63,Declining,1.0
STU1821,5,13.0,6,12,130.0,4,56.8,16.3,20.6,15.1,18.5,14.3,6.2,Declining,1.0
STU1822,4,12.65,7,11,114.8,5,79.4,23.4,23.2,21.9,23.3,23.1,6.56,Improving,0.0
STU1823,1,11.0,5,10,138.6,6,51.6,13.0,11.0,18.8,15.9,12.7,6.88,Declining,1.0
STU1824,2,11.666666666666666,6,12,112.9,7,64.2,13.5,14.1,20.5,17.3,11.2,3.93,Stable,0.0
STU1825,6,14.5,6,6,111.6,6,66.9,17.9,16.2,21.2,19.5,20.2,6.28,Stable,0.0
STU1826,6,14.714285714285714,6,7,152.0,3,94.0,19.0,17.7,23.7,21.4,20.1,6.96,Stable,0.0
STU1827,6,13.285714285714286,6,7,132.6,2,65.3,20.4,23.3,28.3,25.8,20.0,5.45,Improving,0.0
STU1828,3,11.333333333333334,5,13,118.4,4,79.5,19.8,13.6,19.1,19.5,15.2,6.49,Stable,0.0
STU1829,0,0.0,7,7,120.0,3,61.5,1.6,13.8,4.4,9.1,6.8,1.83,Improving,0.0
STU1830,4,11.571428571428571,5,11,122.1,8,61.3,14.9,5.6,12.6,13.8,4.0,6.09,Declining,1.0
STU1831,5,13.0,6,10,142.8,4,72.1,17.6,18.2,19.5,18.8,13.7,7.98,Declining,0.0
STU1832,6,11.5,6,9,124.8,4,71.5,9.5,10.2,10.3,10.2,11.5,4.29,Stable,0.0
STU1833,5,11.8,5,8,126.3,3,52.2,7.7,10.5,10.4,10.4,2.9,5.18,Declining,1.0
STU1834,3,10.666666666666666,5,7,119.0,5,64.4,10.8,9.7,9.6,10.2,7.1,5.5,Declining,1.0
STU1835,6,13.8875,7,11,124.9,4,86.1,21.1,25.2,22.9,24.0,19.5,4.78,Improving,0.0
STU1836,5,11.4,6,7,118.0,1,73.7,17.9,15.4,18.7,18.3,25.8,,Improving,0.0
STU1837,9,12.333333333333334,11,17,100.0,7,69.7,18.3,12.1,9.4,15.2,16.5,6.61,Stable,1.0
STU1838,5,12.16,7,8,109.0,3,68.6,14.9,12.3,12.6,13.8,16.5,7.35,Declining,0.0
STU1839,8,13.427499999999998,8,8,130.8,3,84.6,21.6,21.4,30.0,25.8,17.1,7.72,Declining,0.0
STU1840,6,15.166666666666666,6,6,110.0,2,75.8,15.0,11.6,18.9,17.0,13.7,4.92,Declining,1.0
STU1841,0,0.0,6,12,151.0,4,49.8,7.3,13.1,11.4,12.2,2.1,4.08,Stable,1.0
STU1842,2,10.5,5,11,131.0,5,81.0,14.8,18.6,13.2,16.7,13.8,6.62,Stable,1.0
STU1843,5,11.8,5,5,155.2,7,87.7,12.0,19.9,20.7,20.3,17.3,6.33,Stable,1.0
STU1844,5,13.2,5,6,121.0,1,71.1,8.2,14.1,13.5,13.8,5.2,,Improving,0.0
STU1845,7,13.075,7,8,119.7,8,59.0,8.2,8.9,9.8,9.4,9.8,3.26,Stable,1.0
STU1846,4,11.6,6,8,131.0,5,52.4,14.2,11.8,10.7,13.0,13.1,5.95,Declining,1.0
STU1847,6,13.666666666666666,6,10,116.9,2,68.7,22.3,11.9,16.3,19.3,13.3,6.84,Declining,1.0
STU1848,4,10.75,5,9,130.0,2,64.7,2.0,5.2,4.1,4.6,1.1,2.72,Stable,1.0
STU1849,6,13.492857142857144,7,10,137.8,2,55.8,22.0,26.8,14.4,24.4,19.0,6.48,Stable,0.0
STU1850,3,12.5,6,14,122.1,7,76.0,15.7,11.4,16.2,16.0,11.5,4.32,Improving,1.0
STU1851,0,0.0,7,0,120.0,2,63.6,8.3,8.7,3.8,8.5,5.6,2.65,Stable,0.0
STU1852,5,13.285714285714286,5,12,133.0,3,78.0,18.2,15.3,17.3,17.8,17.4,6.91,Stable,0.0
STU1853,5,12.6,5,6,115.2,5,62.4,19.6,19.0,10.3,19.3,15.2,5.53,Stable,1.0
STU1854,6,14.0,6,7,160.0,7,71.2,20.2,25.1,26.2,25.6,26.9,8.25,Improving,0.0
STU1855,2,11.5,5,7,106.3,5,70.5,7.5,2.0,22.4,15.0,11.2,5.61,Stable,1.0
STU1856,0,0.0,6,6,103.0,6,50.6,3.6,3.0,10.8,7.2,3.5,3.17,Declining,1.0
STU1857,6,11.833333333333334,6,6,136.0,2,74.7,17.0,21.4,23.6,22.5,16.1,6.97,Stable,0.0
STU1858,5,11.5,6,10,146.5,7,80.8,16.7,17.4,22.6,20.0,14.1,6.38,Improving,0.0
STU1859,6,14.166666666666666,6,6,131.4,2,84.6,20.0,18.6,21.5,20.8,19.0,6.57,Stable,1.0
STU1860,2,12.5,2,2,130.0,1,53.5,10.5,20.3,14.8,17.6,15.6,,Improving,1.0
STU1861,0,0.0,5,5,137.0,8,60.3,5.2,0.4,4.3,4.8,2.1,4.08,Declining,1.0
STU1862,0,0.0,5,7,125.9,2,48.7,0.0,7.5,9.2,8.4,1.7,4.24,Declining,1.0
STU1863,2,10.5,6,14,111.9,1,70.0,13.4,14.9,19.9,17.4,14.6,,Improving,0.0
STU1864,6,11.833333333333334,6,6,131.2,5,82.6,18.1,19.1,17.8,18.6,17.5,5.85,Stable,0.0
STU1865,0,0.0,5,9,131.2,2,65.2,0.0,0.0,9.2,4.6,0.0,2.9,Stable,1.0
STU1866,5,12.4,5,5,140.0,1,84.9,12.5,11.1,13.6,13.0,12.0,,Declining,1.0
STU1867,2,10.5,5,5,121.5,4,69.3,3.5,10.8,9.6,10.2,5.0,6.55,Declining,1.0
STU1868,0,0.0,5,9,153.5,6,58.9,6.0,5.1,13.5,9.8,2.5,3.57,Declining,1.0
STU1869,12,14.583333333333334,12,12,142.2,6,74.5,23.4,26.4,24.7,25.5,22.6,6.67,Improving,1.0
STU1870,6,11.666666666666666,6,6,131.1,1,56.0,10.4,16.7,15.9,16.3,10.9,,Declining,1.0
STU1871,0,0.0,5,5,130.6,4,70.7,10.8,8.3,9.1,10.0,5.6,4.05,Declining,1.0
STU1872,1,13.0,7,14,115.0,6,62.6,23.8,26.4,19.1,25.1,25.4,5.68,Improving,0.0
STU1873,7,15.66,7,7,125.0,2,77.0,22.0,16.5,10.9,19.2,16.0,4.96,Improving,1.0
STU1874,0,0.0,6,10,97.5,2,58.1,4.6,6.0,3.2,5.3,11.1,4.46,Declining,1.0
STU1875,6,12.166666666666666,6,6,134.4,1,56.2,16.6,18.7,10.9,17.6,18.1,,Improving,0.0
STU1876,6,13.3,7,7,118.8,4,55.9,5.3,4.6,11.5,8.4,2.2,4.1,Stable,0.0
STU1877,0,0.0,7,15,110.5,2,70.2,0.0,5.4,12.4,8.9,7.0,2.91,Improving,0.0
STU1878,0,0.0,7,0,123.3,5,64.2,9.7,5.8,13.5,11.6,4.5,6.14,Declining,0.0
STU1879,0,0.0,0,0,139.6,8,56.3,11.2,10.6,9.9,10.9,17.0,4.09,Improving,0.0
STU1880,7,13.55714285714286,8,8,138.8,2,66.5,17.7,17.0,13.5,17.4,16.3,4.63,Stable,0.0
STU1881,5,14.333333333333334,7,15,160.0,5,88.1,16.9,13.7,16.9,16.9,16.9,6.72,Stable,0.0
STU1882,4,12.0,6,16,140.0,2,84.6,18.9,13.8,29.1,24.0,15.6,6.84,Stable,1.0
STU1883,0,0.0,5,5,118.2,1,39.1,4.9,8.8,7.5,8.2,6.6,,Improving,0.0
STU1884,0,0.0,0,0,150.6,6,72.1,6.6,5.9,10.1,8.4,4.7,4.41,Declining,0.0
STU1885,4,11.75,7,11,115.2,3,69.1,8.6,2.3,0.5,5.4,1.7,4.66,Declining,1.0
STU1886,6,12.183333333333332,7,7,126.0,8,70.4,11.9,14.2,11.5,13.0,13.8,6.73,Declining,0.0
STU1887,6,11.833333333333334,9,18,160.0,4,58.6,15.3,13.9,16.4,15.8,17.3,5.54,Stable,0.0
STU1888,0,0.0,4,4,160.0,1,68.1,8.7,2.2,7.2,8.0,0.5,,Stable,1.0
STU1889,6,15.0,6,8,184.4,3,77.2,14.3,5.6,17.2,15.8,15.7,5.87,Declining,0.0
STU1890,0,0.0,0,0,156.0,2,46.5,11.2,16.5,12.9,14.7,14.2,5.55,Stable,1.0
STU1891,0,0.0,0,0,150.2,7,58.9,13.5,12.2,15.4,14.4,9.6,3.99,Stable,1.0
STU1892,8,13.435,8,8,126.3,5,98.3,17.4,11.8,8.4,14.6,11.8,4.62,Stable,0.0
STU1893,4,13.5,5,8,146.1,3,68.5,9.1,12.6,9.8,11.2,17.4,4.14,Stable,0.0
STU1894,0,0.0,0,0,145.3,4,45.3,4.4,11.8,7.0,9.4,10.1,3.47,Stable,0.0
STU1895,17,11.5,17,18,116.8,5,65.5,13.3,11.0,14.9,14.1,16.3,7.61,Declining,1.0
STU1896,2,10.5,6,10,132.1,6,81.0,12.0,16.6,13.2,14.9,12.0,4.1,Improving,1.0
STU1897,4,12.0,6,13,102.6,1,68.9,5.6,13.3,12.1,12.7,10.7,,Improving,0.0
STU1898,5,12.2,6,7,112.3,1,83.4,20.2,24.3,16.0,22.2,21.1,,Improving,0.0
STU1899,0,0.0,0,0,155.3,1,58.0,9.5,15.7,11.3,13.5,9.9,,Improving,0.0
STU1900,10,14.5,11,15,153.8,3,85.1,21.5,23.0,23.2,23.1,20.5,5.92,Improving,0.0
STU1901,6,13.333333333333334,6,7,110.0,3,60.7,17.9,15.5,17.2,17.5,19.1,4.48,Improving,0.0
STU1902,9,12.0,11,29,128.2,1,78.1,17.2,15.2,23.3,20.2,21.4,,Stable,0.0
STU1903,6,15.125,6,9,120.4,3,78.2,15.9,18.2,9.8,17.0,15.2,7.3,Declining,0.0
STU1904,6,13.116666666666667,7,7,153.0,3,86.1,23.9,17.9,17.7,20.9,14.0,6.87,Stable,0.0
STU1905,6,12.833333333333334,6,7,117.9,1,76.0,15.6,11.3,21.8,18.7,19.0,,Improving,0.0
STU1906,6,13.333333333333334,6,6,145.6,7,63.6,8.3,2.6,9.7,9.0,12.2,4.81,Stable,0.0
STU1907,7,13.877142857142855,7,7,119.8,4,73.2,20.2,23.0,15.4,21.6,21.0,6.56,Stable,0.0
STU1908,7,12.944285714285714,8,8,126.8,3,57.7,16.7,14.7,17.7,17.2,21.3,6.51,Declining,1.0
STU1909,5,12.333333333333334,6,8,106.1,4,45.8,18.9,13.5,16.0,17.4,15.6,4.21,Improving,1.0
STU1910,6,14.266666666666666,7,7,137.3,2,83.1,18.7,22.3,18.4,20.5,15.6,6.44,Stable,0.0
STU1911,5,13.0,6,8,115.5,7,63.7,12.7,10.7,23.2,18.0,6.0,5.77,Stable,0.0
STU1912,8,12.48375,8,8,127.5,4,72.0,23.4,19.2,22.1,22.8,14.4,6.46,Improving,0.0
STU1913,7,13.428571428571429,7,8,116.3,4,81.4,10.3,13.6,13.2,13.4,11.9,4.69,Stable,1.0
STU1914,3,10.666666666666666,6,9,113.2,7,67.6,3.3,5.7,1.0,4.5,2.2,3.07,Declining,1.0
STU1915,5,15.4,6,8,132.6,6,83.5,15.8,12.2,22.0,18.9,11.8,6.54,Declining,1.0
STU1916,6,13.45,7,7,132.0,6,78.2,0.0,5.6,5.0,5.3,2.9,5.02,Declining,0.0
STU1917,6,12.6,7,7,130.3,2,73.7,17.7,15.1,27.0,22.4,18.0,8.1,Declining,0.0
STU1918,7,12.485714285714286,7,7,116.7,1,77.5,14.9,12.0,20.3,17.6,11.1,,Stable,0.0
STU1919,5,10.8,6,10,134.0,5,70.4,17.3,14.8,19.2,18.2,11.8,4.54,Stable,0.0
STU1920,5,12.2,6,12,100.0,3,50.6,11.6,14.4,14.3,14.4,9.7,4.57,Improving,0.0
STU1921,5,14.2,6,11,140.0,5,77.9,16.6,20.0,22.8,21.4,19.9,5.78,Improving,0.0
STU1922,6,13.833333333333334,6,7,139.2,6,55.6,17.0,17.4,9.6,17.2,16.2,7.7,Declining,0.0
STU1923,5,12.8,6,8,132.6,2,58.7,7.8,4.7,6.3,7.0,7.2,6.1,Declining,0.0
STU1924,5,13.2,5,5,129.4,2,76.1,18.3,16.8,24.9,21.6,22.3,8.01,Declining,0.0
STU1925,1,14.0,6,7,125.6,4,62.4,18.0,15.8,24.3,21.2,25.8,6.29,Improving,0.0
STU1926,8,13.875,8,8,129.3,2,65.3,13.9,16.5,11.0,15.2,16.4,5.78,Stable,0.0
STU1927,5,12.5,5,7,128.4,5,85.0,10.6,9.3,6.4,10.0,11.7,6.99,Declining,0.0
STU1928,6,13.428571428571429,6,7,139.9,6,79.3,9.1,11.8,15.9,13.8,5.8,5.47,Declining,0.0
STU1929,5,11.8,6,7,124.8,4,66.9,17.1,10.7,20.1,18.6,14.6,6.38,Stable,0.0
STU1930,7,14.868571428571428,7,7,128.5,5,72.9,16.3,13.2,20.4,18.4,14.6,6.73,Stable,0.0
STU1931,7,13.03,7,10,117.8,4,53.3,11.2,10.0,13.2,12.2,13.1,3.19,Improving,0.0
STU1932,6,14.571428571428571,6,7,115.1,5,77.0,13.9,10.9,7.9,12.4,10.4,7.12,Declining,0.0
STU1933,5,11.0,6,9,118.0,2,62.7,9.6,6.9,11.1,10.4,8.6,5.73,Declining,0.0
STU1934,8,13.3675,8,8,120.0,5,59.9,20.1,21.1,20.7,20.9,21.4,4.88,Stable,1.0
STU1935,6,12.808333333333332,7,7,119.6,5,66.5,14.2,7.5,11.5,12.8,17.0,6.13,Stable,0.0
STU1936,7,13.918571428571427,7,7,133.2,2,83.9,28.5,25.9,16.0,27.2,30.0,7.09,Improving,0.0
STU1937,6,13.0,6,8,141.8,4,81.6,19.3,9.9,20.8,20.0,18.4,7.2,Declining,0.0
STU1938,6,13.683333333333332,7,7,130.3,7,67.5,20.1,29.1,23.1,26.1,24.2,5.68,Improving,0.0
STU1939,5,13.0,6,11,100.0,2,62.7,8.7,8.6,9.7,9.2,6.8,4.07,Stable,1.0
STU1940,5,12.8,6,8,114.6,5,84.6,5.8,7.2,12.0,9.6,9.5,5.41,Declining,1.0
STU1941,6,13.571428571428571,6,9,123.4,8,67.1,12.7,16.2,13.2,14.7,10.3,4.63,Stable,1.0
STU1942,6,13.166666666666666,6,6,116.4,7,77.8,18.8,17.9,16.3,18.4,15.9,4.97,Improving,0.0
STU1943,6,15.0,6,6,123.2,3,63.8,16.6,19.9,19.6,19.8,23.0,6.46,Stable,0.0
STU1944,6,12.666666666666666,6,6,123.7,4,68.8,15.3,10.6,15.8,15.6,13.4,5.13,Stable,1.0
STU1945,6,13.857142857142858,6,7,127.6,8,58.1,4.5,11.2,19.9,15.6,9.3,7.4,Declining,0.0
STU1946,7,14.692857142857145,7,7,117.1,4,62.0,17.5,20.3,21.4,20.8,18.0,4.95,Improving,0.0
STU1947,8,14.035,8,8,149.3,1,62.1,17.6,18.0,18.2,18.1,16.1,,Stable,0.0
STU1948,4,11.0,5,8,125.6,1,59.4,5.0,6.0,24.9,15.4,0.0,,Stable,0.0
STU1949,6,13.333333333333334,6,6,145.0,6,81.6,17.7,5.2,23.3,20.5,6.1,5.17,Improving,0.0
STU1950,6,11.7725,7,13,115.0,3,71.6,19.3,12.3,17.1,18.2,17.4,6.66,Declining,1.0
STU1951,0,0.0,6,0,114.3,2,60.4,6.7,9.6,8.9,9.2,3.4,3.97,Stable,1.0
STU1952,0,0.0,6,0,126.0,3,69.4,10.4,18.0,1.7,14.2,11.5,3.65,Improving,1.0
STU1953,0,0.0,0,0,124.0,6,51.8,5.8,9.0,7.4,8.2,1.4,2.76,Stable,1.0
STU1954,6,12.285714285714286,6,7,122.6,3,77.0,7.1,4.8,21.0,14.0,3.7,4.32,Declining,0.0
STU1955,5,12.46,8,14,133.8,7,76.8,15.0,22.1,30.0,26.0,17.1,7.02,Declining,1.0
STU1956,6,12.166666666666666,7,10,113.5,5,66.7,5.1,8.7,12.0,10.4,10.4,4.9,Stable,1.0
STU1957,5,11.833333333333334,6,9,122.6,8,79.8,19.0,16.2,20.5,19.8,20.4,6.89,Declining,1.0
STU1958,7,14.805714285714286,8,8,140.0,7,87.2,20.7,28.7,22.9,25.8,19.2,6.41,Improving,0.0
STU1959,5,10.6,6,11,107.0,2,60.0,6.8,4.8,21.4,14.1,7.2,6.23,Declining,1.0
STU1960,8,13.125,9,9,130.0,5,62.4,12.2,6.6,11.1,11.6,4.1,5.81,Declining,1.0
STU1961,6,12.833333333333334,6,6,124.2,1,62.7,11.9,10.7,28.7,20.3,11.3,,Stable,1.0
STU1962,0,0.0,8,8,125.8,8,61.3,2.3,1.5,4.3,3.3,5.1,2.25,Stable,0.0
STU1963,5,13.0,6,9,108.0,2,78.5,15.2,11.6,10.4,13.4,12.1,5.15,Declining,0.0
STU1964,7,12.725,7,8,115.2,5,65.2,12.6,17.4,15.4,16.4,18.8,6.19,Stable,0.0
STU1965,4,11.25,5,10,129.3,6,46.9,14.9,12.2,11.3,13.6,15.4,4.56,Improving,1.0
STU1966,11,13.818181818181818,12,12,120.0,2,70.6,22.8,23.0,24.0,23.5,21.8,7.16,Stable,0.0
STU1967,3,12.333333333333334,5,12,116.7,6,74.2,18.7,17.4,10.0,18.0,15.3,7.09,Stable,1.0
STU1968,3,12.333333333333334,5,14,121.0,1,67.8,8.8,0.1,13.7,11.2,3.1,,Stable,0.0
STU1969,4,13.25,6,8,128.2,3,70.9,19.8,12.3,20.2,20.0,9.1,4.58,Stable,1.0
STU1970,6,13.666666666666666,6,7,121.1,4,70.2,23.5,21.4,28.1,25.8,15.5,6.24,Improving,0.0
STU1971,8,12.625,11,18,112.6,3,79.4,21.1,17.6,21.6,21.4,21.0,4.64,Improving,0.0
STU1972,6,14.833333333333334,6,6,123.3,4,75.1,15.0,14.1,24.1,19.6,19.3,7.39,Declining,0.0
STU1973,5,11.2,6,7,129.4,7,75.2,11.2,18.3,13.9,16.1,9.8,5.94,Declining,0.0
STU1974,5,11.4,5,6,119.9,3,76.8,13.5,12.6,20.2,16.8,13.1,6.03,Declining,1.0
STU1975,7,13.135,7,8,131.6,4,72.4,8.5,4.2,3.0,6.4,0.8,5.02,Declining,1.0
STU1976,10,13.0,10,10,120.0,7,80.5,18.2,11.3,19.0,18.6,10.6,5.76,Stable,0.0
STU1977,4,12.85,7,12,110.0,6,53.2,13.1,16.6,15.2,15.9,13.9,5.53,Stable,0.0
STU1978,6,13.5,6,6,143.0,1,77.9,22.6,28.0,24.1,26.0,20.8,,Improving,1.0
STU1979,6,14.285714285714286,6,7,140.0,8,87.4,18.4,18.4,14.8,18.4,10.6,6.07,Stable,0.0
STU1980,5,13.5,6,8,119.2,1,83.2,15.9,8.6,15.5,15.7,18.2,,Improving,0.0
STU1981,4,10.75,5,8,124.3,4,72.4,13.2,14.6,14.9,14.8,12.7,5.46,Stable,0.0
STU1982,6,11.333333333333334,6,9,111.1,4,57.7,9.7,10.0,11.9,11.0,5.3,6.48,Declining,1.0
STU1983,3,13.0,7,15,150.0,6,64.9,18.8,15.8,21.9,20.4,16.4,4.55,Improving,0.0
STU1984,6,13.966666666666669,7,7,147.3,1,69.6,18.1,12.7,17.5,17.8,14.2,,Declining,1.0
STU1985,8,14.14125,8,8,147.5,2,74.5,16.7,12.2,18.4,17.5,15.2,5.93,Improving,0.0
STU1986,4,11.6,6,10,108.0,6,65.2,13.8,12.6,12.6,13.2,10.8,5.92,Declining,1.0
STU1987,8,14.6625,8,8,130.0,1,65.5,20.3,16.1,25.1,22.7,18.1,,Stable,0.0
STU1988,0,0.0,5,5,130.0,3,42.0,6.7,14.3,13.5,13.9,12.1,3.25,Stable,1.0
STU1989,6,12.993333333333334,7,8,109.0,5,48.1,9.2,11.5,12.7,12.1,5.0,5.33,Declining,1.0
STU1990,4,11.25,6,10,112.0,5,35.0,13.7,13.3,26.4,20.0,9.3,6.11,Declining,0.0
STU1991,5,12.2,6,8,121.2,2,70.1,16.3,16.5,14.3,16.4,18.2,5.91,Improving,1.0
STU1992,0,0.0,0,0,140.0,2,79.1,5.8,8.4,14.3,11.4,4.3,4.9,Declining,1.0
STU1993,6,11.333333333333334,6,6,119.5,8,86.4,15.6,23.5,13.9,19.6,17.4,6.48,Declining,1.0
STU1994,5,12.2,5,7,125.9,3,65.1,18.2,19.1,23.2,21.2,15.5,7.26,Stable,1.0
STU1995,0,0.0,6,12,121.5,1,56.1,10.1,12.5,12.8,12.6,7.9,,Improving,0.0
STU1996,6,11.333333333333334,6,8,121.5,2,57.8,10.7,13.1,11.6,12.4,9.7,6.67,Declining,0.0
STU1997,6,13.857142857142858,6,8,132.4,3,62.4,22.5,21.8,20.3,22.2,15.4,6.81,Stable,0.0
STU1998,6,12.857142857142858,6,7,122.4,8,60.0,15.0,21.4,26.7,24.0,18.4,4.92,Improving,0.0
STU1999,1,10.0,6,10,110.0,2,60.1,7.8,9.6,8.0,8.8,12.0,4.52,Declining,1.0
STU2000,14,10.214285714285714,15,17,120.4,1,79.8,18.9,13.4,23.8,21.4,15.2,,Stable,0.0
STU2001,6,11.285714285714286,6,14,105.0,4,68.5,8.0,9.1,14.9,12.0,11.9,4.96,Declining,1.0
STU2002,6,13.833333333333334,6,6,137.8,1,76.9,7.7,10.9,15.2,13.0,7.7,,Stable,0.0
STU2003,6,12.857142857142858,6,8,118.0,2,69.4,18.7,9.1,9.8,14.2,11.0,6.64,Declining,0.0
STU2004,6,11.666666666666666,6,8,122.1,8,71.2,23.3,17.9,23.0,23.2,19.9,5.52,Improving,0.0
STU2005,0,0.0,6,12,140.0,5,42.2,0.0,1.9,5.3,3.6,2.4,3.33,Declining,1.0
STU2006,5,14.4,5,7,143.2,1,66.3,15.3,7.9,24.4,19.8,11.5,,Declining,0.0
STU2007,6,14.833333333333334,6,6,120.5,3,59.1,19.1,7.0,18.6,18.8,14.9,6.63,Declining,0.0
STU2008,6,14.333333333333334,6,14,119.5,2,73.9,13.2,12.4,15.8,14.5,7.1,5.54,Stable,0.0
STU2009,0,0.0,0,0,147.5,1,58.3,12.9,13.7,14.7,14.2,10.5,,Improving,1.0
STU2010,0,0.0,6,0,129.6,4,40.7,6.8,10.8,5.4,8.8,11.3,4.07,Stable,1.0
STU2011,6,12.333333333333334,7,9,126.1,4,65.5,9.7,16.3,21.8,19.0,15.6,5.09,Improving,0.0
STU2012,5,11.8,5,5,160.0,6,68.5,19.2,18.1,20.2,19.7,20.9,8.26,Declining,0.0
STU2013,5,13.2,6,7,105.5,7,86.9,5.6,5.1,12.9,9.2,10.1,4.91,Stable,1.0
STU2014,0,0.0,6,6,95.5,2,46.8,0.0,0.0,10.9,5.4,0.0,4.72,Declining,1.0
STU2015,0,0.0,6,0,107.5,7,65.4,12.2,10.2,12.6,12.4,3.4,3.39,Declining,0.0
STU2016,6,11.5,6,6,106.1,4,78.7,18.8,19.7,16.7,19.2,16.2,6.79,Stable,0.0
STU2017,5,12.6,6,8,116.3,2,61.0,20.2,21.3,20.5,20.9,20.8,7.14,Stable,0.0
STU2018,7,13.542857142857144,7,7,137.4,6,71.9,17.0,18.2,21.1,19.6,19.1,5.59,Improving,0.0
STU2019,5,11.6,6,8,101.8,1,74.6,4.8,7.9,13.4,10.6,5.0,,Stable,1.0
STU2020,6,13.666666666666666,6,7,144.1,4,76.8,15.2,19.7,24.1,21.9,13.0,6.64,Improving,0.0
STU2021,0,0.0,6,10,107.8,5,56.5,10.3,8.6,2.7,9.4,4.4,3.94,Stable,0.0
STU2022,0,0.0,6,0,128.2,2,40.0,10.8,15.2,10.3,13.0,8.5,2.3,Improving,1.0
STU2023,0,0.0,0,0,117.0,7,59.5,11.2,6.2,12.5,11.8,0.1,3.47,Declining,1.0
STU2024,6,11.5,6,6,110.4,2,64.0,12.5,14.2,18.6,16.4,10.5,5.36,Improving,0.0
STU2025,2,11.5,5,12,170.0,6,69.7,7.0,5.7,2.5,6.4,6.8,4.33,Declining,0.0
STU2026,7,11.828571428571427,7,7,100.0,1,71.2,10.2,15.5,12.7,14.1,11.2,,Improving,1.0
STU2027,0,0.0,0,0,117.0,1,62.2,6.5,3.8,2.8,5.2,3.3,,Improving,1.0
STU2028,0,0.0,0,0,133.5,3,55.1,10.6,11.8,14.5,13.2,6.4,3.3,Stable,0.0
STU2029,6,12.966666666666669,7,7,128.0,7,78.3,16.9,8.6,15.6,16.2,10.1,5.57,Stable,1.0
STU2030,6,13.833333333333334,6,6,122.1,1,76.5,14.7,16.3,22.5,19.4,12.3,,Improving,0.0
STU2031,7,14.125714285714285,7,7,133.4,7,92.5,20.0,24.9,17.2,22.4,23.5,6.65,Stable,0.0
STU2032,5,12.166666666666666,10,12,112.0,2,66.7,14.4,18.0,17.8,17.9,14.6,6.61,Declining,1.0
STU2033,6,12.666666666666666,6,17,130.0,3,75.7,19.5,20.5,20.2,20.4,30.0,6.41,Improving,0.0
STU2034,0,0.0,4,4,100.0,3,60.4,1.0,12.8,19.7,16.2,4.5,4.19,Stable,1.0
STU2035,6,12.285714285714286,6,8,162.0,1,70.2,12.7,17.4,24.1,20.8,16.1,,Improving,0.0
STU2036,3,14.5,6,7,153.0,8,64.7,24.1,23.5,27.5,25.8,20.5,7.17,Improving,1.0
STU2037,2,10.0,5,8,131.4,3,69.4,4.6,8.5,21.5,15.0,5.4,5.66,Declining,1.0
STU2038,2,11.5,5,11,128.2,5,70.0,22.4,19.0,20.8,21.6,24.3,6.02,Improving,0.0
STU2039,5,11.6,5,6,148.9,4,57.0,5.2,7.5,12.8,10.2,10.5,5.07,Declining,1.0
STU2040,6,12.5,6,6,128.4,4,77.0,13.4,13.6,16.4,15.0,6.5,6.11,Declining,1.0
STU2041,3,11.666666666666666,6,9,120.3,5,84.4,19.5,16.5,20.0,19.8,12.6,6.78,Declining,1.0
STU2042,7,13.428571428571429,10,11,100.0,7,58.2,16.1,7.2,4.4,11.6,10.8,5.21,Stable,0.0
STU2043,6,13.666666666666666,6,6,126.1,5,88.9,14.6,8.8,19.8,17.2,10.2,7.96,Stable,0.0
STU2044,6,12.5,6,6,111.7,4,44.0,14.4,17.8,17.0,17.4,8.9,5.7,Declining,1.0
STU2045,6,13.0,6,7,140.0,5,63.9,13.3,16.9,15.2,16.0,14.2,5.28,Stable,0.0
STU2046,6,12.783333333333331,7,9,122.2,4,83.8,11.9,11.5,7.7,11.7,4.0,5.26,Declining,1.0
STU2047,0,0.0,7,0,118.7,3,53.7,4.1,16.3,9.2,12.8,9.4,3.96,Improving,1.0
STU2048,4,13.5,7,13,121.5,5,73.3,15.8,10.6,10.4,13.2,15.3,7.74,Declining,0.0
STU2049,7,13.457142857142856,7,7,134.5,3,80.7,14.2,15.5,26.5,21.0,17.4,6.76,Stable,0.0
STU2050,7,13.44285714285714,8,8,127.0,6,52.9,23.8,25.4,18.1,24.6,20.9,4.79,Improving,0.0
STU2051,4,11.0,6,13,114.2,8,70.9,13.6,16.7,7.5,15.2,19.7,5.53,Improving,0.0
STU2052,6,11.333333333333334,6,6,125.3,8,65.7,10.0,13.5,12.9,13.2,12.1,4.12,Stable,0.0
STU2053,2,10.0,5,7,120.4,6,87.0,12.3,18.2,21.1,19.6,17.4,4.21,Improving,0.0
STU2054,5,13.44,7,10,123.0,4,71.1,29.1,27.6,26.9,28.4,23.1,6.66,Improving,1.0
STU2055,7,12.214285714285714,7,8,130.5,6,69.8,9.4,15.7,13.1,14.4,18.0,6.46,Declining,0.0
STU2056,6,14.166666666666666,6,6,125.5,2,66.7,18.9,21.4,17.4,20.2,18.6,7.77,Declining,0.0
STU2057,12,12.846153846153848,12,13,133.8,4,64.4,15.6,12.7,16.9,16.2,19.4,7.33,Declining,0.0
STU2058,6,13.0,6,8,150.0,2,76.9,6.6,7.4,11.0,9.2,12.2,4.36,Improving,1.0
STU2059,5,12.8,5,6,130.5,1,69.1,10.4,5.4,8.5,9.4,8.9,,Stable,1.0
STU2060,4,13.0,6,13,140.0,8,62.5,14.3,20.2,16.2,18.2,17.0,4.66,Improving,0.0
STU2061,7,13.371428571428572,7,7,119.4,7,61.7,8.7,9.1,7.4,8.9,8.0,3.02,Stable,1.0
STU2062,7,13.385714285714286,7,8,121.3,4,73.8,20.7,25.7,27.3,26.5,18.4,7.04,Improving,0.0
STU2063,7,13.328571428571427,8,8,126.3,2,69.3,23.8,22.1,25.8,24.8,22.8,7.14,Improving,0.0
STU2064,5,14.0,6,12,111.6,5,60.8,16.5,10.1,12.8,14.6,14.6,5.98,Declining,0.0
STU2065,5,12.6,5,5,111.3,3,65.8,7.3,18.9,12.0,15.4,6.4,4.45,Stable,1.0
STU2066,6,14.0,6,7,122.5,6,68.4,11.9,12.6,14.7,13.6,11.6,5.36,Declining,1.0
STU2067,6,13.428571428571429,6,7,116.5,8,68.1,16.1,10.0,18.2,17.2,15.9,6.32,Stable,1.0
STU2068,6,13.0,6,6,132.0,3,73.4,14.2,17.5,19.1,18.3,20.3,6.87,Stable,0.0
STU2069,5,12.666666666666666,6,8,123.7,2,74.7,16.6,21.9,21.3,21.6,20.3,6.09,Stable,0.0
STU2070,3,10.0,5,9,117.0,2,60.2,13.0,13.8,16.5,15.2,6.5,5.74,Stable,0.0
STU2071,6,12.833333333333334,6,7,116.5,1,68.0,21.3,21.9,25.9,23.9,15.2,,Improving,1.0
STU2072,6,12.916666666666666,7,7,121.5,3,85.1,11.9,12.3,14.5,13.4,9.8,5.45,Improving,0.0
STU2073,6,13.285714285714286,6,9,105.0,1,81.4,5.2,1.4,4.2,4.7,8.8,,Stable,1.0
STU2074,5,14.6,5,6,121.3,1,61.7,20.0,16.3,11.1,18.2,14.2,,Improving,0.0
STU2075,6,14.0,6,6,136.1,2,65.5,22.0,28.1,29.0,28.6,26.4,5.31,Improving,0.0
STU2076,6,14.142857142857142,6,7,123.6,1,58.0,14.0,13.5,17.9,16.0,10.3,,Stable,0.0
STU2077,6,11.666666666666666,6,8,129.0,5,79.9,13.6,11.7,17.3,15.4,14.0,5.67,Declining,1.0
STU2078,8,14.3775,8,9,136.8,1,71.8,20.2,19.4,22.6,21.4,14.8,,Improving,0.0
STU2079,7,12.5,7,8,133.4,7,66.2,10.1,16.5,14.6,15.6,11.3,5.42,Stable,1.0
STU2080,6,14.15,7,7,136.0,2,88.1,5.9,0.0,15.2,10.6,0.0,6.78,Declining,0.0
STU2081,7,12.471428571428572,8,12,125.8,1,73.1,18.7,17.0,17.4,18.0,21.8,,Improving,1.0
STU2082,6,14.15,7,7,120.5,1,80.1,20.4,30.0,26.3,28.2,20.1,,Improving,0.0
STU2083,7,14.072222222222225,7,11,130.2,5,73.9,20.1,27.1,16.8,23.6,15.1,5.57,Stable,1.0
STU2084,6,14.857142857142858,6,7,135.9,2,69.7,14.3,14.7,14.6,14.6,8.0,4.72,Stable,0.0
STU2085,6,14.285714285714286,6,7,116.5,4,85.6,18.9,22.3,13.2,20.6,18.7,8.53,Declining,0.0
STU2086,0,0.0,4,4,124.0,1,50.0,8.3,12.1,9.3,10.7,7.1,,Stable,1.0
STU2087,0,0.0,6,0,140.0,8,67.8,6.5,8.8,14.7,11.8,9.0,3.93,Improving,0.0
STU2088,6,15.0,6,8,150.9,1,68.8,17.3,19.2,17.4,18.3,16.1,,Improving,0.0
STU2089,6,12.633333333333333,7,7,127.3,3,64.6,14.0,20.1,10.7,17.0,19.8,5.45,Stable,0.0
STU2090,5,11.2,5,5,100.0,7,58.8,14.6,11.4,17.1,15.8,10.7,5.82,Stable,0.0
STU2091,6,14.233333333333334,7,7,128.8,2,65.6,19.8,18.2,16.8,19.0,21.3,5.52,Improving,0.0
STU2092,5,12.2,5,13,119.7,2,68.2,20.8,23.7,27.1,25.4,16.4,7.71,Stable,0.0
STU2093,7,15.7,8,8,140.8,6,54.9,15.2,14.6,24.5,19.8,8.9,7.65,Declining,1.0
STU2094,6,15.2,7,7,138.0,2,76.0,18.5,16.8,15.1,17.6,13.8,7.55,Declining,0.0
STU2095,6,16.333333333333332,6,9,132.9,1,71.4,16.2,16.3,18.9,17.6,11.3,,Stable,0.0
STU2096,14,12.5625,17,29,140.0,3,87.2,18.0,17.1,18.3,18.2,12.4,6.7,Stable,0.0
STU2097,0,0.0,7,0,140.0,1,63.3,1.5,7.2,3.9,5.6,5.9,,Stable,1.0
STU2098,5,12.4,6,8,99.3,7,58.5,11.6,13.8,13.9,13.8,10.6,5.67,Declining,1.0
STU2099,8,13.78125,8,9,119.3,5,61.8,14.1,12.1,18.5,16.3,12.4,4.92,Stable,1.0
STU2100,6,12.166666666666666,6,10,113.2,4,73.5,17.1,14.5,19.0,18.0,17.0,5.73,Stable,1.0
STU2101,5,11.8,6,8,117.0,2,83.3,14.4,12.0,14.0,14.2,6.2,4.46,Stable,0.0
STU2102,4,10.8,6,13,123.0,5,53.9,11.2,15.1,2.6,13.2,13.7,4.61,Improving,1.0
STU2103,7,13.26,7,8,127.2,5,63.3,20.3,19.2,15.3,19.8,13.2,5.62,Declining,1.0
STU2104,4,12.0,6,10,141.0,1,63.6,14.9,18.3,21.4,19.8,13.5,,Improving,0.0
STU2105,6,11.875,6,9,121.7,7,55.6,9.0,10.1,8.6,9.6,2.4,6.62,Declining,1.0
STU2106,5,12.16,7,11,121.1,4,70.5,12.8,17.7,21.9,19.8,16.4,5.58,Stable,0.0
STU2107,1,15.0,6,6,146.1,6,79.8,27.0,24.1,20.8,25.6,16.9,7.0,Stable,0.0
STU2108,6,13.333333333333334,6,6,142.5,2,80.9,9.2,6.1,15.3,12.2,3.4,4.75,Stable,0.0
STU2109,2,11.5,5,12,126.8,1,74.1,14.1,16.0,13.0,15.0,9.2,,Improving,0.0
STU2110,6,14.428571428571429,6,7,150.0,5,97.6,22.9,20.9,16.1,21.9,19.5,6.73,Stable,0.0
STU2111,1,13.0,5,10,150.0,6,71.7,5.9,7.9,17.3,12.6,7.1,6.78,Declining,0.0
STU2112,6,15.0,6,7,134.5,3,74.0,19.9,17.6,17.9,18.9,20.5,7.88,Declining,0.0
STU2113,7,15.155555555555557,7,9,129.5,1,66.5,21.8,24.0,18.8,22.9,20.7,,Improving,1.0
STU2114,6,10.666666666666666,6,8,113.2,6,75.1,12.7,8.4,4.2,10.6,13.7,4.96,Improving,1.0
STU2115,5,11.0,6,9,140.2,2,73.2,13.0,18.6,23.9,21.2,16.3,8.42,Declining,0.0
STU2116,0,0.0,6,0,119.2,3,59.0,2.2,1.2,6.1,4.2,0.0,3.91,Declining,1.0
STU2117,6,12.285714285714286,6,7,140.7,5,62.2,14.5,20.8,23.7,22.2,13.9,5.99,Stable,1.0
STU2118,8,12.82875,8,8,142.3,1,77.6,15.8,10.4,21.0,18.4,18.3,,Improving,0.0
STU2119,6,12.666666666666666,6,6,129.9,1,74.3,13.8,17.9,23.2,20.5,19.4,,Improving,0.0
STU2120,0,0.0,0,0,134.8,1,59.8,6.4,6.8,7.1,7.0,9.0,,Improving,0.0
STU2121,2,13.0,6,16,104.1,7,63.3,19.2,11.5,10.6,15.4,17.5,5.29,Stable,0.0
STU2122,5,10.875,5,10,122.4,2,79.4,8.6,9.1,17.9,13.5,10.6,5.67,Stable,1.0
STU2123,5,12.8,5,5,120.6,5,85.7,5.5,1.1,12.8,9.2,5.4,5.22,Declining,1.0
STU2124,5,11.285714285714286,6,10,112.4,8,58.3,18.5,15.9,14.9,17.2,15.6,4.95,Stable,0.0
STU2125,0,0.0,0,0,157.9,5,64.1,6.4,11.8,13.4,12.6,14.3,4.25,Stable,1.0
STU2126,0,0.0,6,0,125.9,4,35.0,4.4,4.8,9.3,7.0,2.3,3.15,Declining,1.0
STU2127,6,13.766666666666666,7,9,118.4,4,86.3,20.0,15.4,24.8,22.4,17.9,7.92,Stable,0.0
STU2128,6,12.758333333333333,8,9,130.8,3,52.9,15.2,17.9,12.6,16.5,8.8,5.57,Stable,1.0
STU2129,0,0.0,0,0,176.7,4,56.3,7.0,5.5,15.1,11.0,0.6,3.0,Improving,1.0
STU2130,6,12.666666666666666,6,6,156.8,8,66.4,21.4,19.3,21.9,21.6,25.7,7.66,Stable,1.0
STU2131,6,12.0,6,13,126.8,6,69.1,11.0,17.8,22.0,19.9,15.9,6.61,Stable,0.0
STU2132,6,12.25,6,8,128.0,3,87.6,19.0,13.0,25.8,22.4,14.8,9.41,Declining,0.0
STU2133,3,11.333333333333334,5,8,113.8,3,48.9,2.6,1.3,14.2,8.4,3.2,5.24,Stable,1.0
STU2134,7,13.507142857142856,7,9,120.8,7,70.3,21.4,24.9,20.3,23.2,15.8,6.56,Stable,0.0
STU2135,7,13.614285714285714,8,8,130.8,1,65.5,13.8,8.2,19.1,16.5,9.0,,Stable,1.0
STU2136,0,0.0,6,6,101.0,6,66.2,6.8,14.8,13.4,14.1,3.4,4.12,Stable,0.0
STU2137,4,11.5,6,9,126.1,2,73.8,16.4,13.7,19.7,18.0,12.8,6.72,Declining,0.0
STU2138,6,12.333333333333334,6,7,113.8,5,62.5,18.6,19.5,20.3,19.9,20.0,6.63,Stable,1.0
STU2139,7,11.971428571428572,7,7,118.3,6,67.4,15.4,17.4,21.3,19.4,16.9,6.1,Stable,1.0
STU2140,2,13.0,5,12,127.9,4,88.3,18.6,17.6,17.2,18.1,22.7,7.28,Stable,0.0
STU2141,7,12.385714285714286,7,9,131.1,2,78.1,11.4,11.2,23.4,17.4,12.2,6.06,Stable,1.0
STU2142,2,13.5,5,12,117.9,6,59.5,8.3,9.8,6.4,9.0,0.0,4.39,Declining,1.0
STU2143,6,12.166666666666666,6,8,115.7,3,77.9,20.0,25.0,23.4,24.2,28.3,6.06,Improving,0.0
STU2144,0,0.0,0,0,141.0,3,55.6,4.5,2.7,6.6,5.6,0.3,3.78,Declining,0.0
STU2145,6,11.666666666666666,6,6,120.0,4,62.1,18.7,14.3,13.3,16.5,15.3,5.53,Stable,0.0
STU2146,5,12.4,6,9,131.8,3,52.9,15.0,19.1,18.2,18.6,15.8,7.84,Declining,1.0
STU2147,5,13.4,6,7,131.1,5,62.2,10.4,10.9,9.6,10.6,11.1,5.51,Declining,0.0
STU2148,6,12.0,6,11,117.8,1,86.0,15.3,15.2,28.3,21.8,14.6,,Declining,0.0
STU2149,5,14.2,5,6,140.0,3,68.7,16.3,14.6,11.7,15.4,14.7,5.83,Declining,0.0
STU2150,6,12.125,6,8,108.0,7,68.6,13.9,14.0,12.0,14.0,8.1,6.37,Declining,0.0
STU2151,7,13.857142857142858,7,7,122.9,1,73.8,17.1,21.7,14.4,19.4,27.3,,Improving,0.0
STU2152,3,11.75,6,13,130.0,3,91.7,15.8,13.4,18.4,17.1,16.1,5.57,Improving,1.0
STU2153,7,14.283333333333337,7,9,126.0,5,70.3,8.8,6.4,19.3,14.0,8.1,5.0,Stable,1.0
STU2154,11,13.272727272727272,13,21,134.0,7,81.2,6.2,6.9,17.1,12.0,14.1,5.72,Declining,1.0
STU2155,6,14.666666666666666,6,6,134.3,4,69.6,15.8,12.9,25.5,20.6,9.9,5.85,Stable,1.0
STU2156,7,15.114999999999998,7,10,138.7,6,75.5,21.4,17.7,17.7,19.5,21.5,6.84,Stable,0.0
STU2157,0,0.0,0,0,143.3,2,57.8,5.8,5.0,12.0,8.9,2.8,4.17,Declining,0.0
STU2158,6,15.0,6,13,160.0,3,66.6,21.8,27.3,19.9,24.6,23.5,5.96,Improving,1.0
STU2159,5,13.2,6,8,111.0,8,70.7,15.7,17.7,19.5,18.6,17.1,7.56,Declining,0.0
STU2160,2,11.0,6,14,128.5,7,72.6,17.0,15.3,20.3,18.6,5.6,6.12,Declining,1.0
STU2161,7,14.565714285714288,8,8,133.0,4,65.2,20.7,24.9,12.5,22.8,15.2,6.03,Stable,1.0
STU2162,3,12.0,5,8,114.6,4,64.2,15.5,8.0,22.9,19.2,16.4,4.14,Stable,0.0
STU2163,0,0.0,6,6,104.1,3,64.2,2.4,9.2,8.4,8.8,4.5,4.05,Declining,1.0
STU2164,6,13.796666666666669,7,7,127.6,1,67.6,17.5,21.5,12.9,19.5,25.5,,Stable,0.0
STU2165,6,14.833333333333334,6,6,151.0,7,87.9,24.3,30.0,20.7,27.2,29.4,7.03,Improving,0.0
STU2166,6,12.833333333333334,6,6,135.7,6,77.8,19.8,20.7,21.9,21.3,18.0,6.58,Stable,1.0
STU2167,7,14.962857142857144,8,8,137.8,3,84.7,26.2,25.0,23.5,25.6,22.9,7.34,Improving,0.0
STU2168,4,12.0,5,8,117.3,2,43.9,4.0,10.5,1.7,7.2,13.1,4.72,Declining,1.0
STU2169,7,12.4,7,8,121.2,3,64.9,21.5,19.5,18.5,20.5,25.8,5.31,Stable,0.0
STU2170,6,15.571428571428571,6,7,129.3,1,75.5,12.4,9.5,13.2,12.8,9.8,,Stable,0.0
STU2171,7,13.714285714285714,8,8,123.0,5,85.1,5.7,5.4,16.6,11.2,11.9,5.87,Improving,1.0
STU2172,6,13.142857142857142,6,9,140.0,4,74.0,12.3,16.2,11.2,14.2,17.1,5.65,Improving,0.0
STU2173,6,15.0,6,7,140.0,2,83.9,6.4,5.0,25.9,16.2,11.3,6.5,Stable,0.0
STU2174,1,13.0,5,6,144.6,5,54.8,7.4,1.8,14.4,10.9,5.4,4.88,Declining,1.0
STU2175,11,12.0,11,12,118.3,8,72.9,27.6,27.1,23.4,27.4,21.7,6.81,Stable,0.0
STU2176,0,0.0,0,0,153.6,1,68.5,5.6,10.7,12.5,11.6,3.3,,Improving,0.0
STU2177,6,15.166666666666666,6,6,158.3,3,70.6,13.5,11.3,11.2,12.4,7.8,6.18,Declining,0.0
STU2178,4,12.0,6,9,100.0,4,77.7,14.0,15.9,14.2,15.0,20.9,4.93,Stable,1.0
STU2179,7,13.642857142857142,7,7,134.9,2,82.6,14.2,19.3,27.9,23.6,16.1,6.16,Improving,0.0
STU2180,6,12.666666666666666,6,8,142.0,4,73.7,18.8,22.3,17.7,20.6,14.3,4.91,Stable,0.0
STU2181,0,0.0,0,0,127.3,4,60.2,6.7,8.6,11.5,10.0,11.0,3.33,Declining,1.0
STU2182,5,10.8,6,8,116.5,1,59.9,14.9,11.5,13.8,14.4,10.5,,Stable,0.0
STU2183,6,14.25,7,9,138.6,1,82.8,7.8,15.8,21.2,18.5,8.7,,Improving,0.0
STU2184,12,12.153846153846152,14,22,133.0,7,76.7,25.9,24.4,19.5,25.2,29.7,6.52,Improving,0.0
STU2185,1,11.5,6,14,136.2,2,64.4,11.6,15.9,7.3,13.8,7.1,4.16,Declining,1.0
STU2186,4,12.25,6,10,118.0,5,65.3,13.3,18.2,28.5,23.4,15.3,4.19,Improving,1.0
STU2187,6,12.0,6,8,126.8,5,70.5,13.3,16.3,10.5,14.8,11.6,6.08,Stable,0.0
STU2188,8,13.40375,8,8,128.5,6,73.1,13.1,8.9,15.9,14.5,8.0,4.67,Stable,0.0
STU2189,6,11.333333333333334,6,15,129.9,5,81.6,15.9,9.7,15.6,15.8,7.4,7.0,Declining,0.0
STU2190,5,12.2,6,7,125.8,6,78.9,12.5,11.9,13.7,13.1,12.1,5.5,Declining,1.0
STU2191,0,0.0,0,0,129.3,5,50.9,14.5,15.9,7.3,15.2,9.6,2.03,Improving,0.0
STU2192,0,0.0,7,0,124.7,3,38.8,1.7,5.2,3.5,4.4,5.0,4.53,Declining,0.0
STU2193,5,16.166666666666668,6,8,154.9,3,73.8,7.3,16.5,21.5,19.0,11.7,5.2,Stable,0.0
STU2194,3,11.0,5,10,127.3,3,52.4,8.5,10.4,5.6,9.4,8.1,5.27,Declining,1.0
STU2195,0,0.0,0,0,129.0,3,52.8,10.1,9.6,15.4,12.8,5.0,3.64,Improving,0.0
STU2196,4,12.0,6,8,98.0,1,55.1,7.4,2.8,14.8,11.1,10.1,,Improving,0.0
STU2197,2,10.5,5,8,122.0,3,70.1,11.4,16.1,17.1,16.6,15.2,5.65,Stable,0.0
STU2198,3,11.666666666666666,6,7,112.5,3,85.2,17.8,15.9,17.1,17.5,12.5,4.82,Stable,1.0
STU2199,3,11.0,5,8,127.3,1,49.6,9.5,4.4,14.6,12.0,2.0,,Stable,1.0
STU2200,0,0.0,7,18,100.5,2,72.5,6.7,5.4,13.5,10.1,0.0,3.49,Declining,1.0
STU2201,4,12.5,6,11,122.0,6,65.4,10.2,10.1,6.3,10.1,13.9,4.26,Stable,1.0
STU2202,7,11.294444444444444,7,11,140.0,4,74.2,17.5,15.1,21.1,19.3,18.3,6.24,Improving,0.0
STU2203,5,11.2,6,8,116.1,6,55.9,12.0,9.5,11.6,11.8,14.2,4.73,Stable,1.0
STU2204,0,0.0,0,0,130.0,4,66.5,6.2,4.0,12.7,9.4,4.2,2.97,Improving,0.0
STU2205,5,13.2,6,7,146.2,7,77.6,22.1,20.8,19.0,21.5,22.8,7.22,Improving,0.0
STU2206,6,14.142857142857142,7,12,180.0,6,76.0,21.4,18.9,24.4,22.9,22.4,6.48,Stable,0.0
STU2207,0,0.0,5,0,127.8,1,35.8,4.0,2.5,0.0,3.2,2.4,,Stable,0.0
STU2208,0,0.0,5,5,130.8,8,57.6,4.9,2.7,0.4,3.8,2.2,4.28,Declining,1.0
STU2209,3,12.333333333333334,5,7,109.0,1,77.6,21.2,19.6,18.2,20.4,14.6,,Stable,0.0
STU2210,0,0.0,6,6,132.4,4,51.6,7.5,6.2,14.5,11.0,7.2,4.12,Improving,1.0
STU2211,7,13.1,8,8,129.3,6,86.2,16.1,16.1,22.0,19.0,17.4,6.98,Declining,0.0
STU2212,6,13.5,6,6,125.4,3,86.1,15.1,14.8,21.7,18.4,12.9,6.22,Declining,1.0
STU2213,5,10.2,5,7,130.2,4,67.8,20.8,26.8,25.0,25.9,20.3,6.28,Improving,1.0
STU2214,5,11.571428571428571,6,10,132.0,3,91.3,19.0,23.7,19.8,21.8,19.0,7.61,Declining,0.0
STU2215,6,15.285714285714286,6,7,170.0,1,75.0,16.4,19.3,22.4,20.8,19.6,,Improving,0.0
STU2216,5,12.6,6,9,130.2,1,71.5,15.6,19.8,15.4,17.7,11.2,,Stable,1.0
STU2217,6,13.433333333333332,7,11,115.5,1,72.0,16.5,17.6,16.6,17.1,11.6,,Improving,0.0
STU2218,5,11.6,5,8,127.6,1,70.0,13.9,14.2,15.5,14.8,9.0,,Stable,0.0
STU2219,6,14.666666666666666,6,6,140.0,5,48.4,20.7,20.7,17.1,20.7,18.1,5.98,Declining,1.0
STU2220,6,14.666666666666666,6,9,120.2,4,65.4,18.0,17.7,16.4,17.8,17.0,5.27,Stable,1.0
STU2221,7,12.742857142857144,8,8,150.0,3,62.2,19.3,14.6,18.2,18.8,11.9,6.0,Declining,0.0
STU2222,7,11.975,7,9,100.0,5,80.4,17.8,22.3,13.5,20.0,20.9,5.37,Improving,0.0
STU2223,4,12.25,5,9,100.0,1,81.9,13.1,13.3,14.8,14.0,17.6,,Stable,0.0
STU2224,0,0.0,0,0,128.0,2,59.7,6.9,13.8,8.9,11.4,9.9,1.99,Improving,0.0
STU2225,7,14.935714285714283,8,8,128.0,6,67.9,18.7,19.2,13.2,19.0,21.2,6.47,Stable,0.0
STU2226,2,10.5,6,16,107.2,7,56.9,16.4,9.7,16.7,16.5,8.4,6.11,Declining,1.0
STU2227,5,13.333333333333334,6,9,110.1,3,64.6,18.6,21.1,16.4,19.8,14.6,6.47,Stable,0.0
STU2228,0,0.0,6,6,119.0,1,73.9,9.2,0.0,9.3,9.2,5.9,,Improving,1.0
STU2229,5,13.8,6,12,155.5,6,76.7,30.0,30.0,23.8,30.0,27.1,8.29,Improving,0.0
STU2230,6,11.833333333333334,6,6,118.4,7,49.6,12.7,6.3,20.4,16.5,6.1,7.17,Declining,1.0
STU2231,0,0.0,0,0,141.2,3,67.3,6.9,8.1,14.2,11.1,11.9,4.05,Stable,0.0
STU2232,0,0.0,0,0,119.1,2,65.5,3.1,7.4,1.8,5.2,5.4,3.22,Declining,1.0
STU2233,2,10.0,5,9,111.0,1,74.8,7.0,12.3,13.5,12.9,11.2,,Improving,0.0
STU2234,4,11.5,6,10,138.6,4,85.5,9.7,8.0,24.1,16.9,7.1,7.07,Stable,0.0
STU2235,3,10.666666666666666,6,12,121.2,7,74.3,16.4,10.4,9.6,13.4,18.0,4.0,Stable,0.0
STU2236,0,0.0,0,0,150.4,5,53.5,0.3,5.6,2.2,3.9,2.0,4.13,Declining,0.0
STU2237,4,12.75,6,10,117.8,2,50.6,14.8,12.8,19.7,17.2,16.6,6.14,Declining,0.0
STU2238,0,0.0,6,7,102.5,5,52.6,0.0,0.0,0.0,0.0,0.0,2.66,Stable,0.0
STU2239,6,11.333333333333334,6,11,110.0,6,70.6,14.1,16.7,11.4,15.4,14.4,4.13,Declining,0.0
STU2240,0,0.0,6,6,138.3,4,53.5,2.3,0.8,1.9,2.1,3.6,3.82,Declining,1.0
STU2241,6,13.0,6,10,122.3,6,74.4,13.2,15.9,22.5,19.2,21.6,6.72,Stable,1.0
STU2242,4,10.75,5,7,127.8,3,56.5,12.5,12.2,11.0,12.4,9.6,4.04,Declining,1.0
STU2243,5,12.0,5,8,100.0,3,53.2,7.0,13.7,10.9,12.3,10.2,4.65,Stable,0.0
STU2244,7,13.462857142857144,7,7,126.4,4,92.9,15.7,13.6,15.9,15.8,16.4,6.69,Declining,0.0
STU2245,3,10.0,6,13,100.0,3,83.2,13.1,16.8,20.7,18.8,8.3,5.28,Stable,1.0
STU2246,6,12.333333333333334,6,6,117.1,8,67.7,16.5,15.2,12.4,15.8,6.3,5.98,Declining,1.0
STU2247,6,12.528571428571428,7,11,124.7,4,67.4,8.1,1.6,5.3,6.7,1.4,3.53,Declining,0.0
STU2248,0,0.0,8,8,124.1,3,43.2,0.0,1.0,0.0,0.5,4.0,2.2,Declining,1.0
STU2249,0,0.0,5,6,129.4,3,60.7,5.8,8.2,11.5,9.8,12.3,3.19,Stable,0.0
STU2250,5,13.6,5,5,138.9,4,93.2,21.0,23.0,25.5,24.2,16.9,8.16,Declining,0.0
STU2251,6,12.333333333333334,6,7,138.6,3,54.3,19.5,17.3,23.0,21.2,11.9,7.72,Declining,0.0
STU2252,10,11.454545454545457,13,16,133.9,5,76.9,11.6,6.4,10.4,11.0,14.9,6.29,Stable,0.0
STU2253,8,13.5,13,13,140.0,3,82.0,17.3,19.0,19.7,19.4,15.1,6.99,Improving,0.0
STU2254,0,0.0,5,5,95.1,3,56.7,8.9,10.7,19.3,15.0,6.5,1.0,Improving,0.0
STU2255,2,11.0,5,5,128.2,5,86.2,23.6,25.7,19.1,24.6,27.2,6.91,Improving,0.0
STU2256,6,13.714285714285714,6,9,121.5,1,85.7,8.8,9.0,11.3,10.2,13.5,,Stable,0.0
STU2257,21,12.363636363636363,21,26,120.0,5,78.3,17.4,10.5,20.7,19.0,17.4,7.68,Stable,1.0
STU2258,3,10.666666666666666,7,13,130.0,4,74.9,15.4,15.0,18.9,17.2,7.6,4.58,Stable,1.0
STU2259,2,12.0,6,9,120.0,3,72.7,13.2,12.3,19.3,16.2,7.6,7.95,Declining,0.0
STU2260,7,12.857142857142858,7,7,107.0,5,66.8,12.7,18.0,15.1,16.6,18.7,7.61,Declining,1.0
STU2261,6,13.125,6,10,116.1,6,64.1,10.6,12.7,9.8,11.6,11.5,4.9,Declining,1.0
STU2262,0,0.0,5,6,114.4,6,58.0,10.5,14.5,7.6,12.5,7.2,4.09,Stable,0.0
STU2263,2,13.5,6,13,157.7,3,75.2,10.8,13.7,13.9,13.8,10.8,6.4,Declining,1.0
STU2264,11,15.090909090909092,11,14,150.0,3,70.1,25.4,22.8,17.4,24.1,26.1,7.82,Improving,0.0
STU2265,5,12.4,6,9,114.3,5,67.0,12.7,10.2,24.6,18.6,16.8,4.88,Improving,1.0
STU2266,5,14.0,6,10,104.6,4,69.1,17.8,15.3,16.8,17.3,15.4,4.3,Improving,1.0
STU2267,2,13.5,6,8,140.0,5,65.8,23.1,18.6,18.6,20.8,16.3,5.25,Improving,0.0
STU2268,0,0.0,5,5,109.1,4,55.3,5.6,4.4,5.3,5.4,3.0,2.54,Stable,1.0
STU2269,4,12.65,7,12,120.6,6,66.2,8.8,17.4,12.8,15.1,16.7,4.18,Stable,0.0
STU2270,0,0.0,5,7,161.9,2,65.1,9.5,7.9,11.5,10.5,12.3,4.24,Stable,1.0
STU2271,0,0.0,5,5,140.0,4,50.0,6.6,7.6,7.4,7.5,7.0,3.81,Declining,0.0
STU2272,6,13.333333333333334,6,8,178.0,1,67.2,18.1,23.2,24.8,24.0,16.8,,Improving,0.0
STU2273,3,11.333333333333334,5,9,138.3,3,85.7,14.6,11.0,19.7,17.2,16.2,5.07,Stable,1.0
STU2274,0,0.0,6,0,128.0,5,57.0,11.4,23.3,12.0,17.6,20.8,3.02,Improving,0.0
STU2275,0,0.0,0,0,139.0,4,56.7,0.7,6.3,4.7,5.5,0.0,3.9,Declining,1.0
STU2276,3,11.666666666666666,5,7,113.2,3,53.9,1.8,12.0,13.4,12.7,5.2,3.23,Improving,0.0
STU2277,6,12.166666666666666,6,8,139.0,7,77.2,6.8,16.2,13.7,15.0,15.2,5.43,Improving,0.0
STU2278,6,13.333333333333334,6,7,110.0,6,88.3,18.8,12.4,14.6,16.7,15.3,7.53,Declining,1.0
STU2279,5,11.4,6,7,136.6,4,78.3,7.0,13.4,19.3,16.4,8.2,7.09,Declining,1.0
STU2280,6,12.142857142857142,6,9,161.1,8,66.5,9.4,7.9,10.1,9.8,9.1,5.3,Declining,1.0
STU2281,17,13.058823529411764,18,36,130.0,3,75.3,17.5,14.5,26.5,22.0,17.4,9.47,Declining,0.0
STU2282,4,11.75,6,13,140.0,6,87.8,21.0,24.2,7.9,22.6,15.9,6.32,Improving,0.0
STU2283,5,11.833333333333334,6,9,121.0,2,81.4,12.4,9.4,15.4,13.9,11.3,7.04,Declining,0.0
STU2284,10,12.4,11,14,118.6,2,69.6,11.2,13.7,22.9,18.3,13.6,7.38,Stable,0.0
STU2285,6,13.428571428571429,6,8,138.3,3,87.7,18.4,14.8,19.5,19.0,13.8,7.26,Declining,0.0
STU2286,0,0.0,5,5,115.8,1,50.5,13.0,13.6,13.3,13.4,8.1,,Improving,0.0
STU2287,5,11.0,5,5,160.0,4,87.5,16.7,21.5,15.9,19.1,15.8,7.56,Declining,0.0
STU2288,6,13.625,6,8,114.5,2,93.3,20.1,22.1,24.4,23.2,16.3,7.03,Improving,0.0
STU2289,4,11.8,5,6,117.5,5,63.9,21.2,21.7,19.9,21.4,22.4,6.48,Declining,0.0
STU2290,0,0.0,5,5,121.7,2,57.2,7.7,8.3,8.7,8.5,2.8,3.32,Declining,1.0
STU2291,2,15.0,6,9,115.0,1,79.1,17.5,10.0,26.9,22.2,13.7,,Stable,1.0
STU2292,5,10.8,6,9,125.3,8,96.7,13.8,11.8,23.5,18.6,11.0,6.7,Stable,0.0
STU2293,3,13.666666666666666,5,11,131.0,5,69.0,19.7,14.7,23.6,21.6,13.5,5.47,Improving,1.0
STU2294,6,12.833333333333334,6,8,126.3,8,82.7,8.6,11.6,18.9,15.2,15.1,7.73,Declining,1.0
STU2295,0,0.0,0,0,127.1,4,59.6,5.7,10.9,6.3,8.6,7.0,5.05,Stable,1.0
STU2296,6,15.125,6,8,138.4,1,67.3,25.4,24.1,21.3,24.8,20.1,,Stable,1.0
STU2297,0,0.0,5,11,100.0,4,61.3,15.5,15.4,7.0,15.4,10.6,3.73,Improving,0.0
STU2298,5,11.4,6,10,126.2,4,66.5,14.3,12.9,9.3,13.6,13.6,6.21,Stable,1.0
STU2299,4,12.25,6,12,118.8,1,57.5,4.7,11.6,9.3,10.4,11.3,,Stable,1.0
STU2300,0,0.0,6,0,124.5,7,56.3,0.0,0.0,5.5,2.8,4.9,4.14,Declining,1.0
STU2301,3,14.0,7,12,140.0,5,78.9,11.8,13.9,10.7,12.8,11.6,6.88,Declining,0.0
STU2302,6,12.333333333333334,6,7,125.1,6,69.5,12.2,11.5,14.7,13.4,10.2,4.91,Stable,1.0
STU2303,5,10.666666666666666,5,8,118.8,4,52.4,1.8,6.8,7.7,7.2,4.6,3.32,Declining,1.0
STU2304,5,11.833333333333334,5,9,125.2,5,66.7,12.3,10.5,9.8,11.4,11.4,5.17,Declining,1.0
STU2305,0,0.0,5,14,95.0,2,53.4,12.3,15.8,17.0,16.4,8.6,2.52,Improving,1.0
STU2306,6,11.666666666666666,6,6,107.6,8,68.6,14.2,19.7,10.0,17.0,20.6,5.59,Stable,0.0
STU2307,2,13.0,5,7,140.0,3,88.0,20.1,25.3,27.6,26.4,21.1,7.41,Improving,0.0
STU2308,0,0.0,2,5,125.4,2,57.3,1.4,5.5,0.0,3.4,5.1,4.27,Declining,1.0
STU2309,0,0.0,8,8,128.0,1,47.4,1.8,5.2,8.5,6.8,5.3,,Improving,1.0
STU2310,5,13.0,5,5,129.3,5,67.3,10.7,23.9,12.8,18.4,17.7,6.98,Declining,1.0
STU2311,6,13.857142857142858,6,7,152.0,8,79.5,12.1,8.9,15.7,13.9,7.3,6.19,Declining,0.0
STU2312,6,13.391666666666666,7,7,128.8,7,83.5,16.7,19.0,27.4,23.2,16.5,7.13,Declining,0.0
STU2313,4,12.75,5,7,152.8,5,89.6,20.7,21.7,20.4,21.2,28.1,5.72,Improving,0.0
STU2314,4,14.5,5,7,150.0,8,90.3,13.0,11.7,12.7,12.8,18.1,7.94,Declining,0.0
STU2315,6,12.166666666666666,6,7,112.0,5,72.6,15.9,16.2,20.0,18.1,15.5,5.62,Improving,0.0
STU2316,5,15.4,5,5,135.6,3,82.6,24.0,20.0,19.9,22.0,18.7,7.28,Stable,0.0
STU2317,2,13.333333333333334,5,9,134.4,4,56.2,22.3,23.9,19.9,23.1,12.1,6.38,Stable,0.0
STU2318,0,0.0,5,5,120.5,1,59.7,9.5,7.4,5.1,8.4,5.3,,Improving,0.0
STU2319,0,0.0,6,0,141.4,2,55.2,10.7,22.0,11.1,16.6,14.4,5.86,Stable,1.0
STU2320,6,13.714285714285714,6,7,145.2,3,72.5,19.3,19.3,15.9,19.3,16.5,5.83,Stable,0.0
STU2321,4,12.25,6,7,140.0,2,99.8,21.6,23.9,24.1,24.0,19.5,5.99,Improving,0.0
STU2322,5,16.0,6,9,100.0,8,79.3,9.9,11.0,17.0,14.0,13.3,6.26,Improving,0.0
STU2323,1,11.0,5,8,140.0,8,64.6,22.1,27.7,16.1,24.9,18.5,7.68,Stable,1.0
STU2324,7,14.085714285714284,7,7,126.0,3,77.0,14.1,11.7,18.4,16.2,13.5,5.32,Stable,0.0
STU2325,6,10.166666666666666,6,9,112.6,5,53.6,5.4,5.5,9.6,7.6,4.6,4.52,Declining,1.0
STU2326,1,10.0,5,8,106.8,3,57.3,10.6,5.3,15.8,13.2,4.4,4.71,Stable,0.0
STU2327,0,0.0,5,10,121.6,1,70.9,5.3,8.3,4.9,6.8,11.7,,Improving,0.0
STU2328,2,10.5,5,10,120.0,3,81.5,10.9,15.8,16.7,16.2,15.6,8.25,Declining,0.0
STU2329,0,0.0,0,0,160.6,2,61.7,6.6,5.6,11.5,9.0,2.6,3.61,Declining,0.0
STU2330,0,0.0,6,6,130.0,3,55.5,10.3,18.4,7.6,14.4,14.3,4.37,Stable,0.0
STU2331,0,0.0,6,12,110.0,2,49.2,4.9,2.9,10.4,7.6,0.0,2.85,Stable,1.0
STU2332,0,0.0,6,8,110.0,1,65.9,5.6,8.0,7.2,7.6,3.0,,Improving,1.0
STU2333,5,13.333333333333334,6,15,145.8,2,76.9,15.5,14.4,13.5,15.0,19.2,6.28,Stable,0.0
STU2334,0,0.0,0,0,130.2,7,35.0,8.7,13.0,4.5,10.8,10.4,4.47,Declining,1.0
STU2335,6,13.571428571428571,6,7,122.3,1,91.7,18.9,13.6,16.9,17.9,15.8,,Stable,0.0
STU2336,6,12.833333333333334,6,6,125.4,3,73.4,19.6,19.5,16.5,19.6,21.4,8.15,Declining,0.0
STU2337,4,10.25,5,6,130.0,4,81.8,21.3,23.1,26.1,24.6,22.9,5.2,Improving,0.0
STU2338,0,0.0,6,6,150.0,3,70.0,12.7,16.7,11.6,14.7,11.7,4.76,Stable,1.0
STU2339,4,14.5,5,5,116.9,4,79.4,21.2,23.2,22.6,22.9,23.7,6.65,Stable,0.0
STU2340,5,15.8,5,6,114.7,1,82.9,29.3,29.6,20.1,29.4,19.8,,Improving,0.0
STU2341,0,0.0,6,0,95.8,5,54.0,12.5,13.0,11.3,12.8,8.3,4.32,Stable,1.0
STU2342,4,12.5,5,8,133.1,4,58.8,14.0,19.1,23.3,21.2,14.9,5.91,Stable,1.0
STU2343,18,11.666666666666666,18,22,150.0,5,73.9,11.5,14.6,16.1,15.4,14.6,6.29,Declining,0.0
STU2344,4,13.0,5,6,118.5,4,81.9,12.8,12.2,13.2,13.0,10.6,6.1,Stable,1.0
STU2345,7,12.12142857142857,7,8,131.1,3,69.1,15.9,20.1,15.8,18.0,10.3,8.18,Declining,0.0
STU2346,9,14.22222222222222,11,15,150.3,3,66.5,18.4,15.8,18.8,18.6,8.7,3.84,Improving,0.0
STU2347,4,12.5,6,17,120.5,2,79.7,10.8,13.5,21.9,17.7,11.3,7.36,Declining,0.0
STU2348,5,12.166666666666666,5,7,105.6,4,61.5,16.9,14.7,9.2,15.8,12.3,7.54,Declining,1.0
STU2349,0,0.0,6,0,125.3,1,56.9,3.1,11.3,10.3,10.8,3.5,,Improving,1.0
STU2350,6,12.666666666666666,6,6,131.0,3,71.3,10.3,19.7,10.7,15.2,10.6,6.61,Declining,1.0
STU2351,7,13.614285714285714,8,8,127.0,5,74.8,17.1,15.7,17.6,17.4,16.0,7.92,Declining,0.0
STU2352,12,12.857142857142858,18,32,150.0,1,65.3,16.5,18.1,22.6,20.4,21.6,,Stable,0.0
STU2353,4,14.0,5,7,149.2,1,68.6,11.2,13.2,10.1,12.2,12.5,,Stable,0.0
STU2354,4,14.75,6,8,121.5,5,74.7,13.3,13.0,15.3,14.3,17.5,6.6,Declining,0.0
STU2355,0,0.0,6,0,137.3,3,54.0,0.8,6.6,7.4,7.0,1.7,1.37,Stable,0.0
STU2356,6,13.625,6,8,119.6,6,73.6,10.6,12.6,13.7,13.2,12.1,6.04,Declining,1.0
STU2357,0,0.0,0,0,141.5,8,73.3,4.2,0.0,9.2,6.7,7.1,4.48,Declining,0.0
STU2358,4,11.8,6,12,150.0,8,86.3,13.7,16.3,13.4,15.0,13.6,7.59,Declining,0.0
STU2359,6,15.125,6,8,110.0,3,85.2,18.5,15.8,21.8,20.2,16.4,5.54,Declining,1.0
STU2360,4,11.5,6,10,110.2,2,72.2,20.8,22.3,17.6,21.6,18.1,5.31,Improving,1.0
STU2361,1,10.0,5,12,110.3,4,64.7,20.8,20.8,22.2,21.5,20.7,5.94,Improving,0.0
STU2362,0,0.0,4,8,120.0,5,52.2,4.6,5.0,0.0,4.8,7.2,4.4,Stable,0.0
STU2363,3,10.333333333333334,5,9,114.2,5,70.0,12.3,14.6,13.0,13.8,13.4,6.54,Stable,0.0
STU2364,0,0.0,5,9,140.0,3,65.3,6.7,6.0,9.8,8.2,4.8,3.43,Stable,1.0
STU2365,4,12.0,6,9,132.8,1,85.4,22.2,26.0,29.9,28.0,16.7,,Improving,0.0
STU2366,6,13.833333333333334,6,6,121.5,2,76.7,20.6,23.2,22.6,22.9,20.1,9.62,Declining,0.0
STU2367,13,12.153846153846152,17,19,127.2,1,86.3,25.4,21.8,24.3,24.8,20.9,,Improving,0.0
STU2368,6,14.0,6,7,128.2,1,82.7,7.3,9.1,17.0,13.0,9.5,,Stable,0.0
STU2369,6,16.5,6,8,133.4,7,80.4,14.9,7.8,22.6,18.8,11.5,5.84,Stable,0.0
STU2370,1,18.0,5,11,120.0,1,76.1,19.6,23.9,19.7,21.8,25.9,,Improving,0.0
STU2371,6,11.285714285714286,6,11,140.0,4,59.4,12.5,13.4,8.6,13.0,9.4,4.63,Declining,1.0
STU2372,0,0.0,0,0,136.9,8,47.2,1.7,12.6,0.9,7.2,0.4,2.87,Declining,1.0
STU2373,0,0.0,0,0,117.0,3,47.4,0.0,1.0,8.8,4.9,0.0,3.1,Declining,0.0
STU2374,5,14.0,6,10,110.7,4,79.1,21.8,16.6,22.1,22.0,15.5,6.41,Stable,1.0
STU2375,4,13.75,5,13,160.0,5,77.6,13.0,14.9,16.5,15.7,17.4,6.04,Improving,0.0
STU2376,4,13.25,6,9,95.0,2,45.7,0.4,5.8,5.7,5.8,0.0,4.63,Declining,0.0
STU2377,4,14.25,5,7,148.8,4,71.2,21.4,21.3,22.1,21.8,15.3,8.44,Declining,1.0
STU2378,0,0.0,5,9,110.0,6,54.2,5.9,8.1,8.2,8.1,7.2,2.67,Stable,1.0
STU2379,8,11.25,12,12,133.9,6,63.8,15.1,11.6,19.4,17.2,15.8,5.26,Stable,0.0
STU2380,6,13.5,6,7,125.7,6,75.7,11.6,7.4,10.8,11.2,3.9,6.15,Stable,0.0
STU2381,5,12.666666666666666,6,8,116.6,8,66.0,13.3,15.5,8.1,14.4,6.8,4.93,Declining,1.0
STU2382,6,15.166666666666666,6,6,141.0,3,71.7,24.4,18.2,18.1,21.3,16.8,5.63,Stable,1.0
STU2383,6,13.166666666666666,6,6,130.0,6,66.7,5.5,3.0,5.8,5.6,7.3,6.27,Declining,0.0
STU2384,10,11.8,12,20,130.0,4,74.6,8.5,8.0,8.7,8.6,9.1,6.11,Stable,0.0
STU2385,4,11.5,5,10,115.8,5,63.0,12.2,15.5,24.0,19.8,10.3,6.13,Stable,0.0
STU2386,6,14.5,6,6,140.0,5,69.9,15.5,22.5,8.4,19.0,20.2,4.45,Improving,0.0
STU2387,5,13.4,6,10,126.1,6,69.4,9.6,14.2,16.1,15.2,11.5,4.64,Stable,1.0
STU2388,0,0.0,0,0,137.5,7,51.6,10.4,17.8,16.1,17.0,11.7,2.88,Stable,0.0
STU2389,4,10.8,5,8,120.8,3,57.1,20.2,21.1,24.1,22.6,12.7,6.17,Stable,0.0
STU2390,0,0.0,5,6,136.5,5,41.8,7.3,7.6,10.1,8.8,3.5,3.85,Declining,1.0
STU2391,6,11.428571428571429,10,23,122.0,2,58.3,12.2,21.6,20.3,21.0,22.0,4.82,Improving,0.0
STU2392,8,12.5,14,24,130.0,4,63.5,18.7,11.9,27.5,23.1,13.3,6.07,Stable,0.0
STU2393,2,13.5,5,11,126.3,6,60.3,10.7,11.1,11.6,11.4,6.4,4.13,Stable,0.0
STU2394,0,0.0,6,6,98.0,6,68.5,0.0,0.8,7.8,4.3,0.0,3.24,Declining,1.0
STU2395,5,12.75,5,8,121.0,3,54.5,8.3,14.2,20.2,17.2,11.1,5.74,Declining,0.0
STU2396,3,11.333333333333334,6,17,124.2,4,61.0,5.0,2.8,6.9,6.0,7.5,4.39,Declining,1.0
STU2397,0,0.0,6,8,130.0,3,72.6,4.2,8.8,6.4,7.6,7.7,2.57,Improving,1.0
STU2398,5,11.4,6,9,136.1,2,73.3,15.2,16.0,14.1,15.6,11.8,5.01,Stable,0.0
STU2399,6,14.428571428571429,6,7,132.8,2,67.9,9.1,10.6,17.8,14.2,14.6,5.46,Stable,1.0
STU2400,7,12.492857142857144,7,9,126.3,7,72.6,17.1,18.5,10.6,17.8,19.6,6.06,Improving,0.0
STU2401,4,11.5,8,10,111.5,2,69.7,8.4,14.0,20.6,17.3,8.9,4.28,Stable,0.0
STU2402,5,11.2,5,7,118.2,8,87.5,11.3,12.2,19.2,15.7,11.1,5.82,Stable,0.0
STU2403,3,12.0,5,9,115.6,2,64.2,11.3,16.3,18.7,17.5,15.1,6.84,Declining,0.0
STU2404,7,15.885714285714286,8,8,117.8,5,64.9,10.7,9.3,5.2,10.0,14.0,5.87,Declining,1.0
STU2405,4,12.94,7,12,127.0,4,54.7,15.3,11.2,10.5,13.2,6.5,4.34,Declining,0.0
STU2406,6,14.0,6,6,140.0,5,68.5,12.3,20.4,23.1,21.8,15.1,3.48,Improving,0.0
STU2407,0,0.0,0,0,106.0,5,41.5,8.7,5.3,7.3,8.0,5.6,5.17,Declining,0.0
STU2408,0,0.0,7,7,151.0,5,51.5,4.3,9.4,0.6,6.8,3.9,4.78,Declining,0.0
STU2409,0,0.0,5,0,106.4,7,43.8,2.3,4.3,7.0,5.6,0.5,3.46,Declining,1.0
STU2410,4,11.25,5,8,125.3,4,76.2,20.3,23.1,20.8,22.0,22.8,6.41,Improving,0.0
STU2411,0,0.0,5,5,130.0,1,47.4,0.0,0.0,7.4,3.7,2.0,,Improving,0.0
STU2412,4,11.25,6,13,116.0,2,77.4,22.1,24.6,20.4,23.4,28.8,6.38,Improving,0.0
STU2413,3,10.666666666666666,5,11,120.0,5,45.9,15.8,13.5,18.3,17.0,10.4,3.33,Declining,1.0
STU2414,5,11.8,6,9,100.0,4,63.0,13.0,11.4,9.6,12.2,11.3,6.39,Declining,1.0
STU2415,8,11.625,10,19,118.5,4,64.1,16.0,14.4,21.5,18.8,15.7,6.23,Stable,1.0
STU2416,0,0.0,6,11,118.9,4,55.6,14.3,16.7,13.5,15.5,16.5,3.96,Improving,0.0
STU2417,4,10.25,6,8,119.3,3,84.0,9.7,11.1,12.5,11.8,14.6,5.04,Declining,0.0
STU2418,15,10.8,15,16,135.8,6,81.4,13.2,13.3,15.8,14.6,13.1,6.38,Declining,1.0
STU2419,11,12.545454545454543,12,15,130.0,5,75.6,16.8,10.6,17.7,17.2,9.4,7.41,Declining,0.0
STU2420,7,13.571428571428571,7,7,129.8,5,92.9,8.6,3.9,12.0,10.3,3.5,5.42,Declining,1.0
STU2421,0,0.0,6,0,150.0,5,43.8,0.0,7.4,4.7,6.1,3.6,2.68,Stable,1.0
STU2422,0,0.0,5,5,111.9,7,62.9,8.9,4.1,10.7,9.8,9.3,3.29,Stable,1.0
STU2423,6,14.77777777777778,6,9,150.1,4,67.8,18.0,15.6,19.7,18.8,11.1,8.1,Declining,1.0
STU2424,0,0.0,3,4,130.0,8,51.3,4.7,14.2,15.6,14.9,3.6,2.82,Improving,1.0
STU2425,0,0.0,2,2,128.0,1,43.2,0.0,3.4,4.1,3.8,4.6,,Stable,1.0
STU2426,0,0.0,4,4,102.5,5,59.4,7.1,10.1,13.9,12.0,2.7,3.94,Stable,1.0
STU2427,0,0.0,5,10,102.5,5,61.3,4.3,5.5,14.5,10.0,0.7,5.95,Declining,1.0
STU2428,5,11.4,5,5,110.0,4,62.9,7.0,4.0,13.0,10.0,10.0,3.99,Stable,1.0
STU2429,6,11.666666666666666,9,13,114.0,2,78.9,13.5,15.0,16.6,15.8,12.4,6.33,Declining,1.0
STU2430,7,11.285714285714286,10,12,128.2,4,72.6,23.4,21.9,19.1,22.6,19.7,6.22,Improving,0.0
STU2431,4,11.5,6,12,116.5,3,65.1,11.8,15.8,11.0,13.8,17.2,4.14,Improving,1.0
STU2432,5,16.0,5,5,149.3,7,87.6,22.5,22.4,24.3,23.4,17.0,8.21,Stable,0.0
STU2433,6,12.5,6,6,134.1,3,54.5,12.7,25.3,16.9,21.1,12.4,5.36,Stable,0.0
STU2434,4,12.0,5,7,126.6,2,63.1,13.0,14.1,21.8,18.0,18.8,8.2,Declining,0.0
STU2435,0,0.0,5,11,120.0,4,53.8,8.1,7.5,5.9,7.8,7.2,3.86,Stable,1.0
STU2436,5,13.0,5,10,133.5,3,73.7,10.9,9.8,12.8,11.9,12.4,4.96,Declining,1.0
STU2437,13,13.714285714285714,18,27,110.0,1,83.9,18.6,20.0,11.1,19.3,16.3,,Improving,0.0
STU2438,3,12.333333333333334,5,9,107.5,4,66.6,18.8,19.7,20.7,20.2,16.8,5.45,Improving,0.0
STU2439,11,12.727272727272728,17,31,130.0,4,75.6,15.8,12.2,22.6,19.2,11.3,7.88,Stable,0.0
STU2440,1,14.0,5,5,111.6,2,60.1,10.3,12.7,19.4,16.0,12.1,5.3,Declining,1.0
STU2441,0,0.0,5,0,101.0,4,55.8,2.2,11.5,12.1,11.8,8.8,3.69,Stable,0.0
STU2442,5,11.4,6,8,108.3,4,67.3,8.3,12.4,19.0,15.7,11.0,6.06,Declining,0.0
STU2443,0,0.0,5,5,128.2,6,49.5,2.0,5.8,10.0,7.9,7.1,3.27,Stable,1.0
STU2444,6,18.875,6,8,150.0,3,81.8,27.3,25.1,28.4,27.8,26.6,8.7,Stable,0.0
STU2445,0,0.0,6,12,142.8,2,64.5,4.0,11.9,13.9,12.9,3.4,2.69,Improving,0.0
STU2446,6,11.333333333333334,7,15,100.0,8,72.5,24.5,22.9,14.3,23.7,21.1,7.1,Stable,1.0
STU2447,7,13.5,7,9,150.0,4,66.5,14.6,16.0,13.3,15.3,12.9,5.76,Declining,0.0
STU2448,2,15.0,11,12,156.5,1,76.2,24.7,27.8,15.6,26.2,26.0,,Improving,0.0
STU2449,0,0.0,5,10,98.6,6,35.0,3.1,1.8,13.0,8.0,4.0,2.94,Declining,1.0
STU2450,9,14.22222222222222,9,9,130.0,2,72.7,18.6,14.4,17.1,17.8,16.3,6.53,Stable,1.0
STU2451,0,0.0,0,0,118.1,6,41.7,0.2,4.6,2.8,3.7,5.8,2.99,Declining,1.0
STU2452,4,12.0,7,14,120.0,5,78.1,10.0,15.3,15.0,15.2,4.9,5.78,Declining,1.0
STU2453,5,12.6,5,9,127.7,8,68.9,21.8,27.6,15.3,24.7,19.8,6.79,Improving,0.0
STU2454,12,15.083333333333334,12,12,130.0,8,69.3,19.0,21.7,22.1,21.9,16.8,6.16,Improving,0.0
STU2455,0,0.0,5,5,147.7,2,54.7,10.2,13.1,0.1,11.6,10.6,5.1,Declining,1.0
STU2456,6,14.5,6,8,170.0,6,72.1,13.3,18.0,14.6,16.3,17.3,6.66,Declining,0.0
STU2457,6,14.5,6,6,110.2,2,71.9,20.5,20.5,21.8,21.2,18.9,4.96,Improving,0.0
STU2458,3,10.0,5,12,146.4,5,67.2,8.2,10.4,7.9,9.3,4.1,5.02,Stable,0.0
STU2459,0,0.0,5,0,121.0,4,48.2,0.0,6.8,11.9,9.4,4.4,3.24,Improving,0.0
STU2460,5,11.6,5,5,129.9,1,58.7,11.1,15.5,13.5,14.5,12.3,,Improving,0.0
STU2461,4,11.75,6,10,132.0,1,55.7,12.4,15.4,19.7,17.6,7.1,,Improving,0.0
STU2462,0,0.0,6,0,125.9,1,41.6,4.2,7.4,8.4,7.9,3.6,,Stable,1.0
STU2463,0,0.0,0,0,165.7,1,58.3,10.4,14.0,11.1,12.6,11.8,,Improving,1.0
STU2464,0,0.0,6,7,122.7,2,54.8,7.7,15.1,3.9,11.4,15.4,2.34,Improving,0.0
STU2465,4,11.25,5,7,141.4,7,54.5,19.1,15.3,20.9,20.0,11.3,6.17,Stable,1.0
STU2466,5,11.571428571428571,6,9,156.4,4,76.2,9.1,5.0,16.2,12.6,10.3,6.57,Declining,0.0
STU2467,4,10.0,5,7,148.5,6,74.6,19.4,22.5,27.5,25.0,14.5,4.95,Improving,0.0
STU2468,5,13.833333333333334,6,11,140.0,6,87.0,27.2,19.1,26.8,27.0,16.4,5.89,Improving,0.0
STU2469,4,12.75,6,6,131.7,5,76.0,14.8,8.7,15.5,15.2,7.0,6.48,Declining,0.0
STU2470,0,0.0,4,4,104.7,3,58.7,0.0,3.1,7.1,5.1,3.6,3.62,Declining,0.0
STU2471,5,11.6,6,13,150.0,7,89.6,8.6,9.0,16.9,13.0,9.4,6.38,Declining,1.0
STU2472,0,0.0,5,5,110.0,6,49.3,2.1,0.0,10.7,6.4,0.0,2.69,Stable,1.0
STU2473,4,11.25,6,6,129.1,6,60.8,23.0,23.5,25.7,24.6,22.2,5.8,Improving,0.0
STU2474,0,0.0,6,0,120.0,7,42.7,6.7,10.3,8.7,9.5,7.5,3.89,Declining,1.0
STU2475,6,14.333333333333334,6,6,127.0,4,85.4,11.6,11.4,10.0,11.5,11.4,6.68,Declining,0.0
STU2476,0,0.0,6,7,151.5,4,73.2,4.2,12.9,1.1,8.6,6.4,5.18,Stable,1.0
STU2477,20,13.5,23,23,126.8,7,64.1,10.3,16.2,12.0,14.1,9.1,7.68,Declining,0.0
STU2478,6,12.666666666666666,6,8,140.8,3,66.9,20.1,23.6,17.7,21.8,26.0,7.56,Stable,1.0
STU2479,7,12.444285714285714,7,7,125.6,6,71.6,16.7,11.1,25.4,21.0,18.5,8.19,Declining,1.0
STU2480,3,10.666666666666666,5,7,127.8,1,77.6,21.3,16.2,23.8,22.6,22.3,,Improving,1.0
STU2481,0,0.0,0,0,120.0,1,49.7,12.0,17.7,17.7,17.7,11.0,,Improving,0.0
STU2482,6,12.666666666666666,6,6,131.3,4,50.6,17.0,22.9,23.4,23.2,15.3,7.01,Declining,0.0
STU2483,5,13.2,5,5,155.7,1,94.3,16.2,12.2,15.4,15.8,12.1,,Stable,0.0
STU2484,10,12.7,12,20,128.5,8,76.5,12.0,13.9,10.7,13.0,16.6,8.56,Declining,0.0
STU2485,5,14.833333333333334,5,6,170.0,1,80.6,14.6,9.0,13.9,14.2,11.9,,Stable,0.0
STU2486,4,11.5,10,10,100.0,5,64.3,6.5,3.6,2.9,5.0,3.4,6.1,Declining,1.0
STU2487,0,0.0,6,0,107.2,2,57.7,8.7,8.8,3.3,8.8,8.5,4.73,Stable,1.0
STU2488,0,0.0,5,0,139.3,8,45.7,6.6,7.2,7.8,7.5,3.6,4.7,Declining,1.0
STU2489,3,12.666666666666666,5,7,123.2,3,67.0,21.1,16.6,20.8,21.0,12.3,4.72,Improving,0.0
STU2490,6,14.714285714285714,6,7,122.3,1,74.0,16.8,10.6,18.4,17.6,13.5,,Improving,0.0
STU2491,3,13.666666666666666,6,11,127.9,1,53.4,15.5,9.4,14.6,15.0,10.2,,Stable,0.0
STU2492,5,10.8,5,9,120.3,4,62.8,7.0,6.6,15.1,11.0,6.8,5.79,Stable,0.0
STU2493,4,10.5,8,13,128.5,8,67.8,16.4,16.1,14.7,16.2,5.1,5.88,Stable,1.0
STU2494,6,15.0,6,10,150.0,8,70.2,15.2,14.3,18.0,16.6,10.7,6.37,Declining,1.0
STU2495,6,12.666666666666666,6,6,136.1,3,71.4,22.0,19.3,16.2,20.6,18.9,5.51,Improving,1.0
STU2496,6,13.166666666666666,6,7,128.0,4,71.6,17.6,19.6,27.2,23.4,12.3,9.04,Declining,1.0
STU2497,0,0.0,0,0,158.1,1,40.8,9.6,13.4,10.8,12.1,4.3,,Improving,0.0
STU2498,6,13.0,6,6,108.7,4,62.9,16.4,15.3,17.0,16.7,13.8,5.33,Stable,0.0
STU2499,0,0.0,0,0,110.0,4,49.3,5.1,8.0,1.5,6.6,7.9,4.46,Declining,0.0
STU2500,2,10.0,6,13,120.0,2,58.1,18.0,13.8,18.3,18.2,11.3,4.9,Stable,1.0
STU2501,6,13.333333333333334,6,7,150.0,5,76.8,20.5,21.8,24.0,22.9,18.5,6.93,Declining,1.0
STU2502,3,12.333333333333334,6,13,113.0,7,66.3,21.8,27.6,10.1,24.7,20.8,5.98,Improving,0.0
STU2503,20,13.181818181818182,21,23,118.6,1,79.0,23.7,26.8,30.0,28.4,17.7,,Declining,1.0
STU2504,6,12.513333333333334,7,7,148.8,2,55.6,20.3,21.3,15.0,20.8,23.5,7.46,Stable,0.0
STU2505,0,0.0,6,0,120.3,2,65.1,7.9,7.4,11.2,9.6,6.2,3.64,Stable,0.0
STU2506,7,13.585714285714284,8,8,127.0,1,65.3,15.0,10.5,27.0,21.0,12.0,,Stable,0.0
STU2507,7,11.155555555555557,7,9,113.8,2,75.6,12.3,15.9,23.0,19.4,15.1,6.3,Stable,0.0
STU2508,6,11.857142857142858,7,9,108.0,5,62.9,19.9,14.5,10.9,17.2,9.8,8.0,Declining,0.0
STU2509,0,0.0,0,0,129.1,1,55.1,3.6,7.5,8.5,8.0,8.6,,Improving,0.0
STU2510,14,14.0,14,14,135.9,5,87.3,21.7,30.0,28.6,29.3,27.3,7.59,Stable,0.0
STU2511,5,12.0,6,8,154.4,7,75.0,16.4,15.1,13.5,15.8,15.0,7.53,Stable,0.0
STU2512,4,11.575,7,15,190.0,7,91.6,24.9,30.0,23.7,27.4,26.8,6.75,Improving,0.0
STU2513,7,13.198571428571428,7,8,132.5,5,76.8,14.5,18.5,17.0,17.8,14.4,6.53,Stable,0.0
STU2514,6,13.5,6,10,163.3,2,82.2,16.2,13.0,22.9,19.5,17.6,6.27,Improving,0.0
STU2515,6,13.333333333333334,6,6,122.5,1,56.1,17.3,12.7,10.8,15.0,11.0,,Stable,0.0
STU2516,4,14.25,5,10,121.0,2,66.2,12.7,22.4,20.0,21.2,15.9,5.02,Stable,0.0
STU2517,6,12.166666666666666,6,7,131.8,8,69.3,10.1,13.6,13.5,13.6,11.7,5.56,Declining,1.0
STU2518,7,12.214285714285714,8,8,135.0,8,88.8,27.1,25.1,23.5,26.1,23.4,6.57,Stable,0.0
STU2519,6,12.666666666666666,6,8,141.7,3,70.3,14.0,12.1,17.2,15.6,16.7,6.33,Declining,0.0
STU2520,6,12.285714285714286,6,7,131.3,3,67.1,7.2,6.8,15.0,11.1,15.0,5.1,Declining,0.0
STU2521,6,13.0,6,7,123.9,4,72.6,13.8,14.3,16.7,15.5,12.8,4.89,Stable,1.0
STU2522,6,12.142857142857142,6,8,126.1,2,88.1,24.2,24.8,29.6,27.2,24.0,7.33,Improving,0.0
STU2523,7,13.875714285714285,7,8,126.5,8,71.1,6.7,14.1,20.8,17.4,7.6,7.31,Declining,1.0
STU2524,0,0.0,6,0,107.3,2,59.5,8.9,6.0,3.8,7.4,9.7,4.4,Declining,1.0
STU2525,6,11.666666666666666,6,12,95.0,3,59.4,13.4,16.5,25.0,20.8,12.5,6.35,Stable,1.0
STU2526,6,13.153846153846152,6,13,116.1,3,59.0,17.6,14.4,20.2,18.9,26.6,7.21,Improving,0.0
STU2527,6,14.5,6,6,134.6,1,53.1,13.7,12.3,18.5,16.1,6.5,,Declining,1.0
STU2528,7,14.44142857142857,7,7,128.0,3,79.5,24.2,28.1,25.3,26.7,30.0,5.93,Improving,0.0
STU2529,6,15.166666666666666,6,6,144.2,7,85.7,20.6,15.6,17.0,18.8,20.9,7.68,Stable,0.0
STU2530,5,11.6,5,5,129.5,1,75.9,10.2,1.6,7.0,8.6,2.1,,Stable,1.0
STU2531,6,11.666666666666666,6,6,116.8,4,67.8,15.4,15.3,18.7,17.0,23.1,5.31,Improving,0.0
STU2532,6,12.625,6,8,160.0,3,71.3,18.6,16.6,17.5,18.0,13.2,7.58,Declining,0.0
STU2533,3,12.666666666666666,6,14,127.1,2,69.5,15.5,12.1,26.4,21.0,11.8,5.22,Stable,0.0
STU2534,6,12.833333333333334,6,7,126.3,1,85.0,17.5,7.8,13.6,15.6,7.2,,Declining,0.0
STU2535,6,11.857142857142858,6,7,112.9,2,83.8,13.6,21.2,17.2,19.2,15.3,6.62,Stable,1.0
STU2536,5,11.4,6,8,130.2,1,81.0,10.9,12.9,18.3,15.6,11.6,,Stable,0.0
STU2537,5,14.857142857142858,5,10,100.0,3,70.2,11.4,13.2,20.6,16.9,14.5,5.63,Stable,1.0
STU2538,6,14.714285714285714,6,7,121.6,6,78.7,15.1,23.3,12.2,19.2,26.1,4.06,Improving,0.0
STU2539,6,13.5,6,6,130.0,5,72.6,14.5,17.7,11.7,16.1,13.4,5.56,Improving,0.0
STU2540,4,11.5,5,7,121.7,8,67.4,17.9,23.3,25.4,24.4,8.4,6.38,Stable,0.0
STU2541,2,14.0,5,9,120.0,3,70.5,15.5,11.9,17.6,16.6,15.3,6.69,Stable,0.0
STU2542,6,12.833333333333334,7,8,143.5,5,65.8,16.2,10.8,22.1,19.2,11.0,6.79,Declining,1.0
STU2543,7,13.428571428571429,7,7,128.3,5,70.0,20.4,21.4,23.4,22.4,25.5,5.69,Stable,1.0
STU2544,0,0.0,6,0,111.9,2,46.5,0.0,7.6,12.6,10.1,3.5,3.43,Stable,1.0
STU2545,3,11.666666666666666,6,18,140.0,2,78.8,11.4,18.0,14.8,16.4,10.9,6.01,Stable,1.0
STU2546,6,16.0,6,6,137.6,4,78.7,21.9,16.2,16.9,19.4,13.7,5.33,Stable,0.0
STU2547,6,13.833333333333334,6,6,135.0,6,84.9,23.4,24.2,11.3,23.8,23.5,6.27,Stable,0.0
STU2548,8,13.2325,8,9,133.8,3,66.9,30.0,30.0,21.7,30.0,26.1,6.35,Improving,0.0
STU2549,6,14.0,6,6,126.9,2,83.1,12.4,19.2,15.7,17.4,19.7,4.34,Improving,1.0
STU2550,2,10.0,6,14,106.7,8,52.3,14.3,12.5,11.8,13.4,11.4,5.5,Declining,0.0
STU2551,15,13.333333333333334,16,16,145.7,1,61.7,19.3,19.1,14.0,19.2,22.7,,Improving,0.0
STU2552,6,12.5,6,6,153.1,8,67.5,21.6,17.5,19.9,20.8,12.7,6.65,Declining,0.0
STU2553,6,12.5,6,6,118.7,6,80.5,15.1,12.7,22.3,18.7,6.4,4.69,Stable,0.0
STU2554,2,10.5,5,8,161.8,6,63.9,13.6,8.4,12.3,13.0,12.8,2.99,Improving,0.0
STU2555,3,10.666666666666666,5,11,124.9,6,66.7,15.7,12.4,11.0,14.0,11.2,5.71,Declining,0.0
STU2556,4,10.5,5,9,150.8,2,61.5,15.9,13.8,22.2,19.0,12.6,3.97,Improving,0.0
STU2557,4,12.0,5,10,130.0,5,49.3,5.8,5.7,7.1,6.4,1.9,5.49,Declining,0.0
STU2558,0,0.0,0,0,163.6,6,71.7,8.1,4.2,17.6,12.8,1.8,3.63,Stable,1.0
STU2559,5,11.5,5,11,115.0,6,81.2,14.6,9.5,16.5,15.6,14.2,8.49,Declining,0.0
STU2560,6,14.0,6,6,136.8,2,91.5,14.9,20.9,21.9,21.4,17.2,6.41,Improving,0.0
STU2561,6,13.5,6,7,130.9,2,77.5,9.8,7.7,23.7,16.8,5.3,6.88,Declining,0.0
STU2562,8,13.07375,8,8,127.0,3,49.3,14.5,13.8,11.7,14.2,16.4,5.68,Declining,1.0
STU2563,2,10.75,7,9,120.0,4,60.4,14.3,8.0,11.6,13.0,15.2,5.96,Stable,1.0
STU2564,1,12.0,6,11,126.0,4,78.4,17.3,20.6,18.3,19.5,17.1,6.67,Stable,1.0
STU2565,6,14.0,6,6,153.8,6,76.2,22.3,22.5,22.4,22.4,24.5,8.07,Stable,0.0
STU2566,6,12.333333333333334,6,7,140.0,6,63.5,14.4,10.6,27.8,21.1,7.9,6.58,Declining,0.0
STU2567,7,13.464285714285714,7,7,136.6,5,64.5,15.9,14.2,14.6,15.2,16.5,7.19,Declining,0.0
STU2568,3,10.666666666666666,6,14,105.0,2,75.8,9.0,11.6,8.3,10.3,10.5,6.41,Declining,1.0
STU2569,5,11.6,5,6,139.4,4,67.9,14.5,4.0,8.5,11.5,5.5,4.4,Improving,0.0
STU2570,6,13.666666666666666,6,6,140.0,3,79.9,17.2,11.2,20.0,18.6,21.3,7.26,Stable,0.0
STU2571,8,14.4025,8,9,130.8,2,77.7,20.5,19.6,26.1,23.3,20.2,7.57,Improving,0.0
STU2572,7,15.46875,7,9,138.8,1,79.9,18.5,15.9,17.7,18.1,14.3,,Stable,0.0
STU2573,6,12.625,6,8,110.0,3,63.4,14.6,24.6,20.4,22.5,18.4,6.8,Stable,0.0
STU2574,6,14.983333333333334,7,7,127.8,2,73.3,14.9,13.8,27.5,21.2,10.6,7.11,Stable,1.0
STU2575,6,15.0,6,6,134.2,4,51.4,14.5,18.0,19.0,18.5,11.1,6.75,Declining,1.0
STU2576,9,15.88888888888889,9,9,143.0,1,65.2,18.7,22.6,23.8,23.2,17.8,,Improving,0.0
STU2577,4,11.5,6,14,120.0,2,62.3,14.4,15.1,23.6,19.4,11.8,4.44,Improving,0.0
STU2578,2,10.5,6,14,113.2,1,83.2,11.4,10.5,9.2,11.0,6.8,,Stable,0.0
STU2579,6,13.983333333333334,7,7,135.8,5,62.2,25.8,19.7,19.3,22.8,25.5,8.02,Declining,0.0
STU2580,6,13.0,6,6,143.5,4,67.3,24.5,25.9,21.3,25.2,20.1,8.35,Stable,1.0
STU2581,6,13.666666666666666,6,6,148.9,3,72.5,23.0,30.0,18.2,26.5,19.8,5.85,Stable,0.0
STU2582,0,0.0,6,8,115.6,1,73.5,9.6,9.9,2.0,9.8,4.0,,Improving,1.0
STU2583,5,14.4,5,5,159.3,8,77.0,19.7,21.9,21.4,21.6,14.4,5.18,Improving,0.0
STU2584,4,12.0,5,10,138.5,4,78.2,13.5,21.2,19.3,20.2,19.9,5.6,Improving,0.0
STU2585,6,14.166666666666666,6,6,133.2,5,72.2,21.0,24.2,20.5,22.6,21.5,6.73,Improving,1.0
STU2586,5,12.2,6,8,117.6,4,68.7,13.6,11.3,18.6,16.1,14.7,4.81,Improving,1.0
STU2587,3,12.0,5,8,108.7,6,68.3,6.9,6.4,14.5,10.7,10.7,4.15,Stable,1.0
STU2588,2,10.5,5,11,106.0,7,64.5,21.1,27.0,13.8,24.0,20.0,6.08,Improving,0.0
STU2589,3,12.333333333333334,6,8,122.6,3,76.6,9.3,9.7,16.5,13.1,14.9,5.35,Declining,0.0
STU2590,5,12.2,6,7,127.4,5,58.3,17.9,21.0,21.9,21.4,15.5,5.98,Stable,1.0
STU2591,0,0.0,6,6,100.0,2,60.0,0.3,4.4,0.0,2.4,0.0,2.83,Declining,1.0
STU2592,6,11.5,7,10,95.0,5,76.0,22.5,24.5,28.5,26.5,22.7,5.56,Improving,0.0
STU2593,9,10.88888888888889,9,9,130.0,3,71.4,21.7,20.4,14.5,21.0,19.6,6.18,Improving,0.0
STU2594,6,12.166666666666666,7,12,122.8,1,58.4,18.6,18.0,14.0,18.3,17.4,,Stable,0.0
STU2595,2,10.0,5,7,115.0,8,50.2,13.3,11.4,12.7,13.0,14.3,3.72,Stable,0.0
STU2596,6,12.666666666666666,6,6,145.9,7,80.7,14.4,9.2,18.4,16.4,11.6,5.41,Stable,1.0
STU2597,5,11.4,6,9,143.0,2,73.8,27.2,24.9,26.3,26.8,24.4,6.55,Improving,1.0
STU2598,0,0.0,0,0,100.0,8,56.1,8.0,1.2,9.8,8.9,8.7,4.17,Stable,1.0
STU2599,2,13.0,5,14,121.3,2,53.5,5.7,3.9,7.9,6.8,5.8,4.52,Declining,0.0
STU2600,5,13.4,6,8,121.2,3,74.8,17.7,13.8,19.7,18.7,16.8,4.89,Improving,0.0
STU2601,6,13.5,6,6,125.1,7,57.6,13.8,17.2,15.5,16.4,9.1,4.79,Declining,1.0
STU2602,4,12.25,6,14,112.9,2,74.9,15.7,19.8,20.1,20.0,30.0,7.31,Stable,0.0
STU2603,6,12.285714285714286,6,7,120.8,3,73.4,7.5,10.3,15.3,12.8,3.2,5.27,Declining,1.0
STU2604,0,0.0,5,12,114.0,5,57.4,7.1,3.2,5.4,6.2,2.3,3.49,Declining,0.0
STU2605,2,10.5,6,10,132.1,1,63.7,9.7,8.7,14.2,12.0,7.3,,Improving,0.0
STU2606,3,14.0,5,12,160.0,3,67.4,4.1,1.5,4.7,4.4,11.9,6.52,Declining,1.0
STU2607,5,14.2,5,7,134.0,2,74.0,12.5,13.6,19.7,16.6,10.0,3.82,Improving,0.0
STU2608,5,13.0,6,8,124.2,5,68.2,11.4,15.4,17.7,16.6,14.3,7.2,Declining,1.0
STU2609,6,11.0,6,6,115.6,1,69.2,11.9,15.9,6.6,13.9,11.2,,Stable,1.0
STU2610,3,11.0,8,9,128.2,2,80.0,0.0,7.1,13.9,10.5,0.3,5.15,Declining,0.0
STU2611,6,12.385714285714286,7,9,132.8,5,56.6,8.1,13.7,13.3,13.5,12.3,5.43,Stable,1.0
STU2612,4,14.75,6,12,123.1,1,84.9,16.7,16.9,15.2,16.8,13.2,,Stable,0.0
STU2613,5,16.166666666666668,5,6,125.6,3,61.5,12.9,12.6,12.2,12.8,13.0,6.09,Stable,1.0
STU2614,0,0.0,5,7,115.0,5,58.2,5.8,11.1,4.5,8.4,9.2,1.91,Improving,0.0
STU2615,5,12.4,5,6,123.6,6,69.4,16.3,15.8,10.2,16.0,21.0,5.13,Improving,0.0
STU2616,5,11.6,6,8,141.7,1,63.8,15.7,13.4,12.5,14.6,8.6,,Improving,0.0
STU2617,5,12.2,6,8,139.0,7,60.4,19.6,20.4,26.9,23.6,17.5,7.72,Declining,0.0
STU2618,5,11.0,6,7,118.0,5,54.1,20.2,19.7,21.0,20.6,17.6,5.83,Improving,0.0
STU2619,6,12.333333333333334,6,8,142.0,3,63.9,9.8,2.1,23.3,16.6,6.4,5.74,Stable,0.0
STU2620,6,14.833333333333334,6,6,143.4,6,86.2,23.0,23.4,25.1,24.2,30.0,6.98,Improving,0.0
STU2621,9,11.555555555555555,10,15,115.9,5,58.6,17.7,12.1,19.0,18.4,12.9,5.93,Improving,1.0
STU2622,6,12.0,6,6,105.1,4,66.9,10.3,12.8,10.2,11.6,1.4,5.7,Declining,1.0
STU2623,11,12.727272727272728,13,13,138.0,4,68.0,17.7,11.4,20.6,19.2,13.8,6.94,Declining,0.0
STU2624,2,10.5,2,2,114.7,5,64.4,14.7,10.7,14.5,14.6,11.2,5.77,Stable,1.0
STU2625,6,12.333333333333334,6,6,130.5,8,58.9,7.8,6.0,16.9,12.4,6.4,5.82,Declining,0.0
STU2626,0,0.0,5,10,134.3,4,54.3,1.1,7.4,7.2,7.3,1.2,3.55,Stable,1.0
STU2627,7,14.842857142857143,7,7,137.5,6,75.8,17.7,15.5,23.2,20.4,11.3,6.74,Stable,1.0
STU2628,7,12.2,7,7,125.3,6,66.3,20.4,16.6,22.3,21.4,25.3,9.0,Declining,0.0
STU2629,4,10.8,5,10,111.3,7,57.8,11.7,13.2,12.2,12.7,12.4,6.01,Stable,0.0
STU2630,4,12.75,5,7,144.8,8,63.3,19.8,14.3,16.5,18.2,14.9,6.79,Declining,0.0
STU2631,2,11.0,5,13,152.1,2,58.1,10.6,13.8,12.9,13.4,19.6,6.89,Declining,1.0
STU2632,4,10.75,6,9,126.1,2,74.1,7.1,4.8,16.8,12.0,2.8,5.31,Declining,1.0
STU2633,8,12.55375,8,9,136.0,4,69.8,18.4,17.9,17.7,18.2,18.9,6.01,Improving,0.0
STU2634,7,12.665714285714284,8,8,124.3,3,51.9,12.1,21.1,19.4,20.2,10.9,3.75,Stable,0.0
STU2635,6,12.714285714285714,6,10,129.9,4,70.5,15.5,13.5,18.5,17.0,16.9,5.69,Improving,0.0
STU2636,2,11.75,7,7,136.1,6,81.8,8.8,11.2,21.6,16.4,6.1,8.36,Declining,1.0
STU2637,3,11.0,6,11,115.1,8,58.7,13.1,11.2,5.1,12.1,12.8,6.26,Declining,1.0
STU2638,0,0.0,0,0,143.6,3,69.1,12.5,12.2,11.8,12.4,17.5,3.91,Improving,0.0
STU2639,5,13.4,5,5,115.8,5,65.4,11.9,16.0,12.0,14.0,13.8,4.92,Stable,1.0
STU2640,17,12.578947368421051,17,21,149.0,2,81.9,23.0,22.4,24.1,23.6,12.7,7.55,Stable,0.0
STU2641,0,0.0,5,0,100.0,4,64.1,5.3,13.0,8.2,10.6,7.9,3.36,Stable,1.0
STU2642,6,12.0,6,8,133.4,1,75.0,7.6,9.2,8.3,8.8,10.5,,Declining,0.0
STU2643,3,12.333333333333334,6,6,122.8,4,52.8,7.9,2.2,13.5,10.7,8.6,4.16,Declining,1.0
STU2644,4,11.5,5,11,151.2,4,59.0,9.0,14.8,15.8,15.3,16.7,5.06,Stable,0.0
STU2645,5,12.8,6,7,137.0,5,87.9,17.4,10.7,18.6,18.0,19.4,7.78,Declining,0.0
STU2646,0,0.0,0,0,118.0,5,46.2,6.6,2.7,6.7,6.6,3.3,5.15,Declining,1.0
STU2647,7,13.285714285714286,7,8,126.4,3,87.6,27.4,26.2,25.0,26.8,21.8,6.61,Improving,0.0
STU2648,4,11.8,6,16,130.0,1,63.7,7.1,13.1,19.7,16.4,5.7,,Declining,1.0
STU2649,6,11.333333333333334,13,13,112.5,1,71.1,12.3,7.1,13.8,13.0,7.5,,Improving,0.0
STU2650,5,12.002,8,12,118.3,8,66.1,15.7,14.4,25.0,20.4,16.6,6.02,Declining,0.0
STU2651,5,13.976666666666668,7,10,121.4,7,62.0,7.7,7.8,13.4,10.6,2.8,4.44,Declining,1.0
STU2652,5,15.2,6,10,140.0,3,59.3,13.2,14.4,21.4,17.9,9.2,5.7,Declining,1.0
STU2653,6,13.142857142857142,6,7,109.0,2,77.2,17.5,21.3,19.2,20.2,20.1,8.53,Declining,0.0
STU2654,0,0.0,5,14,110.0,3,52.8,0.0,2.1,2.2,2.2,0.0,2.44,Stable,1.0
STU2655,7,13.867142857142856,8,11,119.8,5,76.6,16.0,19.4,13.6,17.7,17.7,5.91,Improving,1.0
STU2656,6,12.675,8,11,130.0,3,65.0,9.0,14.2,15.3,14.8,8.2,5.89,Declining,1.0
STU2657,0,0.0,0,0,167.3,1,51.2,8.5,14.6,7.9,11.6,11.2,,Improving,1.0
STU2658,6,12.0,6,6,111.9,3,67.3,17.3,19.0,22.6,20.8,13.1,3.64,Improving,0.0
STU2659,0,0.0,0,0,136.0,2,45.7,7.7,9.4,4.9,8.6,0.2,4.37,Declining,1.0
STU2660,6,11.0,6,7,124.0,3,80.8,15.9,13.0,14.1,15.0,17.0,6.21,Declining,0.0
STU2661,4,10.75,5,11,132.9,2,63.8,9.3,1.3,14.6,12.0,2.9,5.44,Declining,1.0
STU2662,5,14.2,6,7,154.0,5,69.1,16.0,14.7,23.3,19.6,13.4,6.06,Stable,0.0
STU2663,4,12.6,7,11,115.0,4,71.9,15.5,13.7,19.3,17.4,10.7,6.9,Stable,0.0
STU2664,0,0.0,5,5,96.0,2,51.3,5.9,7.4,12.0,9.7,7.4,2.75,Improving,1.0
STU2665,5,14.0,5,6,168.2,4,59.3,16.5,17.7,18.9,18.3,17.3,5.54,Improving,0.0
STU2666,2,10.0,6,16,140.0,4,58.4,14.2,7.2,14.6,14.4,12.1,7.07,Declining,1.0
STU2667,6,13.833333333333334,6,6,137.4,6,81.5,10.1,11.3,25.5,18.4,8.6,4.19,Improving,0.0
STU2668,2,11.0,5,8,150.0,8,69.1,10.4,19.3,23.8,21.6,13.6,5.5,Improving,1.0
STU2669,7,11.635714285714286,8,8,100.5,1,53.3,16.5,19.3,20.4,19.8,17.6,,Improving,0.0
STU2670,4,12.25,6,6,148.5,7,72.3,17.5,18.4,22.6,20.5,21.9,5.65,Stable,0.0
STU2671,4,12.5,5,9,123.3,5,67.3,16.2,16.0,22.2,19.2,16.1,4.84,Stable,0.0
STU2672,5,13.8,5,5,138.7,5,70.7,25.7,22.8,17.8,24.2,18.4,6.09,Improving,0.0
STU2673,3,12.0,6,8,117.2,3,55.9,14.4,7.0,14.0,14.2,10.9,6.18,Stable,0.0
STU2674,3,11.0,5,9,114.3,3,77.6,12.7,13.6,22.6,18.1,11.7,6.92,Declining,0.0
STU2675,4,13.75,6,7,125.3,1,52.5,9.5,1.0,17.4,13.4,0.0,,Stable,1.0
STU2676,6,10.666666666666666,6,6,97.0,8,60.5,19.3,17.1,16.9,18.2,9.4,4.74,Improving,0.0
STU2677,0,0.0,7,7,140.0,4,63.2,13.1,14.4,20.3,17.4,11.8,3.1,Improving,0.0
STU2678,5,13.833333333333334,5,6,124.0,3,87.9,24.2,21.0,22.6,23.4,20.3,7.27,Declining,0.0
STU2679,0,0.0,6,6,140.0,4,57.0,13.1,17.4,13.3,15.4,11.2,4.1,Stable,1.0
STU2680,5,15.8,5,5,127.0,1,68.1,12.4,21.0,21.3,21.2,19.3,,Stable,0.0
STU2681,12,12.52608695652174,14,26,110.0,2,91.7,13.7,16.0,22.4,19.2,11.2,4.88,Stable,1.0
STU2682,6,12.783333333333331,7,9,170.0,5,62.3,5.1,3.7,18.2,11.6,0.7,6.67,Declining,1.0
STU2683,0,0.0,5,5,120.0,4,60.5,11.4,23.0,18.7,20.8,11.6,4.35,Improving,0.0
STU2684,3,13.0,5,8,130.0,6,72.0,15.8,17.5,23.0,20.2,12.7,5.09,Stable,0.0
STU2685,0,0.0,6,8,130.0,5,44.1,4.4,3.3,4.2,4.3,2.8,3.17,Stable,0.0
STU2686,5,10.8,5,7,122.5,4,75.3,8.7,9.2,16.2,12.7,6.0,5.51,Declining,0.0
STU2687,5,11.0,5,7,115.7,6,56.6,9.0,12.6,17.9,15.2,1.8,4.6,Stable,1.0
STU2688,0,0.0,4,4,120.0,1,59.6,5.6,9.2,7.2,8.2,0.0,,Improving,1.0
STU2689,0,0.0,5,7,166.0,5,46.9,13.9,13.2,7.8,13.6,12.5,4.89,Stable,0.0
STU2690,2,12.0,6,10,132.8,5,64.5,10.7,11.7,8.1,11.2,5.8,4.01,Declining,0.0
STU2691,4,10.75,5,7,100.0,2,57.1,11.9,8.3,7.9,10.1,1.5,3.83,Declining,0.0
STU2692,5,11.6,5,8,121.8,2,75.6,11.2,13.8,12.1,13.0,13.7,3.49,Improving,1.0
STU2693,5,11.8,5,6,109.5,2,67.7,18.3,12.1,12.9,15.6,19.4,5.43,Stable,1.0
STU2694,6,16.0,6,7,138.3,2,85.6,19.7,20.8,25.0,22.9,18.2,7.25,Stable,0.0
STU2695,6,12.666666666666666,6,6,131.6,4,81.8,13.7,11.4,17.7,15.7,13.6,6.66,Declining,0.0
STU2696,4,14.4,7,12,125.3,1,74.4,23.5,24.2,27.7,26.0,22.6,,Improving,1.0
STU2697,0,0.0,6,6,101.5,5,61.6,10.6,8.9,4.0,9.8,0.0,4.7,Declining,0.0
STU2698,4,12.25,6,11,109.1,1,75.9,15.7,12.6,14.6,15.2,16.3,,Improving,0.0
STU2699,5,12.6,7,9,123.9,1,76.2,16.8,11.7,18.0,17.4,18.0,,Stable,1.0
STU2700,7,13.4,8,8,143.0,2,50.2,21.9,20.0,22.9,22.4,25.5,8.03,Declining,0.0
STU2701,0,0.0,0,0,126.3,2,49.3,0.7,4.9,13.5,9.2,1.3,4.17,Declining,1.0
STU2702,1,10.0,6,9,113.3,8,72.6,14.0,14.7,10.3,14.4,8.2,3.38,Stable,1.0
STU2703,0,0.0,5,5,119.9,2,46.2,5.2,4.6,13.3,9.2,9.5,3.55,Stable,1.0
STU2704,3,11.25,6,16,140.0,2,81.9,21.4,20.1,12.6,20.8,20.7,6.98,Stable,0.0
STU2705,0,0.0,5,10,108.0,2,60.4,5.7,5.1,11.5,8.6,7.8,4.79,Stable,0.0
STU2706,3,10.666666666666666,5,8,100.0,3,57.9,6.0,6.8,5.8,6.4,4.0,4.11,Declining,1.0
STU2707,4,11.75,5,7,132.4,4,53.3,13.1,12.7,18.8,16.0,13.3,6.3,Stable,1.0
STU2708,0,0.0,5,5,137.1,6,46.9,8.3,7.5,12.7,10.5,2.4,2.49,Declining,0.0
STU2709,6,12.666666666666666,6,6,138.1,3,92.2,15.6,12.9,22.2,18.9,13.6,6.27,Stable,0.0
STU2710,7,11.95,7,14,130.0,5,63.3,12.5,20.1,10.0,16.3,13.9,5.89,Stable,0.0
STU2711,5,14.0,6,7,109.7,4,63.2,12.0,9.9,13.8,12.9,19.3,6.28,Improving,0.0
STU2712,0,0.0,6,6,128.2,6,48.8,10.0,12.6,14.1,13.4,11.7,5.88,Declining,0.0
STU2713,2,11.5,5,11,117.8,4,77.7,19.9,17.7,20.1,20.0,8.6,5.82,Declining,0.0
STU2714,6,12.0,6,10,150.0,2,66.2,4.5,4.1,14.1,9.3,5.1,5.25,Declining,1.0
STU2715,6,16.428571428571427,6,7,160.0,5,72.0,30.0,24.3,13.8,27.2,25.7,6.48,Improving,0.0
STU2716,5,13.336000000000002,7,9,104.5,6,82.4,15.1,8.5,21.4,18.2,9.4,5.66,Stable,0.0
STU2717,0,0.0,7,7,112.8,3,59.3,7.6,5.8,14.3,11.0,1.5,2.72,Declining,0.0
STU2718,7,14.666666666666666,7,9,100.0,8,63.9,13.9,10.8,17.7,15.8,14.4,6.33,Declining,0.0
STU2719,7,14.115714285714288,8,8,132.5,7,66.9,19.1,22.6,22.9,22.8,15.9,4.89,Improving,0.0
STU2720,6,14.857142857142858,6,7,123.3,2,79.5,14.7,24.3,20.1,22.2,19.7,5.55,Improving,0.0
STU2721,6,13.833333333333334,6,7,128.9,6,73.6,12.0,11.2,23.9,18.0,7.6,6.27,Stable,1.0
STU2722,3,11.0,5,10,128.3,4,59.1,12.8,7.7,17.8,15.3,8.3,5.28,Declining,1.0
STU2723,4,11.75,6,11,100.0,4,44.1,13.7,14.7,11.8,14.2,15.8,4.06,Improving,0.0
STU2724,2,10.0,5,15,120.1,4,56.3,5.8,3.1,13.9,9.8,6.8,6.35,Declining,0.0
STU2725,6,12.415,8,15,160.0,7,60.7,17.4,15.3,18.1,17.8,15.2,7.22,Declining,1.0
STU2726,1,11.0,5,12,123.0,5,46.5,10.0,6.7,12.9,11.4,7.9,4.65,Stable,1.0
STU2727,5,14.428571428571429,6,14,150.0,4,61.3,11.1,10.6,7.9,10.8,11.0,6.52,Declining,0.0
STU2728,7,14.312857142857142,8,8,124.0,1,64.4,24.3,22.3,23.1,23.7,17.8,,Improving,1.0
STU2729,6,15.428571428571429,6,8,120.0,3,76.5,16.7,10.6,26.2,21.4,8.2,7.2,Declining,0.0
STU2730,4,12.0,5,9,120.4,7,79.3,6.2,5.2,16.3,11.2,7.9,5.2,Stable,0.0
STU2731,6,13.833333333333334,6,7,131.6,5,66.0,12.8,17.3,20.6,19.0,19.5,7.02,Stable,0.0
STU2732,6,12.166666666666666,6,6,104.2,1,62.2,7.6,6.2,11.6,9.6,9.0,,Stable,1.0
STU2733,7,14.014285714285714,8,8,122.0,7,84.1,20.0,20.6,23.0,21.8,20.1,7.49,Declining,0.0
STU2734,2,10.333333333333334,6,15,110.7,6,61.2,11.3,4.9,17.7,14.5,3.1,4.07,Stable,0.0
STU2735,5,13.2,6,7,121.7,4,74.3,15.9,20.0,22.1,21.0,19.6,7.21,Declining,1.0
STU2736,6,15.4,7,7,126.0,1,75.0,15.4,13.7,24.6,20.0,15.5,,Improving,0.0
STU2737,7,13.385714285714286,7,7,128.4,4,70.2,11.0,18.8,13.3,16.0,16.7,6.16,Stable,0.0
STU2738,6,10.857142857142858,6,13,134.9,1,94.2,16.8,16.7,14.1,16.8,19.0,,Improving,0.0
STU2739,5,11.333333333333334,5,11,143.9,3,88.7,20.1,18.2,20.9,20.5,24.1,9.23,Declining,1.0
STU2740,4,14.5,5,7,145.0,5,69.4,17.7,10.0,16.0,16.8,9.6,6.68,Declining,1.0
STU2741,6,14.166666666666666,6,6,132.0,7,73.4,20.7,28.5,13.8,24.6,17.0,6.71,Stable,0.0
STU2742,6,12.833333333333334,6,7,136.1,3,67.7,16.8,18.1,21.7,19.9,16.9,6.52,Declining,0.0
STU2743,6,13.333333333333334,6,7,138.9,7,73.9,19.0,20.4,20.2,20.3,14.2,6.38,Stable,0.0
STU2744,6,13.666666666666666,6,7,102.0,7,50.9,15.7,22.2,16.5,19.4,12.4,6.33,Declining,1.0
STU2745,6,10.833333333333334,6,6,123.0,1,63.1,21.7,21.0,21.8,21.8,23.8,,Improving,0.0
STU2746,6,13.428571428571429,6,7,137.5,2,80.7,21.8,27.2,16.1,24.5,18.7,6.95,Improving,0.0
STU2747,7,12.401428571428571,7,7,102.2,5,82.4,16.5,11.9,15.9,16.2,13.5,5.59,Improving,0.0
STU2748,0,0.0,6,8,105.3,6,56.5,3.7,7.9,5.4,6.6,0.0,3.6,Declining,1.0
STU2749,0,0.0,4,4,130.0,3,62.2,4.4,6.0,7.9,7.0,4.7,4.2,Declining,1.0
STU2750,4,11.5,5,9,122.5,5,74.9,6.2,6.0,8.0,7.1,11.3,5.68,Declining,0.0
STU2751,0,0.0,5,8,112.0,5,56.6,8.8,8.4,4.7,8.6,11.7,3.18,Declining,0.0
STU2752,6,14.142857142857142,6,8,110.0,5,65.3,15.4,12.5,14.6,15.0,16.8,6.03,Declining,0.0
STU2753,0,0.0,6,6,149.5,5,59.3,7.5,8.2,12.4,10.3,6.0,2.05,Declining,1.0
STU2754,10,13.8,10,12,141.0,1,85.8,17.8,13.3,21.0,19.4,19.0,,Improving,1.0
STU2755,10,13.6,10,10,130.0,1,78.5,22.5,15.1,26.6,24.6,19.3,,Improving,0.0
STU2756,15,11.733333333333333,16,23,130.0,1,70.2,9.4,5.4,14.5,12.0,6.2,,Stable,0.0
STU2757,1,10.0,5,8,104.0,8,80.4,7.3,5.4,12.7,10.0,7.9,4.12,Stable,1.0
STU2758,0,0.0,6,19,110.0,7,54.5,0.0,7.8,9.4,8.6,6.8,3.08,Stable,1.0
STU2759,0,0.0,6,6,120.0,6,57.8,6.4,7.5,8.4,8.0,1.2,3.29,Declining,1.0
STU2760,4,10.8,6,12,130.0,1,76.3,12.3,18.9,14.9,16.9,10.8,,Improving,0.0
STU2761,6,13.046666666666669,7,8,127.0,4,68.2,10.1,12.2,8.4,11.1,10.2,6.98,Declining,1.0
STU2762,8,11.0,9,13,100.0,2,54.7,11.3,11.7,9.9,11.5,5.7,5.47,Declining,1.0
STU2763,3,12.333333333333334,6,10,111.0,3,69.2,10.2,9.3,17.4,13.8,4.6,4.82,Declining,0.0
STU2764,10,11.8,11,16,130.0,2,76.1,12.2,12.9,24.5,18.7,11.1,6.41,Stable,1.0
STU2765,3,11.0,5,8,130.1,6,82.7,22.9,23.2,14.4,23.0,23.6,6.09,Improving,0.0
STU2766,8,13.11,8,8,127.5,1,77.4,14.5,16.3,9.2,15.4,17.9,,Improving,1.0
STU2767,7,14.414285714285716,8,8,130.0,5,61.6,8.1,4.9,17.3,12.7,7.9,5.45,Stable,0.0
STU2768,0,0.0,5,5,115.0,8,67.2,6.2,10.3,11.3,10.8,8.2,3.93,Declining,1.0
STU2769,5,12.333333333333334,5,8,126.8,5,76.4,15.8,15.8,12.4,15.8,22.6,6.26,Stable,0.0
STU2770,0,0.0,7,9,116.7,1,68.7,6.1,0.3,0.0,3.2,1.0,,Stable,1.0
STU2771,7,14.1,7,9,128.5,7,72.6,24.2,24.0,18.3,24.1,22.8,6.36,Stable,1.0
STU2772,8,13.045,8,8,127.5,5,76.9,17.1,11.3,16.7,16.9,11.5,7.53,Declining,0.0
STU2773,5,12.858,8,10,117.5,3,68.3,21.8,26.4,14.1,24.1,16.4,7.73,Declining,1.0
STU2774,8,14.2525,8,8,148.8,5,76.0,15.8,18.0,22.8,20.4,20.4,7.24,Declining,0.0
STU2775,5,14.06,7,9,120.2,7,62.0,16.2,22.1,14.4,19.2,16.2,5.79,Improving,0.0
STU2776,7,15.075714285714286,8,8,127.3,4,89.8,27.3,21.7,25.9,26.6,25.5,9.1,Stable,0.0
STU2777,0,0.0,0,0,136.1,4,61.6,12.4,18.5,23.1,20.8,12.2,3.08,Improving,0.0
STU2778,4,13.75,5,5,122.4,3,80.7,19.4,20.6,18.7,20.0,22.4,7.11,Declining,0.0
STU2779,17,13.15,17,28,130.0,1,80.2,19.3,15.9,21.4,20.4,13.3,,Improving,0.0
STU2780,5,12.333333333333334,6,9,121.7,6,62.3,12.1,11.8,14.0,13.0,15.3,7.24,Declining,0.0
STU2781,7,13.778571428571428,7,8,122.7,1,85.6,9.0,4.8,20.9,15.0,11.5,,Stable,1.0
STU2782,3,10.333333333333334,6,12,129.2,3,57.7,10.7,9.2,15.8,13.2,2.6,5.71,Declining,1.0
STU2783,3,11.333333333333334,6,11,105.0,3,78.0,18.0,13.0,11.8,15.5,12.1,4.21,Stable,1.0
STU2784,5,13.2,6,7,129.9,2,85.5,21.6,16.3,18.6,20.1,21.3,6.54,Improving,0.0
STU2785,6,13.571428571428571,6,8,136.3,3,85.9,16.8,20.7,16.8,18.8,23.5,5.59,Improving,0.0
STU2786,11,12.75,11,14,114.9,5,77.0,23.7,19.0,19.2,21.4,21.9,5.12,Improving,1.0
STU2787,3,13.0,6,11,102.0,2,63.4,11.5,12.3,23.4,17.8,9.7,6.63,Declining,1.0
STU2788,3,11.333333333333334,5,7,111.3,2,67.6,9.5,12.4,17.1,14.8,6.8,4.27,Improving,0.0
STU2789,0,0.0,6,12,130.9,7,56.4,2.6,4.4,6.1,5.2,5.0,2.69,Stable,0.0
STU2790,0,0.0,0,0,100.0,8,47.0,0.0,6.2,11.6,8.9,1.0,2.43,Stable,1.0
STU2791,2,12.5,5,7,112.9,3,85.3,19.0,20.6,20.6,20.6,16.7,7.4,Declining,0.0
STU2792,6,14.857142857142858,6,7,112.7,3,77.1,16.8,15.3,10.5,16.0,14.1,7.08,Declining,1.0
STU2793,8,12.0,9,13,143.0,1,62.2,17.2,17.4,25.4,21.4,19.0,,Improving,1.0
STU2794,0,0.0,0,0,155.1,1,72.4,4.3,5.1,7.1,6.1,10.8,,Improving,1.0
STU2795,0,0.0,5,5,127.6,3,60.1,7.9,12.0,0.6,10.0,12.6,5.49,Stable,0.0
STU2796,7,12.828571428571427,7,8,146.6,8,66.6,9.1,17.8,11.5,14.6,13.5,6.13,Stable,1.0
STU2797,0,0.0,7,0,141.0,5,50.9,9.3,3.6,14.9,12.1,2.4,3.46,Stable,0.0
STU2798,6,13.333333333333334,6,6,120.6,3,83.9,15.1,4.8,8.4,11.8,12.2,5.32,Declining,0.0
STU2799,14,13.072857142857144,14,20,110.0,8,93.5,14.0,14.5,25.7,20.1,20.2,6.34,Stable,0.0
STU2800,5,12.0,7,13,108.6,3,75.0,11.7,14.3,15.0,14.6,15.6,5.19,Improving,1.0
STU2801,6,15.5,6,6,134.9,2,85.8,15.7,22.6,23.0,22.8,18.5,5.72,Improving,0.0
STU2802,0,0.0,6,6,120.0,3,69.0,14.9,21.0,11.8,18.0,13.3,4.3,Improving,0.0
STU2803,6,14.714285714285714,6,7,141.3,2,83.1,14.7,17.9,22.9,20.4,17.1,4.74,Improving,0.0
STU2804,6,16.714285714285715,6,7,135.6,7,75.4,17.3,21.1,20.6,20.8,21.9,6.45,Stable,0.0
STU2805,6,10.857142857142858,6,9,121.5,3,70.6,7.4,13.2,13.4,13.3,10.6,4.26,Stable,0.0
STU2806,6,11.658333333333331,7,8,125.0,5,77.2,12.4,18.0,12.2,15.2,13.8,5.36,Declining,0.0
STU2807,5,11.6,6,8,119.1,3,69.0,18.9,11.5,21.0,20.0,11.9,6.14,Stable,0.0
STU2808,6,14.625,6,8,126.6,7,72.5,11.2,13.1,6.0,12.1,20.8,6.12,Declining,1.0
STU2809,6,12.166666666666666,6,6,116.7,5,84.1,15.0,15.4,21.6,18.5,10.9,6.48,Declining,1.0
STU2810,4,13.375,7,12,120.1,4,63.1,12.9,16.7,15.7,16.2,9.6,4.98,Stable,1.0
STU2811,6,12.5,6,6,124.9,1,65.7,11.5,12.6,17.5,15.0,12.0,,Stable,1.0
STU2812,5,12.56,7,8,114.0,7,72.4,17.1,21.9,5.5,19.5,16.6,6.3,Stable,0.0
STU2813,7,13.19,7,7,131.1,4,65.4,13.9,11.3,11.5,12.7,15.8,7.68,Declining,1.0
STU2814,3,11.0,6,11,129.3,2,54.2,11.8,15.0,12.4,13.7,16.2,5.27,Stable,0.0
STU2815,0,0.0,0,0,129.7,7,65.5,7.4,10.7,12.2,11.4,3.1,2.23,Improving,0.0
STU2816,5,11.6,6,11,120.8,1,63.0,13.7,9.2,10.4,12.0,7.8,,Stable,0.0
STU2817,6,14.266666666666666,7,7,135.0,2,68.2,16.0,8.8,27.2,21.6,8.2,6.09,Stable,0.0
STU2818,4,11.0,5,6,117.8,4,65.2,16.2,9.0,15.3,15.8,14.8,5.58,Stable,1.0
STU2819,9,12.666666666666666,10,11,130.0,3,87.8,20.1,22.9,16.7,21.5,21.4,6.04,Improving,0.0
STU2820,0,0.0,6,6,117.6,4,65.0,5.7,5.6,8.1,6.9,3.7,3.18,Declining,1.0
STU2821,7,12.771428571428572,8,11,130.8,2,64.3,7.9,5.4,8.5,8.2,7.6,5.43,Declining,1.0
STU2822,0,0.0,5,12,111.9,1,44.1,0.0,0.0,0.6,0.3,0.0,,Declining,1.0
STU2823,6,15.5,6,6,145.9,1,75.5,12.4,15.5,24.6,20.0,11.3,,Stable,0.0
STU2824,6,13.285714285714286,6,7,109.1,1,71.5,19.8,17.6,19.1,19.5,11.6,,Improving,1.0
STU2825,5,11.716666666666669,7,11,120.3,8,70.9,4.7,3.8,15.6,10.2,5.7,5.36,Stable,0.0
STU2826,6,11.333333333333334,6,8,113.5,4,69.3,18.5,13.3,22.5,20.5,14.8,4.69,Stable,0.0
STU2827,6,13.333333333333334,6,6,135.4,4,81.8,16.8,13.8,23.2,20.0,11.5,8.27,Declining,0.0
STU2828,4,12.333333333333334,5,13,130.2,3,84.4,23.9,23.3,17.8,23.6,23.1,5.81,Improving,1.0
STU2829,6,12.333333333333334,6,6,136.4,5,65.0,2.6,3.7,14.5,9.1,7.9,5.35,Declining,1.0
STU2830,0,0.0,0,0,126.9,1,68.6,10.3,8.3,7.8,9.3,4.9,,Improving,0.0
STU2831,5,12.6,5,8,119.8,2,57.6,18.5,17.2,14.3,17.8,14.6,5.5,Declining,1.0
STU2832,5,12.6,5,5,124.4,5,97.3,19.9,20.9,20.1,20.5,20.6,7.62,Stable,0.0
STU2833,6,14.333333333333334,6,10,120.0,4,73.6,16.6,16.3,19.2,17.9,15.7,5.78,Improving,0.0
STU2834,3,12.0,5,8,111.8,6,65.5,2.6,7.4,2.9,5.2,0.2,4.23,Declining,1.0
STU2835,6,14.857142857142858,6,7,130.0,7,80.9,12.3,11.7,13.8,13.0,10.4,6.32,Declining,1.0
STU2836,12,11.916666666666666,15,17,138.0,6,70.9,23.0,19.2,20.7,21.8,17.4,9.53,Declining,0.0
STU2837,0,0.0,5,5,114.6,2,56.0,4.8,2.7,5.0,4.9,2.7,4.24,Declining,1.0
STU2838,3,13.333333333333334,5,12,108.0,1,69.4,13.9,7.8,20.7,17.3,9.9,,Stable,1.0
STU2839,0,0.0,5,5,140.0,2,52.5,10.3,16.3,18.5,17.4,17.5,5.08,Improving,0.0
STU2840,6,17.0,6,6,134.7,6,80.7,12.9,16.5,14.3,15.4,13.7,6.96,Declining,0.0
STU2841,3,11.666666666666666,6,13,110.0,7,51.6,14.1,15.6,15.7,15.6,7.1,6.29,Declining,0.0
STU2842,19,12.210526315789474,19,24,104.8,7,96.4,18.9,18.5,29.6,24.2,18.3,5.78,Improving,1.0
STU2843,6,13.0,6,8,126.5,2,81.0,18.0,17.1,18.7,18.4,22.8,6.71,Improving,0.0
STU2844,0,0.0,5,0,118.1,6,62.7,4.4,1.9,6.1,5.2,2.4,4.32,Declining,0.0
STU2845,2,10.5,5,9,119.9,4,48.0,4.1,5.4,15.0,10.2,3.4,5.84,Declining,1.0
STU2846,6,13.571428571428571,6,7,160.0,6,64.1,13.4,13.3,15.6,14.5,11.6,5.02,Stable,1.0
STU2847,1,14.0,3,7,100.5,4,77.7,14.4,25.7,22.3,24.0,19.8,4.2,Improving,0.0
STU2848,0,0.0,5,5,110.0,1,89.4,5.7,5.6,4.1,5.6,3.4,,Improving,1.0
STU2849,13,12.461538461538462,15,20,100.0,1,86.5,18.0,19.1,18.1,18.6,11.7,,Stable,1.0
STU2850,4,14.4,6,8,140.0,8,86.3,22.3,27.0,26.3,26.6,19.9,7.39,Stable,0.0
STU2851,0,0.0,6,6,109.0,3,57.4,3.5,11.9,8.0,10.0,6.2,2.44,Improving,1.0
STU2852,6,14.333333333333334,6,6,120.9,3,70.4,19.4,10.8,20.8,20.1,16.6,8.8,Declining,0.0
STU2853,11,11.909090909090908,13,21,125.8,3,87.6,17.5,15.0,12.0,16.2,13.6,7.43,Stable,0.0
STU2854,6,13.714285714285714,6,8,161.2,3,66.6,22.2,22.4,20.2,22.3,19.3,6.95,Stable,1.0
STU2855,0,0.0,7,0,122.0,8,41.1,5.2,6.5,10.8,8.6,4.9,3.01,Improving,1.0
STU2856,5,13.46,7,10,127.9,1,66.3,16.6,12.4,16.3,16.5,11.3,,Stable,1.0
STU2857,6,15.0,6,6,135.8,1,83.1,10.7,12.1,20.7,16.4,11.1,,Stable,0.0
STU2858,0,0.0,0,0,149.7,6,56.9,11.8,11.0,12.0,11.9,11.4,5.71,Declining,1.0
STU2859,5,13.4,6,7,137.3,4,72.1,12.0,18.2,16.4,17.3,9.8,4.96,Stable,0.0
STU2860,5,13.0,6,9,106.0,1,65.6,12.3,7.6,20.0,16.2,10.4,,Improving,1.0
STU2861,4,11.25,6,13,110.0,1,51.4,19.4,15.5,12.9,17.4,10.8,,Improving,1.0
STU2862,5,12.6,5,5,146.4,2,68.9,20.7,14.8,18.6,19.6,12.5,7.11,Declining,1.0
STU2863,6,12.666666666666666,6,8,121.0,2,62.2,19.9,15.0,16.0,18.0,13.1,5.16,Stable,0.0
STU2864,21,12.333333333333334,21,23,125.2,1,78.7,24.6,24.1,28.7,26.6,28.6,,Stable,0.0
STU2865,5,12.0,6,11,119.6,2,60.7,16.2,17.8,19.2,18.5,8.7,4.81,Declining,1.0
STU2866,5,16.4,5,5,142.8,5,61.4,15.3,13.0,10.4,14.2,11.6,7.03,Declining,0.0
STU2867,0,0.0,1,1,123.5,7,61.8,8.2,12.4,14.0,13.2,8.7,3.13,Stable,1.0
STU2868,6,12.75,6,10,100.0,7,80.9,25.8,29.3,23.1,27.6,28.8,7.68,Stable,0.0
STU2869,4,14.5,5,14,140.0,3,61.9,15.3,15.4,21.0,18.2,21.7,7.63,Stable,0.0
STU2870,5,14.8,5,5,150.3,2,74.6,18.8,17.9,30.0,24.4,15.7,6.46,Stable,0.0
STU2871,17,10.36842105263158,17,22,128.2,8,85.0,9.7,6.2,11.7,10.7,10.0,6.07,Declining,1.0
STU2872,0,0.0,7,0,114.3,6,43.2,7.7,6.6,1.7,7.2,5.3,3.44,Declining,1.0
STU2873,6,10.666666666666666,10,15,117.3,4,68.1,8.8,4.1,12.9,10.9,6.0,5.49,Declining,0.0
STU2874,13,12.692307692307692,15,21,120.0,2,68.4,17.3,23.6,19.2,21.4,19.1,6.66,Stable,0.0
STU2875,0,0.0,5,0,110.7,3,63.7,0.0,8.5,10.9,9.7,0.0,4.35,Declining,1.0
STU2876,15,11.8,15,15,118.0,4,68.8,14.5,10.3,12.2,13.4,11.1,5.77,Declining,1.0
STU2877,0,0.0,7,7,169.2,4,49.7,2.2,2.0,2.5,2.4,3.5,4.03,Declining,1.0
STU2878,5,12.333333333333334,6,9,106.8,1,67.1,15.5,16.8,8.8,16.2,11.3,,Stable,1.0
STU2879,11,13.0,12,18,100.0,8,69.7,13.8,11.5,9.5,12.6,13.5,5.68,Declining,1.0
STU2880,4,12.5,6,13,144.5,4,72.3,14.0,16.8,16.3,16.6,8.2,5.36,Declining,0.0
STU2881,5,12.2,6,8,134.5,4,60.3,14.1,13.7,16.9,15.5,13.6,6.18,Stable,1.0
STU2882,8,11.0,10,15,114.3,2,84.3,12.7,18.4,27.7,23.0,19.7,7.35,Improving,0.0
STU2883,1,10.0,5,14,113.4,6,77.0,16.5,16.0,8.5,16.2,13.8,5.49,Improving,1.0
STU2884,6,12.333333333333334,6,7,128.0,5,66.1,13.3,20.7,21.1,20.9,12.6,4.45,Improving,1.0
STU2885,13,14.307692307692308,13,13,120.0,1,73.7,17.1,18.1,16.9,17.6,11.4,,Stable,1.0
STU2886,11,14.454545454545457,11,13,147.5,4,77.1,21.2,16.2,22.8,22.0,19.1,7.76,Stable,0.0
STU2887,5,11.0,5,6,120.7,5,60.1,21.5,30.0,17.8,25.8,26.1,5.46,Improving,0.0
STU2888,6,13.142857142857142,6,8,153.7,6,58.0,17.2,19.6,24.6,22.1,16.9,7.3,Stable,0.0
STU2889,6,13.75,6,8,121.9,2,64.4,13.7,16.2,21.8,19.0,12.2,4.86,Improving,0.0
STU2890,6,14.0,6,6,119.4,7,67.5,16.0,17.1,17.2,17.2,8.1,6.33,Declining,1.0
STU2891,8,13.75,8,13,157.8,3,60.3,7.6,1.4,21.6,14.6,6.2,6.75,Declining,1.0
STU2892,0,0.0,5,5,154.0,1,60.6,3.0,0.0,11.8,7.4,0.0,,Stable,0.0
STU2893,6,13.166666666666666,6,6,135.9,1,82.8,14.2,14.2,24.0,19.1,11.1,,Stable,0.0
STU2894,9,12.444444444444445,12,12,130.0,2,78.1,11.8,17.9,16.8,17.4,19.9,6.67,Stable,0.0
STU2895,6,12.666666666666666,6,7,118.9,2,66.9,6.6,9.0,18.2,13.6,1.3,6.95,Declining,1.0
STU2896,6,11.333333333333334,6,7,152.4,4,51.0,16.7,21.1,13.6,18.9,10.7,3.48,Improving,0.0
STU2897,4,11.25,5,9,147.8,6,80.9,18.1,20.8,16.0,19.5,18.8,6.58,Stable,0.0
STU2898,7,13.6125,7,8,100.0,2,72.1,15.5,13.7,27.1,21.3,12.2,4.37,Improving,1.0
STU2899,7,12.414285714285716,8,8,129.0,8,72.3,10.7,13.9,10.4,12.3,9.7,4.88,Stable,0.0
STU2900,0,0.0,0,0,148.9,2,77.4,9.0,14.1,9.8,12.0,11.2,3.69,Improving,0.0
STU2901,11,11.5,12,21,120.0,4,62.8,16.8,14.5,8.5,15.6,15.3,5.86,Stable,0.0
STU2902,0,0.0,5,5,170.0,7,35.0,3.7,7.0,3.3,5.4,0.9,3.74,Declining,1.0
STU2903,7,11.0,7,10,130.0,6,65.0,18.9,15.3,14.8,17.1,13.8,7.36,Declining,1.0
STU2904,6,14.0,6,6,119.2,5,74.3,11.1,4.0,11.6,11.4,8.0,6.11,Stable,1.0
STU2905,4,12.0,6,13,129.0,5,68.4,13.8,17.5,17.7,17.6,14.9,6.2,Declining,1.0
STU2906,6,12.5,6,7,132.5,1,60.9,20.3,23.0,22.2,22.6,21.2,,Improving,1.0
STU2907,6,11.333333333333334,6,8,115.0,1,60.5,21.6,21.8,15.7,21.7,17.4,,Improving,0.0
STU2908,6,14.066666666666668,7,7,128.0,3,69.8,21.8,23.1,16.8,22.5,21.5,3.35,Improving,0.0
STU2909,8,13.555555555555555,9,14,125.1,1,57.4,14.9,15.0,21.3,18.2,17.2,,Improving,0.0
STU2910,5,11.6,6,13,140.0,3,77.7,16.3,7.7,25.2,20.8,11.8,7.53,Declining,0.0
STU2911,0,0.0,6,0,120.9,2,48.8,2.4,8.9,12.6,10.8,4.3,3.94,Stable,1.0
STU2912,8,13.27625,8,8,135.3,7,75.6,13.4,12.7,13.2,13.3,12.6,9.55,Declining,1.0
STU2913,0,0.0,6,0,125.2,7,47.9,0.0,0.0,11.6,5.8,0.0,1.98,Stable,0.0
STU2914,6,14.375,6,8,135.7,6,67.6,11.0,18.3,23.3,20.8,9.8,5.87,Stable,1.0
STU2915,0,0.0,5,0,110.0,5,55.1,5.1,9.3,0.5,7.2,5.0,3.73,Declining,1.0
STU2916,6,10.666666666666666,6,7,119.0,1,77.9,23.9,23.7,27.1,25.5,23.2,,Improving,1.0
STU2917,12,13.416666666666666,13,19,110.0,1,81.8,25.9,26.2,25.5,26.0,20.5,,Stable,0.0
STU2918,6,12.97166666666667,7,9,115.2,5,77.0,16.1,12.2,18.2,17.2,13.7,7.38,Declining,0.0
STU2919,14,10.928571428571429,15,16,112.9,5,59.7,17.3,15.9,17.5,17.4,14.3,6.04,Stable,0.0
STU2920,0,0.0,6,6,119.4,3,51.2,5.3,10.8,11.8,11.3,13.7,3.43,Stable,1.0
STU2921,0,0.0,0,0,152.9,4,50.9,8.3,5.3,13.5,10.9,8.3,3.5,Stable,0.0
STU2922,4,13.25,6,6,117.5,4,89.4,18.3,12.7,22.6,20.5,16.9,4.82,Improving,1.0
STU2923,6,11.333333333333334,6,14,98.5,2,50.3,15.3,18.7,7.6,17.0,18.2,4.4,Improving,0.0
STU2924,1,11.0,5,6,108.0,2,58.8,8.1,6.6,8.6,8.4,4.9,5.63,Declining,1.0
STU2925,7,12.757142857142856,8,9,120.0,3,69.7,18.0,20.0,18.1,19.0,22.1,6.58,Stable,0.0
STU2926,6,14.5,6,6,150.2,4,76.1,11.7,8.1,26.1,18.9,11.2,7.88,Declining,1.0
STU2927,6,13.833333333333334,6,6,139.2,8,86.4,23.8,14.8,8.6,19.3,17.7,7.75,Stable,0.0
STU2928,4,11.25,5,8,130.0,4,67.3,14.4,18.3,14.5,16.4,10.6,6.77,Declining,1.0
STU2929,0,0.0,0,0,115.7,5,49.9,4.0,2.0,0.0,3.0,0.9,2.62,Declining,1.0
STU2930,1,13.67,8,10,127.0,6,75.6,4.9,5.5,6.8,6.2,0.0,5.93,Declining,1.0
STU2931,0,0.0,5,9,118.1,1,68.3,2.4,0.0,10.0,6.2,0.0,,Improving,1.0
STU2932,1,13.0,5,10,119.1,5,84.1,21.0,25.5,17.6,23.2,18.6,4.85,Improving,0.0
STU2933,0,0.0,5,5,111.9,4,56.9,5.7,10.6,0.0,8.2,5.8,2.86,Stable,1.0
STU2934,7,11.971428571428572,8,12,130.5,4,75.2,20.7,22.0,20.4,21.4,14.5,5.42,Stable,1.0
STU2935,0,0.0,6,12,135.0,1,53.1,4.6,6.5,16.4,11.4,7.2,,Improving,0.0
STU2936,1,16.0,6,11,130.0,7,62.9,14.0,5.6,3.8,9.8,10.9,3.68,Stable,1.0
STU2937,0,0.0,6,0,150.0,8,44.4,4.8,3.7,8.8,6.8,9.6,2.73,Stable,1.0
STU2938,4,12.75,6,9,150.2,1,86.3,15.1,12.3,26.9,21.0,19.8,,Stable,0.0
STU2939,4,11.0,5,9,127.1,2,68.8,12.9,10.2,14.4,13.6,11.3,5.03,Stable,0.0
STU2940,0,0.0,2,2,107.5,2,51.6,10.7,9.2,17.1,13.9,11.7,1.84,Improving,1.0
STU2941,5,12.2,6,7,130.0,6,65.5,20.6,22.1,18.6,21.4,20.7,7.06,Stable,0.0
STU2942,7,12.428571428571429,7,9,152.8,4,79.5,19.2,20.1,28.6,24.4,17.0,7.04,Declining,0.0
STU2943,12,14.5,12,12,160.1,2,62.8,29.6,21.2,29.9,29.8,22.0,6.63,Improving,1.0
STU2944,6,13.0,12,13,140.0,6,66.5,20.3,19.4,19.0,19.8,20.3,5.61,Improving,1.0
STU2945,7,11.714285714285714,7,7,110.7,3,63.9,17.3,17.8,10.5,17.6,30.0,6.69,Improving,1.0
STU2946,4,10.25,7,12,138.3,3,72.2,15.6,11.0,11.7,13.6,16.7,4.55,Improving,0.0
STU2947,0,0.0,6,0,150.0,3,80.1,13.6,13.4,3.0,13.5,12.9,3.36,Stable,0.0
STU2948,6,12.375,6,9,112.3,4,76.5,18.5,18.1,21.2,19.8,18.4,6.5,Improving,0.0
STU2949,6,12.666666666666666,6,6,122.0,4,86.7,7.5,8.3,18.3,13.3,10.4,5.88,Stable,0.0
STU2950,3,10.5,6,13,141.7,2,79.1,18.0,19.2,19.7,19.4,16.8,7.76,Stable,0.0
STU2951,6,14.125,6,11,118.4,3,77.7,12.4,14.3,14.8,14.6,15.1,5.37,Stable,0.0
STU2952,6,14.666666666666666,6,7,128.7,7,93.2,16.1,12.5,25.6,20.8,13.4,6.75,Stable,0.0
STU2953,5,11.4,5,8,100.0,4,59.3,11.3,6.7,14.8,13.0,4.8,5.98,Declining,1.0
STU2954,0,0.0,0,0,100.8,7,44.8,0.0,5.6,3.2,4.4,4.1,1.7,Stable,1.0
STU2955,6,14.0,6,7,125.5,4,70.4,3.6,6.3,12.1,9.2,7.6,5.34,Declining,1.0
STU2956,0,0.0,0,0,124.0,6,52.0,9.2,7.3,17.1,13.2,6.0,2.87,Improving,1.0
STU2957,0,0.0,7,7,130.0,2,59.2,9.0,8.2,12.7,10.8,8.6,4.9,Stable,1.0
STU2958,11,12.636363636363637,11,11,160.5,6,75.5,8.8,12.9,16.7,14.8,15.0,6.44,Stable,0.0
STU2959,3,12.333333333333334,6,11,100.0,2,62.2,10.6,9.3,14.2,12.4,9.4,5.67,Declining,1.0
STU2960,6,15.0,6,7,103.0,1,93.7,23.5,19.9,24.9,24.2,18.5,,Improving,1.0
STU2961,4,11.75,6,8,103.0,2,52.3,8.7,5.9,9.5,9.1,4.2,5.09,Declining,0.0
STU2962,7,14.13714285714286,8,8,131.5,1,79.9,21.9,15.9,17.4,19.6,16.3,,Stable,0.0
STU2963,2,12.0,6,6,121.4,8,73.7,18.3,23.6,18.3,21.0,24.3,5.97,Stable,1.0
STU2964,5,10.8,5,5,137.3,8,52.7,7.0,7.8,20.2,14.0,6.8,7.0,Declining,0.0
STU2965,6,13.285714285714286,6,8,138.4,6,65.7,15.7,13.6,21.7,18.7,15.2,6.09,Stable,1.0
STU2966,5,13.6,5,7,131.1,1,59.9,10.2,6.2,11.3,10.8,6.7,,Stable,1.0
STU2967,7,13.55,7,8,100.0,7,80.9,12.0,11.5,22.2,17.1,10.4,8.81,Declining,0.0
STU2968,0,0.0,8,8,133.0,6,49.5,0.0,2.6,5.7,4.2,0.0,3.67,Declining,1.0
STU2969,4,13.5,6,10,100.0,3,75.7,14.8,20.2,21.8,21.0,17.0,4.65,Stable,0.0
STU2970,5,11.6,6,8,159.0,4,59.3,13.2,8.6,17.8,15.5,8.9,5.64,Declining,0.0
STU2971,10,12.5,10,16,120.6,5,97.8,19.7,12.0,10.4,15.8,19.8,5.82,Stable,1.0
STU2972,1,11.0,5,14,134.0,1,67.8,17.2,15.8,2.3,16.5,14.4,,Improving,0.0
STU2973,3,12.0,5,9,139.4,4,74.4,16.6,15.1,18.2,17.4,14.4,5.79,Improving,0.0
STU2974,4,11.6,5,8,116.5,5,61.0,15.2,11.9,11.0,13.6,11.6,6.23,Declining,1.0
STU2975,0,0.0,0,0,113.9,2,48.3,4.1,9.0,0.3,6.6,6.9,4.07,Declining,1.0
STU2976,10,14.636363636363637,10,14,130.0,3,94.4,21.2,20.7,17.9,21.0,24.9,7.5,Stable,0.0
STU2977,6,13.0,6,8,129.9,4,51.7,13.2,13.6,20.2,16.9,8.7,4.62,Stable,1.0
STU2978,14,12.785714285714286,18,23,133.7,5,78.7,16.2,10.5,20.6,18.4,14.1,7.26,Stable,0.0
STU2979,6,14.5,6,6,124.8,8,59.8,22.8,16.1,22.3,22.6,11.6,7.21,Stable,0.0
STU2980,4,14.6,5,12,133.6,6,78.0,11.5,9.6,22.2,16.8,16.0,6.31,Stable,1.0
STU2981,6,12.5,6,7,133.5,5,65.7,7.4,3.7,10.3,8.9,6.0,5.81,Declining,1.0
STU2982,6,14.0,6,6,128.0,4,69.9,21.2,23.0,26.2,24.6,15.0,7.51,Stable,0.0
STU2983,7,13.801428571428572,7,7,127.2,4,72.7,14.7,7.5,19.4,17.0,6.1,6.32,Declining,0.0
STU2984,6,14.428571428571429,6,7,150.0,4,53.1,12.1,11.3,17.8,15.0,14.9,8.1,Declining,1.0
STU2985,6,14.35,7,7,127.8,1,65.2,8.9,7.4,14.3,11.6,2.0,,Improving,0.0
STU2986,6,14.333333333333334,6,6,125.2,5,70.4,11.3,13.4,20.1,16.8,13.0,6.42,Declining,1.0
STU2987,4,12.25,6,10,110.0,5,56.8,17.7,17.7,13.9,17.7,14.4,6.47,Stable,0.0
STU2988,6,13.333333333333334,6,9,100.0,4,89.4,22.9,20.2,26.3,24.6,18.9,7.42,Declining,1.0
STU2989,12,13.0,12,12,151.4,7,72.9,26.1,21.6,25.7,25.9,19.2,7.14,Improving,1.0
STU2990,4,11.75,6,10,125.1,5,72.3,10.4,16.1,18.0,17.0,9.5,6.22,Stable,1.0
STU2991,6,14.5,6,8,163.3,3,73.7,14.0,13.9,27.2,20.6,12.2,8.11,Declining,1.0
STU2992,7,11.82,8,8,118.0,1,75.8,12.2,18.1,13.5,15.8,16.9,,Stable,0.0
STU2993,0,0.0,6,0,140.2,1,67.6,11.7,9.0,7.8,10.4,7.5,,Improving,1.0
STU2994,5,12.4,6,6,128.5,3,100.0,22.0,21.9,19.9,22.0,22.0,6.31,Stable,0.0
STU2995,6,12.571428571428571,6,7,131.5,3,76.5,14.7,16.0,18.6,17.3,13.3,6.51,Stable,1.0
STU2996,7,13.857142857142858,7,7,132.6,2,80.5,15.8,17.2,23.1,20.2,17.4,7.09,Stable,0.0
STU2997,5,11.833333333333334,6,9,122.1,2,80.2,11.2,9.3,8.9,10.2,11.0,4.26,Stable,1.0
STU2998,4,11.0,5,10,112.0,2,78.4,13.3,13.7,30.0,21.8,11.3,6.66,Declining,1.0
STU2999,6,14.666666666666666,6,6,133.0,6,91.3,20.8,26.3,19.3,23.6,18.1,6.51,Stable,1.0
STU3000,0,0.0,4,4,127.0,6,60.7,4.2,9.7,9.4,9.6,9.4,4.41,Stable,1.0
STU3001,7,12.714285714285714,8,12,130.0,3,78.4,13.5,17.9,19.9,18.9,12.3,8.21,Declining,0.0
STU3002,7,13.422222222222224,7,9,136.4,2,79.4,20.5,15.6,20.7,20.6,18.7,6.37,Stable,1.0
STU3003,6,14.0,6,7,129.0,1,64.1,18.8,11.9,17.7,18.2,15.2,,Declining,1.0
STU3004,7,12.142857142857142,7,8,119.0,1,67.3,12.3,15.2,19.3,17.2,10.7,,Stable,1.0
STU3005,5,12.8,5,5,128.0,3,56.1,13.9,15.4,12.8,14.6,15.2,5.92,Stable,0.0
STU3006,7,14.572857142857142,7,7,117.1,1,56.6,18.9,14.1,9.8,16.5,20.2,,Improving,0.0
STU3007,4,11.25,5,9,136.3,3,63.7,10.7,7.8,6.8,9.2,10.7,5.55,Declining,0.0
STU3008,2,10.0,5,12,124.6,8,60.2,10.9,17.9,23.3,20.6,14.0,5.58,Stable,1.0
STU3009,5,14.4,6,8,130.7,4,71.8,16.9,18.3,24.2,21.2,22.2,5.59,Improving,0.0
STU3010,7,12.982857142857142,7,7,115.2,6,75.3,18.3,21.2,10.7,19.8,12.0,6.16,Declining,1.0
STU3011,6,15.75,6,14,130.2,1,85.6,24.7,21.2,28.8,26.8,17.5,,Stable,0.0
STU3012,5,12.285714285714286,6,11,128.5,2,61.0,18.3,13.1,7.8,15.7,12.5,6.54,Stable,1.0
STU3013,6,13.755,7,7,95.0,8,76.0,10.7,14.9,15.2,15.0,17.2,7.04,Declining,0.0
STU3014,6,13.833333333333334,6,7,119.4,3,71.5,18.6,15.5,13.0,17.0,19.2,6.59,Declining,0.0
STU3015,0,0.0,7,0,123.5,5,62.4,0.5,2.0,12.0,7.0,0.0,4.02,Declining,1.0
STU3016,7,14.711111111111112,7,9,133.9,8,61.7,15.4,9.8,19.8,17.6,10.5,7.04,Declining,0.0
STU3017,11,14.615384615384617,11,13,145.2,4,73.8,16.5,14.0,23.7,20.1,9.7,5.82,Stable,0.0
STU3018,7,13.677142857142858,7,7,118.8,2,86.2,24.2,25.2,21.1,24.7,22.2,8.1,Stable,0.0
STU3019,5,13.166666666666666,5,8,123.4,4,81.2,15.2,8.6,16.1,15.6,14.9,6.43,Declining,0.0
STU3020,5,10.8,6,11,123.0,1,53.4,11.5,16.7,5.9,14.1,15.9,,Improving,0.0
STU3021,3,12.0,5,8,118.4,1,58.5,3.2,0.0,5.4,4.3,3.4,,Stable,0.0
STU3022,6,13.958333333333334,7,8,131.6,1,70.0,18.2,15.9,25.5,21.8,14.8,,Stable,0.0
STU3023,4,13.0,6,9,122.3,7,65.8,11.9,12.6,18.4,15.5,11.5,5.87,Declining,1.0
STU3024,0,0.0,0,0,151.7,5,41.6,15.7,12.6,10.9,14.2,14.0,3.44,Improving,0.0
STU3025,0,0.0,0,0,176.0,2,57.4,5.1,4.7,15.0,10.0,13.3,2.69,Stable,0.0
STU3026,7,14.0,8,8,133.0,2,79.6,17.0,15.4,12.9,16.2,10.8,6.07,Declining,0.0
STU3027,6,12.571428571428571,6,10,139.8,5,68.2,18.1,16.1,23.0,20.6,22.0,6.15,Improving,1.0
STU3028,4,12.0,6,6,119.6,7,62.8,4.1,12.2,6.6,9.4,8.8,5.3,Stable,0.0
STU3029,8,13.625,8,8,134.0,2,68.9,12.8,15.5,23.7,19.6,16.4,5.77,Stable,0.0
STU3030,4,12.5,5,7,132.0,3,81.0,17.1,14.6,20.3,18.7,15.4,3.72,Improving,0.0
STU3031,14,12.428571428571429,15,25,130.0,7,70.1,18.1,12.6,23.8,21.0,19.8,6.34,Stable,0.0
STU3032,7,13.3875,7,8,141.4,7,71.0,8.4,6.9,13.8,11.1,9.8,5.49,Declining,0.0
STU3033,6,12.648333333333332,7,8,128.9,7,59.1,10.2,10.5,24.2,17.4,7.4,4.46,Improving,0.0
STU3034,6,14.0,6,6,118.1,2,63.1,20.7,21.7,29.4,25.5,20.9,7.27,Improving,0.0
STU3035,5,12.8,5,12,130.6,1,80.2,20.1,16.9,22.2,21.2,21.4,,Improving,0.0
STU3036,6,11.333333333333334,6,8,122.0,3,70.2,20.4,11.7,23.4,21.9,14.7,6.36,Stable,0.0
STU3037,0,0.0,7,0,123.0,2,55.6,1.6,5.4,5.9,5.6,0.0,3.2,Declining,1.0
STU3038,6,14.166666666666666,6,6,126.7,7,84.0,21.3,20.4,14.0,20.8,18.4,5.62,Stable,1.0
STU3039,6,12.833333333333334,6,6,126.6,1,80.2,13.3,10.5,18.9,16.1,11.5,,Stable,0.0
STU3040,4,12.0,7,11,125.4,5,54.3,20.6,24.3,14.6,22.5,19.7,6.03,Improving,1.0
STU3041,6,13.0,6,6,136.1,7,83.2,18.8,6.0,25.3,22.0,10.5,7.37,Stable,1.0
STU3042,6,13.39,7,8,128.8,8,73.8,6.9,12.8,20.7,16.8,15.0,4.59,Stable,1.0
STU3043,6,12.333333333333334,6,6,111.1,5,62.0,15.8,17.1,16.9,17.0,5.9,6.34,Stable,0.0
STU3044,6,12.571428571428571,6,8,135.9,8,73.1,12.7,10.8,16.8,14.8,11.6,4.84,Stable,0.0
STU3045,6,12.333333333333334,6,6,119.6,1,55.6,13.5,11.2,21.1,17.3,12.2,,Stable,1.0
STU3046,5,13.0,6,8,116.7,3,81.9,7.6,10.7,15.7,13.2,16.9,4.63,Stable,0.0
STU3047,3,12.333333333333334,5,7,126.0,1,75.7,21.9,23.4,17.9,22.6,20.1,,Improving,1.0
STU3048,6,13.166666666666666,6,6,134.2,8,66.8,14.9,12.0,11.3,13.4,14.7,5.4,Stable,1.0
STU3049,5,13.333333333333334,5,7,123.0,7,69.3,23.7,18.4,25.2,24.4,19.6,6.08,Improving,0.0
STU3050,4,13.0,5,9,123.9,1,60.4,16.0,23.1,22.2,22.6,18.6,,Improving,0.0
STU3051,5,10.9,7,21,120.0,1,69.4,11.8,15.8,30.0,22.9,19.8,,Improving,0.0
STU3052,2,11.5,5,8,112.3,3,58.6,15.9,14.8,13.8,15.4,9.3,5.1,Declining,0.0
STU3053,6,15.857142857142858,6,7,123.0,2,58.8,14.6,13.7,18.3,16.4,10.8,6.39,Declining,1.0
STU3054,5,12.6,5,5,122.3,6,77.0,14.2,16.3,18.4,17.4,16.9,8.31,Declining,0.0
STU3055,6,14.0,6,8,122.8,2,82.1,9.4,12.1,18.7,15.4,11.6,6.8,Declining,0.0
STU3056,3,14.666666666666666,5,8,160.0,6,70.0,12.7,3.5,10.5,11.6,7.2,6.98,Declining,1.0
STU3057,6,13.666666666666666,6,6,120.1,4,67.3,16.3,12.5,16.5,16.4,13.1,4.29,Stable,1.0
STU3058,0,0.0,6,0,142.4,3,58.4,0.0,1.0,9.9,5.4,4.1,1.8,Declining,1.0
STU3059,7,12.628571428571428,8,8,127.3,1,69.1,11.8,10.8,14.0,12.9,12.6,,Improving,0.0
STU3060,7,14.232857142857142,8,8,125.5,8,62.4,14.0,16.8,21.5,19.2,11.9,7.81,Declining,0.0
STU3061,6,15.0,6,6,137.4,5,73.4,20.1,14.2,21.8,21.0,17.3,9.48,Declining,1.0
STU3062,2,10.0,6,15,122.0,3,64.0,18.7,11.7,17.6,18.2,13.4,4.76,Stable,0.0
STU3063,4,12.25,6,11,107.5,3,79.8,17.6,14.1,25.5,21.6,17.0,6.48,Improving,0.0
STU3064,6,13.5,6,6,104.0,7,70.9,12.0,12.8,15.3,14.0,10.7,6.49,Declining,0.0
STU3065,5,12.2,6,8,133.1,6,71.6,25.8,26.7,13.7,26.2,18.4,5.66,Improving,1.0
STU3066,0,0.0,6,0,113.3,6,39.9,3.2,9.3,6.3,7.8,7.8,3.29,Stable,1.0
STU3067,6,12.0,7,11,130.0,5,77.9,14.8,13.7,13.7,14.2,15.5,6.74,Stable,0.0
STU3068,5,12.32,7,9,124.3,7,71.9,14.0,17.1,8.0,15.6,19.8,8.6,Declining,0.0
STU3069,6,12.35,7,11,105.0,2,100.0,17.4,17.5,20.0,18.8,11.7,8.11,Declining,0.0
STU3070,0,0.0,6,0,144.0,5,49.7,5.0,8.1,8.4,8.2,5.2,5.06,Declining,0.0
STU3071,6,11.333333333333334,6,7,111.9,3,74.9,19.5,17.0,23.5,21.5,15.8,4.51,Improving,0.0
STU3072,0,0.0,6,6,107.5,4,79.4,6.8,6.6,2.7,6.7,4.1,4.46,Stable,0.0
STU3073,5,11.6,6,8,127.4,8,65.4,15.3,11.4,14.4,14.8,6.1,4.08,Declining,0.0
STU3074,4,12.0,5,10,149.0,8,73.9,21.5,16.5,25.3,23.4,13.5,8.06,Declining,0.0
STU3075,12,11.75,15,17,120.0,4,69.3,20.1,22.3,19.4,21.2,20.7,8.32,Stable,0.0
STU3076,5,12.8,6,8,143.6,4,82.9,15.5,15.3,19.2,17.4,12.3,6.29,Declining,0.0
STU3077,3,11.333333333333334,5,7,120.0,7,57.2,17.7,13.7,23.6,20.6,11.1,4.85,Stable,0.0
STU3078,0,0.0,5,5,128.0,8,55.8,0.0,3.7,0.0,1.8,6.8,2.76,Stable,1.0
STU3079,5,10.8,5,5,118.2,6,58.9,21.0,19.3,17.2,20.2,26.0,4.5,Improving,0.0
STU3080,5,12.5,6,10,160.0,1,75.9,16.8,11.1,25.1,21.0,13.5,,Stable,0.0
STU3081,5,15.2,5,5,152.4,3,61.1,15.2,14.0,16.7,16.0,8.4,6.82,Declining,0.0
STU3082,7,13.314285714285717,7,7,116.6,7,79.5,7.8,12.6,20.6,16.6,11.3,6.76,Declining,0.0
STU3083,11,13.090909090909092,12,12,141.6,6,74.4,13.5,11.2,21.8,17.6,4.7,8.35,Declining,1.0
STU3084,0,0.0,6,0,105.5,6,41.1,8.1,6.8,15.6,11.8,0.9,2.44,Declining,1.0
STU3085,5,12.2,6,8,116.3,5,78.8,22.6,22.7,21.0,22.6,21.3,5.94,Improving,1.0
STU3086,6,12.833333333333334,8,10,110.0,3,68.3,13.7,11.2,25.8,19.8,7.0,6.72,Stable,0.0
STU3087,15,11.2,15,17,119.5,3,72.9,15.9,11.2,17.9,16.9,11.5,5.78,Stable,0.0
STU3088,3,12.333333333333334,5,8,125.0,6,73.2,12.8,7.2,7.4,10.1,3.8,6.07,Declining,0.0
STU3089,7,15.94285714285714,8,8,160.0,2,83.1,23.8,22.7,20.2,23.2,21.6,7.64,Stable,0.0
STU3090,0,0.0,5,0,150.0,5,41.0,18.4,13.6,18.3,18.4,17.8,3.98,Improving,0.0
STU3091,4,10.25,6,10,115.0,5,77.7,21.7,24.3,24.6,24.5,18.2,5.96,Improving,0.0
STU3092,5,13.2,6,10,128.4,6,68.0,12.8,13.7,14.5,14.1,12.3,5.4,Declining,1.0
STU3093,6,14.166666666666666,6,6,112.8,2,72.3,19.7,15.2,28.2,24.0,13.3,6.0,Improving,0.0
STU3094,20,14.575,23,23,131.0,6,77.8,22.2,24.8,21.4,23.5,18.9,7.1,Stable,1.0
STU3095,1,10.0,6,9,121.6,1,57.8,15.7,10.7,19.5,17.6,9.5,,Declining,1.0
STU3096,6,12.285714285714286,6,7,110.0,1,66.8,7.0,7.1,14.4,10.8,9.9,,Improving,0.0
STU3097,6,14.0,6,6,148.5,3,67.5,16.8,8.9,14.2,15.5,7.8,8.6,Declining,0.0
STU3098,4,11.25,6,8,118.3,1,62.8,16.6,21.5,15.8,19.0,15.5,,Improving,0.0
STU3099,5,11.6,6,11,135.9,8,79.7,24.5,30.0,30.0,30.0,26.2,7.96,Improving,0.0
STU3100,1,12.0,6,12,115.8,7,78.7,13.0,6.9,10.8,11.9,13.0,5.88,Declining,1.0
STU3101,7,13.47,7,10,121.2,1,60.9,14.6,9.8,18.3,16.4,13.0,,Improving,0.0
STU3102,5,12.4,5,6,136.2,6,82.4,19.1,15.8,12.2,17.5,15.4,7.58,Declining,0.0
STU3103,3,11.75,6,9,100.2,4,77.8,6.9,7.4,9.8,8.6,5.4,3.59,Stable,1.0
STU3104,0,0.0,0,0,152.7,5,57.4,7.5,8.1,4.7,7.8,10.6,4.59,Declining,1.0
STU3105,6,12.0,6,7,123.1,7,60.1,23.0,19.7,23.4,23.2,15.7,5.19,Stable,0.0
STU3106,5,15.333333333333334,5,8,130.0,4,61.0,18.0,18.6,15.5,18.3,13.8,7.89,Declining,1.0
STU3107,8,12.32,8,8,125.0,1,77.4,12.6,8.0,23.3,18.0,15.5,,Improving,1.0
STU3108,7,13.79857142857143,7,7,113.1,1,65.7,16.3,15.2,15.7,16.0,16.0,,Improving,0.0
STU3109,6,13.166666666666666,6,6,121.1,4,77.1,16.6,11.6,15.9,16.2,14.1,5.36,Stable,0.0
STU3110,5,16.333333333333332,5,6,162.3,8,68.5,6.4,8.2,18.1,13.2,10.5,5.88,Stable,0.0
STU3111,0,0.0,0,0,132.0,4,48.2,7.2,3.0,1.0,5.1,4.1,2.29,Stable,1.0
STU3112,7,14.757142857142856,7,7,130.7,3,81.2,18.2,14.6,22.0,20.1,10.6,8.23,Declining,0.0
STU3113,6,11.666666666666666,6,7,122.3,1,70.0,11.1,10.3,19.6,15.4,12.0,,Declining,0.0
STU3114,5,12.6,6,7,144.1,7,75.3,17.9,20.5,25.5,23.0,17.8,6.29,Improving,1.0
STU3115,6,11.666666666666666,6,6,118.2,3,79.5,14.3,15.6,12.7,15.0,10.8,7.08,Declining,0.0
STU3116,6,15.0,6,6,133.5,5,78.3,18.6,16.9,16.9,17.8,12.8,7.9,Declining,0.0
STU3117,0,0.0,7,0,126.8,5,53.4,2.7,4.6,9.3,7.0,2.8,2.7,Improving,1.0
STU3118,6,13.571428571428571,6,7,121.0,2,73.0,10.8,3.6,21.5,16.2,2.6,5.64,Declining,1.0
STU3119,5,10.8,6,8,117.7,1,49.6,5.4,0.4,8.4,6.9,3.0,,Declining,1.0
STU3120,3,11.333333333333334,5,8,115.0,3,65.9,7.1,8.1,5.8,7.6,6.2,2.89,Declining,1.0
STU3121,5,11.4,10,16,129.2,2,72.4,18.6,15.5,16.6,17.6,15.1,6.71,Declining,1.0
STU3122,7,10.642857142857142,7,14,125.8,5,78.5,15.7,13.7,12.4,14.7,15.1,6.74,Declining,0.0
STU3123,3,10.5,5,8,118.4,6,74.7,13.8,9.3,17.4,15.6,13.3,6.09,Stable,1.0
STU3124,6,14.65,7,7,142.0,2,75.0,14.1,13.3,14.3,14.2,10.9,7.07,Declining,1.0
STU3125,7,13.714285714285714,7,7,126.7,4,83.2,15.2,12.3,22.6,18.9,16.5,5.83,Declining,1.0
STU3126,15,12.266666666666667,16,19,109.3,1,74.1,21.5,22.9,22.8,22.8,19.6,,Improving,0.0
STU3127,6,10.375,6,11,116.9,2,70.2,15.4,18.8,21.3,20.0,21.9,3.96,Improving,1.0
STU3128,5,11.0,5,8,121.7,6,67.4,12.6,11.0,4.8,11.8,9.1,5.49,Stable,1.0
STU3129,5,13.8,5,5,117.1,6,72.4,2.5,4.7,4.4,4.6,0.0,5.76,Declining,1.0
STU3130,6,12.666666666666666,6,6,114.4,6,68.3,12.6,14.6,23.0,18.8,16.1,6.12,Stable,0.0
STU3131,6,11.75,6,8,133.0,1,88.4,14.5,16.8,15.2,16.0,16.4,,Stable,0.0
STU3132,7,12.785714285714286,8,8,118.8,4,86.9,9.9,14.8,8.7,12.4,16.2,5.22,Stable,1.0
STU3133,6,14.444444444444445,6,11,151.0,3,83.4,16.0,14.7,18.3,17.2,15.9,7.19,Declining,0.0
STU3134,6,13.25,7,8,119.6,8,82.7,17.2,19.6,18.6,19.1,25.2,4.62,Improving,0.0
STU3135,7,12.50625,7,9,135.4,5,56.6,14.6,11.4,15.8,15.2,11.6,5.82,Declining,0.0
STU3136,0,0.0,0,0,149.9,8,39.8,8.5,6.1,9.8,9.2,9.7,3.68,Improving,1.0
STU3137,4,12.75,5,8,120.1,1,71.7,10.8,4.2,18.0,14.4,6.3,,Stable,0.0
STU3138,6,16.857142857142858,6,7,173.3,3,84.3,21.3,21.9,25.8,23.8,22.5,7.96,Improving,0.0
STU3139,6,13.166666666666666,6,6,126.2,6,72.1,8.6,12.7,23.2,18.0,13.4,6.65,Declining,0.0
STU3140,5,12.2,6,9,126.9,3,63.1,17.3,6.8,19.2,18.2,15.2,5.47,Stable,0.0
STU3141,6,16.5,6,7,157.4,5,87.7,14.3,14.6,19.4,17.0,17.1,5.47,Improving,0.0
STU3142,4,11.75,5,10,120.2,4,99.8,25.9,27.3,28.4,27.8,12.3,7.54,Stable,1.0
STU3143,1,11.0,5,14,124.8,8,77.2,13.7,17.6,17.9,17.8,13.8,4.69,Improving,1.0
STU3144,7,15.114285714285714,8,8,130.3,2,85.5,22.1,18.4,16.8,20.2,16.5,6.24,Improving,1.0
STU3145,6,15.5,6,8,152.4,8,77.1,15.6,17.2,18.9,18.0,14.2,7.14,Stable,0.0
STU3146,7,11.142857142857142,10,12,113.5,3,63.0,10.5,11.3,17.8,14.6,9.6,5.08,Stable,1.0
STU3147,6,11.333333333333334,6,6,125.7,3,73.8,11.9,13.0,14.6,13.8,15.8,4.17,Improving,1.0
STU3148,5,12.04,7,9,102.4,4,86.4,14.1,14.8,13.3,14.4,13.9,6.99,Declining,0.0
STU3149,5,11.166666666666666,5,7,125.7,2,72.8,25.6,25.1,16.2,25.4,20.9,7.86,Improving,0.0
STU3150,5,10.6,5,6,120.0,8,64.9,15.6,16.7,3.6,16.2,9.3,6.8,Declining,0.0
STU3151,4,12.5,5,10,109.3,7,79.4,12.6,13.9,14.4,14.2,18.1,4.79,Stable,0.0
STU3152,0,0.0,0,0,162.2,8,65.1,4.7,6.7,8.4,7.6,2.5,3.51,Declining,0.0
STU3153,6,15.666666666666666,6,6,155.7,8,71.0,19.4,21.4,17.0,20.4,18.7,6.02,Stable,0.0
STU3154,12,15.333333333333334,12,12,147.7,5,76.6,28.2,25.0,30.0,29.1,30.0,7.15,Improving,0.0
STU3155,6,12.183333333333332,7,9,115.6,3,63.0,18.2,13.0,11.4,15.6,11.7,5.19,Stable,0.0
STU3156,2,10.0,5,8,117.8,7,63.1,11.2,15.6,17.5,16.6,10.9,3.79,Improving,0.0
STU3157,9,12.0,14,23,125.0,1,92.5,22.2,26.9,26.8,26.8,23.8,,Improving,0.0
STU3158,3,10.333333333333334,5,8,129.8,6,59.2,13.7,17.9,25.7,21.8,8.3,5.12,Stable,0.0
STU3159,6,11.166666666666666,6,11,123.1,4,73.6,13.0,19.8,17.3,18.6,8.1,6.51,Declining,0.0
STU3160,3,11.0,6,8,122.8,5,65.7,9.7,0.0,5.2,7.4,3.2,5.19,Declining,0.0
STU3161,0,0.0,0,0,117.3,3,74.8,1.5,0.8,11.0,6.2,0.0,1.18,Stable,1.0
STU3162,6,12.857142857142858,6,7,126.5,3,76.5,20.9,19.5,27.9,24.4,18.9,4.79,Improving,0.0
STU3163,7,14.328571428571427,8,8,123.0,1,74.6,17.7,15.4,11.5,16.6,12.0,,Stable,1.0
STU3164,6,15.0,6,7,127.7,3,81.6,22.2,26.8,25.3,26.0,23.9,6.51,Improving,1.0
STU3165,5,13.6,5,9,117.5,3,65.3,20.4,18.2,21.7,21.0,9.1,5.85,Stable,1.0
STU3166,5,12.857142857142858,5,12,128.4,2,56.3,18.1,25.1,18.9,22.0,19.3,6.25,Stable,0.0
STU3167,2,14.5,6,7,124.1,2,65.1,14.4,13.5,4.4,14.0,14.1,6.75,Stable,0.0
STU3168,3,10.666666666666666,5,7,140.9,4,64.1,25.8,21.3,17.0,23.6,21.5,3.63,Improving,0.0
STU3169,6,13.428571428571429,6,7,126.2,2,54.2,14.5,16.5,13.8,15.5,13.6,6.85,Declining,0.0
STU3170,7,11.716666666666663,7,12,120.5,6,65.1,7.4,10.9,20.3,15.6,6.4,6.38,Stable,0.0
STU3171,4,12.0,5,11,121.1,1,54.5,15.1,16.9,18.0,17.4,14.3,,Stable,1.0
STU3172,5,13.2,6,11,123.7,4,70.6,23.1,20.3,18.7,21.7,24.1,6.8,Stable,0.0
STU3173,5,12.2,6,7,116.9,2,75.4,10.9,14.4,14.6,14.5,10.2,6.02,Declining,0.0
STU3174,5,12.58,7,11,100.0,4,69.3,10.4,7.0,15.8,13.1,12.2,4.12,Stable,1.0
STU3175,5,11.333333333333334,6,9,120.2,4,68.1,20.2,18.5,19.3,19.8,21.7,6.67,Stable,0.0
STU3176,0,0.0,7,9,153.8,5,51.2,2.9,1.5,2.1,2.5,0.0,3.42,Declining,1.0
STU3177,6,12.428571428571429,7,9,120.1,3,66.8,16.2,12.0,19.4,17.8,13.0,6.69,Declining,0.0
STU3178,6,13.0,6,6,128.1,4,72.6,20.4,23.3,17.5,21.8,16.1,6.68,Improving,0.0
STU3179,7,14.535714285714286,8,8,126.8,2,76.8,15.1,11.8,7.0,13.4,7.7,6.27,Stable,1.0
STU3180,5,11.2,7,8,125.7,3,62.5,8.7,10.0,18.4,14.2,12.4,7.32,Declining,1.0
STU3181,6,16.0,6,6,146.2,3,75.1,10.2,7.1,18.6,14.4,10.8,6.29,Declining,0.0
STU3182,5,13.142857142857142,6,13,140.0,5,69.0,15.0,17.2,16.8,17.0,15.4,5.87,Stable,0.0
STU3183,11,11.6875,14,23,134.5,3,69.7,16.2,13.5,15.3,15.8,9.8,5.81,Declining,1.0
STU3184,4,10.5,5,11,137.0,6,92.9,12.2,16.5,16.7,16.6,14.3,6.98,Stable,1.0
STU3185,6,13.833333333333334,6,9,107.5,3,72.2,11.6,16.6,21.7,19.2,8.8,6.49,Declining,0.0
STU3186,0,0.0,5,0,112.2,2,49.5,2.9,6.5,3.5,5.0,4.1,3.12,Stable,0.0
STU3187,0,0.0,5,13,128.2,2,48.2,8.7,10.0,11.9,11.0,5.1,4.29,Declining,1.0
STU3188,0,0.0,7,9,126.8,1,43.3,0.5,1.2,0.0,0.8,4.6,,Improving,1.0
STU3189,1,10.0,5,10,132.1,4,71.0,8.7,10.4,13.8,12.1,7.7,4.85,Declining,1.0
STU3190,0,0.0,0,0,110.0,6,45.8,0.0,3.9,5.7,4.8,2.5,2.65,Declining,1.0
STU3191,0,0.0,6,9,100.0,6,46.9,2.5,4.8,10.7,7.8,3.8,3.54,Stable,1.0
STU3192,4,12.6,6,7,114.3,3,61.0,13.4,13.9,10.6,13.6,12.1,5.54,Declining,1.0
STU3193,3,11.25,5,10,116.4,2,58.7,21.9,16.3,13.6,19.1,17.2,5.5,Improving,0.0
STU3194,7,12.375,7,13,116.9,7,50.4,13.1,13.7,8.5,13.4,13.3,4.66,Improving,0.0
STU3195,7,10.714285714285714,10,15,128.2,1,65.4,14.0,16.2,14.1,15.2,10.6,,Stable,1.0
STU3196,0,0.0,6,6,127.0,3,66.9,11.7,12.1,12.7,12.4,11.8,4.53,Improving,1.0
STU3197,5,12.0,6,14,140.0,7,68.0,15.2,19.1,7.8,17.2,18.5,5.16,Improving,0.0
STU3198,5,12.6,5,6,120.0,3,83.3,11.6,11.6,13.5,12.6,12.6,6.77,Stable,0.0
STU3199,0,0.0,6,7,110.0,1,64.1,16.8,10.3,14.4,15.6,10.0,,Improving,0.0
STU3200,7,12.84142857142857,8,8,127.0,2,75.2,14.7,9.4,15.8,15.2,12.1,5.97,Stable,1.0
STU3201,0,0.0,6,6,159.5,4,72.6,7.1,5.3,8.8,8.0,4.0,1.63,Improving,1.0
STU3202,6,14.166666666666666,6,7,135.2,1,77.3,21.5,28.2,16.2,24.8,22.3,,Improving,0.0
STU3203,6,12.166666666666666,6,7,122.8,5,69.8,15.5,17.3,16.6,17.0,10.6,6.34,Declining,0.0
STU3204,4,10.8,6,12,118.0,3,71.6,21.9,22.9,20.1,22.4,25.1,5.89,Improving,0.0
STU3205,6,13.0,6,6,123.6,3,86.9,13.8,7.7,16.1,15.0,17.8,6.61,Declining,0.0
STU3206,0,0.0,5,0,111.0,2,52.1,7.4,2.7,7.5,7.4,1.4,3.02,Declining,1.0
STU3207,5,13.0,5,5,144.6,6,68.7,17.8,13.3,17.6,17.7,17.6,6.77,Declining,1.0
STU3208,6,11.571428571428571,6,8,111.8,3,75.4,18.6,19.2,16.1,18.9,22.4,7.15,Stable,0.0
STU3209,4,11.5,6,6,122.1,5,65.2,15.0,13.6,12.9,14.3,10.0,6.96,Declining,0.0
STU3210,5,11.0,6,8,119.9,3,71.1,10.8,8.9,18.3,14.6,1.4,4.16,Declining,1.0
STU3211,6,17.11111111111111,6,10,130.0,1,80.1,21.2,17.8,15.3,19.5,23.7,,Stable,0.0
STU3212,0,0.0,0,0,118.4,3,52.2,6.6,9.8,9.0,9.4,6.8,3.88,Stable,1.0
STU3213,6,12.571428571428571,6,9,112.6,4,77.8,12.6,13.5,25.7,19.6,10.7,7.33,Declining,1.0
STU3214,0,0.0,6,6,150.0,3,39.6,10.2,10.5,13.8,12.2,8.6,1.86,Improving,0.0
STU3215,6,14.5,6,7,165.8,6,82.1,23.8,21.6,26.0,24.9,19.8,7.28,Stable,0.0
STU3216,6,13.5,6,6,101.7,7,67.6,15.2,22.0,19.8,20.9,28.0,8.27,Stable,0.0
STU3217,5,11.2,6,9,124.3,6,89.7,9.0,17.2,13.2,15.2,9.9,4.73,Improving,1.0
STU3218,3,10.666666666666666,5,10,122.1,4,73.2,17.0,21.4,14.8,19.2,18.7,8.42,Declining,0.0
STU3219,9,11.0,13,15,134.7,4,75.4,23.5,16.6,21.7,22.6,23.7,6.73,Stable,0.0
STU3220,0,0.0,1,2,154.5,5,48.9,2.7,3.8,12.3,8.0,8.4,4.0,Stable,0.0
STU3221,1,10.0,5,5,128.8,2,83.2,16.9,13.5,19.4,18.2,18.2,5.46,Improving,0.0
STU3222,5,12.36,7,14,106.0,6,65.7,16.6,17.7,20.8,19.2,13.9,4.56,Improving,0.0
STU3223,6,15.25,6,8,146.2,7,62.2,4.2,7.5,19.3,13.4,6.0,4.25,Stable,1.0
STU3224,0,0.0,5,5,116.9,2,55.0,4.8,6.1,6.0,6.0,0.0,3.0,Stable,1.0
STU3225,1,13.0,5,8,118.2,7,74.8,16.8,11.6,17.2,17.0,12.8,5.86,Declining,1.0
STU3226,8,13.81375,8,8,105.7,6,75.2,16.6,12.4,7.9,14.5,13.5,5.16,Improving,0.0
STU3227,6,13.285714285714286,6,8,126.9,3,68.6,16.9,16.6,27.3,22.1,17.9,5.22,Improving,1.0
STU3228,4,11.5,6,11,150.0,7,72.3,13.6,16.4,15.3,15.8,20.7,7.31,Declining,1.0
STU3229,7,11.9625,7,8,108.4,1,74.0,11.2,14.4,19.9,17.2,15.0,,Stable,0.0
STU3230,6,13.683333333333332,7,9,114.2,1,68.6,4.4,6.7,10.2,8.4,9.9,,Stable,1.0
STU3231,7,14.985714285714286,8,8,140.0,3,77.6,21.2,20.1,18.2,20.6,18.7,6.82,Stable,0.0
STU3232,4,11.25,5,8,142.5,4,85.8,20.9,21.0,20.1,21.0,24.0,5.3,Improving,0.0
STU3233,4,12.5,6,8,126.5,3,66.3,16.9,17.8,10.3,17.4,15.4,5.5,Stable,0.0
STU3234,0,0.0,6,0,111.3,8,49.5,3.8,5.5,0.0,4.6,8.5,3.86,Stable,0.0
STU3235,7,13.78,7,10,125.1,2,69.7,18.4,17.0,23.6,21.0,19.1,5.7,Stable,0.0
STU3236,7,13.805,7,10,126.3,2,81.9,11.1,13.4,20.5,17.0,13.7,6.68,Declining,1.0
STU3237,5,13.8,5,7,142.2,5,61.5,15.2,13.9,15.6,15.4,8.6,6.89,Declining,1.0
STU3238,3,12.666666666666666,5,7,110.2,1,54.9,15.6,12.2,19.1,17.4,17.1,,Stable,1.0
STU3239,7,14.424285714285714,7,7,127.0,5,85.5,21.5,18.1,25.2,23.4,19.8,8.47,Declining,0.0
STU3240,6,13.166666666666666,6,7,128.6,3,81.2,20.1,21.6,14.6,20.8,20.9,6.37,Stable,0.0
STU3241,3,10.666666666666666,5,10,130.4,8,60.8,14.7,12.1,19.2,17.0,13.9,5.86,Declining,1.0
STU3242,14,12.071428571428571,16,20,134.4,5,73.7,12.4,15.3,22.2,18.8,15.1,4.7,Stable,0.0
STU3243,3,10.25,6,10,100.0,1,62.1,8.1,7.0,6.2,7.6,12.3,,Improving,1.0
STU3244,8,14.11,8,8,133.0,1,73.2,14.8,15.9,21.7,18.8,13.0,,Stable,0.0
STU3245,5,12.4,6,9,126.7,1,75.1,25.2,25.8,22.9,25.5,24.3,,Improving,0.0
STU3246,6,12.0,6,7,129.0,8,60.5,18.9,21.0,28.0,24.5,15.2,6.89,Improving,0.0
STU3247,6,14.833333333333334,6,6,133.7,5,61.0,19.7,16.4,20.9,20.3,18.5,5.16,Improving,0.0
STU3248,6,15.428571428571429,6,7,122.2,3,65.8,12.6,16.5,14.2,15.4,14.4,5.38,Declining,0.0
STU3249,5,11.6,5,7,128.9,2,71.9,16.3,17.3,17.4,17.4,13.3,6.13,Declining,0.0
STU3250,6,14.166666666666666,6,6,154.4,7,66.0,20.9,16.1,29.9,25.4,17.6,7.0,Stable,0.0
STU3251,1,9.8,7,9,130.0,2,77.3,12.5,18.0,15.3,16.6,12.1,6.0,Declining,0.0
STU3252,4,10.714285714285714,5,12,113.0,5,63.0,11.4,21.6,18.6,20.1,13.5,4.57,Stable,1.0
STU3253,0,0.0,5,7,123.3,6,48.2,1.2,10.9,5.6,8.2,6.3,2.36,Stable,1.0
STU3254,3,12.333333333333334,6,13,130.0,2,75.8,14.5,17.7,23.5,20.6,16.2,6.29,Improving,0.0
STU3255,6,13.0,6,13,101.3,4,66.8,13.5,17.9,21.4,19.6,7.2,3.99,Improving,1.0
STU3256,4,11.4,5,7,113.7,2,76.6,10.4,10.0,14.9,12.6,11.3,4.99,Stable,0.0
STU3257,6,12.766666666666666,7,7,138.8,3,61.6,15.7,14.4,15.1,15.4,12.8,5.74,Stable,1.0
STU3258,5,12.6,6,11,140.0,8,65.7,20.5,23.4,20.4,22.0,18.8,7.46,Declining,0.0
STU3259,7,13.0,7,8,130.0,5,66.4,13.2,10.1,7.6,11.6,6.9,7.11,Declining,0.0
STU3260,6,14.316666666666668,7,7,132.5,6,72.8,12.3,9.5,17.0,14.6,10.6,5.78,Stable,1.0
STU3261,4,12.75,5,7,117.4,4,58.7,14.8,13.1,16.9,15.8,11.1,5.89,Declining,0.0
STU3262,5,13.4,5,5,109.8,2,53.3,9.9,11.0,10.0,10.5,14.5,3.57,Stable,0.0
STU3263,0,0.0,6,6,116.5,5,56.9,6.1,3.1,0.0,4.6,0.0,3.98,Declining,1.0
STU3264,4,15.75,5,6,165.2,4,76.2,26.7,23.7,26.3,26.5,19.8,7.0,Stable,1.0
STU3265,5,12.4,6,9,113.0,2,54.3,7.7,7.4,15.0,11.4,3.8,5.21,Declining,1.0
STU3266,6,11.5,6,8,123.3,3,80.0,24.4,18.1,21.4,22.9,19.9,6.51,Stable,0.0
STU3267,5,13.4,5,5,116.7,5,54.3,8.3,0.0,5.1,6.7,8.3,4.85,Declining,1.0
STU3268,3,11.666666666666666,5,9,110.0,5,77.3,14.4,9.8,16.7,15.6,13.0,4.11,Improving,1.0
STU3269,0,0.0,7,0,118.9,2,53.2,1.4,2.6,5.2,3.9,0.0,4.06,Declining,1.0
STU3270,7,13.285714285714286,8,11,103.6,7,69.9,17.7,16.8,20.6,19.2,13.8,5.44,Stable,1.0
STU3271,4,11.5,6,10,122.7,3,70.9,15.6,16.2,13.8,15.9,11.9,7.44,Declining,0.0
STU3272,8,13.25,9,11,113.5,2,46.7,13.2,15.5,22.2,18.8,15.4,7.29,Declining,1.0
STU3273,11,12.25,14,24,128.2,2,63.0,13.9,11.0,24.4,19.2,10.5,7.81,Declining,1.0
STU3274,6,12.0,7,8,120.0,6,67.4,12.5,12.8,16.1,14.4,6.6,4.39,Stable,0.0
STU3275,1,12.0,6,10,130.0,3,63.9,10.8,11.5,13.8,12.6,12.0,4.85,Improving,1.0
STU3276,13,10.923076923076923,15,15,110.0,4,51.6,13.9,14.7,19.4,17.0,17.8,4.12,Improving,0.0
STU3277,10,12.0,12,12,117.7,2,75.4,17.7,19.3,15.6,18.5,16.7,7.92,Declining,1.0
STU3278,5,13.714285714285714,5,10,99.6,5,51.1,6.4,7.6,8.6,8.1,7.0,5.87,Declining,1.0
STU3279,1,10.0,5,8,117.9,6,64.0,6.5,12.9,12.8,12.8,3.4,5.56,Stable,1.0
STU3280,2,10.333333333333334,6,18,113.0,3,63.7,8.9,6.4,21.5,15.2,0.0,4.58,Declining,1.0
STU3281,7,12.728571428571428,7,8,124.4,8,85.2,21.3,24.4,17.2,22.8,14.3,7.64,Declining,0.0
STU3282,12,13.333333333333334,15,22,140.0,1,89.3,22.9,30.0,30.0,30.0,24.0,,Improving,0.0
STU3283,9,12.22222222222222,11,20,132.4,1,75.1,18.4,14.3,16.9,17.6,13.8,,Improving,1.0
STU3284,6,11.333333333333334,6,7,124.0,4,82.5,17.2,17.4,19.4,18.4,18.2,6.51,Declining,1.0
STU3285,4,11.0,5,8,132.0,5,62.9,13.8,10.8,20.2,17.0,10.5,3.5,Stable,1.0
STU3286,5,13.8,5,5,149.8,2,100.0,18.4,20.9,30.0,25.4,22.1,6.33,Improving,1.0
STU3287,1,12.0,7,16,160.0,4,54.5,4.5,9.7,14.5,12.1,10.4,7.25,Declining,0.0
STU3288,4,11.25,6,9,114.6,2,67.0,14.6,15.4,23.0,19.2,12.9,6.07,Stable,0.0
STU3289,4,10.5,5,6,120.0,4,73.9,10.4,15.1,10.2,12.8,8.0,5.39,Declining,0.0
STU3290,18,11.555555555555555,18,20,100.0,5,77.5,10.5,10.3,13.3,11.9,3.2,5.98,Declining,0.0
STU3291,1,14.0,6,13,128.5,8,73.5,11.6,12.2,9.3,11.9,16.6,5.38,Stable,0.0
STU3292,1,13.0,6,17,113.0,3,74.7,14.2,17.3,14.2,15.8,10.9,5.7,Declining,1.0
STU3293,2,11.0,6,13,150.8,5,48.8,8.3,8.8,16.5,12.6,2.9,5.15,Declining,1.0
STU3294,7,13.68142857142857,8,8,130.8,4,89.8,14.7,14.4,19.9,17.3,14.6,4.64,Improving,1.0
STU3295,6,12.1,7,11,114.5,2,65.6,19.4,19.6,25.3,22.5,11.7,6.2,Improving,0.0
STU3296,4,10.5,6,8,114.8,2,80.5,7.3,10.4,24.0,17.2,9.4,7.22,Stable,0.0
STU3297,5,11.94,7,10,126.2,8,53.4,14.7,11.3,16.4,15.6,11.1,5.08,Improving,0.0
STU3298,4,12.86,7,11,129.0,2,72.7,9.8,10.2,12.3,11.2,13.3,5.56,Stable,0.0
STU3299,6,14.25,6,10,110.5,6,64.7,11.2,3.6,19.9,15.6,10.7,7.2,Declining,1.0
STU3300,0,0.0,7,0,132.5,1,61.1,5.5,10.7,14.9,12.8,11.1,,Improving,1.0
STU3301,0,0.0,0,0,130.7,6,60.2,3.0,11.6,11.3,11.4,7.3,4.35,Stable,1.0
STU3302,7,13.894285714285711,7,7,130.4,2,84.8,23.5,21.3,27.1,25.3,17.8,10.0,Declining,0.0
STU3303,7,13.46875,7,8,124.3,8,66.6,23.7,21.8,24.4,24.0,16.9,7.36,Stable,0.0
STU3304,5,13.6,5,5,132.6,5,75.5,21.5,21.0,16.8,21.2,17.5,6.84,Stable,1.0
STU3305,6,14.666666666666666,6,6,146.7,1,85.5,28.7,25.4,22.0,27.0,30.0,,Stable,0.0
STU3306,6,13.666666666666666,6,6,130.1,5,79.1,11.4,11.9,17.4,14.6,10.8,7.27,Declining,0.0
STU3307,10,13.3,12,22,120.0,4,84.5,16.7,14.5,18.4,17.5,15.5,6.11,Improving,0.0
STU3308,11,13.454545454545457,11,13,121.3,3,78.6,20.7,19.2,22.7,21.7,24.2,5.4,Improving,0.0
STU3309,8,13.41625,8,8,133.3,2,58.5,18.1,11.4,16.3,17.2,14.5,6.41,Stable,0.0
STU3310,0,0.0,7,0,110.5,5,53.0,11.4,15.2,1.3,13.3,7.9,3.87,Stable,0.0
STU3311,6,11.333333333333334,6,6,102.5,6,89.3,16.5,16.2,6.0,16.4,17.2,4.99,Improving,0.0
STU3312,6,16.0,6,8,150.9,3,94.3,23.7,22.1,26.6,25.2,19.6,8.77,Stable,0.0
STU3313,5,11.0,6,8,106.6,7,39.8,23.5,22.1,15.0,22.8,20.8,6.67,Stable,0.0
STU3314,6,12.857142857142858,6,8,118.3,2,71.9,15.6,13.7,16.3,16.0,15.6,6.77,Declining,1.0
STU3315,0,0.0,5,5,117.9,1,66.7,6.4,12.0,7.8,9.9,6.3,,Improving,0.0
STU3316,5,14.8,5,5,135.0,4,75.4,19.3,15.7,16.4,17.8,17.2,5.04,Stable,0.0
STU3317,1,13.0,5,7,120.0,1,63.4,9.2,11.5,10.1,10.8,15.9,,Improving,0.0
STU3318,0,0.0,0,0,167.1,2,53.5,6.6,5.3,13.2,9.9,2.8,2.13,Stable,0.0
STU3319,4,10.0,9,14,115.8,4,75.8,7.7,11.2,14.3,12.8,14.5,3.88,Improving,0.0
STU3320,5,11.2,6,11,141.2,2,63.2,14.3,17.5,21.5,19.5,12.9,6.99,Declining,1.0
STU3321,6,11.833333333333334,6,8,118.4,2,74.2,10.2,16.9,17.3,17.1,18.8,5.97,Improving,0.0
STU3322,0,0.0,5,0,134.3,5,53.8,9.4,13.6,11.0,12.3,6.4,1.79,Improving,0.0
STU3323,2,10.5,5,8,128.7,4,59.2,17.7,18.2,20.6,19.4,14.5,5.29,Improving,0.0
STU3324,5,12.5,5,8,116.1,6,82.8,11.9,18.7,18.0,18.4,20.1,6.26,Stable,1.0
STU3325,0,0.0,0,0,100.0,4,42.1,15.0,19.2,18.2,18.7,19.9,3.53,Improving,0.0
STU3326,5,11.0,10,10,118.8,4,64.4,14.8,13.3,20.2,17.5,16.1,4.55,Improving,0.0
STU3327,9,12.333333333333334,10,14,130.0,2,70.1,18.5,13.8,23.9,21.2,11.3,7.86,Declining,1.0
STU3328,0,0.0,6,9,150.0,6,76.5,0.2,0.0,2.8,1.5,0.9,2.76,Stable,1.0
STU3329,1,17.0,5,14,116.0,2,63.1,11.5,17.0,17.5,17.2,13.3,4.02,Improving,0.0
STU3330,5,11.0,5,5,99.0,2,46.1,16.3,10.5,6.3,13.4,8.9,3.98,Stable,1.0
STU3331,5,11.142857142857142,6,11,132.0,6,64.5,15.0,8.3,22.3,18.6,13.6,6.27,Declining,1.0
STU3332,5,12.166666666666666,8,19,125.0,6,74.0,14.9,11.5,13.5,14.2,9.5,5.63,Stable,0.0
STU3333,2,11.0,5,9,116.2,5,66.1,9.1,3.0,7.6,8.4,0.7,3.56,Stable,0.0
STU3334,1,11.0,5,8,100.0,1,83.3,4.2,10.1,5.1,7.6,1.0,,Stable,1.0
STU3335,4,13.25,6,10,132.9,1,84.2,15.0,10.6,16.7,15.8,18.5,,Improving,1.0
STU3336,0,0.0,6,7,132.5,4,56.0,11.3,4.7,7.4,9.4,4.6,1.47,Improving,1.0
STU3337,2,12.5,6,17,140.0,6,61.1,18.5,15.8,25.7,22.1,13.6,6.21,Declining,0.0
STU3338,7,12.142857142857142,10,10,100.1,3,85.5,14.4,14.8,21.1,18.0,9.8,7.07,Declining,1.0
STU3339,3,12.0,5,8,128.2,1,61.6,18.0,10.3,12.4,15.2,17.6,,Stable,1.0
STU3340,4,11.25,6,6,133.4,2,57.1,5.1,4.3,3.2,4.7,0.0,4.63,Declining,1.0
STU3341,0,0.0,4,8,136.1,4,50.6,1.3,2.4,0.0,1.8,0.0,5.26,Declining,1.0
STU3342,5,12.4,6,7,123.0,5,61.8,24.1,22.6,16.1,23.4,19.7,5.7,Improving,0.0
STU3343,6,12.833333333333334,6,6,130.3,1,74.2,21.8,21.7,16.3,21.8,20.1,,Improving,1.0
STU3344,1,13.0,5,7,153.7,1,72.1,15.7,19.3,20.9,20.1,18.8,,Improving,0.0
STU3345,5,12.0,7,7,142.5,2,72.4,11.8,22.9,15.1,19.0,13.0,5.3,Improving,0.0
STU3346,2,12.0,6,13,114.6,1,62.8,8.9,8.8,13.6,11.2,14.3,,Improving,1.0
STU3347,0,0.0,7,18,108.5,4,42.8,6.4,6.8,3.6,6.6,3.0,3.61,Declining,1.0
STU3348,0,0.0,5,0,140.0,1,42.3,7.6,8.0,10.1,9.0,3.0,,Stable,1.0
STU3349,6,11.375,6,10,120.0,5,73.4,15.4,15.7,11.1,15.6,10.4,6.83,Declining,1.0
STU3350,2,12.0,6,15,120.0,6,64.8,6.2,8.2,11.7,10.0,4.2,4.94,Declining,1.0
STU3351,6,11.833333333333334,6,6,127.6,8,65.8,16.0,16.9,21.5,19.2,10.8,5.22,Stable,1.0
STU3352,1,12.0,6,17,140.0,8,66.4,12.6,21.6,16.0,18.8,18.6,5.31,Improving,0.0
STU3353,3,12.0,6,7,111.3,2,74.2,10.7,7.4,17.4,14.0,5.4,6.84,Declining,1.0
STU3354,6,12.714285714285714,6,7,131.0,1,81.2,19.0,16.1,8.2,17.6,15.2,,Improving,0.0
STU3355,8,15.3,8,8,139.5,3,68.0,26.5,29.7,13.6,28.1,21.1,8.79,Stable,0.0
STU3356,2,11.5,8,12,110.0,5,56.6,14.4,12.7,12.4,13.6,6.9,3.74,Stable,1.0
STU3357,1,13.0,5,12,130.0,1,75.3,15.3,18.6,21.0,19.8,19.3,,Improving,1.0
STU3358,0,0.0,6,12,115.0,3,45.0,2.9,9.0,5.7,7.4,10.8,3.36,Declining,1.0
STU3359,0,0.0,7,0,154.3,2,53.3,4.5,12.1,17.9,15.0,11.6,2.69,Stable,1.0
STU3360,4,11.0,5,8,135.0,2,69.5,16.1,22.5,11.5,19.3,12.0,5.48,Stable,0.0
STU3361,3,12.666666666666666,6,7,115.2,5,56.5,11.7,12.9,12.2,12.6,6.6,4.27,Stable,0.0
STU3362,6,13.5,6,6,130.6,5,65.3,16.4,8.1,14.4,15.4,18.2,4.74,Stable,0.0
STU3363,5,12.0,5,7,117.4,4,70.3,5.9,5.0,16.1,11.0,5.3,3.98,Stable,1.0
STU3364,0,0.0,5,6,150.0,7,58.4,3.6,15.1,5.6,10.4,2.8,2.87,Stable,0.0
STU3365,5,11.8,6,8,131.3,1,61.5,19.1,12.6,13.3,16.2,18.7,,Stable,0.0
STU3366,2,11.5,6,12,120.4,1,62.4,6.4,8.1,14.2,11.1,7.2,,Improving,1.0
STU3367,2,11.5,5,11,113.6,3,79.2,11.6,3.3,14.0,12.8,9.4,4.71,Stable,0.0
STU3368,6,14.616666666666667,7,7,125.0,5,90.8,18.2,10.3,16.1,17.2,5.1,6.22,Declining,1.0
STU3369,7,14.06,8,8,132.3,4,86.5,23.8,24.5,24.1,24.3,20.5,7.42,Declining,1.0
STU3370,4,11.0,6,9,142.7,1,59.8,9.3,9.2,14.6,12.0,12.8,,Improving,0.0
STU3371,0,0.0,5,0,130.0,8,58.2,0.0,4.8,5.9,5.4,0.0,4.69,Declining,1.0
STU3372,7,12.192307692307692,14,22,120.8,2,60.6,7.6,5.2,11.4,9.5,11.0,4.68,Declining,1.0
STU3373,6,12.833333333333334,6,6,130.3,3,68.7,5.7,2.3,8.2,7.0,0.0,5.59,Declining,0.0
STU3374,5,12.875,5,8,119.9,5,61.1,7.2,10.0,9.8,9.9,8.2,5.92,Declining,1.0
STU3375,6,12.166666666666666,6,6,110.5,8,53.9,10.0,8.4,12.4,11.2,15.2,6.81,Declining,1.0
STU3376,6,13.428571428571429,6,11,160.0,5,69.7,21.3,14.6,19.2,20.2,12.1,5.63,Stable,1.0
STU3377,6,14.5,6,6,118.6,8,81.4,16.0,14.9,10.4,15.4,15.7,7.32,Stable,0.0
STU3378,7,12.142857142857142,7,7,112.3,2,71.6,14.0,14.7,20.6,17.6,15.4,4.96,Improving,0.0
STU3379,4,11.25,5,6,124.4,5,68.4,7.4,5.0,12.2,9.8,6.6,4.59,Stable,0.0
STU3380,6,13.9,7,7,125.0,6,73.3,17.9,15.4,13.1,16.6,14.4,5.76,Improving,0.0
STU3381,3,13.766666666666666,7,12,105.8,4,73.3,22.2,21.9,26.5,24.4,16.2,6.24,Stable,0.0
STU3382,13,11.615384615384617,15,17,121.5,3,79.9,13.7,10.6,18.3,16.0,12.8,5.66,Improving,0.0
STU3383,6,15.166666666666666,6,6,134.2,8,79.4,28.6,26.8,19.5,27.7,24.9,6.79,Improving,0.0
STU3384,0,0.0,5,5,130.0,1,53.3,5.9,10.4,15.0,12.7,1.4,,Improving,0.0
STU3385,2,14.5,5,10,122.8,3,85.9,14.7,16.3,23.4,19.8,18.4,5.96,Stable,0.0
STU3386,5,10.8,6,9,108.7,7,70.1,15.5,17.8,12.8,16.6,11.8,4.87,Stable,1.0
STU3387,7,13.995714285714287,7,7,136.7,7,74.5,18.5,15.0,17.7,18.1,10.4,6.72,Declining,0.0
STU3388,6,13.285714285714286,6,8,119.1,8,70.3,21.9,24.9,17.2,23.4,18.4,5.46,Improving,0.0
STU3389,12,12.75,12,12,151.3,7,69.2,17.3,18.2,9.5,17.8,12.9,6.64,Stable,1.0
STU3390,2,10.5,6,15,108.3,1,59.2,12.8,10.6,14.7,13.8,9.5,,Improving,1.0
STU3391,7,12.714285714285714,7,7,127.4,7,69.7,11.5,10.1,18.6,15.0,5.7,7.14,Declining,0.0
STU3392,8,12.88625,8,8,124.0,3,61.2,15.5,17.2,18.7,18.0,16.2,5.36,Stable,0.0
STU3393,5,13.0,6,7,155.0,5,69.3,10.8,19.0,17.1,18.0,19.1,4.87,Stable,1.0
STU3394,5,12.2,5,7,114.0,3,58.0,12.1,6.7,17.6,14.8,9.2,4.95,Declining,1.0
STU3395,4,12.8,5,8,118.9,6,72.8,27.7,30.0,16.8,28.8,19.9,6.17,Improving,0.0
STU3396,11,13.785714285714286,11,15,160.0,4,86.0,10.2,16.3,28.8,22.6,10.3,6.66,Stable,0.0
STU3397,0,0.0,5,5,126.1,6,50.1,5.0,7.3,3.4,6.2,5.8,4.57,Declining,1.0
STU3398,8,14.50125,8,8,136.5,2,56.2,18.1,15.7,16.2,17.2,8.5,6.23,Declining,0.0
STU3399,6,14.35,7,7,122.3,2,70.8,10.9,13.3,11.5,12.4,6.6,4.62,Declining,1.0
STU3400,6,11.5,6,6,128.0,3,69.4,12.6,10.4,12.2,12.4,4.8,5.79,Declining,1.0
STU3401,6,11.714285714285714,6,8,156.5,1,65.7,17.5,16.3,18.5,18.0,16.3,,Declining,0.0
STU3402,6,13.571428571428571,6,9,125.7,5,82.3,16.5,8.4,17.3,16.9,20.2,7.55,Declining,1.0
STU3403,5,13.0,6,6,143.0,2,57.2,15.3,9.0,16.7,16.0,6.8,6.54,Declining,1.0
STU3404,7,13.56875,7,8,131.9,4,86.8,16.7,23.6,17.6,20.6,21.9,7.09,Stable,0.0
STU3405,5,10.2,5,5,113.7,1,60.7,17.8,13.5,14.5,16.2,11.3,,Improving,1.0
STU3406,0,0.0,0,0,155.1,2,35.0,3.3,4.3,1.4,3.8,0.0,2.84,Declining,0.0
STU3407,5,12.2,6,8,121.1,5,74.1,18.3,16.4,22.1,20.2,21.8,4.9,Improving,0.0
STU3408,8,14.15375,8,8,130.3,2,77.1,17.9,13.4,24.8,21.4,23.4,7.19,Stable,1.0
STU3409,0,0.0,8,8,123.3,2,51.5,10.5,12.2,10.3,11.4,11.1,3.41,Stable,1.0
STU3410,6,13.833333333333334,6,7,117.4,2,64.9,18.4,17.8,15.5,18.1,17.9,4.27,Improving,1.0
STU3411,6,13.428571428571429,6,7,140.3,2,63.7,13.2,10.7,15.4,14.3,11.1,4.16,Stable,0.0
STU3412,7,12.454285714285716,8,8,120.0,5,58.9,6.2,5.0,7.2,6.7,5.1,3.77,Stable,1.0
STU3413,1,11.0,5,9,133.4,2,51.1,10.0,14.4,15.2,14.8,12.8,4.61,Stable,1.0
STU3414,0,0.0,7,0,126.7,3,64.9,11.9,13.9,9.0,12.9,13.0,4.62,Stable,0.0
STU3415,6,13.271666666666668,7,8,129.3,5,65.7,10.0,13.8,27.1,20.5,17.4,6.03,Declining,0.0
STU3416,6,13.548333333333334,7,8,125.7,4,65.8,18.5,17.1,13.2,17.8,14.4,7.1,Stable,1.0
STU3417,6,12.166666666666666,6,6,144.8,4,62.7,12.2,11.3,4.8,11.8,12.0,6.77,Declining,0.0
STU3418,2,11.0,6,16,98.6,2,75.4,17.8,17.3,14.2,17.6,15.4,6.62,Declining,1.0
STU3419,7,13.285714285714286,7,7,126.9,8,61.4,13.4,18.7,10.5,16.0,18.9,6.36,Declining,1.0
STU3420,6,13.333333333333334,6,6,146.7,3,79.8,15.4,13.1,16.8,16.1,23.0,8.52,Declining,0.0
STU3421,8,13.2575,8,8,117.0,2,67.0,12.8,5.2,10.1,11.4,13.1,5.1,Stable,0.0
STU3422,0,0.0,6,7,130.0,7,50.0,3.3,10.4,4.0,7.2,8.9,3.54,Stable,1.0
STU3423,6,12.666666666666666,6,10,125.8,5,65.4,19.3,14.2,14.8,17.0,19.1,5.76,Stable,0.0
STU3424,5,14.6,5,5,160.0,5,66.4,15.9,12.1,21.9,18.9,17.9,7.29,Stable,0.0
STU3425,0,0.0,5,13,134.2,7,66.5,7.8,10.9,13.4,12.2,18.0,5.73,Declining,1.0
STU3426,3,12.333333333333334,5,7,96.0,1,70.0,13.1,13.1,20.4,16.8,5.9,,Stable,1.0
STU3427,5,10.8,5,5,101.8,6,61.0,8.5,4.7,13.7,11.1,9.1,4.33,Stable,0.0
STU3428,6,11.666666666666666,6,7,125.2,5,71.4,18.4,22.9,23.8,23.4,9.2,5.66,Improving,0.0
STU3429,4,12.5,6,6,100.0,3,82.8,20.8,15.8,18.6,19.7,20.5,4.99,Improving,0.0
STU3430,0,0.0,5,0,140.0,2,44.2,8.1,7.5,17.7,12.9,9.0,4.59,Declining,0.0
STU3431,6,15.333333333333334,6,6,120.0,1,67.2,14.0,7.4,16.8,15.4,8.0,,Stable,1.0
STU3432,7,14.2,8,8,134.3,8,71.0,27.4,25.3,20.8,26.4,14.0,7.99,Stable,0.0
STU3433,6,14.833333333333334,6,6,144.7,1,64.4,16.0,12.5,21.1,18.6,13.6,,Improving,1.0
STU3434,7,13.642857142857142,7,7,131.9,2,76.1,12.7,17.4,18.5,18.0,15.2,4.53,Improving,1.0
STU3435,6,13.833333333333334,6,6,136.7,5,63.6,16.0,16.0,15.7,16.0,14.3,4.16,Improving,0.0
STU3436,6,11.833333333333334,6,6,129.8,5,61.8,11.3,18.2,18.3,18.2,11.8,6.37,Improving,0.0
STU3437,6,13.428571428571429,6,7,146.5,2,83.3,14.4,12.7,20.5,17.4,9.5,6.5,Stable,1.0
STU3438,8,10.5,13,16,122.5,6,78.6,12.1,9.1,5.9,10.6,10.1,3.92,Stable,1.0
STU3439,6,11.416666666666666,7,10,117.8,4,50.8,10.4,13.1,13.5,13.3,8.2,5.53,Declining,0.0
STU3440,2,12.75,7,16,106.0,6,61.4,16.1,13.7,21.9,19.0,17.2,5.66,Stable,0.0
STU3441,6,11.15,7,10,119.0,1,82.1,22.2,15.9,22.1,22.2,17.4,,Declining,0.0
STU3442,3,11.666666666666666,6,8,115.1,1,65.1,17.8,13.6,11.1,15.7,7.7,,Improving,0.0
STU3443,6,11.5,6,7,116.9,5,83.0,18.1,14.4,6.3,16.2,15.4,5.91,Declining,1.0
STU3444,6,13.833333333333334,6,6,141.7,1,78.0,17.3,21.1,27.0,24.0,19.1,,Improving,0.0
STU3445,6,11.714285714285714,6,8,127.7,4,77.4,16.1,18.0,18.6,18.3,22.0,4.79,Stable,0.0
STU3446,7,11.678571428571429,7,8,122.1,1,60.0,4.1,6.4,20.4,13.4,9.5,,Stable,1.0
STU3447,6,15.714285714285714,6,7,153.5,6,79.7,19.1,19.1,23.9,21.5,14.4,6.34,Stable,0.0
STU3448,0,0.0,0,0,141.4,7,48.5,0.0,0.0,4.5,2.2,6.1,3.54,Stable,1.0
STU3449,6,13.0,6,6,135.8,6,82.2,6.6,4.7,2.6,5.6,1.3,5.66,Declining,1.0
STU3450,7,14.485714285714286,7,7,127.5,8,77.5,15.9,15.9,16.5,16.2,15.1,6.12,Improving,1.0
STU3451,5,12.285714285714286,5,9,151.6,7,59.1,13.5,13.3,14.9,14.2,15.0,5.4,Stable,1.0
STU3452,4,13.375,7,12,121.4,3,80.4,14.4,10.1,19.4,16.9,17.3,6.12,Stable,0.0
STU3453,7,11.571428571428571,8,8,100.0,3,96.1,24.3,24.5,17.1,24.4,29.0,6.9,Improving,0.0
STU3454,7,12.657142857142857,8,8,131.5,7,73.2,19.4,17.5,20.9,20.2,21.9,6.6,Stable,1.0
STU3455,2,10.0,5,9,109.3,7,75.3,13.6,12.8,17.3,15.4,12.0,6.67,Declining,0.0
STU3456,6,13.714285714285714,6,7,127.9,8,65.3,19.8,18.2,22.5,21.2,19.1,7.19,Stable,0.0
STU3457,13,13.071428571428571,14,21,140.0,6,78.7,25.6,25.5,22.0,25.6,24.0,7.04,Improving,0.0
STU3458,6,15.333333333333334,6,7,160.0,2,59.9,18.6,18.4,21.4,20.0,14.4,5.83,Declining,0.0
STU3459,5,11.571428571428571,6,9,119.8,8,68.1,10.1,17.5,17.0,17.2,12.4,4.31,Improving,0.0
STU3460,0,0.0,5,10,153.0,8,60.6,6.5,9.8,14.8,12.3,14.1,5.01,Stable,0.0
STU3461,6,12.9,7,7,125.0,5,88.0,9.4,15.9,13.0,14.4,14.7,5.34,Improving,0.0
STU3462,5,13.126,8,12,103.7,7,47.5,10.6,8.9,0.0,9.8,16.6,7.05,Declining,0.0
STU3463,4,11.5,10,20,120.0,4,60.8,6.1,0.0,9.5,7.8,0.0,7.38,Declining,1.0
STU3464,3,10.333333333333334,6,11,146.0,8,75.2,9.4,6.6,11.1,10.2,6.1,4.74,Declining,0.0
STU3465,6,13.5,6,6,116.9,1,71.0,17.4,13.8,13.1,15.6,16.2,,Stable,0.0
STU3466,0,0.0,1,1,117.9,7,60.5,1.5,10.1,3.7,6.9,8.6,5.29,Declining,0.0
STU3467,4,12.0,5,5,128.6,1,67.4,12.0,9.7,14.9,13.4,10.6,,Stable,0.0
STU3468,7,11.142857142857142,8,10,135.0,3,55.4,8.7,10.5,12.2,11.4,11.9,3.77,Stable,0.0
STU3469,5,11.4,5,11,124.6,1,58.3,17.0,15.7,19.7,18.4,18.4,,Stable,1.0
STU3470,7,12.771428571428572,8,8,124.0,4,69.7,15.5,15.8,8.7,15.6,9.8,5.02,Improving,0.0
STU3471,7,13.79857142857143,8,8,129.5,2,58.4,11.8,11.3,6.7,11.6,13.6,4.17,Stable,0.0
STU3472,6,13.333333333333334,6,7,111.3,8,70.5,11.2,17.1,21.5,19.3,17.2,6.07,Stable,0.0
STU3473,0,0.0,6,11,95.0,4,49.2,0.4,10.2,7.3,8.8,6.0,4.75,Declining,1.0
STU3474,14,11.357142857142858,15,17,131.8,7,72.9,16.4,22.3,21.0,21.6,11.4,6.89,Stable,0.0
STU3475,0,0.0,5,11,119.1,2,47.9,3.1,7.1,0.4,5.1,3.1,3.6,Stable,1.0
STU3476,6,15.692307692307692,6,13,125.4,1,76.2,17.0,13.2,19.6,18.3,16.2,,Stable,1.0
STU3477,18,15.052631578947368,18,19,140.7,6,69.0,17.1,20.9,17.9,19.4,14.3,7.53,Declining,0.0
STU3478,6,11.5,10,20,131.9,5,60.2,16.1,10.6,13.5,14.8,15.8,5.28,Stable,0.0
STU3479,7,11.0,8,15,124.0,4,75.1,19.9,23.1,13.9,21.5,22.3,5.75,Stable,1.0
STU3480,6,13.0,6,6,139.2,6,82.5,13.5,19.2,14.4,16.8,15.9,7.25,Stable,1.0
STU3481,8,12.93875,8,8,121.8,6,71.5,8.1,15.4,25.0,20.2,11.5,6.35,Stable,0.0
STU3482,0,0.0,0,0,132.9,4,53.4,13.3,15.5,10.7,14.4,13.0,4.75,Declining,0.0
STU3483,0,0.0,6,6,130.0,8,57.8,9.7,0.4,13.2,11.4,4.6,3.64,Stable,1.0
STU3484,5,13.0,7,10,130.1,5,58.0,14.2,9.1,17.6,15.9,7.0,7.42,Declining,0.0
STU3485,5,12.18,7,11,124.5,5,72.2,17.6,17.5,17.7,17.6,14.7,5.41,Stable,0.0
STU3486,3,11.333333333333334,6,13,162.3,3,72.0,22.2,20.4,18.3,21.3,19.7,6.94,Stable,0.0
STU3487,7,13.0,8,8,137.8,1,67.7,25.3,23.5,28.5,26.9,27.3,,Improving,0.0
STU3488,0,0.0,5,5,119.5,2,48.5,6.9,12.3,11.0,11.6,10.7,3.79,Stable,0.0
STU3489,2,12.5,5,13,110.0,6,64.0,17.6,16.0,13.0,16.8,20.5,6.24,Stable,0.0
STU3490,5,11.0,6,9,105.0,5,75.1,7.2,3.5,10.6,8.9,0.5,4.39,Declining,1.0
STU3491,0,0.0,0,0,142.8,3,61.8,3.8,11.6,12.3,12.0,5.0,3.81,Stable,1.0
STU3492,0,0.0,5,5,128.2,5,43.6,2.6,4.7,0.0,3.6,10.6,3.22,Stable,1.0
STU3493,0,0.0,5,9,120.0,2,48.5,6.1,5.4,8.7,7.4,2.0,2.66,Declining,1.0
STU3494,0,0.0,5,6,130.0,2,51.7,13.2,19.2,14.1,16.6,10.7,2.62,Stable,1.0
STU3495,5,12.4,5,5,121.7,8,82.9,18.8,16.1,16.5,17.6,15.4,8.41,Declining,1.0
STU3496,6,15.5,6,8,116.0,3,74.4,12.3,17.8,18.8,18.3,21.8,6.28,Stable,0.0
STU3497,2,11.5,5,13,133.2,2,73.1,10.5,13.2,19.1,16.2,9.2,5.9,Declining,1.0
STU3498,4,13.333333333333334,5,7,116.7,4,79.0,23.8,27.5,16.2,25.6,25.0,5.46,Improving,0.0
STU3499,6,12.666666666666666,6,8,126.4,3,65.0,16.9,10.2,20.6,18.8,14.1,6.92,Declining,0.0
STU3500,0,0.0,6,6,140.0,5,70.7,9.6,13.4,12.5,13.0,2.8,5.06,Declining,1.0
STU3501,5,12.6,5,8,120.3,8,69.1,12.5,12.3,15.1,13.8,11.7,6.49,Declining,1.0
STU3502,6,13.5,6,6,118.0,4,68.8,19.4,15.2,20.8,20.1,14.3,6.79,Stable,0.0
STU3503,6,13.0,6,6,149.5,4,74.1,13.9,17.3,22.7,20.0,17.6,7.48,Declining,1.0
STU3504,6,11.714285714285714,6,15,130.0,3,77.1,13.8,16.9,26.0,21.4,20.2,4.55,Improving,0.0
STU3505,6,12.166666666666666,6,8,126.3,4,67.6,10.3,7.3,18.4,14.4,7.7,6.28,Declining,0.0
STU3506,0,0.0,5,10,116.2,2,68.8,7.3,13.5,15.2,14.4,8.0,4.39,Declining,0.0
STU3507,0,0.0,6,12,126.0,1,48.5,2.5,4.7,7.8,6.2,12.5,,Improving,1.0
STU3508,5,11.5,5,6,122.3,7,64.0,1.3,1.7,21.7,11.7,0.6,4.38,Declining,1.0
STU3509,4,11.25,5,7,119.5,3,76.1,13.1,10.6,9.3,11.8,6.4,7.59,Declining,0.0
STU3510,7,12.285714285714286,7,7,131.8,4,60.1,9.5,3.9,5.6,7.6,12.0,7.03,Declining,0.0
STU3511,7,12.718571428571428,7,7,130.7,1,81.7,16.1,15.2,19.5,17.8,14.6,,Improving,0.0
STU3512,5,12.4,6,12,140.0,6,69.5,12.3,14.8,18.0,16.4,13.4,5.85,Stable,1.0
STU3513,0,0.0,0,0,129.5,2,44.8,11.8,15.7,0.0,13.8,19.4,1.97,Improving,0.0
STU3514,1,14.0,6,16,130.0,3,73.6,18.2,18.5,19.7,19.1,11.8,6.59,Declining,1.0
STU3515,3,11.666666666666666,5,10,114.0,6,63.9,15.2,11.7,15.2,15.2,11.7,3.72,Stable,0.0
STU3516,1,13.0,6,15,121.0,3,70.2,14.8,15.3,19.2,17.2,9.1,5.18,Declining,1.0
STU3517,0,0.0,0,0,116.4,8,72.7,9.8,5.2,10.9,10.4,7.5,3.31,Improving,1.0
STU3518,0,0.0,5,10,121.7,2,50.8,7.2,6.3,0.0,6.8,3.6,4.57,Declining,1.0
STU3519,4,11.5,6,13,130.0,5,74.1,15.3,9.7,11.0,13.2,7.4,7.28,Declining,1.0
STU3520,7,11.714285714285714,10,10,120.0,8,73.1,19.1,19.6,15.7,19.4,20.4,7.83,Stable,0.0
STU3521,5,12.6,5,7,125.0,4,67.9,2.9,5.6,15.9,10.8,5.1,6.58,Declining,1.0
STU3522,13,11.642857142857142,17,19,134.1,5,73.7,26.2,27.9,24.5,27.0,19.5,6.72,Improving,0.0
STU3523,6,14.875,6,8,149.5,3,66.7,23.7,20.1,18.1,21.9,15.4,6.89,Declining,1.0
STU3524,2,10.0,5,11,113.2,6,61.9,8.9,7.5,11.1,10.0,8.0,4.58,Declining,1.0
STU3525,5,14.2,5,5,146.0,7,67.9,8.8,2.3,9.4,9.1,0.1,4.89,Declining,0.0
STU3526,6,12.714285714285714,6,8,140.0,5,70.5,24.6,20.0,30.0,27.3,21.4,8.2,Declining,0.0
STU3527,5,11.6,12,16,162.4,8,83.5,14.1,14.9,21.1,18.0,18.9,7.15,Declining,1.0
STU3528,5,11.94,7,14,136.6,4,66.7,14.3,14.5,18.7,16.6,15.4,5.91,Stable,1.0
STU3529,4,11.6,5,10,111.0,4,59.6,4.2,0.9,16.1,10.2,0.7,2.59,Stable,0.0
STU3530,5,12.7,7,9,115.7,2,81.4,23.4,19.4,23.5,23.4,19.9,6.19,Improving,0.0
STU3531,6,13.333333333333334,6,6,105.7,5,59.6,12.0,11.6,18.5,15.2,7.3,7.7,Declining,0.0
STU3532,8,13.333333333333334,9,13,128.2,7,84.0,16.3,18.0,17.7,17.8,16.4,6.25,Stable,1.0
STU3533,5,13.4,5,5,137.0,5,69.6,9.9,7.2,23.8,16.8,8.2,6.54,Declining,1.0
STU3534,0,0.0,6,12,120.0,2,57.5,5.9,9.1,8.9,9.0,2.6,2.51,Stable,0.0
STU3535,2,11.0,5,5,120.5,4,63.3,11.8,14.3,12.2,13.2,14.5,4.38,Improving,0.0
STU3536,13,12.0,15,17,118.1,6,60.4,18.5,14.7,26.1,22.3,7.6,5.83,Stable,0.0
STU3537,0,0.0,5,0,139.0,8,71.4,6.6,6.2,5.8,6.4,1.5,4.12,Declining,1.0
STU3538,0,0.0,5,5,116.3,1,69.3,9.1,4.2,0.0,6.6,1.3,,Improving,1.0
STU3539,4,12.5,6,12,120.5,1,70.8,11.8,11.3,21.5,16.6,9.5,,Stable,0.0
STU3540,6,13.666666666666666,6,7,134.9,3,73.0,13.2,19.9,13.9,16.9,20.1,4.74,Improving,0.0
STU3541,1,10.0,5,10,123.0,1,66.6,11.1,18.5,17.1,17.8,16.2,,Improving,0.0
STU3542,6,11.5,6,6,122.9,8,86.7,17.2,18.4,26.6,22.5,16.7,7.57,Stable,0.0
STU3543,4,12.25,5,7,140.0,3,51.3,16.2,18.3,11.4,17.2,16.0,5.65,Stable,1.0
STU3544,5,13.6,6,11,122.5,4,76.3,19.2,10.4,18.0,18.6,13.8,6.37,Stable,0.0
STU3545,2,10.5,5,11,121.5,2,58.7,12.8,9.9,20.8,16.8,15.5,5.02,Improving,0.0
STU3546,6,13.266666666666666,7,7,132.3,3,48.7,17.2,16.0,20.6,18.9,8.4,6.51,Declining,0.0
STU3547,7,12.5125,7,8,131.5,8,75.2,15.6,23.2,20.7,22.0,21.3,5.28,Improving,1.0
STU3548,0,0.0,5,9,128.2,4,75.7,9.7,7.4,21.6,15.6,5.7,4.07,Stable,0.0
STU3549,0,0.0,6,14,148.0,1,47.9,11.8,19.4,10.1,15.6,14.7,,Improving,0.0
STU3550,6,13.483333333333334,7,7,121.5,2,81.0,9.7,12.1,18.9,15.5,12.9,5.56,Declining,0.0
STU3551,6,12.565,7,9,135.4,8,79.9,16.0,15.4,24.4,20.2,17.1,6.06,Stable,1.0
STU3552,0,0.0,6,8,139.0,8,51.9,6.8,10.4,12.2,11.3,12.8,3.91,Stable,1.0
STU3553,3,13.0,5,9,113.4,2,73.8,22.2,16.2,25.5,23.8,12.3,6.69,Stable,1.0
STU3554,5,16.5,5,6,150.0,5,54.7,17.6,5.9,12.1,14.8,14.8,7.51,Declining,1.0
STU3555,6,13.166666666666666,6,7,122.0,1,68.6,17.8,20.5,25.8,23.2,17.5,,Improving,1.0
STU3556,6,13.8,6,11,150.0,4,81.8,18.4,14.2,19.6,19.0,13.5,6.87,Declining,0.0
STU3557,6,11.166666666666666,6,7,119.3,1,68.8,10.4,6.0,10.7,10.6,15.7,,Stable,0.0
STU3558,0,0.0,6,0,140.0,6,61.0,5.7,8.6,10.5,9.6,9.0,3.83,Stable,0.0
STU3559,6,12.666666666666666,6,7,125.0,8,74.6,10.8,14.3,18.3,16.3,10.8,7.41,Declining,1.0
STU3560,5,12.6,5,5,140.7,2,88.5,20.0,19.7,26.6,23.3,21.2,5.95,Improving,0.0
STU3561,5,13.06,7,7,100.0,3,67.6,17.2,20.3,20.4,20.4,16.9,5.02,Stable,0.0
STU3562,6,13.833333333333334,6,7,146.7,1,89.2,13.4,10.4,14.3,13.8,10.2,,Declining,1.0
STU3563,0,0.0,5,5,96.0,3,53.2,5.1,0.6,1.4,3.2,0.0,2.75,Declining,0.0
STU3564,2,16.0,6,6,160.0,1,90.0,22.1,21.0,20.7,21.6,20.7,,Improving,0.0
STU3565,0,0.0,5,5,130.0,2,49.5,13.1,16.6,6.9,14.8,10.6,4.24,Stable,0.0
STU3566,3,10.666666666666666,5,12,130.0,8,76.0,13.1,5.2,13.6,13.4,10.1,7.19,Declining,1.0
STU3567,18,14.5,18,18,140.0,1,80.6,9.5,9.3,19.6,14.6,14.2,,Declining,1.0
STU3568,5,14.0,5,6,116.6,7,67.9,14.1,16.9,13.7,15.5,14.4,5.23,Improving,0.0
STU3569,3,13.333333333333334,5,10,120.5,1,82.6,11.7,15.6,20.4,18.0,20.4,,Improving,0.0
STU3570,0,0.0,6,0,103.0,4,59.4,8.9,14.5,6.8,11.7,9.9,1.96,Improving,1.0
STU3571,5,12.0,6,9,111.9,3,82.5,19.3,23.2,8.1,21.2,24.1,5.47,Improving,0.0
STU3572,5,16.2,5,6,148.7,8,73.4,24.6,11.2,14.1,19.4,20.5,6.43,Improving,0.0
STU3573,7,10.285714285714286,13,13,120.0,2,62.9,21.9,27.9,20.0,24.9,27.6,6.2,Improving,0.0
STU3574,0,0.0,5,5,125.7,2,54.6,10.6,15.0,7.3,12.8,17.9,3.48,Improving,0.0
STU3575,6,13.571428571428571,6,7,120.1,6,69.0,21.4,25.8,13.6,23.6,14.3,4.96,Improving,0.0
STU3576,6,14.285714285714286,6,7,127.8,5,64.1,17.8,13.2,24.5,21.2,14.7,5.38,Improving,0.0
STU3577,5,10.2,5,7,106.4,5,59.1,19.3,12.9,20.3,19.8,14.0,5.48,Stable,1.0
STU3578,2,10.25,8,16,100.0,1,75.6,11.3,16.9,14.2,15.6,13.1,,Improving,0.0
STU3579,0,0.0,6,0,123.9,2,53.5,1.4,1.3,8.4,4.9,0.1,4.91,Declining,0.0
STU3580,6,14.833333333333334,6,7,139.5,6,82.4,24.6,24.3,18.5,24.5,19.4,6.72,Stable,1.0
STU3581,5,13.625,6,12,150.0,4,76.5,18.4,17.4,14.6,17.9,12.8,6.61,Declining,1.0
STU3582,7,12.271428571428572,7,7,139.8,4,86.5,25.8,26.5,29.4,28.0,24.3,7.78,Stable,0.0
STU3583,0,0.0,5,0,154.4,2,62.7,5.0,9.6,13.4,11.5,10.0,3.75,Stable,1.0
STU3584,4,12.5,5,8,115.5,2,61.3,17.8,18.3,8.3,18.0,14.4,4.25,Stable,0.0
STU3585,9,13.22222222222222,9,10,119.0,8,77.4,6.6,4.8,16.6,11.6,5.6,8.44,Declining,1.0
STU3586,2,15.0,7,13,96.1,5,93.9,16.5,18.1,21.7,19.9,13.9,7.52,Declining,1.0
STU3587,0,0.0,0,0,130.0,1,54.3,3.6,8.3,5.3,6.8,1.2,,Improving,1.0
STU3588,12,13.166666666666666,12,12,128.8,8,84.4,20.1,12.4,29.6,24.8,14.5,6.56,Improving,1.0
STU3589,5,13.833333333333334,6,8,126.8,4,75.1,18.3,23.3,27.4,25.4,19.8,6.72,Stable,0.0
STU3590,0,0.0,5,0,130.0,3,55.8,0.0,0.0,3.7,1.8,4.8,2.12,Improving,1.0
STU3591,0,0.0,5,6,116.7,3,55.5,7.8,11.5,7.7,9.6,3.6,3.24,Stable,0.0
STU3592,7,13.154285714285717,8,8,125.5,5,82.4,24.0,21.2,20.8,22.6,20.6,7.66,Improving,0.0
STU3593,9,12.333333333333334,12,12,110.0,3,85.1,29.1,29.8,22.0,29.4,30.0,6.53,Improving,0.0
STU3594,6,13.0,6,6,133.7,4,61.9,19.8,20.2,15.9,20.0,14.0,7.3,Stable,0.0
STU3595,2,11.5,5,14,117.6,5,67.8,9.9,10.0,15.9,13.0,14.1,5.49,Stable,0.0
STU3596,3,13.25,6,15,140.0,2,79.4,15.5,16.7,30.0,23.4,14.3,7.71,Stable,0.0
STU3597,3,13.333333333333334,6,12,150.0,8,67.2,22.6,22.0,26.7,24.6,22.4,5.34,Improving,0.0
STU3598,6,13.5,6,6,133.7,3,82.3,17.9,17.6,21.7,19.8,15.3,6.33,Improving,0.0
STU3599,6,12.666666666666666,6,7,137.0,3,58.8,11.7,20.3,4.2,16.0,16.1,6.93,Declining,1.0
STU3600,11,15.090909090909092,11,18,128.2,5,69.7,14.8,10.3,12.5,13.6,19.1,7.86,Declining,1.0
STU3601,0,0.0,0,0,129.2,4,66.0,4.1,0.0,13.3,8.7,1.8,4.72,Declining,1.0
STU3602,6,13.166666666666666,6,7,129.5,3,68.7,23.8,20.7,30.0,26.9,24.5,8.22,Improving,0.0
STU3603,6,12.833333333333334,6,6,129.6,5,49.0,13.8,11.0,17.3,15.6,12.4,4.31,Stable,0.0
STU3604,5,11.8,5,7,121.7,7,83.2,9.2,7.7,15.4,12.3,6.2,6.51,Stable,0.0
STU3605,6,11.833333333333334,6,6,141.8,6,73.5,18.4,14.7,24.5,21.4,14.7,6.05,Improving,0.0
STU3606,5,12.8,6,6,129.8,6,78.5,10.4,15.6,21.3,18.4,12.1,4.6,Improving,0.0
STU3607,5,11.8,7,7,106.0,2,57.6,15.3,6.4,17.7,16.5,4.3,5.34,Declining,0.0
STU3608,0,0.0,0,0,121.6,3,47.6,9.6,11.8,3.0,10.7,11.1,3.57,Improving,1.0
STU3609,5,15.8,5,7,121.5,4,65.9,16.3,17.3,21.6,19.5,18.5,7.46,Declining,0.0
STU3610,0,0.0,0,0,117.0,1,51.4,9.2,11.0,17.1,14.0,11.3,,Improving,1.0
STU3611,2,12.5,5,9,130.0,6,60.2,16.9,17.3,20.7,19.0,21.0,7.96,Declining,1.0
STU3612,6,14.666666666666666,6,9,117.7,3,72.4,19.8,19.8,22.7,21.2,21.2,5.57,Improving,0.0
STU3613,4,12.5,6,10,140.0,2,64.8,14.2,14.2,16.4,15.3,10.9,7.45,Declining,1.0
STU3614,3,12.0,5,7,133.1,2,69.4,13.7,12.0,15.8,14.8,10.4,5.38,Declining,0.0
STU3615,7,13.142857142857142,8,8,100.0,2,64.2,9.1,11.1,18.9,15.0,12.4,4.76,Stable,0.0
STU3616,3,12.666666666666666,6,6,119.1,3,75.7,16.9,16.9,15.3,16.9,17.1,7.62,Declining,0.0
STU3617,5,15.0,5,6,129.8,4,82.5,26.3,26.4,20.2,26.4,23.7,6.25,Improving,0.0
STU3618,5,13.6,6,7,131.3,4,66.3,12.0,7.6,12.9,12.4,6.3,5.84,Declining,0.0
STU3619,6,12.5,6,6,136.7,2,75.1,19.2,17.5,19.5,19.4,14.9,6.87,Stable,1.0
STU3620,6,13.333333333333334,6,7,126.2,2,73.1,11.3,9.3,8.4,10.3,12.3,6.38,Declining,1.0
STU3621,4,12.25,6,13,109.6,6,47.6,5.5,8.0,17.4,12.7,0.1,5.84,Declining,1.0
STU3622,7,15.101428571428572,7,7,131.9,1,78.3,16.8,17.4,17.8,17.6,7.2,,Stable,1.0
STU3623,6,13.166666666666666,6,6,140.7,4,71.0,15.8,13.3,20.6,18.2,16.0,6.59,Declining,0.0
STU3624,4,11.0,6,8,120.7,4,77.1,15.2,13.0,7.7,14.1,11.4,6.33,Declining,0.0
STU3625,3,11.666666666666666,5,9,113.8,4,55.6,6.5,8.4,17.3,12.8,9.3,6.32,Declining,0.0
STU3626,1,10.0,6,13,121.0,7,70.2,17.5,16.5,24.9,21.2,21.6,6.68,Stable,1.0
STU3627,7,11.571428571428571,7,15,112.4,5,59.8,15.4,20.7,19.7,20.2,12.6,6.41,Declining,0.0
STU3628,6,12.166666666666666,6,6,131.0,8,74.3,9.3,17.0,15.4,16.2,6.1,6.55,Stable,0.0
STU3629,0,0.0,0,0,142.7,7,48.4,3.6,10.9,14.7,12.8,5.9,4.27,Declining,0.0
STU3630,6,13.833333333333334,6,6,125.5,2,66.5,16.2,16.6,25.1,20.8,13.0,7.6,Stable,1.0
STU3631,6,12.357142857142858,7,10,107.8,2,76.9,18.4,21.6,21.7,21.6,18.1,6.05,Improving,0.0
STU3632,6,12.166666666666666,6,7,110.4,3,68.3,18.5,18.1,22.3,20.4,18.9,5.21,Improving,0.0
STU3633,3,12.0,6,8,136.1,3,58.9,9.2,7.3,21.3,15.2,9.4,5.17,Declining,1.0
STU3634,9,12.416666666666666,10,14,138.3,4,81.5,17.0,12.9,21.8,19.4,14.3,5.73,Stable,0.0
STU3635,4,12.75,5,7,142.3,2,79.5,18.8,15.8,14.4,17.3,19.7,6.37,Stable,0.0
STU3636,18,14.933333333333334,21,33,145.0,2,83.8,13.8,13.7,25.2,19.5,16.1,6.7,Stable,0.0
STU3637,6,13.0,6,6,125.7,3,78.2,15.1,15.7,16.7,16.2,13.6,6.08,Declining,0.0
STU3638,7,12.857142857142858,7,7,108.0,5,73.5,23.3,18.3,21.2,22.2,21.4,7.62,Improving,0.0
STU3639,7,14.455000000000002,7,10,128.7,5,73.0,11.9,10.8,18.2,15.0,5.7,7.94,Declining,0.0
STU3640,6,14.0,6,8,128.0,8,61.8,17.9,16.3,21.1,19.5,19.2,5.79,Stable,0.0
STU3641,6,13.5,6,6,146.5,2,69.5,20.1,21.4,26.0,23.7,18.4,6.55,Stable,0.0
STU3642,0,0.0,6,0,106.1,3,54.7,7.4,6.4,10.3,8.9,1.8,4.15,Stable,0.0
STU3643,6,11.666666666666666,6,6,118.0,8,65.3,12.5,13.2,23.8,18.5,10.5,4.35,Stable,1.0
STU3644,4,12.0,5,6,117.0,5,71.5,16.5,11.8,16.0,16.2,16.5,4.24,Stable,1.0
STU3645,6,11.714285714285714,6,7,115.4,4,78.9,12.7,8.7,21.4,17.0,7.3,5.45,Stable,0.0
STU3646,6,12.666666666666666,6,8,117.0,4,68.3,1.5,1.6,11.4,6.5,4.1,5.81,Declining,1.0
STU3647,3,11.75,6,11,144.9,1,92.0,17.4,18.1,17.8,18.0,20.0,,Stable,0.0
STU3648,0,0.0,6,0,127.0,7,47.0,6.8,7.1,16.6,11.9,5.8,4.47,Stable,0.0
STU3649,7,12.328571428571427,8,8,118.0,5,59.5,21.1,18.0,18.1,19.6,14.9,8.43,Declining,0.0
STU3650,6,11.666666666666666,7,14,118.0,4,76.1,10.6,12.7,12.7,12.7,11.0,5.04,Declining,0.0
STU3651,12,13.25,12,12,126.4,4,74.0,19.7,22.8,17.4,21.2,14.9,9.41,Declining,1.0
STU3652,5,11.833333333333334,6,8,110.0,3,66.9,18.2,20.2,23.8,22.0,15.4,4.32,Improving,0.0
STU3653,7,13.3,7,7,124.4,2,59.7,17.5,15.4,26.6,22.0,11.5,8.38,Declining,0.0
STU3654,6,12.555555555555555,6,13,140.0,6,67.1,11.1,9.5,19.2,15.2,10.5,6.62,Declining,1.0
STU3655,6,12.833333333333334,6,6,129.4,4,60.6,22.1,18.5,15.8,20.3,13.8,6.29,Stable,1.0
STU3656,6,12.833333333333334,6,6,141.7,1,70.3,16.0,15.3,18.8,17.4,15.1,,Improving,0.0
STU3657,3,12.666666666666666,5,10,132.1,3,65.6,18.6,16.5,16.1,17.6,20.0,5.04,Improving,0.0
STU3658,6,13.271428571428572,7,8,116.8,7,79.3,13.5,15.1,15.3,15.2,18.7,8.49,Declining,0.0
STU3659,5,12.4,5,5,135.0,3,78.9,12.6,14.3,13.2,13.8,7.8,4.92,Stable,1.0
STU3660,2,14.5,5,10,150.0,3,79.1,18.4,13.8,20.9,19.6,12.5,5.82,Improving,0.0
STU3661,0,0.0,6,7,116.0,5,39.4,4.8,4.8,4.5,4.8,7.2,2.25,Stable,1.0
STU3662,6,14.285714285714286,6,7,155.0,6,82.6,13.6,20.9,21.6,21.2,19.2,6.28,Stable,0.0
STU3663,3,12.333333333333334,5,7,127.0,5,68.6,3.1,3.6,4.1,3.8,2.0,4.89,Declining,1.0
STU3664,6,12.583333333333334,7,10,130.8,7,72.0,22.5,15.9,27.2,24.8,15.6,5.61,Improving,0.0
STU3665,6,13.731666666666667,7,8,121.8,1,71.1,16.3,10.2,15.2,15.8,12.8,,Improving,0.0
STU3666,6,12.875,6,8,140.0,7,68.5,17.4,16.9,20.3,18.8,8.5,4.37,Improving,0.0
STU3667,8,14.625,10,14,148.5,7,70.3,22.1,26.3,23.2,24.8,24.0,8.28,Stable,0.0
STU3668,0,0.0,3,3,109.8,4,50.4,6.5,9.1,9.3,9.2,10.3,3.06,Stable,1.0
STU3669,6,12.666666666666666,6,8,119.7,5,74.6,9.6,14.5,8.3,12.0,9.6,5.32,Stable,1.0
STU3670,6,12.491666666666667,8,11,122.0,2,64.9,17.3,15.5,14.4,16.4,9.8,6.84,Stable,0.0
STU3671,12,13.666666666666666,12,12,147.5,3,70.3,26.1,28.3,21.2,27.2,29.9,9.13,Stable,0.0
STU3672,6,16.0,6,13,150.8,2,78.4,20.0,17.5,21.8,20.9,18.6,8.03,Stable,1.0
STU3673,6,14.142857142857142,6,8,150.0,1,67.0,26.6,20.1,28.6,27.6,23.8,,Improving,1.0
STU3674,6,11.833333333333334,6,9,131.5,8,47.9,4.3,7.6,13.4,10.5,1.1,3.94,Declining,1.0
STU3675,6,12.666666666666666,6,6,127.2,2,63.0,5.5,8.2,8.6,8.4,2.1,5.6,Declining,1.0
STU3676,6,12.5,6,6,111.0,4,90.4,22.9,20.3,22.4,22.6,21.4,7.93,Declining,1.0
STU3677,9,10.88888888888889,11,16,119.9,2,66.2,9.0,9.2,13.3,11.2,12.6,5.5,Stable,0.0
STU3678,1,13.0,6,11,133.7,3,73.4,24.1,24.7,19.0,24.4,17.4,6.2,Improving,0.0
STU3679,6,15.166666666666666,6,6,140.0,3,53.3,21.5,16.2,19.1,20.3,16.7,6.43,Stable,0.0
STU3680,6,12.666666666666666,6,8,113.9,3,74.4,21.4,20.0,22.5,22.0,12.6,4.27,Stable,0.0
STU3681,0,0.0,0,0,120.7,5,52.8,7.7,8.9,4.3,8.3,4.1,3.33,Declining,1.0
STU3682,5,12.0,5,9,119.8,8,65.6,11.5,9.5,14.6,13.0,9.5,6.78,Declining,1.0
STU3683,0,0.0,5,5,121.8,3,56.6,0.0,4.8,11.4,8.1,4.1,3.6,Stable,0.0
STU3684,0,0.0,0,0,117.7,8,53.9,10.5,8.4,10.3,10.4,0.0,4.26,Declining,0.0
STU3685,2,11.0,5,8,110.0,5,52.2,3.4,0.2,15.4,9.4,7.3,5.69,Declining,1.0
STU3686,6,15.714285714285714,6,7,134.4,4,79.2,24.7,21.8,28.7,26.7,20.4,6.35,Improving,0.0
STU3687,11,10.818181818181818,15,15,125.3,2,78.3,15.8,10.8,9.2,13.3,17.0,5.91,Stable,1.0
STU3688,1,12.0,5,16,119.1,1,66.7,13.4,16.7,17.7,17.2,16.4,,Improving,0.0
STU3689,5,12.6,6,8,146.0,7,74.8,23.6,26.2,22.7,24.9,26.3,5.93,Improving,0.0
STU3690,1,13.0,5,12,130.0,4,72.7,18.9,10.4,13.2,16.0,21.4,6.35,Stable,0.0
STU3691,5,11.6,5,8,122.0,3,79.7,14.8,9.9,13.3,14.0,9.0,5.25,Stable,1.0
STU3692,1,10.0,5,11,118.1,6,53.6,17.3,17.9,14.2,17.6,15.9,5.19,Stable,1.0
STU3693,1,14.0,6,7,105.2,2,65.6,14.7,9.8,11.0,12.8,6.9,5.06,Stable,1.0
STU3694,5,12.6,5,9,123.3,6,59.2,12.4,15.8,11.9,14.1,12.4,4.98,Stable,1.0
STU3695,0,0.0,0,0,124.8,3,61.8,5.9,10.9,10.6,10.8,10.3,3.53,Stable,0.0
STU3696,2,11.333333333333334,5,11,149.4,7,61.6,18.0,17.4,27.7,22.8,19.9,5.59,Improving,0.0
STU3697,6,12.666666666666666,6,6,108.5,2,61.9,4.2,4.6,4.4,4.5,3.7,7.63,Declining,1.0
STU3698,5,10.8,6,7,125.0,1,81.7,15.2,7.5,20.4,17.8,6.1,,Stable,0.0
STU3699,5,12.87857142857143,7,14,101.0,5,51.8,14.4,17.5,14.9,16.2,14.4,5.27,Stable,0.0
STU3700,0,0.0,5,5,112.9,2,56.4,0.5,15.6,5.3,10.4,3.6,2.71,Improving,1.0
STU3701,6,12.833333333333334,6,6,120.2,8,86.3,19.0,22.9,9.7,21.0,16.7,5.6,Improving,1.0
STU3702,5,12.6,5,5,111.6,5,72.0,11.9,9.9,17.5,14.7,12.6,5.17,Stable,1.0
STU3703,0,0.0,5,0,134.1,2,40.7,2.1,0.3,0.0,1.2,2.8,2.99,Declining,1.0
STU3704,0,0.0,5,11,101.6,2,40.5,8.0,11.4,11.8,11.6,10.9,3.74,Improving,0.0
STU3705,6,14.166666666666666,6,6,111.9,7,66.8,12.0,13.7,25.6,19.6,11.3,6.19,Declining,1.0
STU3706,5,13.4,5,7,118.4,4,71.3,18.0,17.5,11.8,17.8,19.8,3.91,Improving,0.0
STU3707,5,11.2,5,8,127.1,7,70.6,5.3,8.3,19.1,13.7,7.3,6.82,Declining,1.0
STU3708,0,0.0,0,0,120.5,1,45.2,7.9,5.8,9.2,8.6,4.9,,Improving,1.0
STU3709,6,12.666666666666666,6,6,136.1,7,63.8,15.6,19.8,8.7,17.7,12.2,5.58,Declining,0.0
STU3710,3,12.333333333333334,5,7,124.0,4,60.6,11.0,16.2,10.0,13.6,4.9,5.62,Stable,1.0
STU3711,4,12.25,5,7,141.6,5,71.3,17.8,14.0,19.3,18.6,9.0,7.41,Declining,1.0
STU3712,0,0.0,0,0,160.0,3,78.3,8.6,8.7,13.0,10.8,8.6,5.39,Declining,0.0
STU3713,3,10.75,5,13,110.0,1,57.1,16.3,7.8,7.1,12.0,7.5,,Improving,0.0
STU3714,0,0.0,7,7,100.0,8,44.0,6.8,4.2,7.3,7.0,0.0,3.65,Declining,1.0
STU3715,0,0.0,6,13,120.0,8,41.8,5.9,2.8,10.2,8.0,1.9,3.89,Declining,1.0
STU3716,2,14.333333333333334,5,9,124.8,3,72.9,14.1,19.1,20.8,20.0,16.0,6.73,Declining,0.0
STU3717,2,11.5,5,8,140.0,8,71.6,13.6,14.7,15.5,15.1,15.0,5.87,Declining,0.0
STU3718,0,0.0,0,0,124.3,2,48.3,5.3,7.5,10.7,9.1,5.5,4.25,Stable,0.0
STU3719,2,10.5,5,11,118.9,1,64.6,14.3,14.7,20.8,17.8,13.0,,Improving,0.0
STU3720,6,13.5,6,6,130.2,1,66.5,15.8,17.8,22.8,20.3,13.7,,Improving,0.0
STU3721,1,11.0,6,17,120.0,3,69.0,17.0,14.5,19.8,18.4,16.4,5.78,Stable,0.0
STU3722,1,10.0,6,6,140.0,1,93.8,14.6,22.0,18.2,20.1,16.0,,Stable,0.0
STU3723,0,0.0,6,17,130.0,3,63.7,9.5,10.5,10.4,10.4,8.4,3.86,Stable,1.0
STU3724,1,12.0,5,10,130.4,1,70.8,9.5,8.1,16.9,13.2,12.9,,Stable,1.0
STU3725,4,12.25,5,6,116.1,5,62.4,17.5,13.9,13.1,15.7,17.1,5.32,Improving,0.0
STU3726,5,11.4,10,21,130.0,6,63.0,15.0,17.1,24.3,20.7,14.6,6.81,Declining,0.0
STU3727,0,0.0,5,5,124.3,5,62.1,1.7,6.4,0.6,4.0,2.5,1.64,Improving,0.0
STU3728,4,14.25,6,8,125.0,2,80.2,23.8,17.3,18.1,21.0,17.4,6.91,Improving,1.0
STU3729,11,14.454545454545457,12,12,110.0,6,71.4,20.7,26.2,21.6,23.9,13.9,6.75,Declining,1.0
STU3730,12,14.538461538461538,12,13,115.0,2,87.5,22.4,25.5,24.5,25.0,25.9,7.09,Improving,0.0
STU3731,6,12.733333333333334,7,10,129.6,6,69.0,15.7,17.9,20.0,19.0,12.7,5.59,Stable,0.0
STU3732,5,13.2,12,13,128.8,4,81.2,16.5,21.6,26.6,24.1,20.8,5.26,Improving,0.0
STU3733,0,0.0,0,0,144.2,3,70.1,11.8,21.8,16.7,19.2,15.4,4.51,Stable,0.0
STU3734,6,12.333333333333334,6,7,134.0,1,68.6,17.9,22.1,15.2,20.0,23.1,,Improving,0.0
STU3735,5,11.2,9,9,112.0,6,59.6,18.2,16.3,16.3,17.2,17.4,5.03,Stable,0.0
STU3736,6,13.2,7,7,128.8,8,69.0,14.4,12.4,15.1,14.8,16.0,6.66,Declining,1.0
STU3737,5,11.833333333333334,5,8,134.0,5,76.2,22.4,14.0,20.0,21.2,13.9,4.71,Improving,0.0
STU3738,5,11.333333333333334,6,10,125.0,8,70.6,16.7,15.9,14.5,16.3,10.7,6.64,Declining,0.0
STU3739,5,13.6,5,5,123.2,8,72.7,7.9,9.9,13.6,11.8,9.5,5.3,Stable,1.0
STU3740,0,0.0,5,10,118.4,2,42.5,0.0,4.6,13.2,8.9,0.0,2.98,Declining,0.0
STU3741,5,12.857142857142858,6,11,116.2,5,70.9,3.8,0.0,11.2,7.5,1.0,4.66,Declining,1.0
STU3742,3,14.333333333333334,5,16,123.0,3,70.8,11.6,12.6,10.3,12.1,7.0,6.89,Declining,1.0
STU3743,5,13.5,6,9,113.5,4,53.0,9.9,11.0,11.4,11.2,6.5,6.69,Declining,1.0
STU3744,6,14.428571428571429,6,8,125.0,1,73.4,20.5,16.3,10.0,18.4,19.3,,Stable,0.0
STU3745,0,0.0,6,12,134.8,8,74.8,12.3,13.8,14.6,14.2,13.9,4.98,Stable,0.0
STU3746,0,0.0,0,0,149.9,5,44.2,9.6,10.6,17.2,13.9,7.9,2.53,Improving,0.0
STU3747,8,12.82875,8,8,119.8,2,55.9,12.1,17.3,9.5,14.7,14.5,3.96,Stable,1.0
STU3748,0,0.0,5,6,125.0,3,57.6,7.7,13.0,3.9,10.4,7.0,5.43,Declining,1.0
STU3749,0,0.0,7,0,135.1,3,72.0,2.0,4.7,3.3,4.0,11.8,2.0,Improving,0.0
STU3750,6,14.666666666666666,6,6,138.3,6,73.4,25.9,23.7,28.1,27.0,23.8,6.89,Improving,1.0
STU3751,7,13.937142857142858,8,8,122.5,7,76.2,9.0,9.1,23.5,16.3,7.1,6.28,Improving,0.0
STU3752,10,14.7,12,12,148.0,3,77.6,18.8,20.1,22.4,21.2,21.3,4.31,Improving,0.0
STU3753,6,11.666666666666666,6,6,126.2,4,64.3,13.5,14.3,10.5,13.9,17.6,4.69,Improving,0.0
STU3754,6,14.85,7,7,129.8,4,78.2,21.7,27.4,22.4,24.9,19.5,5.68,Improving,0.0
STU3755,1,12.0,5,11,104.0,3,60.8,11.4,2.1,20.6,16.0,1.3,4.51,Stable,0.0
STU3756,7,13.6875,7,8,126.7,4,67.8,15.1,14.4,15.8,15.4,9.3,6.27,Declining,0.0
STU3757,5,12.4,6,14,120.0,1,54.1,12.8,13.3,16.6,15.0,9.8,,Declining,1.0
STU3758,7,13.398,7,10,124.6,2,67.3,18.9,16.1,17.9,18.4,15.4,4.92,Improving,0.0
STU3759,5,11.8,6,13,130.0,3,79.8,15.5,7.5,9.5,12.5,5.1,5.72,Stable,0.0
STU3760,0,0.0,5,0,127.3,7,52.5,12.3,15.4,14.0,14.7,9.6,3.09,Stable,0.0
STU3761,13,11.76923076923077,15,19,122.0,3,82.1,17.0,14.4,22.0,19.5,13.9,5.5,Declining,1.0
STU3762,0,0.0,6,8,125.1,2,62.9,7.4,15.4,1.6,11.4,11.1,4.42,Declining,1.0
STU3763,6,13.285714285714286,6,8,110.0,6,71.1,14.8,14.9,11.4,14.8,16.2,6.52,Stable,1.0
STU3764,6,11.666666666666666,6,6,129.8,8,67.2,18.5,12.9,13.9,16.2,16.1,3.86,Improving,0.0
STU3765,6,11.5,6,13,114.9,3,64.4,11.3,6.0,18.0,14.6,15.2,6.28,Stable,1.0
STU3766,6,13.081666666666669,7,9,125.6,1,62.9,18.7,20.1,17.3,19.4,22.1,,Improving,1.0
STU3767,6,12.666666666666666,6,6,125.1,5,72.4,17.3,17.4,21.4,19.4,17.1,6.82,Declining,1.0
STU3768,3,11.333333333333334,6,6,115.7,3,70.3,15.2,15.5,15.8,15.6,10.5,6.79,Stable,1.0
STU3769,5,13.6,6,8,112.6,5,89.5,18.3,16.8,19.7,19.0,13.8,4.87,Improving,0.0
STU3770,6,13.166666666666666,6,6,127.2,2,79.5,18.9,16.0,21.9,20.4,11.0,5.46,Stable,1.0
STU3771,0,0.0,6,0,140.0,1,46.6,5.8,10.6,9.7,10.1,7.5,,Improving,1.0
STU3772,5,11.666666666666666,6,10,140.0,3,52.8,18.6,19.9,16.5,19.2,18.1,3.15,Improving,0.0
STU3773,6,13.5,6,6,120.4,5,71.4,18.1,10.5,19.6,18.8,16.8,6.17,Stable,1.0
STU3774,0,0.0,6,7,100.0,3,61.9,16.4,8.8,11.2,13.8,11.2,4.34,Stable,0.0
STU3775,6,13.166666666666666,6,6,113.5,2,72.9,17.5,23.8,19.6,21.7,22.9,6.96,Improving,1.0
STU3776,4,12.5,5,11,132.1,3,71.7,16.7,19.0,14.6,17.8,19.9,5.48,Stable,1.0
STU3777,6,13.375,6,10,160.0,6,69.9,12.3,9.5,24.9,18.6,6.9,5.9,Declining,0.0
STU3778,6,13.166666666666666,6,6,126.3,1,80.0,22.4,17.8,18.0,20.2,16.3,,Stable,1.0
STU3779,4,13.4,6,12,160.0,5,59.3,13.6,14.7,24.4,19.5,13.6,5.99,Declining,1.0
STU3780,3,13.0,7,10,100.0,5,74.7,10.7,6.6,8.0,9.4,5.1,4.63,Stable,0.0
STU3781,7,13.154285714285717,8,8,125.8,3,63.8,15.6,12.6,21.9,18.8,12.6,5.05,Stable,1.0
STU3782,6,12.833333333333334,6,6,142.2,8,72.9,13.9,16.1,23.4,19.8,14.6,6.56,Declining,1.0
STU3783,7,12.142857142857142,7,10,119.4,7,64.6,11.8,14.4,13.5,14.0,11.7,4.78,Declining,0.0
STU3784,5,13.34,7,9,106.4,2,73.8,14.0,18.9,16.1,17.5,15.6,7.1,Stable,0.0
STU3785,4,13.0,10,15,120.0,1,74.8,17.4,22.6,19.2,20.9,15.2,,Improving,0.0
STU3786,3,12.0,6,18,150.0,2,68.6,18.8,16.1,16.2,17.5,17.3,4.29,Improving,0.0
STU3787,0,0.0,0,0,148.6,2,59.7,8.0,6.6,10.3,9.2,7.8,4.9,Declining,1.0
STU3788,5,11.0,6,9,108.7,4,77.1,7.6,8.6,13.6,11.1,5.3,6.49,Declining,1.0
STU3789,5,11.5,6,8,130.0,7,89.4,23.0,28.1,20.9,25.6,18.3,5.47,Improving,0.0
STU3790,3,13.333333333333334,9,9,124.6,7,71.2,9.7,6.3,23.0,16.4,12.6,5.54,Improving,0.0
STU3791,7,14.594444444444443,7,9,131.0,2,87.9,19.0,19.8,18.3,19.4,24.1,6.43,Stable,0.0
STU3792,4,11.0,6,9,130.0,3,75.6,19.6,15.7,16.9,18.2,17.3,4.72,Stable,1.0
STU3793,0,0.0,5,8,116.1,1,62.2,6.9,9.8,11.6,10.7,5.4,,Improving,1.0
STU3794,0,0.0,6,6,125.6,4,61.4,15.0,10.6,15.3,15.2,14.6,3.28,Improving,0.0
STU3795,1,12.0,5,9,121.3,1,56.6,6.1,2.9,16.8,11.4,6.3,,Stable,0.0
STU3796,5,14.0,5,8,107.4,8,71.3,16.9,14.5,25.9,21.4,13.6,4.9,Improving,0.0
STU3797,6,13.571428571428571,6,8,116.9,7,69.5,16.8,18.0,17.3,17.6,18.9,3.95,Improving,1.0
STU3798,0,0.0,6,12,123.5,2,51.7,1.3,10.3,5.3,7.8,1.8,3.09,Stable,1.0
STU3799,6,14.25,6,8,130.5,5,80.3,15.1,13.3,10.5,14.2,11.3,6.05,Declining,1.0
STU3800,0,0.0,6,7,140.0,4,63.7,5.0,0.0,3.1,4.0,3.7,4.78,Declining,1.0
STU3801,0,0.0,6,12,117.1,6,52.6,5.8,5.2,8.0,6.9,4.9,3.48,Stable,0.0
STU3802,7,13.542857142857144,8,8,127.5,4,43.5,8.5,9.6,9.6,9.6,11.5,6.59,Declining,1.0
STU3803,9,13.11111111111111,9,9,126.0,2,87.7,18.3,17.1,11.5,17.7,20.7,4.75,Improving,1.0
STU3804,9,12.666666666666666,9,11,113.0,5,70.3,10.3,10.6,16.9,13.8,4.8,5.76,Stable,0.0
STU3805,4,10.75,5,10,130.1,1,64.9,21.2,28.4,24.4,26.4,22.3,,Improving,0.0
STU3806,4,10.75,10,14,110.0,4,46.4,8.8,8.3,8.4,8.6,14.3,4.28,Declining,1.0
STU3807,6,13.666666666666666,6,6,135.8,2,66.9,22.5,18.9,22.9,22.7,16.2,5.29,Improving,0.0
STU3808,6,13.833333333333334,6,6,126.3,5,68.0,19.1,16.0,21.8,20.5,13.5,5.89,Stable,0.0
STU3809,17,13.176470588235292,18,18,130.0,6,71.5,17.9,9.3,25.1,21.5,5.2,6.74,Stable,0.0
STU3810,4,12.75,6,8,104.0,1,63.6,11.0,14.5,26.0,20.2,12.5,,Improving,1.0
STU3811,5,12.86,7,8,123.6,3,76.5,16.5,15.6,30.0,23.2,17.0,8.08,Stable,0.0
STU3812,4,12.0,8,12,121.0,5,86.1,13.1,10.4,18.4,15.8,13.1,5.83,Declining,0.0
STU3813,9,11.666666666666666,11,11,130.5,2,77.7,19.6,17.1,16.1,18.4,12.7,5.97,Stable,1.0
STU3814,14,16.5,14,14,180.0,4,93.9,18.6,16.7,23.5,21.0,17.4,6.79,Improving,0.0
STU3815,9,12.333333333333334,10,14,112.5,5,72.5,26.4,21.7,29.5,28.0,22.5,5.64,Improving,0.0
STU3816,7,12.59125,7,8,126.1,3,69.9,19.2,13.4,12.9,16.3,14.9,5.53,Stable,0.0
STU3817,4,11.5,6,9,111.8,6,71.2,12.1,14.7,22.0,18.4,8.3,6.51,Declining,0.0
STU3818,18,11.894736842105264,18,19,131.4,4,72.7,27.0,24.9,23.1,26.0,23.8,6.98,Stable,0.0
STU3819,0,0.0,6,0,144.3,5,58.7,6.8,2.5,11.8,9.3,1.7,4.62,Declining,1.0
STU3820,0,0.0,6,0,115.0,1,60.3,5.2,2.3,2.8,4.0,0.0,,Improving,0.0
STU3821,5,13.0,6,13,120.0,1,84.0,11.5,14.9,11.8,13.4,15.5,,Stable,0.0
STU3822,0,0.0,6,9,168.6,1,64.0,18.4,17.2,14.0,17.8,15.9,,Improving,0.0
STU3823,6,15.166666666666666,6,6,127.7,7,63.0,9.7,10.2,22.8,16.5,12.4,6.21,Stable,0.0
STU3824,4,11.75,6,8,150.0,7,67.9,8.7,7.5,11.7,10.2,6.4,6.36,Declining,0.0
STU3825,0,0.0,5,5,129.8,6,40.9,2.4,9.6,14.9,12.2,7.5,3.62,Stable,0.0
STU3826,0,0.0,0,0,135.6,2,55.4,11.1,15.2,7.5,13.2,14.7,2.73,Stable,0.0
STU3827,3,11.333333333333334,6,11,100.0,4,71.4,18.0,18.2,12.6,18.1,22.8,5.95,Improving,0.0
STU3828,5,12.6,6,10,140.0,6,70.3,16.6,17.2,19.8,18.5,18.7,5.13,Improving,0.0
STU3829,0,0.0,5,10,124.1,5,57.7,10.3,13.8,13.3,13.6,11.5,3.92,Improving,0.0
STU3830,6,15.5,6,8,131.6,1,74.1,14.2,12.6,17.4,15.8,7.5,,Stable,0.0
STU3831,7,12.365714285714288,8,8,129.0,7,70.4,15.1,15.3,16.9,16.1,13.5,6.98,Declining,1.0
STU3832,5,13.2,6,7,135.7,2,69.6,27.5,24.2,30.0,28.8,18.3,6.65,Improving,0.0
STU3833,7,11.428571428571429,12,12,108.0,2,66.0,12.4,7.1,15.1,13.8,6.4,4.43,Stable,1.0
STU3834,0,0.0,6,0,110.8,7,55.7,0.8,7.1,4.0,5.6,10.5,2.83,Improving,0.0
STU3835,4,14.0,6,10,124.5,4,91.1,20.4,22.3,16.4,21.4,15.9,7.45,Declining,0.0
STU3836,3,12.0,12,12,100.0,3,65.1,16.2,14.9,22.0,19.1,5.4,3.0,Improving,1.0
STU3837,0,0.0,4,4,123.8,4,61.8,7.3,12.1,8.0,10.0,11.4,4.71,Declining,0.0
STU3838,4,10.0,5,13,131.4,8,75.2,17.1,14.5,14.7,15.9,11.7,5.29,Stable,0.0
STU3839,1,10.0,5,9,118.5,1,62.0,10.0,4.9,17.0,13.5,9.9,,Stable,1.0
STU3840,0,0.0,0,0,122.0,6,64.1,5.6,3.7,16.7,11.1,0.0,3.14,Stable,0.0
STU3841,6,11.166666666666666,6,7,122.9,3,74.9,12.6,8.8,14.4,13.5,8.2,4.33,Stable,1.0
STU3842,4,11.75,6,12,118.7,1,80.6,14.6,14.0,15.3,15.0,17.5,,Improving,0.0
STU3843,3,11.75,6,13,100.0,3,71.5,19.7,11.7,16.2,18.0,9.1,3.74,Improving,0.0
STU3844,1,10.0,5,8,135.9,4,94.9,18.2,21.8,17.8,20.0,17.7,7.09,Declining,0.0
STU3845,3,14.0,5,8,138.4,2,66.8,14.6,17.4,16.5,17.0,16.1,5.73,Stable,1.0
STU3846,0,0.0,5,5,128.2,3,71.1,6.2,4.4,5.1,5.6,1.5,2.85,Improving,0.0
STU3847,3,12.0,6,12,107.4,5,73.7,16.8,11.1,19.6,18.2,13.5,6.16,Declining,1.0
STU3848,0,0.0,6,10,129.8,4,77.8,15.2,14.9,14.9,15.0,13.5,5.3,Stable,1.0
STU3849,8,11.88888888888889,10,19,100.0,5,69.7,19.0,19.7,25.6,22.6,19.6,4.87,Improving,0.0
STU3850,6,13.833333333333334,6,6,113.0,6,75.7,7.1,1.2,12.3,9.7,11.7,6.21,Declining,1.0
STU3851,0,0.0,5,5,107.0,3,68.2,0.0,3.6,5.2,4.4,11.8,5.04,Stable,1.0
STU3852,5,11.4,6,8,130.0,3,57.1,18.0,8.0,21.1,19.6,13.5,5.87,Stable,0.0
STU3853,0,0.0,6,8,120.0,4,50.5,5.8,3.5,6.6,6.2,3.3,2.42,Declining,1.0
STU3854,14,10.642857142857142,17,17,120.5,4,52.7,15.5,20.1,17.9,19.0,18.1,4.85,Stable,0.0
STU3855,2,11.0,6,10,120.5,1,65.5,15.7,26.9,17.7,22.3,18.0,,Improving,0.0
STU3856,6,16.833333333333332,6,6,137.0,2,61.9,22.1,20.2,25.4,23.8,12.8,5.87,Stable,0.0
STU3857,6,13.571428571428571,6,8,115.0,2,64.8,18.5,13.0,17.4,18.0,13.9,6.68,Stable,1.0
STU3858,5,14.714285714285714,5,11,142.7,3,100.0,21.0,18.9,26.0,23.5,22.3,5.84,Improving,0.0
STU3859,0,0.0,5,8,116.7,8,67.8,0.5,3.4,4.6,4.0,0.0,2.67,Declining,0.0
STU3860,1,10.0,5,14,136.1,4,55.1,10.2,9.3,19.5,14.8,5.8,6.51,Declining,0.0
STU3861,1,11.0,6,15,134.3,3,67.7,0.2,1.3,10.6,6.0,0.0,4.4,Declining,1.0
STU3862,1,11.0,6,6,153.0,4,79.1,18.2,13.9,22.1,20.2,16.2,7.7,Declining,0.0
STU3863,5,12.0,6,6,132.0,5,62.9,16.8,17.7,20.5,19.1,24.1,5.15,Improving,0.0
STU3864,6,11.125,6,10,129.6,3,78.0,23.2,23.8,17.8,23.5,18.4,7.88,Stable,0.0
STU3865,3,11.333333333333334,6,13,105.0,3,62.1,11.3,9.5,11.7,11.5,9.4,4.68,Stable,0.0
STU3866,2,12.0,6,15,130.8,5,52.4,10.6,9.7,17.6,14.1,9.4,5.69,Declining,1.0
STU3867,0,0.0,7,8,119.7,1,46.6,3.9,4.2,12.9,8.6,2.5,,Improving,0.0
STU3868,7,14.54,8,8,132.5,4,82.3,17.3,12.6,27.0,22.2,14.7,7.38,Stable,0.0
STU3869,6,12.166666666666666,6,9,130.0,4,73.2,15.1,10.4,17.7,16.4,10.5,6.6,Declining,1.0
STU3870,4,13.5,5,13,120.0,6,66.2,11.9,16.9,24.7,20.8,23.9,6.98,Stable,0.0
STU3871,6,14.75,6,8,150.0,8,68.5,25.1,23.4,19.1,24.2,24.6,7.19,Improving,0.0
STU3872,5,12.375,5,8,115.6,6,64.7,6.4,0.1,4.6,5.5,2.2,3.61,Declining,1.0
STU3873,6,12.733333333333334,7,7,119.1,4,76.8,12.9,17.1,15.1,16.1,18.2,5.93,Stable,1.0
STU3874,4,12.5,6,9,123.5,2,64.3,3.4,6.3,17.1,11.7,6.3,4.55,Stable,1.0
STU3875,0,0.0,5,5,120.0,4,66.6,5.2,2.2,1.3,3.7,3.1,2.71,Stable,1.0
STU3876,0,0.0,7,7,110.0,6,48.7,5.7,5.7,1.2,5.7,4.2,4.05,Stable,1.0
STU3877,7,13.44285714285714,7,7,131.4,8,70.5,12.3,10.4,7.4,11.4,9.9,7.23,Declining,0.0
STU3878,8,14.2,8,8,126.8,6,72.1,13.6,15.3,22.2,18.8,9.5,6.46,Declining,1.0
STU3879,6,13.55,7,7,118.9,2,71.8,12.4,11.1,7.9,11.8,4.7,7.13,Declining,0.0
STU3880,5,11.6,5,5,160.0,5,66.8,14.4,15.1,20.9,18.0,15.5,5.46,Stable,0.0
STU3881,6,13.571428571428571,6,7,115.9,7,86.7,13.5,12.4,14.5,14.0,11.4,6.9,Stable,0.0
STU3882,6,13.833333333333334,6,6,109.3,5,61.2,26.4,16.5,18.2,22.3,22.8,7.22,Improving,0.0
STU3883,4,11.25,6,7,113.9,5,84.3,14.5,19.2,12.3,16.8,12.0,5.89,Stable,0.0
STU3884,5,10.2,6,7,121.8,4,73.4,18.2,21.3,20.3,20.8,14.0,7.5,Stable,1.0
STU3885,7,15.675714285714283,8,8,140.0,5,78.2,14.4,12.4,14.3,14.4,15.8,5.79,Improving,0.0
STU3886,6,10.833333333333334,6,9,114.7,2,80.6,10.3,11.9,15.1,13.5,9.6,6.82,Declining,1.0
STU3887,6,14.5,6,6,120.0,1,76.5,13.7,17.3,18.4,17.8,17.4,,Improving,0.0
STU3888,4,10.4,6,12,107.3,6,57.9,21.8,22.6,19.8,22.2,19.2,4.48,Improving,0.0
STU3889,5,13.0,5,7,136.2,8,76.3,13.8,17.5,21.7,19.6,21.5,4.82,Improving,0.0
STU3890,7,12.242857142857144,7,7,119.5,7,84.8,14.8,23.9,18.1,21.0,20.1,7.01,Stable,0.0
STU3891,7,13.0,7,7,106.0,3,57.7,8.5,8.6,8.3,8.6,9.8,6.26,Declining,1.0
STU3892,6,14.166666666666666,6,6,124.1,1,86.2,1.2,4.3,14.0,9.2,6.8,,Stable,1.0
STU3893,4,14.25,5,11,133.2,2,66.8,7.3,3.6,14.3,10.8,4.5,5.38,Declining,1.0
STU3894,1,12.0,5,14,110.0,6,58.3,19.9,11.8,13.4,16.6,7.5,4.82,Stable,0.0
STU3895,4,13.25,7,11,114.8,5,64.1,18.2,20.1,17.7,19.2,18.8,5.88,Stable,0.0
STU3896,6,13.183333333333332,7,7,130.0,8,64.0,19.0,11.1,26.9,23.0,20.5,6.15,Improving,0.0
STU3897,1,11.0,6,6,122.6,3,43.5,7.8,12.4,5.8,10.1,0.6,3.99,Stable,0.0
STU3898,7,11.9725,7,8,133.5,4,75.0,9.6,13.5,21.5,17.5,13.9,5.21,Stable,0.0
STU3899,5,12.4,6,7,120.0,6,65.0,8.3,5.4,18.2,13.2,1.4,5.73,Declining,1.0
STU3900,5,12.6,8,9,120.0,2,61.6,16.9,13.1,15.9,16.4,13.9,6.14,Stable,1.0
STU3901,6,13.9,7,7,137.3,8,82.8,19.0,23.3,20.4,21.8,19.8,6.24,Stable,1.0
STU3902,4,11.5,6,11,123.5,4,69.3,15.1,14.1,15.5,15.3,16.4,5.26,Improving,1.0
STU3903,4,14.2,5,6,131.8,1,60.6,10.1,9.1,13.7,11.9,9.9,,Improving,0.0
STU3904,3,10.666666666666666,5,12,130.0,1,64.0,16.6,11.2,19.6,18.1,17.7,,Improving,1.0
STU3905,0,0.0,7,14,128.0,7,55.2,1.9,3.4,4.9,4.2,6.5,2.41,Stable,0.0
STU3906,6,11.0,6,10,95.0,5,76.9,19.4,21.0,30.0,25.5,18.0,7.67,Stable,0.0
STU3907,7,13.957142857142856,8,8,116.0,6,59.8,13.0,14.3,12.8,13.6,16.5,5.76,Stable,1.0
STU3908,4,12.5,6,11,136.7,6,68.0,11.1,12.8,21.0,16.9,10.0,4.97,Stable,0.0
STU3909,6,13.333333333333334,6,8,107.5,3,65.8,8.6,11.3,16.3,13.8,7.7,5.79,Declining,0.0
STU3910,0,0.0,5,5,108.4,6,41.7,2.2,5.9,6.7,6.3,0.0,3.1,Declining,1.0
STU3911,6,11.666666666666666,6,9,130.7,8,73.3,25.8,24.7,29.3,27.6,27.5,6.51,Improving,0.0
STU3912,6,15.714285714285714,6,7,155.9,2,91.7,28.7,30.0,20.6,29.4,26.0,8.28,Stable,1.0
STU3913,5,11.0,6,8,106.1,6,70.5,16.0,13.9,17.1,16.6,4.4,6.78,Declining,1.0
STU3914,4,12.25,5,8,128.6,2,62.7,8.1,8.9,9.5,9.2,10.2,5.69,Declining,0.0
STU3915,5,12.2,10,25,140.0,3,68.9,4.3,6.9,9.0,8.0,4.1,4.54,Declining,1.0
STU3916,5,13.0,5,6,145.0,3,63.0,20.1,22.2,17.3,21.2,17.9,6.95,Declining,1.0
STU3917,4,12.0,6,11,113.0,7,58.5,16.5,13.5,11.4,15.0,12.6,6.21,Declining,1.0
STU3918,6,13.333333333333334,6,6,137.1,1,68.2,15.3,15.0,9.5,15.2,12.8,,Improving,0.0
STU3919,3,13.0,5,6,119.7,3,83.6,13.0,23.5,19.6,21.6,26.8,5.61,Improving,0.0
STU3920,7,12.91,8,8,120.5,5,74.6,10.1,15.6,17.1,16.4,18.8,5.99,Declining,0.0
STU3921,6,11.0,6,8,125.7,1,68.3,18.6,17.8,16.9,18.2,19.1,,Improving,1.0
STU3922,6,13.579999999999998,7,8,125.5,6,84.8,20.0,14.1,21.5,20.8,16.4,6.18,Declining,1.0
STU3923,4,12.4,6,10,124.5,8,62.9,9.0,9.7,15.4,12.6,13.1,4.65,Stable,1.0
STU3924,8,12.88888888888889,9,13,126.0,1,95.3,14.3,9.4,16.8,15.6,12.7,,Stable,0.0
STU3925,11,11.545454545454543,12,12,136.2,1,69.4,22.0,25.1,30.0,27.6,24.2,,Improving,0.0
STU3926,1,10.0,5,6,124.2,8,59.8,11.1,14.8,20.4,17.6,14.3,7.24,Declining,0.0
STU3927,8,14.34125,8,8,138.5,2,76.8,26.8,24.1,30.0,28.4,23.5,7.46,Improving,0.0
STU3928,6,14.142857142857142,6,8,122.3,1,64.7,12.2,19.6,13.9,16.8,17.9,,Improving,1.0
STU3929,0,0.0,0,0,126.0,8,44.7,2.4,9.2,7.9,8.6,3.2,3.18,Stable,0.0
STU3930,5,11.8,6,10,135.4,7,91.1,13.3,11.5,9.5,12.4,11.7,6.56,Declining,1.0
STU3931,6,13.333333333333334,6,6,146.5,5,72.6,12.7,15.0,14.9,15.0,9.4,6.19,Declining,0.0
STU3932,6,14.5,6,8,121.9,4,79.9,22.5,18.5,18.3,20.5,15.6,6.9,Declining,0.0
STU3933,8,12.666666666666666,10,13,130.0,7,70.0,20.6,19.9,30.0,25.3,9.1,6.73,Declining,1.0
STU3934,1,10.0,5,13,115.2,5,63.7,18.4,12.4,13.5,16.0,15.7,4.43,Stable,0.0
STU3935,0,0.0,6,10,115.2,5,64.6,6.7,4.7,7.1,6.9,7.6,4.05,Declining,1.0
STU3936,4,11.0,6,12,125.1,6,54.0,12.0,10.9,8.8,11.4,14.9,4.96,Declining,0.0
STU3937,2,12.0,5,10,108.0,5,61.0,15.2,10.0,19.2,17.2,7.9,6.42,Declining,0.0
STU3938,4,10.0,6,10,125.9,4,67.0,12.2,14.5,11.9,13.4,14.2,5.1,Stable,0.0
STU3939,7,14.20857142857143,7,7,128.0,3,86.0,22.9,28.1,25.9,27.0,22.8,6.99,Improving,0.0
STU3940,7,14.30714285714286,7,7,113.5,4,74.8,23.4,22.4,14.4,22.9,23.8,6.95,Stable,0.0
STU3941,3,11.0,5,8,124.6,4,71.9,13.0,4.1,13.7,13.4,5.9,4.57,Declining,0.0
STU3942,0,0.0,7,14,116.0,3,53.0,0.5,3.0,0.0,1.8,0.3,3.05,Declining,1.0
STU3943,6,12.0,6,10,124.9,3,78.9,19.3,12.5,14.0,16.6,8.4,7.45,Declining,1.0
STU3944,0,0.0,5,0,140.5,6,44.6,8.6,8.2,9.1,8.8,4.8,2.17,Stable,1.0
STU3945,0,0.0,6,6,179.6,3,71.1,10.7,18.9,11.7,15.3,13.3,5.2,Declining,1.0
STU3946,6,13.857142857142858,6,7,116.1,1,69.6,21.8,10.8,15.8,18.8,15.5,,Improving,0.0
STU3947,0,0.0,0,0,139.4,2,69.4,7.1,6.1,15.2,11.1,0.0,5.79,Declining,1.0
STU3948,0,0.0,7,0,129.0,2,44.6,2.7,9.1,16.8,13.0,3.0,3.93,Stable,1.0
STU3949,5,11.0,6,8,135.6,6,69.9,13.3,11.1,17.5,15.4,12.2,5.99,Stable,0.0
STU3950,5,13.2,5,9,147.8,3,72.1,10.7,11.0,12.8,11.9,16.1,7.16,Declining,0.0
STU3951,6,13.5,6,7,138.0,2,61.4,16.0,24.5,18.9,21.7,15.2,6.16,Improving,0.0
STU3952,0,0.0,5,5,150.0,6,54.7,9.1,11.4,12.2,11.8,11.5,5.32,Declining,1.0
STU3953,7,14.214285714285714,8,8,130.8,1,68.4,14.2,16.9,22.6,19.8,12.7,,Improving,0.0
STU3954,5,13.0,5,5,122.6,2,70.3,11.0,12.6,16.8,14.7,9.6,5.43,Stable,0.0
STU3955,2,12.0,6,13,119.1,6,60.9,10.7,13.6,7.8,12.1,8.2,5.13,Stable,0.0
STU3956,0,0.0,7,0,111.8,4,49.0,0.5,11.1,11.7,11.4,1.0,3.21,Stable,0.0
STU3957,5,12.8,5,6,125.0,6,50.8,14.2,18.4,20.8,19.6,13.0,3.85,Improving,1.0
STU3958,4,13.6,5,11,129.9,6,71.9,16.8,10.6,25.6,21.2,17.1,7.58,Declining,1.0
STU3959,7,13.971428571428572,7,7,131.1,8,80.4,15.4,14.4,15.0,15.2,11.1,7.81,Declining,1.0
STU3960,6,15.0,6,8,141.4,1,78.2,25.4,21.5,21.8,23.6,17.4,,Improving,0.0
STU3961,0,0.0,6,0,120.0,6,58.5,7.6,7.2,4.8,7.4,7.5,5.35,Declining,0.0
STU3962,26,15.07777777777778,26,27,133.4,5,93.4,29.3,30.0,29.7,29.8,27.9,8.91,Improving,0.0
STU3963,6,13.383333333333333,7,7,127.3,2,66.7,19.9,18.0,21.7,20.8,17.2,5.95,Improving,0.0
STU3964,12,13.25,12,12,131.8,8,88.7,16.6,21.4,16.8,19.1,18.5,6.15,Improving,0.0
STU3965,5,11.714285714285714,6,10,114.8,3,86.4,14.3,20.3,18.2,19.2,11.9,5.62,Stable,1.0
STU3966,8,13.01125,8,8,132.8,7,71.8,14.7,18.6,18.2,18.4,12.0,5.27,Stable,0.0
STU3967,3,10.666666666666666,6,12,140.0,4,88.2,12.3,10.3,11.7,12.0,14.0,5.66,Stable,0.0
STU3968,0,0.0,7,14,108.3,4,45.9,1.5,0.0,11.7,6.6,0.0,2.73,Stable,1.0
STU3969,6,13.0,6,9,150.0,1,60.1,13.2,11.4,15.6,14.4,14.0,,Stable,1.0
STU3970,5,12.0,5,5,160.0,7,62.7,14.0,19.2,17.6,18.4,19.7,5.72,Improving,0.0
STU3971,6,12.166666666666666,6,6,131.7,4,63.2,3.4,3.3,4.5,4.0,7.2,4.54,Stable,1.0
STU3972,6,11.85,7,10,112.6,1,90.9,20.8,19.2,21.0,20.9,12.8,,Improving,0.0
STU3973,4,11.0,5,8,111.1,1,65.4,22.4,16.7,15.5,19.5,16.8,,Improving,0.0
STU3974,7,12.327777777777778,7,9,127.5,6,70.5,20.0,27.8,27.2,27.5,25.9,5.9,Improving,0.0
STU3975,4,12.0,5,9,120.2,2,58.2,15.1,12.3,9.1,13.7,14.3,6.64,Stable,0.0
STU3976,7,14.428571428571429,7,7,118.9,4,84.4,21.4,21.8,22.6,22.2,20.3,7.23,Stable,0.0
STU3977,7,13.78,7,7,119.9,5,82.6,11.0,7.6,6.6,9.3,3.6,5.85,Declining,0.0
STU3978,6,13.8,7,7,127.3,2,67.2,19.3,21.0,22.0,21.5,15.9,6.09,Stable,0.0
STU3979,7,14.857142857142858,7,7,127.9,4,60.3,16.8,10.6,18.7,17.8,13.7,7.51,Stable,1.0
STU3980,5,13.0,6,8,133.0,2,64.5,26.8,22.6,23.8,25.3,16.8,6.76,Improving,0.0
STU3981,6,12.142857142857142,6,7,114.6,8,86.5,14.2,11.1,13.9,14.0,15.0,7.71,Declining,1.0
STU3982,6,15.666666666666666,6,7,144.5,7,81.2,21.2,22.2,16.7,21.7,19.4,6.41,Improving,1.0
STU3983,5,12.5,7,13,125.4,2,69.7,13.2,11.8,13.8,13.5,4.4,6.81,Declining,0.0
STU3984,6,12.833333333333334,6,7,145.0,4,84.7,22.4,28.3,20.2,25.4,20.0,4.36,Improving,0.0
STU3985,0,0.0,6,6,138.1,4,70.4,2.3,6.4,9.3,7.8,2.6,2.25,Improving,0.0
STU3986,6,12.5,6,6,124.6,8,68.2,18.5,14.2,18.3,18.4,14.2,7.18,Declining,0.0
STU3987,4,11.25,6,14,130.8,3,64.6,14.0,17.5,10.7,15.8,19.3,4.71,Stable,0.0
STU3988,6,15.25,7,7,140.5,4,71.7,20.2,18.9,29.6,24.9,20.4,5.86,Improving,0.0
STU3989,5,14.0,5,13,124.1,7,74.0,19.2,14.6,21.7,20.4,10.9,6.81,Stable,0.0
STU3990,13,12.076923076923077,16,16,118.4,2,57.1,12.0,15.9,13.8,14.8,7.7,7.09,Declining,1.0
STU3991,16,14.625,16,17,128.2,4,66.9,9.6,0.0,19.9,14.8,5.6,6.73,Declining,1.0
STU3992,4,10.5,7,10,109.5,1,46.9,14.6,15.2,15.0,15.1,13.5,,Improving,0.0
STU3993,6,12.833333333333334,6,8,131.1,5,80.5,12.8,11.7,15.5,14.2,15.4,4.32,Improving,0.0
STU3994,6,12.5,6,6,137.9,3,55.4,19.1,15.0,16.1,17.6,21.8,5.38,Stable,1.0
STU3995,12,11.23076923076923,12,13,128.2,8,93.3,19.3,25.8,26.0,25.9,27.3,7.64,Stable,0.0
STU3996,2,10.5,5,5,126.5,3,57.6,16.1,13.8,22.6,19.4,11.5,4.3,Stable,0.0
STU3997,3,12.0,6,11,120.0,1,87.9,19.1,20.0,9.9,19.6,21.2,,Improving,0.0
STU3998,7,10.985714285714286,7,10,123.0,6,65.6,3.5,5.8,18.8,12.3,7.1,5.02,Declining,0.0
STU3999,5,12.62,7,10,130.0,6,54.4,16.2,16.7,16.9,16.8,10.9,5.11,Improving,1.0
STU4000,6,13.0,7,9,141.1,5,79.7,11.9,12.6,16.4,14.5,4.5,6.29,Declining,1.0
STU4001,0,0.0,5,5,140.0,6,69.7,11.8,11.2,16.9,14.4,10.3,4.29,Stable,0.0
STU4002,0,0.0,5,0,133.6,2,50.8,10.5,15.0,0.0,12.8,5.5,4.75,Declining,0.0
STU4003,6,13.5,6,6,123.5,5,70.0,18.7,19.3,23.1,21.2,14.3,6.34,Stable,0.0
STU4004,6,13.516666666666666,7,7,136.3,1,73.6,20.1,18.7,28.9,24.5,16.1,,Declining,0.0
STU4005,6,13.166666666666666,6,6,123.5,2,76.0,14.8,11.3,16.0,15.4,13.8,6.23,Declining,1.0
STU4006,0,0.0,6,0,112.0,8,53.3,2.4,0.0,0.0,1.2,5.7,3.64,Declining,1.0
STU4007,6,13.125,6,8,160.0,5,70.4,9.0,12.6,24.5,18.6,11.0,7.84,Declining,1.0
STU4008,3,14.4,6,15,110.0,2,55.3,13.0,17.9,9.5,15.4,12.5,5.28,Stable,0.0
STU4009,4,12.0,6,10,116.8,1,60.1,5.6,8.2,14.4,11.3,0.0,,Declining,1.0
STU4010,0,0.0,5,5,109.5,8,64.2,1.3,0.0,12.3,6.8,2.8,3.04,Stable,1.0
STU4011,0,0.0,7,7,100.0,1,52.0,5.6,8.1,9.7,8.9,5.8,,Improving,1.0
STU4012,3,10.8,5,15,117.3,2,64.9,15.4,19.7,19.4,19.5,13.7,5.52,Declining,0.0
STU4013,0,0.0,6,0,130.0,2,49.4,7.3,10.4,8.8,9.6,12.1,4.57,Stable,1.0
STU4014,7,16.13142857142857,7,7,137.8,1,77.6,20.0,28.2,27.0,27.6,18.3,,Stable,0.0
STU4015,7,14.838571428571427,7,7,136.5,2,88.4,13.8,8.1,14.7,14.2,8.6,7.28,Declining,1.0
STU4016,3,10.333333333333334,5,7,138.7,8,57.6,11.9,15.0,12.8,13.9,11.6,5.3,Stable,0.0
STU4017,3,12.0,6,11,124.9,3,81.1,13.7,8.1,17.7,15.7,8.9,5.17,Stable,1.0
STU4018,0,0.0,6,6,140.0,4,60.2,8.3,12.4,4.2,10.4,11.2,5.19,Declining,1.0
STU4019,6,13.166666666666666,6,6,122.6,6,72.4,8.2,11.2,17.9,14.6,11.4,5.88,Stable,0.0
STU4020,8,13.9475,8,8,129.5,4,67.5,19.8,25.4,9.4,22.6,24.4,6.21,Improving,0.0
STU4021,3,11.333333333333334,5,6,155.0,6,68.4,13.0,13.3,18.6,16.0,14.4,6.36,Declining,0.0
STU4022,7,12.75,8,11,100.0,5,70.9,16.6,12.8,19.4,18.0,13.2,4.72,Improving,0.0
STU4023,5,12.6,5,6,137.6,4,61.7,16.1,13.6,11.9,14.8,12.1,5.73,Stable,0.0
STU4024,6,12.25,8,8,120.0,5,67.3,12.5,9.9,7.8,11.2,11.9,4.5,Declining,0.0
STU4025,0,0.0,7,14,114.0,6,56.1,7.4,6.3,5.3,6.8,4.8,3.06,Stable,1.0
STU4026,5,11.0,5,8,139.0,5,86.0,3.7,11.4,15.9,13.6,7.9,6.37,Declining,1.0
STU4027,12,11.833333333333334,12,17,110.0,6,72.4,12.4,16.1,18.2,17.2,15.2,6.45,Stable,0.0
STU4028,6,13.066666666666668,8,10,128.5,1,57.1,21.6,16.1,14.9,18.8,17.8,,Stable,0.0
STU4029,6,13.833333333333334,6,6,132.2,5,82.8,18.0,15.2,18.9,18.4,16.5,6.14,Stable,1.0
STU4030,3,13.833333333333334,7,7,130.0,5,70.0,23.3,24.0,21.6,23.6,18.1,3.85,Improving,0.0
STU4031,5,11.8,5,5,129.3,2,83.5,18.9,14.3,16.7,17.8,19.6,4.45,Stable,0.0
STU4032,12,13.333333333333334,12,12,128.2,7,87.1,18.0,17.2,14.7,17.6,12.3,6.6,Declining,0.0
STU4033,8,13.74625,8,8,130.3,2,71.6,17.0,19.9,21.1,20.5,19.0,6.11,Stable,1.0
STU4034,0,0.0,0,0,162.5,2,66.9,4.9,10.2,14.9,12.6,5.2,3.26,Declining,1.0
STU4035,0,0.0,6,0,130.0,7,47.0,2.2,12.4,9.7,11.0,10.1,3.69,Stable,1.0
STU4036,0,0.0,6,9,110.0,2,54.0,3.4,1.5,8.5,6.0,5.4,4.67,Declining,0.0
STU4037,6,13.333333333333334,6,6,142.3,3,88.0,18.9,16.7,30.0,24.4,17.3,7.01,Stable,0.0
STU4038,1,10.0,6,8,122.0,3,75.2,7.8,4.3,13.0,10.4,11.9,5.95,Stable,0.0
STU4039,6,15.666666666666666,6,7,153.6,7,82.2,18.6,19.0,15.9,18.8,16.7,7.15,Declining,1.0
STU4040,7,11.857142857142858,7,9,112.9,3,69.8,21.1,19.9,14.5,20.5,21.4,4.87,Improving,0.0
STU4041,5,14.5,5,12,124.1,5,95.1,20.0,22.3,20.7,21.5,16.5,5.63,Improving,1.0
STU4042,6,12.166666666666666,6,6,129.7,6,67.2,13.4,18.0,10.6,15.7,16.1,7.58,Declining,0.0
STU4043,5,12.6,6,6,110.0,5,54.6,18.2,18.8,16.2,18.5,13.1,4.73,Declining,1.0
STU4044,7,12.285714285714286,8,12,136.3,8,54.1,14.1,10.5,17.0,15.6,11.4,4.85,Stable,0.0
STU4045,6,12.666666666666666,6,6,146.0,6,82.6,13.9,9.4,21.1,17.5,10.9,7.55,Declining,1.0
STU4046,0,0.0,7,0,129.9,3,53.9,5.1,7.0,0.8,6.0,8.4,3.07,Stable,1.0
STU4047,6,12.857142857142858,6,7,140.9,8,73.6,14.9,21.0,19.1,20.0,14.1,7.42,Declining,0.0
STU4048,7,13.9,8,8,135.5,4,66.9,18.2,17.6,18.2,18.2,27.7,5.22,Improving,0.0
STU4049,7,13.817142857142857,8,8,122.0,1,67.9,16.2,8.7,17.2,16.7,6.8,,Declining,1.0
STU4050,6,13.314285714285717,7,10,140.0,2,66.3,13.4,21.8,19.6,20.7,17.4,7.37,Stable,0.0
STU4051,0,0.0,6,0,163.0,5,65.8,6.3,8.4,11.0,9.7,8.0,4.21,Stable,1.0
STU4052,6,12.166666666666666,6,6,107.4,1,67.8,15.0,15.3,22.8,19.0,15.9,,Improving,0.0
STU4053,4,11.25,6,12,114.3,4,73.1,15.8,12.7,22.1,19.0,11.2,6.42,Stable,1.0
STU4054,5,12.4,6,6,140.8,3,72.7,13.0,12.7,25.9,19.4,13.0,5.02,Stable,0.0
STU4055,6,14.666666666666666,6,6,126.3,4,71.7,12.9,16.7,18.9,17.8,12.3,8.72,Declining,0.0
STU4056,4,12.0,6,15,110.0,1,56.3,19.4,19.5,16.2,19.4,24.3,,Improving,0.0
STU4057,6,14.0,6,8,126.2,6,62.1,22.3,19.1,16.7,20.7,16.7,6.45,Stable,1.0
STU4058,6,12.571428571428571,6,10,140.0,3,100.0,9.1,9.0,14.7,11.9,9.1,6.44,Declining,0.0
STU4059,6,15.538461538461538,6,14,123.0,1,89.5,23.7,20.6,25.0,24.4,17.7,,Improving,0.0
STU4060,0,0.0,6,0,157.0,3,69.3,6.2,11.1,13.7,12.4,4.6,3.66,Stable,1.0
STU4061,6,15.0,6,6,149.7,4,70.7,19.2,19.7,24.1,21.9,13.0,6.46,Declining,1.0
STU4062,4,12.25,5,11,140.0,5,75.1,22.2,18.8,17.7,20.5,21.2,7.66,Declining,0.0
STU4063,11,15.692307692307692,11,13,170.0,4,71.4,26.5,19.8,20.1,23.3,18.7,5.92,Improving,0.0
STU4064,5,12.285714285714286,5,7,130.2,1,56.4,17.7,18.8,26.2,22.5,13.4,,Improving,0.0
STU4065,12,11.833333333333334,17,19,135.5,7,70.1,18.6,15.4,16.0,17.3,12.4,6.77,Declining,1.0
STU4066,6,12.166666666666666,6,6,118.3,3,83.6,9.7,6.1,21.9,15.8,9.4,5.49,Stable,0.0
STU4067,7,11.88888888888889,7,10,116.3,1,74.5,4.2,1.6,13.8,9.0,3.9,,Stable,1.0
STU4068,0,0.0,6,0,120.0,6,45.2,8.8,5.5,4.8,7.2,6.0,3.56,Stable,1.0
STU4069,5,11.8,5,6,154.7,5,69.2,21.3,22.5,14.5,21.9,16.8,6.8,Stable,0.0
STU4070,6,11.166666666666666,6,7,132.7,5,68.5,6.3,5.2,7.5,6.9,7.2,4.04,Declining,1.0
STU4071,7,14.05714285714286,7,7,130.8,3,67.7,15.0,22.3,21.0,21.6,14.8,5.24,Improving,0.0
STU4072,4,11.75,6,10,122.7,3,69.0,11.1,14.4,11.3,12.8,12.2,6.75,Declining,1.0
STU4073,6,13.166666666666666,6,6,130.0,4,75.1,12.9,9.8,23.6,18.2,10.5,6.58,Declining,0.0
STU4074,6,13.5,6,7,123.6,1,80.9,23.3,17.0,20.6,22.0,12.4,,Improving,0.0
STU4075,7,12.625,7,10,116.5,2,68.5,13.2,13.8,18.2,16.0,19.8,6.15,Improving,0.0
STU4076,0,0.0,6,0,111.1,8,46.1,3.0,7.4,9.4,8.4,6.4,3.42,Stable,0.0
STU4077,7,13.971428571428572,8,8,136.3,5,59.0,22.1,26.3,24.9,25.6,21.4,6.6,Stable,0.0
STU4078,2,11.0,6,7,129.8,3,55.5,6.0,8.3,10.6,9.4,8.5,5.84,Declining,0.0
STU4079,5,12.8,5,5,134.7,2,56.0,16.8,7.7,16.7,16.8,19.1,4.64,Stable,0.0
STU4080,6,13.571428571428571,6,8,131.8,6,69.7,10.5,9.5,9.2,10.0,14.1,5.4,Declining,0.0
STU4081,0,0.0,0,0,126.8,2,66.5,7.5,6.4,10.6,9.0,7.6,3.72,Stable,1.0
STU4082,2,11.5,5,9,130.7,2,59.1,16.0,17.1,23.2,20.2,12.7,6.38,Declining,1.0
STU4083,4,11.25,6,8,109.8,1,69.9,16.6,10.2,16.5,16.6,10.2,,Improving,0.0
STU4084,5,13.714285714285714,5,7,133.9,5,78.1,14.0,15.8,27.9,21.8,7.3,5.02,Improving,0.0
STU4085,0,0.0,4,4,109.9,5,40.8,5.6,3.3,11.0,8.3,2.7,4.52,Stable,0.0
STU4086,6,12.0,6,9,160.0,1,71.1,15.4,15.8,16.0,15.9,17.2,,Stable,0.0
STU4087,6,12.666666666666666,6,7,106.5,1,81.1,7.8,9.5,15.5,12.5,10.8,,Stable,0.0
STU4088,7,13.29,8,11,120.0,5,70.3,14.4,19.4,8.8,16.9,17.3,5.37,Stable,1.0
STU4089,8,10.375,10,15,107.8,4,49.9,13.7,14.5,11.6,14.1,10.9,4.52,Stable,1.0
STU4090,3,12.0,7,13,100.0,5,75.3,16.0,14.9,11.2,15.4,16.2,5.32,Stable,0.0
STU4091,5,11.4,6,10,112.5,2,70.2,18.2,21.4,21.2,21.3,21.6,6.48,Improving,0.0
STU4092,2,13.25,5,15,135.5,5,76.9,14.0,12.0,16.3,15.2,4.1,6.48,Stable,1.0
STU4093,6,13.861666666666666,7,7,145.0,8,65.0,20.1,22.9,25.0,24.0,20.4,6.3,Stable,1.0
STU4094,6,12.166666666666666,6,6,119.0,4,65.1,16.2,12.3,14.5,15.4,20.4,4.92,Improving,0.0
STU4095,4,13.75,6,17,130.0,2,68.9,22.6,23.5,16.3,23.0,19.7,6.1,Improving,0.0
STU4096,6,15.433333333333332,7,7,126.3,5,67.3,14.5,9.6,22.2,18.4,1.8,3.71,Stable,1.0
STU4097,6,13.833333333333334,6,6,113.5,3,68.4,22.2,22.3,7.0,22.2,17.0,7.84,Stable,1.0
STU4098,12,11.833333333333334,14,21,120.0,1,74.5,16.5,18.5,20.4,19.4,9.9,,Declining,0.0
STU4099,0,0.0,7,7,111.3,2,44.6,5.0,7.0,9.1,8.0,2.8,4.05,Declining,1.0
STU4100,0,0.0,1,1,130.2,7,58.8,10.4,11.3,9.3,10.9,4.4,3.58,Stable,1.0
STU4101,7,12.333333333333334,7,9,140.2,3,76.6,20.9,23.7,23.5,23.6,23.7,6.38,Stable,0.0
STU4102,6,11.166666666666666,6,6,113.9,7,54.7,12.8,10.8,16.2,14.5,14.1,5.77,Stable,0.0
STU4103,6,14.666666666666666,6,6,99.0,4,76.8,8.8,3.0,15.6,12.2,7.5,4.96,Declining,1.0
STU4104,5,11.2,5,5,124.0,4,74.6,17.2,17.9,17.4,17.6,21.1,7.38,Stable,0.0
STU4105,6,13.714285714285714,6,9,138.9,1,73.6,12.8,11.5,10.2,12.2,9.7,,Stable,0.0
STU4106,5,12.8,5,5,130.0,5,81.1,24.1,20.7,20.8,22.5,20.4,6.8,Improving,0.0
STU4107,4,13.25,6,9,120.8,1,63.8,12.4,16.5,8.3,14.4,20.7,,Improving,0.0
STU4108,6,13.78,8,10,127.8,4,88.0,15.6,17.5,17.0,17.2,18.1,6.61,Stable,0.0
STU4109,7,15.11,8,8,126.0,2,77.4,15.9,15.2,26.4,21.2,17.5,7.01,Stable,0.0
STU4110,4,11.0,6,10,126.0,3,77.8,10.3,6.8,21.5,15.9,5.7,5.51,Stable,0.0
STU4111,7,15.798571428571426,8,8,138.5,4,79.5,17.0,14.4,25.7,21.4,13.7,7.57,Declining,0.0
STU4112,7,13.775714285714288,7,7,119.4,1,79.1,16.4,18.1,23.8,21.0,12.5,,Stable,1.0
STU4113,7,12.16,8,11,101.5,2,70.3,17.2,16.3,16.4,16.8,21.1,6.22,Stable,1.0
STU4114,0,0.0,7,0,101.5,8,65.9,1.5,2.9,11.4,7.2,0.0,4.54,Stable,1.0
STU4115,6,14.333333333333334,6,6,126.2,1,76.4,24.0,20.3,20.9,22.4,22.9,,Improving,0.0
STU4116,6,11.833333333333334,6,6,129.8,2,64.4,9.6,10.3,23.6,17.0,11.8,6.26,Declining,0.0
STU4117,6,14.833333333333334,6,7,138.4,3,73.2,13.8,12.8,15.7,14.8,7.5,9.04,Declining,1.0
STU4118,7,14.2,8,8,129.3,3,77.0,25.9,26.8,26.6,26.7,28.0,5.72,Improving,0.0
STU4119,5,12.2,5,6,113.1,5,59.5,17.9,18.8,10.7,18.4,15.2,6.3,Declining,0.0
STU4120,4,13.0,6,10,144.3,2,59.8,13.3,10.7,18.8,16.0,6.5,7.16,Declining,0.0
STU4121,7,12.485714285714286,8,8,141.0,3,51.4,16.4,19.1,10.0,17.8,17.5,6.35,Stable,0.0
STU4122,6,17.0,6,7,130.0,5,65.0,21.3,22.3,17.0,21.8,17.2,8.92,Declining,0.0
STU4123,5,10.8,6,7,117.5,3,82.0,11.6,15.1,8.1,13.4,11.3,6.6,Declining,1.0
STU4124,6,14.716666666666669,7,7,131.8,8,69.4,12.1,5.5,18.3,15.2,7.5,6.36,Declining,0.0
STU4125,2,13.5,5,10,133.7,8,90.5,6.0,4.4,16.8,11.4,3.1,6.15,Declining,1.0
STU4126,7,11.971428571428572,8,8,115.4,1,73.5,10.8,10.0,26.7,18.8,5.8,,Improving,0.0
STU4127,3,12.0,5,7,129.1,3,72.6,23.9,21.6,20.2,22.8,23.3,5.77,Improving,0.0
STU4128,6,12.333333333333334,6,7,135.5,2,57.1,22.6,19.9,22.8,22.7,20.1,8.41,Declining,0.0
STU4129,6,15.307692307692308,12,22,112.4,2,72.0,14.5,16.1,18.5,17.3,15.3,6.87,Declining,0.0
STU4130,6,12.666666666666666,7,7,130.8,4,84.9,9.2,8.8,17.4,13.3,7.5,5.61,Stable,0.0
STU4131,7,14.368,7,10,131.6,4,92.0,20.3,17.2,22.0,21.2,17.9,5.81,Improving,0.0
STU4132,7,12.084285714285716,8,8,140.8,3,72.1,16.1,16.4,22.2,19.3,12.1,6.05,Stable,0.0
STU4133,8,12.25,12,18,140.0,2,64.3,19.7,26.2,16.3,23.0,18.1,5.5,Improving,0.0
STU4134,5,12.2,6,10,114.2,2,60.2,3.2,4.7,1.6,4.0,11.3,6.39,Declining,1.0
STU4135,4,11.0,6,12,127.3,8,56.8,24.5,19.2,18.9,21.8,21.9,2.8,Improving,0.0
STU4136,5,12.8,6,8,115.0,7,79.0,17.8,12.8,7.8,15.3,11.7,6.75,Stable,0.0
STU4137,7,11.857142857142858,8,8,118.8,1,90.4,17.0,16.0,25.7,21.4,10.1,,Improving,1.0
STU4138,6,12.285714285714286,6,8,125.0,5,73.3,12.4,11.7,14.1,13.2,5.4,4.59,Declining,1.0
STU4139,3,12.333333333333334,6,11,111.5,3,61.2,15.1,8.8,8.9,12.0,8.3,4.97,Declining,0.0
STU4140,4,11.25,6,11,124.2,5,83.6,16.4,9.0,28.6,22.5,12.3,5.85,Improving,0.0
STU4141,0,0.0,6,0,130.0,4,45.8,5.9,11.3,8.6,10.0,7.7,3.53,Stable,1.0
STU4142,2,16.0,3,3,120.0,7,85.7,25.2,27.8,25.6,26.7,25.3,9.38,Declining,0.0
STU4143,6,11.666666666666666,6,10,110.0,1,74.1,13.9,20.9,21.0,21.0,17.2,,Improving,1.0
STU4144,5,12.4,7,15,113.3,3,60.0,14.9,15.4,19.8,17.6,9.9,6.27,Declining,1.0
STU4145,6,10.744444444444444,7,14,123.5,8,68.8,20.2,16.2,25.1,22.6,22.4,6.33,Stable,1.0
STU4146,0,0.0,6,0,101.0,2,45.6,5.4,6.5,0.8,6.0,4.1,3.58,Declining,1.0
STU4147,4,12.0,7,12,120.9,1,82.1,15.3,9.8,18.4,16.8,12.8,,Improving,0.0
STU4148,4,12.75,6,12,154.6,5,97.7,26.4,18.3,22.2,24.3,18.3,7.67,Stable,0.0
STU4149,2,10.0,5,9,120.2,6,66.3,5.0,8.4,8.1,8.2,8.0,4.49,Stable,0.0
STU4150,12,13.417391304347827,14,26,146.5,5,68.2,11.5,15.2,16.8,16.0,20.4,7.16,Stable,0.0
STU4151,6,15.166666666666666,6,6,160.1,6,70.0,17.7,24.3,12.5,21.0,15.7,6.75,Declining,0.0
STU4152,5,13.833333333333334,6,10,150.0,5,79.7,17.0,16.0,25.5,21.2,11.9,7.92,Declining,0.0
STU4153,5,13.333333333333334,5,6,135.8,1,68.8,15.0,9.5,16.3,15.6,8.8,,Stable,1.0
STU4154,0,0.0,0,0,143.8,4,52.3,10.1,8.0,6.2,9.0,6.1,5.0,Declining,1.0
STU4155,3,11.666666666666666,6,11,116.8,6,68.7,10.9,11.5,13.1,12.3,8.4,3.73,Stable,0.0
STU4156,5,15.0,6,12,113.9,7,66.2,6.7,6.1,13.3,10.0,3.1,5.75,Declining,1.0
STU4157,7,13.242857142857144,8,8,118.0,2,71.4,14.5,15.6,23.4,19.5,14.1,5.48,Stable,0.0
STU4158,1,13.0,5,13,150.2,1,74.4,18.2,9.4,14.1,16.2,19.2,,Improving,0.0
STU4159,6,13.075,7,8,115.1,6,71.9,17.4,17.1,17.8,17.6,15.6,5.67,Improving,0.0
STU4160,6,13.5,6,6,131.3,2,70.4,19.3,18.6,18.9,19.1,17.1,7.58,Stable,1.0
STU4161,5,11.8,6,8,120.0,1,71.0,13.0,19.5,10.0,16.2,15.7,,Improving,1.0
STU4162,5,12.6,6,7,110.3,6,48.1,10.4,15.5,14.5,15.0,14.1,4.8,Stable,0.0
STU4163,6,12.166666666666666,6,6,100.0,4,84.6,9.7,12.7,12.5,12.6,16.0,6.64,Stable,0.0
STU4164,6,12.166666666666666,6,9,110.7,3,65.4,9.2,7.9,6.1,8.6,9.0,5.11,Stable,0.0
STU4165,0,0.0,0,0,143.4,1,61.0,3.4,4.5,10.1,7.3,3.5,,Improving,1.0
STU4166,7,13.557142857142855,7,7,115.9,1,79.5,15.0,20.0,25.9,23.0,12.6,,Improving,0.0
STU4167,4,12.25,5,6,145.0,6,60.6,15.6,10.1,15.4,15.5,14.5,5.92,Declining,0.0
STU4168,6,14.333333333333334,6,6,140.9,4,62.1,16.4,13.3,16.6,16.5,10.6,5.53,Stable,0.0
STU4169,4,10.5,6,10,108.4,1,56.6,15.6,17.7,15.2,16.6,11.6,,Improving,0.0
STU4170,0,0.0,4,8,114.3,3,53.5,4.5,8.3,6.1,7.2,6.3,2.66,Stable,0.0
STU4171,4,12.75,6,10,110.0,2,79.1,22.5,21.3,25.6,24.0,25.4,6.23,Stable,0.0
STU4172,0,0.0,6,14,121.7,1,51.5,9.6,9.7,10.4,10.0,10.9,,Improving,0.0
STU4173,1,14.0,5,10,123.7,2,75.3,14.8,15.4,6.8,15.1,13.8,5.71,Improving,1.0
STU4174,7,14.093333333333332,7,9,116.5,4,48.2,16.7,20.7,23.4,22.0,13.2,5.43,Stable,0.0
STU4175,6,13.333333333333334,6,6,155.0,2,67.0,11.9,15.1,20.9,18.0,18.4,8.0,Stable,0.0
STU4176,7,12.071428571428571,8,12,129.3,3,80.1,5.3,6.8,16.6,11.7,6.5,7.09,Declining,0.0
STU4177,6,12.666666666666666,6,6,121.7,4,70.9,13.3,18.1,5.3,15.7,13.7,6.37,Declining,1.0
STU4178,6,12.125,6,11,148.2,3,66.6,19.9,19.9,20.1,20.0,20.3,5.6,Improving,0.0
STU4179,7,13.2,7,9,125.5,1,58.3,11.4,19.4,18.7,19.0,12.1,,Improving,0.0
STU4180,7,14.15,7,8,131.9,1,43.6,14.4,11.0,18.3,16.4,9.3,,Stable,0.0
STU4181,4,13.5,6,12,121.8,1,66.1,14.0,19.6,20.4,20.0,13.6,,Declining,1.0
STU4182,0,0.0,6,0,107.7,3,63.0,0.0,2.1,10.0,6.0,0.0,3.77,Declining,1.0
STU4183,5,12.2,7,13,115.5,5,58.5,16.8,4.4,13.9,15.4,5.3,3.41,Stable,1.0
STU4184,5,14.8,5,6,139.8,1,79.1,21.3,26.7,30.0,28.4,18.0,,Stable,0.0
STU4185,5,11.0,6,8,133.2,6,48.5,12.4,9.6,16.2,14.3,14.2,5.37,Stable,0.0
STU4186,0,0.0,5,10,118.4,5,40.9,3.3,2.8,7.8,5.6,5.3,3.88,Declining,1.0
STU4187,3,14.0,5,15,123.3,1,82.9,21.0,19.6,23.6,22.3,15.3,,Improving,0.0
STU4188,5,11.833333333333334,6,8,134.5,1,74.7,17.7,17.8,15.6,17.8,19.3,,Improving,0.0
STU4189,4,11.75,5,7,110.6,2,53.3,7.5,4.3,7.0,7.2,7.2,5.65,Declining,1.0
STU4190,12,12.333333333333334,14,22,154.0,1,79.5,28.2,23.8,26.5,27.4,23.0,,Stable,1.0
STU4191,3,11.666666666666666,10,16,160.0,4,75.2,17.0,14.7,22.1,19.6,10.6,7.07,Declining,1.0
STU4192,6,12.666666666666666,6,9,140.0,1,64.9,15.2,14.1,23.3,19.2,15.4,,Declining,1.0
STU4193,4,12.25,6,9,132.5,6,54.5,14.7,12.5,21.8,18.2,19.9,6.75,Stable,0.0
STU4194,6,11.285714285714286,6,7,127.7,4,64.7,8.9,8.9,13.1,11.0,8.7,5.13,Declining,0.0
STU4195,2,11.5,5,12,117.5,5,77.1,10.0,12.2,15.6,13.9,14.7,5.43,Improving,1.0
STU4196,6,11.666666666666666,6,10,127.0,6,72.4,16.0,17.1,13.5,16.6,14.1,6.18,Stable,0.0
STU4197,7,13.514285714285714,8,8,125.5,4,81.6,15.7,17.2,20.0,18.6,18.9,4.43,Improving,1.0
STU4198,6,13.0,6,7,140.5,7,52.6,15.1,14.5,8.0,14.8,12.8,4.88,Stable,0.0
STU4199,3,15.0,6,11,118.3,8,63.8,11.8,10.1,13.1,12.4,1.0,5.44,Declining,0.0
STU4200,7,12.744285714285716,8,8,120.8,3,70.3,18.3,23.2,30.0,26.6,16.2,7.38,Stable,0.0
STU4201,4,11.75,5,10,95.0,1,62.4,1.9,9.0,4.1,6.6,6.2,,Stable,0.0
STU4202,6,12.166666666666666,6,6,122.2,3,60.8,6.6,11.9,12.8,12.4,12.6,4.19,Improving,0.0
STU4203,0,0.0,0,0,143.9,2,52.6,10.2,13.4,13.0,13.2,9.6,4.12,Stable,1.0
STU4204,5,13.4,6,9,127.2,4,52.6,14.8,13.1,22.8,18.8,14.1,7.59,Declining,1.0
STU4205,5,11.8,6,9,120.2,3,85.1,18.7,8.9,14.1,16.4,11.0,7.98,Declining,1.0
STU4206,6,13.533333333333331,7,7,134.8,4,74.9,9.8,5.4,17.8,13.8,13.9,7.0,Declining,0.0
STU4207,6,14.166666666666666,6,7,142.6,6,61.0,17.1,18.2,17.0,17.6,22.0,7.36,Declining,0.0
STU4208,7,14.652857142857142,7,7,147.9,2,83.6,26.6,23.7,17.3,25.2,20.4,7.32,Stable,0.0
STU4209,0,0.0,0,0,160.4,4,58.2,13.2,12.4,17.5,15.4,5.7,3.76,Improving,1.0
STU4210,5,13.6,5,5,134.6,3,67.3,7.3,0.0,16.9,12.1,0.0,4.78,Stable,0.0
STU4211,6,12.833333333333334,6,9,121.0,6,64.2,18.7,17.2,13.9,18.0,18.6,5.77,Stable,0.0
STU4212,6,14.666666666666666,6,6,142.7,5,80.8,25.6,22.1,19.7,23.8,22.0,7.4,Stable,0.0
STU4213,6,13.333333333333334,6,6,115.6,1,66.0,28.0,23.0,19.0,25.5,19.6,,Improving,1.0
STU4214,5,13.4,6,10,130.0,5,61.4,17.2,22.5,11.3,19.8,19.0,6.59,Stable,0.0
STU4215,7,13.3125,7,9,124.3,2,82.1,9.8,4.2,18.7,14.2,3.0,5.44,Declining,1.0
STU4216,0,0.0,0,0,137.9,5,59.6,11.2,9.6,15.7,13.4,12.2,4.0,Stable,0.0
STU4217,0,0.0,4,4,100.0,4,55.8,13.7,12.4,9.7,13.0,9.5,5.23,Stable,0.0
STU4218,6,12.333333333333334,6,7,128.2,3,79.2,15.4,18.3,18.5,18.4,11.7,7.01,Declining,1.0
STU4219,6,13.5,6,6,135.0,5,73.6,24.4,22.2,23.9,24.2,20.1,7.03,Declining,0.0
STU4220,5,13.0,6,8,121.0,7,64.9,10.4,17.2,17.2,17.2,11.5,4.99,Improving,1.0
STU4221,2,12.5,5,6,147.0,6,79.7,20.1,16.7,14.6,18.4,18.6,7.77,Declining,0.0
STU4222,6,17.0,6,10,149.5,4,66.1,9.8,3.7,20.6,15.2,12.5,8.15,Declining,1.0
STU4223,6,13.5,6,7,144.4,5,88.4,20.0,14.1,18.8,19.4,21.2,8.9,Declining,1.0
STU4224,6,12.714285714285714,6,7,116.0,3,59.0,12.0,7.7,16.8,14.4,9.8,5.09,Declining,1.0
STU4225,6,13.0,7,9,120.7,6,76.2,12.0,14.1,10.8,13.0,11.5,4.66,Improving,0.0
STU4226,6,12.571428571428571,6,7,141.8,6,79.1,11.5,8.5,11.1,11.3,8.2,6.49,Declining,1.0
STU4227,4,11.5,6,10,119.7,1,73.6,12.3,7.5,15.2,13.8,3.2,,Stable,0.0
STU4228,6,13.5,6,6,118.4,2,64.5,21.1,22.7,22.4,22.5,20.3,6.4,Improving,0.0
STU4229,5,13.6,6,8,134.5,2,68.9,14.0,16.0,17.3,16.6,10.8,5.9,Declining,1.0
STU4230,1,12.0,5,14,128.2,2,60.8,15.5,19.1,14.0,17.3,20.4,7.56,Stable,0.0
STU4231,7,14.95,7,8,115.0,3,77.4,22.0,25.7,23.6,24.6,21.1,6.75,Improving,1.0
STU4232,4,11.25,5,10,130.0,2,50.9,14.0,12.9,18.5,16.2,15.6,6.02,Stable,1.0
STU4233,3,10.666666666666666,6,13,120.7,4,49.4,16.3,18.4,20.3,19.4,13.3,3.66,Improving,1.0
STU4234,7,14.992857142857142,8,8,130.5,1,90.8,16.2,17.2,22.3,19.8,13.8,,Stable,1.0
STU4235,3,10.5,5,12,107.4,2,73.7,22.8,20.6,16.5,21.7,21.5,5.27,Improving,0.0
STU4236,4,11.25,6,6,100.0,5,65.4,18.3,16.6,11.0,17.5,16.7,4.27,Improving,0.0
STU4237,6,12.333333333333334,6,6,125.0,3,63.4,13.9,8.9,9.5,11.7,12.3,5.26,Declining,0.0
STU4238,6,13.016666666666666,7,7,121.5,3,62.3,14.5,12.9,18.8,16.6,12.7,6.38,Stable,1.0
STU4239,3,11.333333333333334,5,7,127.2,6,69.8,14.2,15.0,19.6,17.3,16.3,4.15,Improving,0.0
STU4240,6,16.142857142857142,6,7,160.0,8,77.3,23.0,27.8,20.2,25.4,25.8,6.18,Improving,0.0
STU4241,6,14.833333333333334,6,8,120.0,4,87.0,20.8,24.1,21.6,22.8,12.2,6.84,Stable,1.0
STU4242,7,13.327142857142857,8,8,141.5,1,69.0,9.2,12.8,15.0,13.9,9.9,,Stable,1.0
STU4243,4,11.0,6,13,111.4,1,63.5,12.2,12.8,16.7,14.8,14.9,,Improving,1.0
STU4244,6,11.714285714285714,6,10,136.6,8,55.8,4.6,7.3,17.3,12.3,2.8,5.34,Declining,0.0
STU4245,12,12.333333333333334,12,13,154.6,5,74.6,18.3,10.7,9.6,14.5,7.9,8.61,Declining,0.0
STU4246,0,0.0,7,9,111.4,6,55.0,10.9,7.7,13.3,12.1,7.0,4.56,Improving,0.0
STU4247,12,11.916666666666666,15,15,120.1,5,70.9,11.0,10.6,18.4,14.7,12.9,6.42,Declining,0.0
STU4248,6,11.833333333333334,6,9,100.0,2,65.6,7.7,9.4,12.4,10.9,7.1,6.61,Declining,0.0
STU4249,3,12.333333333333334,7,11,140.0,3,71.0,14.2,15.6,13.8,14.9,18.4,5.69,Stable,0.0
STU4250,10,14.3,10,11,130.0,6,94.9,26.9,26.4,25.3,26.6,30.0,5.96,Improving,1.0
STU4251,5,11.832,8,11,100.0,7,67.7,13.8,19.3,13.6,16.6,7.7,3.59,Stable,0.0
STU4252,2,10.0,5,13,106.1,2,73.0,2.2,6.3,6.2,6.2,3.2,3.98,Declining,0.0
STU4253,5,12.0,5,5,151.4,4,79.8,9.8,5.0,13.0,11.4,0.0,5.08,Declining,0.0
STU4254,5,12.2,7,11,113.7,1,71.7,10.2,10.7,7.5,10.4,11.9,,Improving,0.0
STU4255,3,11.333333333333334,5,7,116.5,8,58.8,6.2,5.5,17.9,12.0,3.4,4.53,Improving,1.0
STU4256,13,13.846153846153848,16,24,120.0,2,77.9,20.7,24.1,23.3,23.7,19.1,7.72,Declining,0.0
STU4257,7,12.412857142857144,8,8,122.0,5,62.7,12.1,11.5,24.1,18.1,15.0,5.46,Stable,1.0
STU4258,3,12.666666666666666,5,7,117.1,2,78.0,14.2,14.3,19.6,17.0,8.7,6.95,Stable,1.0
STU4259,7,12.545714285714286,8,11,120.8,5,84.2,26.2,27.2,26.2,26.7,18.2,6.1,Improving,0.0
STU4260,3,13.0,6,12,141.4,5,71.0,16.8,15.5,12.4,16.2,6.3,6.32,Declining,0.0
STU4261,0,0.0,6,6,110.0,3,62.4,10.5,13.3,8.7,11.9,14.5,2.71,Improving,0.0
STU4262,9,12.22222222222222,12,12,120.0,6,71.3,22.0,16.2,21.2,21.6,21.6,7.46,Stable,0.0
STU4263,5,13.285714285714286,5,10,120.2,7,77.0,13.2,14.1,13.1,13.6,11.6,6.83,Stable,1.0
STU4264,3,11.666666666666666,5,7,138.4,7,82.1,15.4,15.3,16.1,15.8,9.8,6.97,Declining,0.0
STU4265,6,13.555555555555555,6,9,150.0,3,77.8,14.2,16.8,19.7,18.2,17.6,5.98,Declining,1.0
STU4266,6,13.166666666666666,6,6,121.8,6,70.8,17.1,11.2,18.6,17.8,23.2,6.32,Stable,0.0
STU4267,0,0.0,0,0,140.0,4,59.4,1.8,0.0,0.0,0.9,0.0,1.97,Stable,1.0
STU4268,6,11.666666666666666,6,6,116.3,4,62.6,22.1,24.3,21.1,23.2,16.1,4.4,Improving,0.0
STU4269,4,11.0,5,11,131.5,4,75.2,13.3,12.3,20.1,16.7,17.1,6.8,Declining,1.0
STU4270,6,13.0,6,6,141.0,4,75.0,16.7,16.3,15.6,16.5,11.1,7.39,Declining,1.0
STU4271,6,13.666666666666666,6,6,138.0,1,56.5,12.6,9.6,11.9,12.2,9.2,,Stable,0.0
STU4272,5,14.6,5,6,127.5,3,72.9,11.8,15.8,17.9,16.8,3.1,5.69,Stable,0.0
STU4273,7,12.514285714285714,8,8,127.0,2,62.1,25.5,23.5,9.5,24.5,20.7,6.77,Stable,0.0
STU4274,3,14.0,5,5,118.9,2,73.5,16.9,16.7,20.4,18.6,11.4,6.43,Stable,1.0
STU4275,6,13.166666666666666,6,8,134.5,1,74.4,15.6,10.5,25.5,20.6,17.3,,Stable,0.0
STU4276,4,13.0,5,10,133.0,2,63.0,11.4,15.6,4.2,13.5,9.1,6.37,Declining,0.0
STU4277,1,13.0,5,5,114.0,6,71.3,15.0,11.0,20.4,17.7,15.2,6.06,Declining,1.0
STU4278,1,10.0,5,10,116.7,4,64.5,10.5,8.9,15.3,12.9,8.6,5.07,Stable,0.0
STU4279,6,14.333333333333334,6,6,125.1,1,64.0,10.6,6.8,8.9,9.8,9.4,,Declining,0.0
STU4280,0,0.0,6,6,137.2,6,57.2,2.3,7.8,8.9,8.4,6.1,3.19,Stable,1.0
STU4281,1,11.0,5,7,111.4,7,63.9,17.5,18.1,22.7,20.4,16.0,5.64,Improving,0.0
STU4282,3,11.25,6,15,105.0,7,76.9,10.8,11.9,4.9,11.4,7.2,3.54,Stable,0.0
STU4283,4,10.75,5,7,124.3,6,70.1,15.2,13.1,13.9,14.6,10.3,5.55,Declining,0.0
STU4284,1,11.0,5,7,132.0,8,54.9,12.0,12.4,14.3,13.4,13.1,5.17,Declining,1.0
STU4285,6,10.857142857142858,7,13,110.0,4,57.5,10.8,13.2,19.0,16.1,4.1,4.56,Stable,0.0
STU4286,4,11.75,5,10,134.7,8,86.8,16.1,15.4,17.3,16.7,21.4,6.86,Declining,0.0
STU4287,5,12.8,5,8,136.8,8,65.4,10.0,12.7,15.1,13.9,11.4,5.41,Declining,1.0
STU4288,3,12.333333333333334,5,15,160.0,2,57.4,7.7,4.4,10.9,9.3,5.4,4.99,Declining,0.0
STU4289,2,11.333333333333334,6,12,130.0,7,75.1,10.0,11.9,14.7,13.3,11.4,3.74,Stable,1.0
STU4290,5,11.6,6,10,128.8,6,67.7,19.1,9.2,22.2,20.6,11.0,6.95,Declining,1.0
STU4291,12,10.923076923076923,14,15,148.4,6,79.1,14.6,16.6,18.8,17.7,14.1,7.04,Declining,0.0
STU4292,0,0.0,0,0,130.4,7,60.4,2.5,0.0,3.8,3.2,0.0,2.48,Declining,1.0
STU4293,7,13.62857142857143,7,7,126.0,3,71.9,12.6,16.6,16.4,16.5,15.0,6.42,Declining,0.0
STU4294,3,10.333333333333334,6,16,118.7,3,93.0,20.5,12.5,14.4,17.4,14.8,5.17,Stable,0.0
STU4295,18,13.736842105263158,18,25,120.0,5,63.5,15.8,22.0,17.0,19.5,18.8,6.95,Stable,0.0
STU4296,8,11.625,13,19,120.0,5,65.2,17.1,12.4,23.5,20.3,19.3,5.78,Improving,0.0
STU4297,4,11.5,7,7,116.3,7,64.7,12.4,8.2,21.9,17.2,6.8,5.19,Declining,1.0
STU4298,5,14.0,6,8,133.9,7,90.6,14.9,14.6,8.7,14.8,13.2,6.49,Stable,1.0
STU4299,3,11.333333333333334,5,7,150.3,5,93.0,19.5,19.8,23.8,21.8,12.2,6.54,Stable,0.0
STU4300,1,10.0,5,13,118.3,8,75.8,11.3,14.1,17.8,16.0,13.5,4.71,Improving,0.0
STU4301,5,11.714285714285714,6,14,130.0,2,61.2,16.8,20.8,11.8,18.8,16.8,6.3,Stable,0.0
STU4302,0,0.0,0,0,140.0,8,54.2,8.7,4.1,8.3,8.5,6.0,4.49,Stable,1.0
STU4303,13,10.76923076923077,15,15,110.4,1,61.7,21.3,19.6,15.7,20.5,17.5,,Improving,0.0
STU4304,5,11.6,6,10,139.7,4,61.5,13.8,13.8,24.7,19.2,10.6,5.88,Stable,1.0
STU4305,4,13.75,5,6,138.3,1,85.8,8.7,7.6,23.3,16.0,17.9,,Stable,0.0
STU4306,4,11.0,5,14,123.2,4,66.0,16.1,9.0,11.3,13.7,11.7,6.55,Declining,0.0
STU4307,0,0.0,5,6,120.0,3,54.3,7.5,7.0,1.9,7.2,7.2,2.49,Stable,1.0
STU4308,0,0.0,0,0,127.0,1,70.0,10.5,12.4,16.5,14.4,6.1,,Stable,1.0
STU4309,0,0.0,0,0,114.2,5,40.1,4.7,11.9,11.2,11.6,10.4,4.55,Declining,0.0
STU4310,6,12.333333333333334,6,7,119.7,5,61.6,0.4,0.0,14.4,7.4,0.7,4.3,Declining,0.0
STU4311,6,13.428571428571429,6,9,150.0,2,65.6,9.5,8.0,12.2,10.8,11.1,4.71,Stable,1.0
STU4312,0,0.0,5,10,123.5,5,52.1,12.5,19.3,14.4,16.8,16.5,2.95,Improving,0.0
STU4313,4,14.75,5,12,130.0,2,67.5,13.6,14.1,14.3,14.2,12.9,5.9,Stable,1.0
STU4314,21,12.476190476190476,21,21,124.6,1,74.8,24.7,25.7,27.2,26.4,20.7,,Improving,0.0
STU4315,0,0.0,5,8,119.4,1,56.1,0.0,6.7,6.6,6.6,0.0,,Improving,1.0
STU4316,3,11.666666666666666,6,15,121.9,4,69.9,8.9,11.4,23.2,17.3,8.4,4.73,Stable,0.0
STU4317,6,12.0,6,6,110.0,6,69.5,18.2,24.7,21.5,23.1,16.8,6.95,Stable,0.0
STU4318,6,12.0,6,7,118.7,4,71.2,12.8,13.6,14.0,13.8,8.0,5.81,Declining,1.0
STU4319,12,15.25,12,12,163.1,6,69.3,20.8,17.5,21.8,21.3,23.3,5.77,Improving,0.0
STU4320,5,12.4,6,9,121.7,4,87.9,21.2,21.8,23.2,22.5,24.0,7.34,Improving,0.0
STU4321,3,12.333333333333334,5,9,135.0,6,65.4,12.0,12.2,9.6,12.1,4.5,5.91,Stable,1.0
STU4322,4,11.5,5,8,147.9,8,66.9,12.4,13.8,25.6,19.7,13.1,6.11,Stable,1.0
STU4323,5,12.2,6,8,118.1,3,56.6,5.8,10.2,19.5,14.8,4.7,5.28,Declining,1.0
STU4324,2,10.5,5,14,105.3,1,63.1,17.6,11.9,14.3,16.0,14.4,,Improving,1.0
STU4325,7,14.4,8,8,139.8,1,88.1,21.8,20.7,22.6,22.2,16.0,,Stable,0.0
STU4326,13,12.846153846153848,14,18,130.0,4,73.6,12.5,15.8,27.7,21.8,11.7,6.14,Improving,0.0
STU4327,4,12.0,6,13,127.5,4,63.3,11.9,10.2,22.8,17.4,14.6,8.71,Declining,0.0
STU4328,0,0.0,5,0,120.0,2,64.4,4.9,11.8,7.7,9.8,10.3,2.62,Improving,0.0
STU4329,6,13.666666666666666,7,8,124.2,7,70.1,18.4,13.5,18.6,18.5,20.6,8.95,Declining,1.0
STU4330,5,11.857142857142858,6,10,113.4,8,64.4,9.0,2.6,3.0,6.0,4.7,3.81,Stable,1.0
STU4331,0,0.0,6,0,118.0,2,55.7,11.4,20.3,17.1,18.7,8.4,5.71,Improving,0.0
STU4332,0,0.0,0,0,130.0,2,63.5,3.8,0.0,11.4,7.6,4.9,3.94,Declining,1.0
STU4333,5,13.2,6,8,135.9,2,72.7,18.7,15.3,26.5,22.6,19.7,6.26,Stable,1.0
STU4334,6,12.714285714285714,6,8,135.8,3,88.7,28.2,30.0,27.0,29.1,28.2,7.33,Improving,0.0
STU4335,6,12.5,6,6,133.1,7,64.5,14.6,14.2,19.9,17.2,11.1,6.02,Stable,1.0
STU4336,3,10.666666666666666,5,9,118.8,4,60.9,17.6,23.0,11.3,20.3,13.6,5.16,Stable,0.0
STU4337,1,17.0,6,12,117.1,1,85.2,22.1,24.1,22.0,23.1,22.7,,Improving,0.0
STU4338,5,13.0,5,6,114.5,4,69.7,15.5,15.8,13.5,15.6,10.9,5.29,Stable,0.0
STU4339,3,12.666666666666666,5,7,127.2,1,90.2,6.2,7.3,16.6,12.0,6.1,,Stable,0.0
STU4340,12,13.291666666666666,14,14,130.0,3,72.4,17.4,9.3,14.9,16.2,23.7,6.9,Stable,1.0
STU4341,3,11.666666666666666,5,12,116.1,3,62.0,6.3,4.6,12.2,9.2,13.0,3.54,Stable,0.0
STU4342,7,14.24,8,8,130.5,5,95.4,19.3,18.1,27.5,23.4,20.6,6.32,Improving,0.0
STU4343,3,13.0,5,10,104.0,4,53.9,8.6,9.2,15.7,12.4,6.3,6.38,Declining,0.0
STU4344,5,14.06,7,9,128.5,7,55.7,17.9,25.9,20.7,23.3,16.9,6.33,Declining,1.0
STU4345,5,11.833333333333334,6,10,126.0,1,60.5,17.2,17.2,20.9,19.0,18.0,,Improving,0.0
STU4346,6,12.833333333333334,6,6,141.1,6,81.5,21.8,23.1,29.1,26.1,25.8,5.6,Improving,0.0
STU4347,1,10.0,6,16,102.8,1,45.6,7.1,11.3,10.6,11.0,6.4,,Stable,0.0
STU4348,2,11.0,5,9,129.2,2,64.2,3.5,10.3,12.2,11.2,4.7,5.03,Declining,1.0
STU4349,7,14.105714285714289,7,7,119.3,7,79.0,18.4,14.6,26.1,22.2,15.8,7.14,Stable,0.0
STU4350,7,12.471428571428572,8,12,126.3,5,91.8,24.0,23.1,24.2,24.1,16.0,5.45,Improving,0.0
STU4351,6,11.833333333333334,6,11,140.0,2,80.3,15.3,14.9,8.1,15.1,9.0,6.6,Stable,0.0
STU4352,6,12.5,6,6,131.5,4,70.4,14.7,16.8,12.7,15.8,9.9,7.24,Declining,1.0
STU4353,6,11.666666666666666,6,7,137.6,5,83.9,14.4,15.8,21.0,18.4,16.2,4.74,Improving,0.0
STU4354,0,0.0,0,0,142.8,8,56.9,1.9,8.8,4.7,6.8,5.4,2.65,Stable,1.0
STU4355,3,10.333333333333334,5,11,146.2,5,60.8,14.3,11.1,20.9,17.6,15.7,3.73,Improving,0.0
STU4356,5,16.166666666666668,5,8,162.1,1,64.3,16.7,15.7,27.7,22.2,8.9,,Stable,1.0
STU4357,3,12.666666666666666,6,11,140.0,4,68.9,18.5,22.6,17.5,20.6,13.2,6.4,Improving,0.0
STU4358,2,10.5,6,14,120.0,1,64.4,13.6,13.9,9.7,13.8,14.0,,Improving,1.0
STU4359,2,11.5,6,13,133.3,1,68.3,14.0,20.6,14.6,17.6,12.3,,Improving,0.0
STU4360,6,13.0,6,6,124.8,4,59.8,22.1,21.7,20.8,21.9,17.4,6.73,Declining,1.0
STU4361,6,11.966666666666669,7,7,133.3,6,70.6,12.4,11.6,24.1,18.2,15.5,5.9,Stable,0.0
STU4362,8,13.3475,8,8,141.8,1,76.1,14.0,14.6,14.2,14.4,11.9,,Declining,1.0
STU4363,5,12.0,5,7,128.2,6,73.7,13.6,10.8,19.0,16.3,9.8,5.15,Stable,1.0
STU4364,2,10.5,6,10,115.0,5,78.1,10.6,4.2,18.4,14.5,6.1,4.48,Declining,1.0
STU4365,4,11.5,6,9,123.6,6,61.9,6.6,6.6,14.1,10.4,5.4,4.28,Stable,0.0
STU4366,0,0.0,0,0,120.2,2,49.8,8.5,17.8,13.4,15.6,13.9,4.18,Stable,0.0
STU4367,6,13.571428571428571,6,9,127.0,3,57.7,20.6,23.6,20.0,22.1,15.6,7.02,Declining,1.0
STU4368,6,14.7,6,10,120.4,1,78.3,20.7,22.9,28.4,25.6,18.9,,Improving,0.0
STU4369,0,0.0,5,5,120.0,2,45.9,10.9,15.1,8.6,13.0,15.0,2.11,Improving,0.0
STU4370,6,11.833333333333334,7,8,120.0,2,80.5,10.5,17.5,21.9,19.7,21.4,7.55,Stable,0.0
STU4371,0,0.0,0,0,133.9,2,64.6,0.0,4.4,4.9,4.6,0.0,3.25,Stable,1.0
STU4372,7,13.175714285714289,7,7,113.5,2,55.1,12.6,14.0,7.5,13.3,13.7,5.42,Improving,0.0
STU4373,0,0.0,6,7,126.1,2,57.0,4.3,0.0,4.5,4.4,0.9,2.39,Stable,1.0
STU4374,2,13.0,6,12,121.2,7,87.3,16.8,14.2,18.7,17.8,14.5,8.52,Declining,0.0
STU4375,7,13.742857142857144,8,11,150.0,6,87.7,17.1,17.0,20.3,18.7,13.5,9.27,Declining,1.0
STU4376,0,0.0,5,5,100.0,3,35.0,2.7,9.5,3.8,6.6,7.8,4.88,Declining,1.0
STU4377,7,12.217142857142855,7,8,127.3,8,58.0,14.0,18.2,18.3,18.2,17.0,5.34,Improving,1.0
STU4378,14,11.071428571428571,15,15,103.8,2,60.2,9.9,3.4,18.4,14.2,16.6,6.45,Declining,0.0
STU4379,7,13.428571428571429,7,10,131.0,3,76.0,25.0,19.2,18.4,22.1,14.7,7.41,Stable,0.0
STU4380,5,11.4,5,7,133.9,6,68.7,11.6,14.4,12.8,13.6,5.3,4.91,Declining,1.0
STU4381,4,11.325,8,14,140.0,3,53.2,23.3,19.6,17.2,21.5,27.4,7.49,Improving,0.0
STU4382,0,0.0,6,13,121.4,2,52.9,3.7,7.1,9.2,8.1,4.6,3.94,Stable,1.0
STU4383,7,15.0,8,8,122.0,3,82.9,20.2,14.4,26.4,23.3,14.5,8.46,Declining,0.0
STU4384,6,13.166666666666666,6,7,150.5,4,72.6,15.7,17.0,24.2,20.6,15.8,7.37,Stable,0.0
STU4385,2,11.0,6,12,139.4,5,72.6,18.8,15.7,15.4,17.2,10.6,5.94,Declining,1.0
STU4386,0,0.0,6,0,112.6,3,48.8,3.2,8.0,15.9,12.0,6.0,4.59,Stable,0.0
STU4387,3,12.333333333333334,5,7,115.2,3,57.6,19.3,12.8,14.6,17.0,14.0,5.45,Stable,1.0
STU4388,4,12.25,5,6,131.8,2,72.4,9.7,0.0,10.2,10.0,9.8,5.77,Declining,1.0
STU4389,13,11.923076923076923,13,13,122.8,4,68.4,17.3,17.2,10.6,17.2,18.6,5.32,Improving,0.0
STU4390,6,14.333333333333334,6,6,156.2,2,87.4,21.9,23.1,19.0,22.5,24.6,7.78,Stable,0.0
STU4391,5,12.0,5,6,132.0,7,77.5,10.9,16.2,18.4,17.3,13.7,5.36,Improving,0.0
STU4392,7,13.761111111111113,7,9,130.0,6,79.1,27.5,25.7,22.8,26.6,29.9,6.65,Improving,0.0
STU4393,4,11.25,5,6,138.4,3,75.5,19.7,20.4,13.9,20.0,19.6,3.93,Improving,1.0
STU4394,3,12.333333333333334,5,10,146.2,6,64.1,4.3,8.2,9.1,8.6,4.7,4.76,Stable,1.0
STU4395,8,14.88875,8,8,166.0,1,60.8,17.4,19.9,14.6,18.6,14.3,,Improving,0.0
STU4396,6,12.166666666666666,6,8,133.1,3,76.7,18.8,17.3,14.8,18.0,14.0,7.17,Declining,1.0
STU4397,6,12.666666666666666,6,7,121.9,3,72.3,17.0,9.3,21.6,19.3,14.5,6.87,Declining,0.0
STU4398,5,12.6,6,9,110.4,3,71.9,19.3,14.3,24.9,22.1,10.0,5.88,Stable,0.0
STU4399,4,13.0,5,8,121.4,6,54.7,17.7,17.6,24.8,21.2,16.2,3.92,Improving,1.0
STU4400,6,13.875,6,9,137.0,8,84.7,14.8,17.7,19.9,18.8,11.7,4.9,Stable,1.0
STU4401,4,10.75,5,10,140.0,3,75.6,23.6,18.8,16.4,21.2,14.0,5.59,Declining,1.0
STU4402,3,14.666666666666666,5,10,140.0,3,68.5,19.0,18.2,15.4,18.6,12.8,6.9,Stable,1.0
STU4403,5,12.6,6,7,126.8,5,59.6,11.8,16.8,19.3,18.0,13.1,5.09,Improving,0.0
STU4404,6,12.4125,7,11,124.8,2,86.6,16.1,15.3,18.8,17.5,18.0,5.81,Improving,0.0
STU4405,1,11.0,6,12,120.0,1,55.9,17.2,16.3,17.7,17.4,12.3,,Improving,0.0
STU4406,7,14.314285714285717,8,8,133.0,8,99.4,16.4,21.6,30.0,25.8,10.5,6.57,Stable,0.0
STU4407,4,12.0,6,6,127.5,6,62.0,11.3,6.4,15.1,13.2,20.3,4.49,Improving,1.0
STU4408,6,12.833333333333334,6,6,131.7,8,88.4,15.1,18.6,29.1,23.8,19.9,6.52,Improving,0.0
STU4409,5,11.4,6,8,133.0,2,68.1,15.8,20.2,12.5,18.0,19.8,5.81,Stable,1.0
STU4410,5,14.6,5,5,122.7,1,80.0,11.2,10.7,16.0,13.6,16.2,,Improving,0.0
STU4411,6,13.5,6,7,121.2,3,70.6,13.1,13.8,20.7,17.2,13.8,6.95,Declining,0.0
STU4412,6,12.5,6,8,150.0,8,72.9,20.9,21.4,15.4,21.2,18.6,5.45,Improving,0.0
STU4413,4,13.0,6,6,133.4,1,81.3,15.1,15.5,22.3,18.9,19.6,,Improving,0.0
STU4414,5,11.6,10,13,121.2,1,72.2,20.8,17.0,23.8,22.3,21.5,,Improving,0.0
STU4415,5,11.8,5,6,129.3,1,79.4,15.4,13.7,26.7,21.0,15.7,,Improving,0.0
STU4416,3,12.333333333333334,7,14,117.8,6,60.7,16.9,13.8,17.1,17.0,16.9,6.01,Stable,0.0
STU4417,12,12.625,14,15,131.3,6,80.7,22.9,22.1,14.5,22.5,16.3,6.13,Stable,0.0
STU4418,6,13.833333333333334,6,6,133.8,5,85.6,22.5,21.9,23.2,22.8,19.1,5.68,Stable,0.0
STU4419,6,12.5,7,7,120.0,1,65.6,18.0,7.8,20.6,19.3,18.5,,Stable,0.0
STU4420,5,13.6,6,7,122.2,5,81.7,19.3,18.9,19.7,19.5,20.8,7.37,Stable,0.0
STU4421,6,12.0,6,6,119.0,3,72.5,21.6,19.8,21.5,21.6,13.5,6.62,Stable,1.0
STU4422,7,14.9125,7,8,149.5,1,81.1,30.0,19.7,21.7,25.8,20.6,,Improving,1.0
STU4423,5,13.8,5,5,153.8,2,69.6,12.7,11.9,15.0,13.8,17.3,5.16,Stable,0.0
STU4424,6,11.666666666666666,6,8,152.0,4,62.8,17.7,16.7,22.3,20.0,17.3,5.67,Improving,0.0
