StudentID,CGPA,Internships,Projects,Certifications,AptitudeTestScore,SoftSkillsScore,ExtracurricularActivities,PlacementTraining,SSC_Marks,HSC_Marks,Gender,Stream,PlacementStatus
STU_00001,7.8,0,1,0,83.0,55.5,0,1,85.0,74.9,Male,Civil,Placed
STU_00002,7.16,0,1,1,56.8,50.8,1,1,88.0,72.4,Female,Electronics,Not Placed
STU_00003,7.95,0,4,0,54.2,68.6,0,0,78.0,64.4,Male,Electronics,Placed
STU_00004,8.82,0,2,1,66.4,75.8,0,1,73.8,94.1,Female,Mechanical,Placed
STU_00005,7.07,1,1,1,82.4,58.5,1,1,70.1,70.7,Female,Information Technology,Placed
STU_00006,7.07,0,2,0,52.6,78.3,0,1,85.0,68.2,Female,Computer Science,Placed
STU_00007,8.88,0,1,0,85.7,72.5,1,1,84.6,72.7,Male,Civil,Placed
STU_00008,8.07,1,2,2,45.4,79.8,0,0,79.8,95.0,Male,Information Technology,Placed
STU_00009,6.83,0,1,0,66.3,83.3,1,0,81.0,68.8,Female,Computer Science,Placed
STU_00010,7.84,1,1,1,48.8,88.1,0,1,94.0,74.7,Female,Information Technology,Placed
STU_00011,6.84,1,2,2,,79.2,0,0,88.2,48.0,Male,Information Technology,Placed
STU_00012,6.83,0,2,1,75.5,68.5,1,1,63.8,85.8,Female,Information Technology,Placed
STU_00013,7.54,1,3,1,67.3,74.3,0,1,86.9,71.9,Female,Electronics,Placed
STU_00014,5.39,1,1,2,49.0,100.0,0,1,91.8,85.0,Male,Mechanical,Placed
STU_00015,5.58,0,3,0,62.3,83.8,0,0,69.8,82.0,Female,Electronics,Placed
STU_00016,6.74,0,1,0,76.6,72.9,0,1,87.5,76.7,Male,Information Technology,Placed
STU_00017,6.29,1,1,2,64.5,70.2,1,1,99.0,70.1,Male,Electronics,Placed
STU_00018,7.61,2,3,2,67.0,64.8,0,1,82.8,75.7,Male,Civil,Placed
STU_00019,6.39,1,2,0,64.0,57.8,0,1,75.6,60.3,Female,Civil,Placed
STU_00020,5.89,0,1,0,61.3,92.5,1,1,77.0,77.5,Male,Civil,Placed
STU_00021,8.77,1,1,0,61.1,77.7,0,1,79.3,81.1,Male,Civil,Placed
STU_00022,7.07,0,2,2,60.6,56.8,0,1,62.2,75.9,Male,Information Technology,Placed
STU_00023,7.37,1,2,1,58.7,70.5,0,1,61.8,75.4,Male,Computer Science,Placed
STU_00024,5.88,1,4,2,54.7,87.2,0,0,80.7,68.3,Female,Mechanical,Placed
STU_00025,6.76,1,2,3,64.3,66.6,1,1,77.5,73.2,Female,Computer Science,Placed
STU_00026,7.41,2,3,2,60.4,62.2,1,0,84.6,62.9,Female,Mechanical,Placed
STU_00027,6.15,1,2,1,53.9,76.3,1,0,75.2,69.0,Male,Computer Science,Placed
STU_00028,7.68,1,3,0,81.5,79.9,1,1,78.8,97.7,Female,Civil,Not Placed
STU_00029,6.7,0,0,0,88.5,66.7,1,0,87.5,76.0,Female,Civil,Placed
STU_00030,7.01,2,3,1,70.0,64.8,1,1,55.2,80.3,Male,Electronics,Placed
STU_00031,6.7,2,1,0,71.0,77.5,1,1,68.8,74.7,Female,Electronics,Placed
STU_00032,9.15,0,3,0,59.6,58.5,0,0,72.8,75.7,Male,Information Technology,Placed
STU_00033,7.29,1,0,1,86.0,65.5,0,1,76.4,76.5,Male,Mechanical,Placed
STU_00034,6.24,0,2,1,96.1,70.6,0,1,63.8,72.3,Male,Mechanical,Not Placed
STU_00035,8.12,1,2,2,67.5,80.9,0,1,68.9,81.5,Female,Information Technology,Placed
STU_00036,,1,4,0,62.2,66.9,0,1,85.0,67.1,Female,Civil,Placed
STU_00037,7.51,0,2,0,75.1,78.8,1,1,82.6,58.7,Female,Electronics,Placed
STU_00038,5.34,2,1,1,71.9,86.0,0,1,50.1,77.2,Male,Information Technology,Placed
STU_00039,5.97,0,2,3,62.5,65.9,0,1,75.7,87.3,Male,Civil,Placed
STU_00040,,1,1,2,77.1,100.0,0,0,76.6,67.9,Male,Computer Science,Placed
STU_00041,8.04,1,1,0,84.1,89.0,0,1,68.9,83.6,Male,Information Technology,Placed
STU_00042,7.47,0,1,0,58.2,75.3,0,0,76.6,82.4,Female,Information Technology,Placed
STU_00043,7.18,0,1,2,,69.8,0,1,81.9,92.2,Male,Civil,Placed
STU_00044,7.0,0,2,0,47.0,65.3,0,1,85.2,95.5,Male,Computer Science,Not Placed
STU_00045,5.82,1,3,0,57.2,91.9,0,1,79.0,81.4,Female,Electronics,Placed
STU_00046,6.58,1,3,0,73.5,74.5,1,1,84.5,73.7,Male,Information Technology,Placed
STU_00047,6.84,0,0,1,100.0,54.7,1,1,78.1,57.2,Female,Information Technology,Placed
STU_00048,8.36,0,0,1,61.6,51.5,0,1,55.2,85.7,Male,Information Technology,Placed
STU_00049,7.64,0,1,0,54.0,73.3,1,1,76.7,87.4,Female,Electronics,Placed
STU_00050,5.54,1,1,1,78.2,73.6,1,1,65.7,72.2,Female,Electronics,Placed
STU_00051,7.62,1,0,0,66.3,61.0,0,0,79.1,78.9,Female,Computer Science,Placed
STU_00052,6.91,0,1,1,80.0,53.8,0,1,75.8,63.7,Male,Computer Science,Not Placed
STU_00053,6.62,1,2,1,68.9,48.4,1,1,75.7,68.4,Female,Mechanical,Placed
STU_00054,7.91,0,2,1,57.1,62.9,0,1,69.6,60.5,Male,Mechanical,Placed
STU_00055,8.33,2,2,0,100.0,67.6,0,1,74.0,78.0,Female,Electronics,Placed
STU_00056,8.23,2,1,1,25.7,80.3,0,1,81.1,70.6,Male,Information Technology,Placed
STU_00057,6.46,1,2,1,97.3,70.4,0,1,68.9,88.7,Female,Electronics,Placed
STU_00058,6.99,2,3,1,84.0,84.8,0,1,71.8,77.6,Male,Mechanical,Placed
STU_00059,7.63,2,1,1,58.8,79.3,0,1,60.5,78.9,Female,Mechanical,Placed
STU_00060,8.28,2,0,1,98.1,78.2,0,0,80.8,75.1,Female,Civil,Placed
STU_00061,6.82,1,1,0,49.4,83.8,1,1,65.2,92.4,Female,Mechanical,Placed
STU_00062,7.11,0,0,0,85.1,55.4,1,0,78.3,91.0,Female,Computer Science,Placed
STU_00063,6.19,0,2,0,38.8,65.6,1,1,85.1,73.1,Female,Civil,Placed
STU_00064,6.1,0,1,1,52.8,100.0,0,0,90.7,78.3,Female,Civil,Placed
STU_00065,8.11,1,2,1,52.8,49.1,0,1,74.8,90.6,Female,Information Technology,Placed
STU_00066,8.66,0,1,2,58.7,68.4,0,1,84.2,62.1,Male,Mechanical,Placed
STU_00067,7.23,0,2,1,70.2,77.7,0,1,77.9,78.3,Male,Mechanical,Placed
STU_00068,8.3,1,0,2,57.6,49.5,0,1,59.3,71.1,Female,Civil,Placed
STU_00069,7.66,0,2,0,39.5,63.0,0,1,63.1,91.2,Male,Electronics,Placed
STU_00070,6.65,1,1,0,77.0,96.0,0,0,86.5,80.8,Male,Computer Science,Placed
STU_00071,7.66,2,0,2,70.7,74.0,0,0,89.6,55.9,Female,Mechanical,Placed
STU_00072,8.84,1,3,0,76.1,65.1,1,1,56.8,70.4,Male,Electronics,Placed
STU_00073,7.26,1,2,1,72.6,74.5,0,0,81.3,90.4,Male,Mechanical,Placed
STU_00074,8.86,1,0,0,84.3,65.1,1,1,80.7,84.8,Female,Electronics,Placed
STU_00075,5.0,1,2,2,68.9,92.6,1,1,70.0,63.5,Female,Computer Science,Placed
STU_00076,8.12,0,2,1,85.2,60.1,0,0,70.1,64.2,Male,,Placed
STU_00077,7.39,2,2,0,58.4,65.7,1,1,67.4,75.9,Male,Computer Science,Placed
STU_00078,7.0,0,1,1,59.2,54.1,1,1,58.8,74.4,Male,Computer Science,Placed
STU_00079,7.39,0,3,0,90.6,68.5,0,1,67.5,72.2,Female,Information Technology,Placed
STU_00080,5.31,1,1,2,90.3,69.9,1,1,85.0,70.6,Male,Civil,Placed
STU_00081,7.08,0,1,0,78.6,86.3,1,1,74.5,68.5,Male,Mechanical,Placed
STU_00082,7.66,0,1,1,56.7,59.8,0,0,85.3,99.0,Female,Mechanical,Placed
STU_00083,8.78,0,2,0,55.5,77.8,1,1,58.0,71.0,Female,Electronics,Placed
STU_00084,6.78,0,3,2,89.9,73.0,0,1,82.4,67.7,Female,Information Technology,Placed
STU_00085,6.49,0,3,2,89.1,49.3,1,0,85.8,80.6,Male,Mechanical,Placed
STU_00086,6.8,0,2,2,69.0,63.3,1,0,51.9,73.9,Male,Computer Science,Placed
STU_00087,8.22,1,4,2,100.0,62.8,0,1,72.7,64.9,Male,Mechanical,Placed
STU_00088,7.63,2,2,0,76.9,92.2,1,0,81.4,72.2,Female,Electronics,Placed
STU_00089,6.77,0,2,2,53.4,78.5,1,0,91.0,74.3,Male,,Placed
STU_00090,7.81,2,4,1,65.9,73.7,1,1,64.2,79.7,Male,Electronics,Not Placed
STU_00091,7.4,0,0,2,70.1,30.0,1,0,91.9,78.4,Female,Computer Science,Placed
STU_00092,8.27,0,2,1,71.3,49.1,1,0,82.4,63.8,Male,Electronics,Placed
STU_00093,6.6,0,2,0,88.8,80.7,1,0,68.0,81.7,Female,Mechanical,Placed
STU_00094,6.97,1,3,1,55.7,81.4,1,1,87.9,84.8,Female,Mechanical,Placed
STU_00095,6.91,0,3,0,50.0,63.1,1,1,99.0,63.2,Male,Electronics,Placed
STU_00096,5.84,1,3,1,79.0,72.3,0,1,74.6,66.5,Male,Information Technology,Placed
STU_00097,7.6,1,3,1,62.4,71.5,0,1,73.8,73.1,Male,Electronics,Placed
STU_00098,7.56,1,2,0,100.0,74.0,0,1,68.5,77.4,Male,Mechanical,Placed
STU_00099,7.31,1,0,3,84.1,67.5,0,0,96.4,77.8,Male,Computer Science,Placed
STU_00100,7.07,2,0,2,62.1,81.8,1,1,70.7,74.5,Female,Electronics,Placed
STU_00101,5.88,0,2,2,88.2,85.3,0,1,68.3,59.3,Female,Computer Science,Placed
STU_00102,6.88,0,1,2,81.0,60.5,0,0,71.8,86.1,Male,Mechanical,Not Placed
STU_00103,6.96,1,2,1,79.5,57.7,0,0,71.9,64.1,Female,Mechanical,Placed
STU_00104,6.5,1,1,1,68.2,62.4,1,1,72.2,89.9,Female,Civil,Placed
STU_00105,7.14,0,3,0,76.3,72.6,0,1,70.1,87.8,Male,Mechanical,Placed
STU_00106,7.7,0,1,2,38.5,76.3,0,0,70.8,62.8,Male,Electronics,Placed
STU_00107,9.19,1,3,2,89.8,81.5,0,1,79.4,78.9,Male,Electronics,Placed
STU_00108,,0,3,1,,83.7,0,1,91.5,90.0,Male,Civil,Placed
STU_00109,7.56,0,2,2,63.4,76.3,0,1,68.1,81.5,Male,Electronics,Placed
STU_00110,7.23,2,1,1,46.1,74.8,1,1,65.0,56.3,Female,Information Technology,Placed
STU_00111,5.38,1,2,1,62.5,91.8,0,1,81.3,74.6,Female,Mechanical,Placed
STU_00112,7.27,1,2,3,68.9,72.1,1,1,83.3,84.2,Male,Mechanical,Placed
STU_00113,7.36,1,1,1,52.0,79.1,0,1,93.4,93.5,Male,Civil,Placed
STU_00114,9.76,2,0,1,28.4,75.8,0,1,92.1,73.5,Male,Mechanical,Placed
STU_00115,7.11,0,1,0,73.1,69.9,1,1,62.1,56.7,Male,Information Technology,Placed
STU_00116,7.6,0,0,1,100.0,70.0,0,1,58.0,99.0,Female,Mechanical,Placed
STU_00117,7.27,1,1,1,64.7,87.9,0,1,83.7,73.7,Male,Electronics,Placed
STU_00118,6.13,1,1,1,84.4,70.9,0,1,83.4,90.9,Male,Mechanical,Placed
STU_00119,8.44,0,2,1,92.6,67.8,1,1,92.8,72.2,Male,Information Technology,Placed
STU_00120,8.05,3,4,0,41.5,63.2,0,1,81.9,81.0,Male,Electronics,Placed
STU_00121,8.09,1,2,1,63.1,77.1,1,0,72.4,67.5,Female,Electronics,Not Placed
STU_00122,6.39,0,3,2,50.9,65.9,0,0,88.4,67.7,Female,Information Technology,Placed
STU_00123,8.7,0,2,0,57.9,76.0,0,1,67.6,94.9,Female,Civil,Placed
STU_00124,5.9,0,2,0,95.5,74.1,1,1,98.1,85.3,Female,Civil,Placed
STU_00125,7.89,1,1,0,73.4,66.9,1,0,80.7,74.7,Male,Mechanical,Placed
STU_00126,9.49,3,1,2,81.8,55.3,1,1,70.6,85.3,Female,Computer Science,Placed
STU_00127,6.31,0,3,1,69.3,59.6,1,0,69.1,67.5,Male,Electronics,Placed
STU_00128,6.73,3,3,3,51.8,61.5,0,0,80.0,75.0,Male,Information Technology,Placed
STU_00129,7.4,2,2,1,80.2,60.0,1,0,77.2,76.1,Male,Information Technology,Placed
STU_00130,6.8,1,0,1,88.8,77.5,0,1,76.6,66.7,Female,Electronics,Placed
STU_00131,5.75,1,2,2,74.8,97.6,0,1,64.9,65.2,Male,Information Technology,Placed
STU_00132,7.37,0,1,0,,65.9,0,0,76.4,54.2,Female,Civil,Placed
STU_00133,6.24,1,0,0,51.5,67.4,1,1,86.3,64.4,Male,Civil,Placed
STU_00134,7.77,0,3,1,80.6,65.0,1,1,70.5,95.1,Male,Electronics,Placed
STU_00135,6.38,1,2,0,90.2,82.3,0,1,80.6,55.5,Female,Civil,Placed
STU_00136,8.85,0,2,0,76.1,77.1,0,1,89.2,74.6,Male,Electronics,Placed
STU_00137,6.52,2,3,0,43.0,71.8,0,0,84.3,76.7,Female,Mechanical,Placed
STU_00138,6.98,2,2,0,94.5,57.4,0,1,65.9,72.3,Male,Computer Science,Placed
STU_00139,8.11,0,2,0,55.8,60.4,0,1,81.2,84.6,Male,Information Technology,Placed
STU_00140,6.07,0,1,2,75.8,74.1,0,1,92.6,72.0,Female,Information Technology,Placed
STU_00141,7.53,1,1,0,84.3,74.7,1,1,83.0,85.5,Male,Information Technology,Placed
STU_00142,8.61,1,2,0,86.2,71.8,1,1,89.8,81.0,Male,Information Technology,Placed
STU_00143,5.69,0,1,0,43.0,80.0,0,1,87.8,60.1,Female,Computer Science,Placed
STU_00144,7.48,1,1,1,71.8,57.3,1,1,66.6,87.8,Male,Information Technology,Not Placed
STU_00145,7.56,0,0,1,70.8,75.6,0,0,95.8,71.5,Female,Electronics,Not Placed
STU_00146,8.08,0,2,2,91.6,75.0,0,1,90.5,55.3,Female,Information Technology,Placed
STU_00147,6.06,0,2,2,76.9,60.5,0,1,75.2,80.2,Male,Computer Science,Placed
STU_00148,5.98,0,2,0,91.7,64.7,0,0,91.0,71.8,Male,Computer Science,Placed
STU_00149,7.82,1,2,0,78.1,80.3,1,1,76.7,92.9,Female,Civil,Placed
STU_00150,7.6,3,0,0,68.9,58.3,0,1,77.1,87.1,Male,Information Technology,Placed
STU_00151,7.55,0,2,3,72.9,100.0,1,1,69.1,65.1,Female,Electronics,Placed
STU_00152,7.65,1,3,1,92.9,78.7,1,1,67.7,85.4,Female,Civil,Placed
STU_00153,6.62,0,1,0,50.5,71.3,0,1,79.5,67.3,Male,Computer Science,Placed
STU_00154,7.53,1,2,0,83.6,69.0,0,1,75.5,56.8,Male,Mechanical,Placed
STU_00155,7.59,0,2,1,60.6,81.5,0,0,63.1,68.2,Male,Mechanical,Placed
STU_00156,6.59,1,2,0,57.4,67.1,0,1,81.5,60.4,Female,Computer Science,Placed
STU_00157,9.17,2,1,2,85.4,67.6,1,1,83.1,74.8,Male,Computer Science,Placed
STU_00158,7.77,0,3,1,56.8,89.4,0,1,81.0,96.2,Male,Information Technology,Placed
STU_00159,6.11,1,2,1,75.7,66.3,1,1,80.9,75.9,Male,Information Technology,Placed
STU_00160,7.96,0,3,1,62.7,73.6,0,1,82.1,80.1,Male,Information Technology,Placed
STU_00161,6.33,0,1,0,34.6,62.9,0,1,79.7,64.0,Male,Computer Science,Placed
STU_00162,8.09,0,2,1,77.2,75.1,0,0,81.5,69.1,Male,Electronics,Placed
STU_00163,8.46,0,2,1,71.9,79.0,1,1,83.1,81.0,Female,Computer Science,Not Placed
STU_00164,6.48,0,1,0,41.3,92.2,0,1,72.1,74.2,Female,Information Technology,Placed
STU_00165,8.26,0,1,1,59.5,60.8,0,1,65.3,67.1,Male,Computer Science,Placed
STU_00166,7.71,0,2,2,42.9,54.6,0,0,81.2,86.0,Male,Electronics,Placed
STU_00167,8.12,0,0,0,81.0,68.8,0,1,79.5,76.5,Male,Computer Science,Placed
STU_00168,9.2,1,2,1,90.8,64.6,0,1,82.5,97.6,Male,Information Technology,Placed
STU_00169,7.05,2,0,0,82.7,71.8,1,1,89.4,82.3,Male,Computer Science,Placed
STU_00170,6.55,0,1,1,84.8,78.3,0,1,77.7,62.5,Male,Electronics,Placed
STU_00171,6.41,0,2,0,62.2,99.2,1,1,76.7,76.3,Male,Mechanical,Placed
STU_00172,6.48,0,0,1,78.2,66.6,1,1,82.7,61.8,Male,Electronics,Placed
STU_00173,7.22,2,4,0,69.9,45.5,0,1,67.8,97.1,Male,Mechanical,Placed
STU_00174,7.64,1,3,0,72.8,69.1,0,1,78.4,64.1,Male,Civil,Placed
STU_00175,7.58,1,2,1,84.4,76.2,1,0,77.0,87.3,Male,Electronics,Placed
STU_00176,8.13,0,3,1,87.6,60.4,0,0,86.8,85.5,Male,Electronics,Placed
STU_00177,7.31,0,3,2,64.2,74.8,0,0,73.4,67.5,Female,Computer Science,Placed
STU_00178,8.75,0,1,1,48.9,73.6,0,1,78.9,78.6,Male,Computer Science,Placed
STU_00179,7.04,2,3,1,67.2,75.1,0,1,76.4,77.8,Male,Information Technology,Placed
STU_00180,10.0,2,1,1,66.7,81.5,0,0,53.1,84.2,Female,Computer Science,Placed
STU_00181,7.93,0,1,0,74.3,71.0,0,1,72.7,76.9,Male,Electronics,Placed
STU_00182,6.44,1,2,0,82.5,78.6,0,1,77.9,67.7,Male,Computer Science,Placed
STU_00183,6.23,0,2,0,41.3,50.4,0,0,69.1,81.2,Male,Civil,Placed
STU_00184,7.78,0,0,0,59.9,60.5,0,1,76.8,81.2,Female,Computer Science,Placed
STU_00185,7.08,2,1,0,55.5,67.9,0,1,91.4,64.8,Male,Mechanical,Placed
STU_00186,8.01,1,2,2,88.8,59.9,1,1,87.6,49.6,Female,Computer Science,Placed
STU_00187,7.77,0,1,2,66.9,72.1,0,1,59.3,81.5,Female,Electronics,Placed
STU_00188,7.23,0,2,2,62.3,67.9,0,1,85.6,79.1,Female,Civil,Placed
STU_00189,6.45,2,2,3,78.1,66.5,1,0,83.6,79.7,Female,Computer Science,Placed
STU_00190,5.79,1,1,1,61.1,82.6,0,1,77.1,89.5,Male,Civil,Not Placed
STU_00191,6.85,1,0,0,69.8,73.0,1,1,54.6,84.6,Female,Mechanical,Placed
STU_00192,8.16,0,2,1,97.2,59.0,1,0,85.8,89.2,Male,Electronics,Placed
STU_00193,7.51,0,2,2,96.8,64.8,0,1,73.7,83.6,Male,Civil,Placed
STU_00194,6.05,3,1,1,63.9,81.0,1,1,80.1,76.6,Female,Civil,Placed
STU_00195,7.47,1,1,1,67.3,74.4,0,0,68.3,61.5,Male,Computer Science,Placed
STU_00196,7.69,0,1,0,60.7,86.4,1,1,70.6,92.0,Male,Civil,Placed
STU_00197,6.42,1,0,1,41.1,82.2,0,1,87.4,72.7,Female,Mechanical,Placed
STU_00198,7.45,1,2,0,85.5,67.3,0,0,94.2,68.3,Female,Electronics,Not Placed
STU_00199,7.36,0,2,0,100.0,89.2,1,1,73.7,82.0,Male,Mechanical,Placed
STU_00200,6.16,0,2,2,63.3,90.2,1,1,93.1,54.8,Female,Computer Science,Placed
STU_00201,7.66,1,3,0,57.7,50.6,0,1,73.7,66.9,Male,Mechanical,Placed
STU_00202,7.86,1,0,3,65.9,72.4,0,1,73.6,68.1,Male,Electronics,Placed
STU_00203,8.38,1,1,0,71.3,65.4,1,1,63.8,67.8,Male,Computer Science,Placed
STU_00204,8.35,2,2,2,53.0,68.9,0,0,83.0,96.3,Female,Electronics,Placed
STU_00205,5.92,0,2,1,63.1,62.2,1,1,76.0,74.1,Female,Civil,Placed
STU_00206,6.36,0,2,1,85.2,60.7,1,1,76.6,68.0,Female,Civil,Not Placed
STU_00207,7.82,3,2,0,71.9,82.8,0,1,74.2,74.5,Female,Computer Science,Not Placed
STU_00208,7.81,0,2,1,89.1,58.0,1,0,68.1,84.4,Female,Electronics,Placed
STU_00209,7.82,1,0,2,75.5,73.1,1,1,84.3,54.0,Female,Computer Science,Placed
STU_00210,10.0,1,2,0,53.7,55.8,0,0,77.4,76.3,Male,Electronics,Placed
STU_00211,7.87,1,2,0,61.4,87.2,0,0,86.1,70.0,Female,Civil,Placed
STU_00212,8.44,0,4,0,73.7,72.4,0,0,68.6,78.0,Female,Computer Science,Placed
STU_00213,8.25,1,2,0,53.2,80.9,0,1,80.4,62.4,Female,Mechanical,Placed
STU_00214,7.95,2,2,0,51.2,74.3,1,1,99.0,73.0,Male,Civil,Placed
STU_00215,6.98,1,2,1,52.1,69.0,0,1,70.9,73.5,Male,Mechanical,Placed
STU_00216,8.06,1,3,0,77.7,72.8,0,1,73.2,61.0,Male,Information Technology,Placed
STU_00217,6.53,0,4,1,64.5,90.1,0,1,73.0,95.5,Female,Computer Science,Placed
STU_00218,7.06,0,2,2,87.7,61.2,0,0,67.6,79.6,Female,Electronics,Placed
STU_00219,6.81,0,2,1,56.6,41.4,0,1,94.6,85.1,Male,Civil,Placed
STU_00220,7.38,0,0,0,33.1,62.6,1,1,55.0,71.1,Female,Civil,Not Placed
STU_00221,9.61,3,2,1,68.0,57.5,0,0,65.8,77.4,Male,Civil,Placed
STU_00222,5.43,1,2,0,94.7,83.6,0,1,82.7,61.8,Female,Computer Science,Placed
STU_00223,7.99,1,2,0,70.5,69.9,1,1,70.7,68.0,Male,Mechanical,Placed
STU_00224,5.69,1,0,0,49.4,81.9,1,1,77.7,65.1,Female,Electronics,Not Placed
STU_00225,6.83,0,2,2,45.6,72.4,0,1,77.7,78.3,Male,Electronics,Placed
STU_00226,8.39,3,1,1,88.0,72.1,0,0,83.0,93.8,Female,Electronics,Placed
STU_00227,7.36,0,2,0,57.9,74.0,0,1,78.8,84.9,Male,Information Technology,Placed
STU_00228,6.22,0,1,1,93.1,89.8,0,0,74.1,94.9,Female,Electronics,Placed
STU_00229,6.58,1,2,0,79.8,74.2,1,0,79.3,83.7,Female,Computer Science,Placed
STU_00230,7.98,2,1,3,58.5,85.3,1,0,76.2,79.6,Male,Information Technology,Placed
STU_00231,6.57,2,0,3,87.5,84.5,0,0,94.9,64.9,Male,Mechanical,Placed
STU_00232,7.52,0,2,0,56.1,70.0,0,0,72.2,78.6,Female,Civil,Placed
STU_00233,7.35,2,0,0,48.3,71.1,0,0,83.6,69.8,Male,Mechanical,Placed
STU_00234,6.65,0,2,1,57.0,67.5,0,1,87.1,84.2,Female,Information Technology,Placed
STU_00235,9.44,0,3,1,81.5,87.4,1,0,64.8,60.0,Female,Information Technology,Placed
STU_00236,7.93,2,4,0,87.1,60.7,1,1,66.9,73.8,Male,Civil,Placed
STU_00237,5.27,2,1,1,64.1,63.3,0,1,97.3,75.2,Female,Mechanical,Placed
STU_00238,7.49,1,3,0,42.0,68.7,0,1,71.2,94.7,Male,Information Technology,Placed
STU_00239,6.64,1,1,1,46.6,58.2,1,1,78.1,63.7,Female,Mechanical,Placed
STU_00240,8.15,2,3,0,54.0,64.9,0,0,76.3,87.8,Male,Computer Science,Placed
STU_00241,6.51,1,2,1,50.6,85.6,1,1,77.6,84.1,Female,Mechanical,Placed
STU_00242,7.19,2,0,1,74.0,79.8,0,1,74.3,72.2,Female,Computer Science,Placed
STU_00243,7.8,1,1,1,99.1,67.0,0,0,79.2,79.5,Female,Information Technology,Placed
STU_00244,8.17,3,1,1,81.9,81.6,1,0,69.9,72.3,Female,Mechanical,Placed
STU_00245,6.1,3,2,1,53.1,97.0,0,0,75.8,75.2,Female,Mechanical,Placed
STU_00246,6.97,0,1,0,59.6,75.8,0,1,58.3,83.3,Female,Information Technology,Placed
STU_00247,6.83,2,2,0,62.5,89.0,0,1,76.8,99.0,Female,Computer Science,Placed
STU_00248,6.65,1,2,0,75.8,82.2,0,1,81.3,85.6,Male,Computer Science,Placed
STU_00249,9.07,0,4,0,93.6,68.5,1,1,87.6,77.7,Male,Electronics,Placed
STU_00250,7.7,1,3,1,63.0,74.4,0,1,89.5,90.7,Male,Mechanical,Placed
STU_00251,6.04,0,1,0,93.1,78.3,0,1,74.2,59.4,Male,Information Technology,Placed
STU_00252,,1,2,0,100.0,63.1,0,0,86.4,70.5,Male,Information Technology,Placed
STU_00253,9.42,2,3,2,64.8,40.7,1,0,66.5,75.7,Male,Information Technology,Placed
STU_00254,8.33,0,3,1,64.4,62.0,0,1,72.8,63.6,Female,Mechanical,Placed
STU_00255,5.78,0,0,1,64.6,46.1,0,1,94.2,69.0,Male,Civil,Placed
STU_00256,6.82,2,1,0,70.9,63.0,0,1,79.8,56.8,Female,Information Technology,Not Placed
STU_00257,8.57,0,1,0,64.6,51.5,0,1,80.3,60.9,Male,Information Technology,Placed
STU_00258,6.59,0,1,1,83.3,82.6,0,0,76.2,72.3,Female,Civil,Placed
STU_00259,7.74,0,1,2,46.8,57.8,0,0,96.7,64.7,Male,Information Technology,Placed
STU_00260,8.07,1,2,0,62.0,78.5,1,1,83.3,79.6,Female,Mechanical,Placed
STU_00261,6.37,1,2,1,74.9,81.2,0,1,92.8,77.9,Female,Civil,Placed
STU_00262,7.24,2,2,3,83.1,80.4,0,0,72.1,78.9,Male,Electronics,Placed
STU_00263,5.0,1,2,1,100.0,49.6,0,1,68.3,69.5,Female,Civil,Placed
STU_00264,6.28,2,0,1,50.7,85.5,1,1,70.3,86.9,Male,Computer Science,Placed
STU_00265,7.05,1,3,1,60.2,77.0,1,1,84.3,80.5,Male,Electronics,Placed
STU_00266,6.05,0,3,2,36.0,81.7,1,1,94.5,77.5,Male,Information Technology,Placed
STU_00267,8.93,1,2,1,53.4,94.0,1,0,85.5,77.6,Female,Information Technology,Placed
STU_00268,5.87,1,3,2,43.5,81.5,0,1,86.8,72.7,Male,Mechanical,Placed
STU_00269,6.86,1,0,1,62.2,57.8,0,1,79.7,89.5,Male,Information Technology,Placed
STU_00270,7.43,0,2,2,66.6,79.8,1,1,65.3,87.6,Male,Computer Science,Placed
STU_00271,8.74,0,0,3,77.0,54.0,1,1,98.2,71.0,Female,Electronics,Placed
STU_00272,5.86,0,1,1,65.5,71.2,0,1,84.6,76.8,Female,Mechanical,Placed
STU_00273,8.46,0,1,1,77.0,66.0,0,1,83.2,70.6,Male,Computer Science,Placed
STU_00274,7.31,1,2,1,71.7,72.1,1,1,86.7,99.0,Female,Electronics,Placed
STU_00275,6.32,0,1,2,54.5,53.9,1,1,60.9,72.2,Female,Mechanical,Placed
STU_00276,7.76,1,2,2,44.7,55.3,0,1,73.0,88.1,Female,Civil,Placed
STU_00277,7.5,0,1,0,78.8,66.6,0,1,84.2,99.0,Male,Information Technology,Not Placed
STU_00278,6.7,0,3,1,94.7,69.3,1,1,76.6,78.5,Female,Information Technology,Placed
STU_00279,7.37,1,2,2,100.0,66.9,0,1,77.2,55.8,Female,Computer Science,Placed
STU_00280,6.91,0,1,1,84.0,89.4,1,1,90.8,91.6,Female,Information Technology,Placed
STU_00281,7.41,2,1,1,91.9,77.1,0,1,79.2,69.4,Male,Mechanical,Placed
STU_00282,7.96,0,3,0,76.9,76.8,1,0,99.0,67.4,Male,Electronics,Placed
STU_00283,8.89,0,1,1,74.5,67.4,0,1,77.6,94.6,Male,Electronics,Placed
STU_00284,6.06,2,2,2,71.7,55.3,1,1,86.0,60.7,Male,Electronics,Placed
STU_00285,9.43,1,2,2,68.4,72.0,0,1,82.8,90.8,Female,Electronics,Placed
STU_00286,5.35,0,1,0,79.1,93.7,0,1,72.3,72.5,Female,Electronics,Placed
STU_00287,7.15,0,1,1,62.2,74.7,0,1,67.7,54.6,Female,Information Technology,Placed
STU_00288,7.89,1,2,2,67.8,85.4,1,0,78.4,84.7,Male,Electronics,Placed
STU_00289,7.58,3,1,2,52.3,86.9,0,1,97.2,50.2,Male,Computer Science,Placed
STU_00290,6.68,2,1,1,77.1,78.7,1,1,74.1,74.5,Female,Information Technology,Placed
STU_00291,7.09,0,0,0,55.6,74.6,0,1,83.2,57.0,Male,Electronics,Placed
STU_00292,6.81,3,1,1,70.5,60.1,1,1,75.4,71.4,Female,Mechanical,Placed
STU_00293,6.71,0,1,2,77.5,69.5,0,1,80.2,82.7,Female,Civil,Not Placed
STU_00294,8.15,0,4,1,78.8,67.7,1,0,89.4,79.6,Male,Electronics,Placed
STU_00295,7.66,2,2,2,81.6,76.0,1,0,79.1,77.3,Male,Electronics,Placed
STU_00296,6.61,0,2,1,66.8,55.0,0,1,71.8,86.1,Male,Information Technology,Placed
STU_00297,8.2,0,0,3,77.3,65.6,0,1,94.1,75.0,Male,Information Technology,Placed
STU_00298,7.61,0,0,2,62.7,76.8,1,0,72.0,72.6,Male,Civil,Placed
STU_00299,8.11,0,3,1,40.4,63.6,0,1,84.8,78.1,Male,Computer Science,Placed
STU_00300,7.93,1,2,2,78.0,61.0,1,1,63.1,67.7,Male,Computer Science,Placed
STU_00301,6.47,1,1,2,74.5,62.5,0,1,90.8,84.5,Female,Computer Science,Placed
STU_00302,6.74,0,1,2,85.2,68.7,1,0,99.0,75.8,Male,Electronics,Placed
STU_00303,8.05,1,2,1,69.6,43.4,1,1,77.7,82.9,Female,Information Technology,Placed
STU_00304,7.91,2,3,1,46.0,63.0,1,1,67.7,73.0,Female,Electronics,Placed
STU_00305,7.28,2,0,0,68.6,83.4,1,1,85.7,80.5,Male,Information Technology,Placed
STU_00306,7.42,0,2,0,83.3,75.9,0,1,78.9,82.3,Female,Civil,Not Placed
STU_00307,8.58,3,2,1,77.1,77.0,0,1,99.0,52.8,Male,Computer Science,Placed
STU_00308,6.71,1,4,1,67.8,50.1,0,1,72.0,58.9,Male,Computer Science,Placed
STU_00309,7.85,0,3,0,45.0,67.0,0,1,64.6,68.9,Male,Information Technology,Placed
STU_00310,7.1,0,1,2,54.6,70.6,0,0,81.0,73.6,Male,Mechanical,Placed
STU_00311,7.08,0,2,1,77.2,77.6,0,1,83.8,89.0,Male,Information Technology,Placed
STU_00312,8.4,1,2,1,45.0,85.3,1,1,70.3,80.0,Female,Information Technology,Placed
STU_00313,8.13,0,2,1,65.2,83.5,0,0,87.6,80.8,Male,Mechanical,Placed
STU_00314,8.11,1,3,0,70.6,65.0,0,1,78.6,92.0,Male,Information Technology,Placed
STU_00315,8.61,0,3,2,87.2,65.3,0,1,75.3,90.1,Male,Computer Science,Placed
STU_00316,7.32,2,0,0,79.2,88.9,1,0,83.4,63.9,Female,Electronics,Placed
STU_00317,7.98,0,0,1,84.4,67.7,0,1,75.1,88.6,Male,Information Technology,Placed
STU_00318,6.99,2,2,1,74.5,59.0,0,1,70.6,76.2,Male,Mechanical,Placed
STU_00319,7.62,2,1,1,57.3,69.5,0,0,61.9,69.3,Male,Computer Science,Placed
STU_00320,7.17,0,0,1,60.8,88.2,0,1,71.8,71.8,Male,Computer Science,Placed
STU_00321,7.4,1,1,0,56.0,61.1,1,0,99.0,68.1,Female,Computer Science,Placed
STU_00322,,0,3,0,78.9,66.9,1,1,78.4,76.6,Female,Civil,Placed
STU_00323,6.48,2,0,1,59.6,61.6,1,1,67.8,74.1,Female,Electronics,Placed
STU_00324,9.39,1,2,2,64.1,83.5,1,1,90.7,88.6,Male,Mechanical,Placed
STU_00325,6.29,0,0,1,70.3,75.5,1,0,77.5,96.3,Male,Civil,Placed
STU_00326,6.09,0,0,0,94.6,83.1,0,1,80.9,70.5,Male,Mechanical,Placed
STU_00327,8.46,0,1,0,79.9,90.8,0,0,80.7,60.7,Female,Electronics,Placed
STU_00328,8.09,2,0,1,58.4,53.9,0,1,92.9,82.3,Male,Information Technology,Placed
STU_00329,7.92,1,3,1,72.3,62.9,0,1,64.7,85.4,Male,Mechanical,Placed
STU_00330,7.93,2,3,0,94.8,66.8,1,1,92.6,79.2,Male,Civil,Placed
STU_00331,7.29,0,2,1,79.2,72.8,0,1,85.5,58.1,Female,Mechanical,Placed
STU_00332,6.4,0,1,0,46.0,78.1,1,1,78.8,66.3,Male,Electronics,Placed
STU_00333,7.38,3,2,1,56.3,66.1,0,1,69.5,76.6,Female,Mechanical,Placed
STU_00334,6.62,0,1,0,55.1,63.7,0,1,75.5,68.2,Male,Information Technology,Placed
STU_00335,8.28,2,1,2,91.6,83.5,1,1,78.4,64.0,Male,Electronics,Placed
STU_00336,7.15,0,2,0,88.8,78.6,1,0,96.1,98.6,Male,Computer Science,Placed
STU_00337,6.47,0,2,1,60.6,75.8,0,1,92.4,64.0,Male,Civil,Placed
STU_00338,6.98,1,0,3,60.3,46.3,0,1,74.1,88.3,Male,Information Technology,Placed
STU_00339,7.71,3,1,0,70.7,86.5,0,1,98.1,79.5,Male,Civil,Placed
STU_00340,6.74,3,3,1,71.1,74.2,0,1,87.5,81.7,Female,Information Technology,Placed
STU_00341,6.48,0,1,0,55.6,70.1,0,1,82.7,87.5,Male,Computer Science,Placed
STU_00342,7.54,0,3,0,66.3,62.2,0,1,75.2,67.4,Female,Computer Science,Placed
STU_00343,7.54,1,4,1,48.2,64.4,0,1,72.2,71.7,Female,Computer Science,Placed
STU_00344,6.79,1,2,2,89.1,61.3,0,1,83.4,80.2,Female,Information Technology,Placed
STU_00345,6.83,1,1,1,43.6,48.0,0,1,81.8,54.7,Female,Civil,Placed
STU_00346,7.53,0,2,1,43.4,62.2,1,1,74.1,93.1,Female,Mechanical,Placed
STU_00347,5.85,3,1,1,76.5,52.8,1,1,89.1,76.3,Male,Civil,Placed
STU_00348,5.89,1,1,1,51.4,71.3,0,1,79.6,64.6,Female,Mechanical,Placed
STU_00349,6.58,2,2,1,62.5,58.2,0,0,82.2,87.0,Male,Information Technology,Placed
STU_00350,7.09,1,1,0,70.9,80.8,0,0,88.7,76.0,Male,Information Technology,Placed
STU_00351,7.61,0,1,0,80.1,52.0,0,1,86.3,67.1,Female,Electronics,Placed
STU_00352,8.78,3,2,1,66.7,86.3,0,1,61.8,85.4,Female,Mechanical,Placed
STU_00353,8.16,1,2,2,96.7,82.0,0,1,85.6,49.4,Male,Civil,Placed
STU_00354,7.14,2,0,0,70.0,59.2,0,0,78.3,79.6,Female,Mechanical,Placed
STU_00355,7.28,3,1,1,87.9,70.9,1,1,73.5,89.4,Male,Computer Science,Placed
STU_00356,6.3,1,1,0,74.2,61.7,1,1,78.5,65.8,Male,Information Technology,Placed
STU_00357,7.28,1,1,0,100.0,78.9,1,1,74.9,60.9,Male,Computer Science,Placed
STU_00358,7.01,0,2,1,85.9,93.6,1,0,79.3,79.7,Female,Computer Science,Placed
STU_00359,7.62,0,2,2,70.7,86.2,1,0,77.8,67.6,Male,Computer Science,Placed
STU_00360,6.47,0,2,1,79.4,63.7,1,1,84.9,99.0,Male,Mechanical,Placed
STU_00361,7.82,0,0,0,66.1,73.4,1,1,62.7,69.2,Male,Information Technology,Placed
STU_00362,8.83,0,0,2,65.9,90.3,0,1,79.8,72.9,Male,Civil,Placed
STU_00363,7.19,0,1,0,50.4,78.3,1,1,77.7,80.7,Male,Civil,Placed
STU_00364,7.7,0,1,1,57.9,84.1,0,0,99.0,55.0,Male,Information Technology,Placed
STU_00365,7.99,0,0,1,100.0,79.8,0,0,58.4,75.7,Female,Computer Science,Placed
STU_00366,6.9,0,1,1,51.9,72.9,0,1,87.2,87.3,Male,Mechanical,Placed
STU_00367,7.52,0,0,2,60.2,71.2,0,1,82.3,74.1,Female,Civil,Placed
STU_00368,7.31,1,2,1,68.6,57.5,1,1,85.7,62.4,Male,Information Technology,Placed
STU_00369,7.4,1,2,0,69.1,62.8,1,1,73.5,70.2,Male,Mechanical,Placed
STU_00370,6.53,0,2,0,75.8,61.2,1,0,81.2,53.9,Male,Information Technology,Not Placed
STU_00371,7.32,1,0,0,63.0,67.8,0,1,79.5,71.8,Male,Information Technology,Placed
STU_00372,7.8,2,3,0,76.7,73.2,1,1,99.0,87.2,Male,Civil,Placed
STU_00373,8.75,0,4,2,87.1,70.7,1,1,74.9,68.1,Male,Mechanical,Placed
STU_00374,8.26,1,1,0,89.0,74.6,0,1,70.1,82.7,Male,Civil,Placed
STU_00375,9.45,3,2,1,66.0,80.0,0,1,98.0,58.7,Male,Electronics,Placed
STU_00376,6.53,2,3,1,79.2,67.0,0,1,81.4,95.7,Male,Information Technology,Placed
STU_00377,8.17,0,2,2,52.8,80.9,0,0,83.1,87.4,Female,Electronics,Placed
STU_00378,7.48,1,1,1,59.2,85.7,0,1,89.3,69.6,Female,Information Technology,Placed
STU_00379,9.49,0,2,1,52.4,77.0,0,1,78.8,60.4,Female,Computer Science,Placed
STU_00380,6.49,1,2,0,69.3,65.5,0,0,73.8,69.4,Male,Computer Science,Placed
STU_00381,6.46,3,1,1,57.1,83.4,1,1,79.3,78.1,Female,Electronics,Placed
STU_00382,6.7,1,3,0,47.2,77.8,1,1,69.6,86.9,Female,Electronics,Placed
STU_00383,5.18,2,2,2,64.2,79.4,0,0,63.5,51.8,Female,Computer Science,Placed
STU_00384,6.77,0,1,0,44.1,90.4,1,0,69.6,88.3,Female,Civil,Placed
STU_00385,6.54,3,2,0,89.9,80.5,0,0,54.4,77.8,Male,Electronics,Placed
STU_00386,7.45,1,2,1,61.6,90.9,0,1,74.4,62.2,Female,Civil,Placed
STU_00387,7.64,0,0,2,84.8,70.2,1,1,73.0,48.0,Female,Computer Science,Placed
STU_00388,9.18,1,1,1,62.6,66.8,0,1,84.0,76.5,Male,Computer Science,Placed
STU_00389,8.25,0,3,0,52.1,85.8,0,1,79.3,77.4,Female,Computer Science,Placed
STU_00390,6.72,0,2,0,87.6,60.2,1,0,76.6,68.2,Male,Mechanical,Not Placed
STU_00391,6.4,2,1,0,71.3,94.7,1,0,89.8,85.0,Male,Electronics,Not Placed
STU_00392,7.79,0,0,1,98.3,87.6,0,1,73.8,97.4,Male,Computer Science,Placed
STU_00393,5.98,1,2,1,63.0,73.1,1,1,66.9,70.6,Male,Computer Science,Not Placed
STU_00394,9.13,0,2,1,63.3,86.4,1,1,52.7,66.8,Male,Mechanical,Placed
STU_00395,8.48,0,1,1,85.1,79.9,1,1,78.2,93.9,Female,Computer Science,Placed
STU_00396,6.83,3,2,1,85.2,56.5,1,0,77.5,72.6,Male,Computer Science,Placed
STU_00397,5.59,0,0,2,72.3,62.2,0,1,90.7,82.3,Male,Civil,Placed
STU_00398,8.65,1,0,0,100.0,75.4,0,1,69.3,68.3,Male,Information Technology,Placed
STU_00399,7.19,1,2,1,65.8,73.9,0,1,85.5,87.5,Male,Information Technology,Placed
STU_00400,8.54,1,0,1,51.0,87.7,1,0,53.2,61.3,Male,Computer Science,Placed
STU_00401,5.71,2,3,0,55.0,75.6,1,1,65.0,76.6,Male,Information Technology,Placed
STU_00402,6.7,1,0,1,65.9,56.8,1,0,81.8,78.3,Male,Electronics,Placed
STU_00403,7.31,0,2,0,92.8,65.5,0,1,84.9,73.0,Male,Information Technology,Placed
STU_00404,7.35,2,1,0,67.2,80.9,1,1,61.4,68.0,Male,Electronics,Placed
STU_00405,6.85,0,1,1,93.5,50.1,1,1,70.1,94.7,Male,Civil,Placed
STU_00406,7.92,1,2,0,76.5,55.1,0,1,78.5,83.9,Female,Mechanical,Placed
STU_00407,6.23,3,2,0,86.3,67.5,1,1,77.0,65.5,Male,Civil,Placed
STU_00408,7.16,1,2,1,75.8,83.1,1,0,83.5,54.3,Male,Information Technology,Placed
STU_00409,7.42,2,2,1,75.7,69.4,1,1,87.1,91.3,Male,Mechanical,Placed
STU_00410,7.81,1,2,0,81.3,77.5,0,1,65.2,64.8,Female,Civil,Placed
STU_00411,8.01,2,2,0,61.5,72.1,0,1,82.4,75.7,Male,Electronics,Placed
STU_00412,6.18,2,2,1,61.7,70.3,1,0,70.8,76.0,Female,Information Technology,Placed
STU_00413,5.77,0,2,1,75.2,64.2,1,1,81.4,78.1,Male,Electronics,Placed
STU_00414,8.58,0,2,2,99.1,82.1,0,1,73.3,56.4,Female,Information Technology,Placed
STU_00415,7.63,1,3,0,46.9,56.9,0,1,88.8,71.2,Female,Civil,Placed
STU_00416,6.55,1,1,0,39.6,69.2,1,0,83.9,74.8,Female,Computer Science,Placed
STU_00417,8.85,0,2,0,66.0,85.8,0,1,68.1,74.4,Male,Civil,Not Placed
STU_00418,7.42,0,0,1,85.5,62.8,1,0,61.2,82.9,Male,Information Technology,Placed
STU_00419,8.48,0,1,1,70.8,53.3,0,1,89.9,76.8,Female,Electronics,Placed
STU_00420,7.37,3,1,1,52.5,46.6,0,0,70.9,79.9,Male,Information Technology,Not Placed
STU_00421,9.36,1,3,2,71.2,80.0,0,1,72.0,68.4,Female,Electronics,Placed
STU_00422,9.06,0,2,1,44.0,80.8,0,1,85.4,93.8,Male,Mechanical,Placed
STU_00423,7.05,0,2,3,79.4,67.9,1,0,67.8,71.8,Female,Civil,Placed
STU_00424,8.27,0,0,0,65.4,56.7,0,0,80.0,78.6,Female,Information Technology,Not Placed
STU_00425,7.95,0,2,0,68.8,70.2,0,1,78.2,76.3,Male,Computer Science,Placed
STU_00426,8.67,0,3,0,76.4,86.1,0,1,77.2,80.0,Female,Information Technology,Placed
STU_00427,6.34,2,1,0,73.1,56.8,0,1,90.0,88.2,Male,Computer Science,Placed
STU_00428,7.99,3,0,2,61.9,84.7,0,0,82.7,65.8,Female,Computer Science,Placed
STU_00429,8.36,0,1,0,85.5,51.7,0,1,87.8,84.1,Female,Information Technology,Placed
STU_00430,5.54,0,2,1,82.0,58.4,0,1,75.5,83.1,Male,Information Technology,Placed
STU_00431,6.12,0,2,0,43.4,73.3,0,1,70.8,76.9,Male,Information Technology,Placed
STU_00432,5.26,1,2,0,66.5,83.4,0,1,88.4,77.5,Female,Information Technology,Placed
STU_00433,7.03,0,2,0,53.8,89.7,1,1,72.3,62.3,Male,Information Technology,Placed
STU_00434,8.02,0,1,0,51.0,83.9,0,0,79.2,71.3,Female,Civil,Placed
STU_00435,8.8,0,2,1,78.0,90.6,0,1,82.2,54.0,Female,Computer Science,Placed
STU_00436,7.37,1,1,3,63.7,74.2,0,0,70.3,71.6,Male,Civil,Placed
STU_00437,8.93,1,1,1,67.9,64.5,1,1,70.3,74.3,Male,Computer Science,Placed
STU_00438,5.92,1,2,1,60.0,86.2,0,1,75.3,59.6,Male,Mechanical,Placed
STU_00439,5.6,0,3,0,75.6,88.4,1,0,85.4,78.3,Male,Civil,Placed
STU_00440,,2,2,2,80.2,83.2,0,1,81.5,88.3,Female,Civil,Placed
STU_00441,7.68,3,2,0,100.0,79.4,0,1,64.5,77.4,Female,Electronics,Placed
STU_00442,7.27,0,1,2,67.3,88.7,1,1,97.5,74.9,Male,Computer Science,Not Placed
STU_00443,5.23,0,0,1,48.3,76.1,0,0,81.8,69.2,Female,Information Technology,Not Placed
STU_00444,7.21,1,1,0,62.4,71.8,1,1,73.8,79.1,Male,Electronics,Placed
STU_00445,6.0,0,3,1,82.7,80.7,0,0,76.5,63.8,Female,Computer Science,Placed
STU_00446,7.97,0,3,3,58.4,77.7,0,1,75.6,48.5,Male,Mechanical,Placed
STU_00447,7.67,1,4,0,47.8,82.6,0,0,74.3,92.4,Male,Civil,Placed
STU_00448,6.36,1,0,0,58.7,70.4,0,1,89.7,85.6,Male,Information Technology,Placed
STU_00449,6.79,0,2,0,62.0,82.9,0,0,99.0,62.9,Male,Civil,Placed
STU_00450,6.24,1,2,1,53.8,82.3,1,1,72.9,59.1,Female,Information Technology,Placed
STU_00451,7.24,3,2,0,73.3,74.6,1,0,73.4,76.2,Female,Computer Science,Placed
STU_00452,8.26,0,2,2,68.8,63.0,0,1,77.1,75.7,Male,Electronics,Placed
STU_00453,6.31,1,2,2,81.8,86.9,0,0,64.2,84.0,Female,Electronics,Placed
STU_00454,7.8,0,1,2,63.3,57.5,0,0,83.3,71.3,Male,Mechanical,Not Placed
STU_00455,6.77,0,1,0,78.4,60.5,0,1,79.9,87.7,Female,Information Technology,Placed
STU_00456,6.51,1,1,1,62.6,74.0,1,1,79.5,72.6,Male,Civil,Placed
STU_00457,7.19,0,0,0,53.1,41.9,1,1,59.5,88.3,Female,Civil,Placed
STU_00458,6.26,0,1,1,61.9,90.5,1,1,55.4,73.0,Female,Mechanical,Placed
STU_00459,6.75,0,0,2,45.7,72.2,0,1,74.3,65.5,Male,Information Technology,Not Placed
STU_00460,6.1,1,1,1,96.8,90.5,0,0,84.6,70.9,Female,Mechanical,Placed
STU_00461,9.26,1,2,2,72.1,93.6,1,1,60.2,82.2,Male,Mechanical,Placed
STU_00462,7.34,0,3,2,58.1,70.1,0,0,87.0,78.9,Female,Civil,Placed
STU_00463,6.6,1,3,0,64.3,88.2,1,1,75.0,75.6,Male,Electronics,Placed
STU_00464,7.51,0,1,1,33.2,59.3,0,0,69.7,63.5,Female,,Placed
STU_00465,7.19,1,0,0,91.5,77.2,0,1,78.8,74.3,Female,Computer Science,Placed
STU_00466,7.08,0,1,0,90.0,66.3,1,1,65.0,67.8,Female,Computer Science,Placed
STU_00467,7.91,1,4,0,,80.4,0,1,52.6,67.5,Female,Electronics,Placed
STU_00468,8.06,3,2,2,74.8,82.6,0,1,90.1,85.9,Male,Information Technology,Placed
STU_00469,6.77,2,1,1,51.0,70.1,1,1,77.5,66.6,Male,Civil,Placed
STU_00470,6.72,0,3,1,52.1,78.5,0,1,70.8,65.9,Male,Mechanical,Placed
STU_00471,7.02,2,1,1,44.5,83.3,0,1,72.2,78.5,Female,Computer Science,Placed
STU_00472,5.0,0,3,2,67.6,74.3,0,1,70.3,64.9,Male,Civil,Placed
STU_00473,5.78,3,1,1,85.9,100.0,1,1,74.5,68.9,Male,Mechanical,Placed
STU_00474,8.67,0,1,0,64.3,70.4,0,1,76.9,96.2,Female,Mechanical,Placed
STU_00475,8.94,0,2,1,75.2,91.9,0,1,84.9,73.2,Female,Mechanical,Placed
STU_00476,7.05,0,3,1,84.7,85.7,0,0,71.0,82.4,Female,Computer Science,Placed
STU_00477,7.88,0,3,1,45.6,49.7,1,1,67.4,99.0,Male,Electronics,Placed
STU_00478,7.61,1,2,0,97.7,89.9,1,1,72.6,77.2,Female,Computer Science,Placed
STU_00479,10.0,2,1,0,87.4,84.9,1,1,99.0,80.8,Female,Information Technology,Placed
STU_00480,8.42,1,1,2,77.7,73.4,1,0,79.6,78.4,Male,Information Technology,Placed
STU_00481,7.17,1,4,0,83.9,76.4,1,0,82.0,71.4,Male,Mechanical,Placed
STU_00482,6.34,1,2,1,84.6,77.9,1,1,75.5,76.4,Male,Electronics,Placed
STU_00483,5.69,0,2,0,74.4,88.5,0,1,95.3,73.0,Male,Civil,Placed
STU_00484,7.5,0,1,0,91.4,67.0,0,1,86.6,65.0,Male,Electronics,Not Placed
STU_00485,6.54,0,2,0,63.2,91.0,1,0,67.6,84.2,Female,Mechanical,Not Placed
STU_00486,5.88,0,1,1,76.9,59.0,1,1,79.6,55.1,Male,Information Technology,Placed
STU_00487,6.65,0,2,2,89.8,50.9,1,1,74.1,75.1,Male,Electronics,Placed
STU_00488,6.22,0,3,0,29.6,79.1,0,1,82.1,71.9,Male,Information Technology,Placed
STU_00489,8.99,0,2,0,76.6,87.1,1,0,88.0,63.6,Male,Mechanical,Placed
STU_00490,8.18,0,2,1,80.9,69.8,1,0,65.8,81.9,Male,Electronics,Placed
STU_00491,7.29,2,1,0,44.4,44.8,1,0,81.6,63.8,Male,Mechanical,Not Placed
STU_00492,8.78,0,1,2,74.2,54.1,1,1,69.9,70.5,Male,Electronics,Not Placed
STU_00493,7.38,1,3,0,58.1,77.2,1,1,92.2,83.0,Male,Computer Science,Placed
STU_00494,6.44,1,1,1,76.0,71.9,0,1,87.7,53.8,Female,Information Technology,Placed
STU_00495,8.82,1,3,1,68.6,87.4,0,1,58.1,86.9,Female,Mechanical,Placed
STU_00496,7.84,0,2,2,55.8,72.9,1,1,66.7,74.6,Male,Civil,Placed
STU_00497,6.26,0,2,1,86.6,63.1,0,1,64.6,71.6,Male,Information Technology,Placed
STU_00498,7.11,0,3,0,63.7,75.7,1,1,77.4,59.8,Female,Information Technology,Placed
STU_00499,6.42,0,2,0,74.0,84.2,0,1,81.0,76.0,Female,Mechanical,Placed
STU_00500,5.92,0,3,2,89.7,88.2,1,0,85.9,75.3,Male,Information Technology,Placed
STU_00501,8.23,1,1,2,56.2,70.7,0,1,75.5,81.0,Male,Mechanical,Placed
STU_00502,9.21,1,2,0,70.1,72.8,1,1,75.2,69.8,Male,Computer Science,Placed
STU_00503,5.9,1,2,2,62.6,81.4,0,1,80.8,64.3,Female,Information Technology,Placed
STU_00504,7.86,0,1,1,65.9,63.0,0,0,99.0,78.5,Female,Civil,Placed
STU_00505,6.65,0,2,1,100.0,80.8,1,0,62.9,68.6,Male,Mechanical,Placed
STU_00506,6.81,2,2,0,76.9,69.2,0,1,59.2,80.5,Male,Computer Science,Placed
STU_00507,6.71,0,3,2,74.7,71.1,1,1,72.6,63.7,Male,Computer Science,Placed
STU_00508,6.44,1,1,0,77.9,72.0,0,0,70.8,83.7,Male,Electronics,Placed
STU_00509,7.35,1,2,1,76.5,73.6,1,1,70.6,91.4,Female,Mechanical,Placed
STU_00510,6.47,0,1,0,42.6,95.0,0,1,77.9,73.2,Male,Mechanical,Placed
STU_00511,7.57,0,2,2,100.0,66.4,0,1,66.3,89.8,Male,Mechanical,Placed
STU_00512,7.25,1,2,0,48.0,67.0,1,1,72.0,83.3,Male,Electronics,Placed
STU_00513,7.06,0,2,0,96.0,89.4,0,1,75.1,78.7,Female,Computer Science,Placed
STU_00514,6.39,0,1,0,79.3,77.3,1,1,75.3,74.9,Male,Civil,Not Placed
STU_00515,6.72,0,1,0,72.7,81.2,0,1,76.6,69.0,Male,Electronics,Placed
STU_00516,8.06,0,1,1,65.4,59.6,0,1,76.5,88.2,Female,Mechanical,Placed
STU_00517,7.8,1,0,0,100.0,75.0,0,1,69.9,86.0,Male,Mechanical,Placed
STU_00518,6.32,2,2,3,79.1,81.7,0,1,75.4,63.5,Male,Mechanical,Placed
STU_00519,7.4,0,3,1,70.3,63.9,1,1,77.9,76.3,Male,Civil,Placed
STU_00520,8.05,2,0,1,62.0,79.5,0,1,87.6,66.0,Male,Mechanical,Placed
STU_00521,5.63,3,0,0,60.2,69.5,0,1,63.2,80.2,Female,Electronics,Placed
STU_00522,7.84,3,2,1,70.8,64.3,0,1,78.2,83.2,Male,Mechanical,Placed
STU_00523,6.64,2,2,0,56.0,84.2,1,0,79.6,57.8,Male,Computer Science,Placed
STU_00524,7.87,0,1,2,80.2,85.7,1,1,79.8,74.1,Male,Computer Science,Placed
STU_00525,6.54,0,1,0,60.3,73.5,0,0,80.3,79.7,Female,Computer Science,Placed
STU_00526,5.5,1,1,2,85.1,77.4,0,1,64.9,76.0,Male,Mechanical,Placed
STU_00527,5.67,1,1,0,84.7,87.9,1,0,79.6,94.6,Male,Electronics,Not Placed
STU_00528,7.35,2,1,3,69.2,67.3,0,0,79.1,57.7,Female,Computer Science,Placed
STU_00529,7.56,3,1,0,78.7,76.2,0,1,83.5,89.9,Male,Computer Science,Placed
STU_00530,6.4,1,2,0,79.5,67.4,0,0,76.3,65.3,Female,Information Technology,Placed
STU_00531,7.94,0,2,1,48.1,59.8,0,0,72.6,51.4,Male,Civil,Placed
STU_00532,5.64,0,0,3,96.0,67.3,1,1,88.0,78.5,Female,Mechanical,Placed
STU_00533,7.23,0,2,1,66.2,58.5,0,1,65.8,73.6,Female,Mechanical,Placed
STU_00534,6.09,1,2,0,80.4,77.1,0,1,64.3,76.0,Male,Mechanical,Placed
STU_00535,6.65,1,3,1,80.9,62.7,0,1,65.6,80.7,Male,Computer Science,Placed
STU_00536,7.35,2,1,2,32.7,55.2,0,1,81.5,81.0,Female,Electronics,Not Placed
STU_00537,6.44,1,2,0,60.1,80.9,1,1,70.8,69.2,Male,Computer Science,Placed
STU_00538,6.92,2,2,0,82.6,80.1,0,0,76.9,83.9,Male,Electronics,Placed
STU_00539,8.31,1,1,2,70.9,68.0,1,1,91.9,52.8,Male,,Placed
STU_00540,6.72,2,3,2,80.3,80.4,0,1,66.2,74.0,Male,Information Technology,Placed
STU_00541,8.14,0,2,1,71.4,62.3,1,1,61.0,87.4,Male,Electronics,Placed
STU_00542,6.17,2,2,3,88.4,67.5,0,1,86.3,78.1,Male,Civil,Placed
STU_00543,7.83,1,0,0,71.7,76.9,0,0,69.7,75.5,Male,Information Technology,Placed
STU_00544,8.74,0,1,1,91.4,84.4,1,1,66.3,71.2,Male,Electronics,Placed
STU_00545,5.0,0,2,1,55.3,67.4,0,1,76.9,78.8,Male,Computer Science,Placed
STU_00546,6.5,2,1,1,68.1,64.8,1,1,76.1,71.9,Male,Civil,Placed
STU_00547,7.88,0,2,2,61.1,83.8,0,1,69.3,81.9,Female,Information Technology,Placed
STU_00548,7.1,1,1,2,75.8,79.4,0,0,83.6,69.3,Male,Electronics,Placed
STU_00549,7.67,0,2,0,65.8,73.8,0,1,70.2,91.8,Male,Mechanical,Placed
STU_00550,6.7,1,2,0,66.6,86.2,1,1,69.8,81.0,Male,Civil,Placed
STU_00551,7.39,2,0,0,59.4,95.4,1,0,59.3,94.9,Male,Information Technology,Placed
STU_00552,7.14,0,2,1,63.1,76.4,1,0,53.5,70.7,Male,Electronics,Placed
STU_00553,8.47,0,1,0,69.8,64.9,0,1,80.4,88.5,Male,Electronics,Placed
STU_00554,7.55,3,1,2,39.7,78.0,1,1,64.8,61.1,Female,Information Technology,Placed
STU_00555,7.64,1,0,0,35.5,62.2,0,0,76.5,82.9,Female,Civil,Placed
STU_00556,6.89,2,1,0,70.9,86.9,0,1,97.3,73.7,Male,Computer Science,Placed
STU_00557,6.81,0,1,1,28.5,63.6,0,1,82.7,76.3,Male,Information Technology,Placed
STU_00558,6.87,0,3,1,67.1,69.7,1,1,78.3,83.0,Male,Computer Science,Placed
STU_00559,7.69,0,1,0,64.3,61.9,0,0,82.2,83.2,Male,Electronics,Placed
STU_00560,6.88,1,0,1,78.1,74.2,0,1,99.0,84.2,Female,Electronics,Placed
STU_00561,7.59,0,0,1,59.9,74.6,0,0,59.1,78.9,Female,Civil,Placed
STU_00562,9.38,0,0,0,93.5,80.9,1,0,76.6,81.0,Male,Computer Science,Placed
STU_00563,8.17,0,2,0,82.7,73.4,1,0,92.7,72.6,Male,Information Technology,Placed
STU_00564,6.97,0,1,1,47.3,72.6,0,1,81.1,67.9,Female,Electronics,Placed
STU_00565,8.5,2,2,0,65.7,65.1,1,0,90.0,76.8,Male,Mechanical,Placed
STU_00566,6.89,0,1,2,92.9,68.6,1,1,71.7,51.4,Male,Information Technology,Placed
STU_00567,5.26,1,3,1,59.5,55.3,0,1,65.5,79.6,Female,Civil,Placed
STU_00568,6.29,2,1,0,69.2,88.7,1,1,97.1,84.6,Male,Mechanical,Placed
STU_00569,5.43,0,2,0,91.1,70.9,0,1,78.8,81.8,Male,Electronics,Placed
STU_00570,6.95,1,2,0,61.9,91.7,0,1,86.3,68.3,Male,Electronics,Placed
STU_00571,7.32,3,1,1,86.8,70.5,0,0,86.9,52.5,Female,Information Technology,Placed
STU_00572,8.98,3,2,1,56.4,49.2,1,0,90.8,82.2,Female,Civil,Placed
STU_00573,7.63,0,2,2,26.7,66.6,0,1,80.9,66.3,Male,Electronics,Placed
STU_00574,7.08,0,1,0,88.4,72.0,0,1,81.4,60.8,Male,Electronics,Placed
STU_00575,8.13,0,2,0,76.6,72.8,0,0,83.0,85.4,Female,Mechanical,Placed
STU_00576,5.09,1,4,0,77.6,80.1,1,0,71.6,60.1,Female,Electronics,Placed
STU_00577,,1,2,0,53.6,74.1,1,1,88.5,73.1,Male,Electronics,Placed
STU_00578,8.07,1,3,1,54.8,68.0,1,0,72.3,94.6,Female,Civil,Placed
STU_00579,5.82,0,1,3,87.3,61.0,0,1,89.1,67.7,Male,Civil,Placed
STU_00580,8.44,0,2,1,73.6,67.1,0,0,85.9,63.3,Male,Computer Science,Placed
STU_00581,7.64,1,3,2,68.2,79.3,1,1,55.9,80.6,Male,Mechanical,Placed
STU_00582,6.88,1,1,0,73.3,82.3,0,0,86.1,78.6,Male,Mechanical,Placed
STU_00583,,1,4,0,92.6,63.9,0,1,80.3,56.8,Female,Civil,Placed
STU_00584,9.57,0,0,0,80.9,84.1,0,1,91.3,75.6,Male,Civil,Placed
STU_00585,7.48,0,3,0,62.9,78.8,1,1,95.3,88.0,Male,Electronics,Placed
STU_00586,7.55,0,1,1,48.9,61.4,0,1,79.1,90.4,Female,Mechanical,Not Placed
STU_00587,6.84,0,0,0,78.8,75.0,0,0,81.6,72.1,Female,Information Technology,Placed
STU_00588,6.45,0,3,2,56.1,76.4,1,0,65.2,80.5,Female,Information Technology,Placed
STU_00589,8.13,0,1,3,52.3,59.2,1,1,76.3,81.0,Male,Mechanical,Placed
STU_00590,6.44,0,0,0,89.7,55.7,0,1,94.6,86.1,Male,Computer Science,Placed
STU_00591,7.37,0,0,1,83.1,77.7,1,0,78.0,74.0,Male,Mechanical,Placed
STU_00592,6.82,0,2,1,75.8,66.5,1,0,87.3,89.2,Male,Mechanical,Placed
STU_00593,7.78,1,4,0,51.4,90.1,0,0,77.8,67.0,Male,Information Technology,Placed
STU_00594,7.63,0,0,2,96.8,92.7,1,0,76.8,83.6,Male,Information Technology,Placed
STU_00595,8.34,1,2,0,85.4,77.7,1,1,83.7,64.0,Male,Computer Science,Placed
STU_00596,6.79,1,1,1,65.4,83.4,0,1,50.0,55.3,Male,Computer Science,Placed
STU_00597,7.03,1,2,0,62.3,59.7,1,1,81.7,81.7,Female,Mechanical,Placed
STU_00598,6.32,3,0,0,71.2,56.0,1,1,55.5,99.0,Male,Information Technology,Not Placed
STU_00599,6.86,0,1,1,62.8,70.3,1,1,77.2,78.5,Male,Civil,Placed
STU_00600,7.68,1,1,2,100.0,56.6,0,0,69.6,72.7,Male,Electronics,Placed
STU_00601,8.06,3,2,0,64.2,75.7,0,1,66.4,88.7,Male,Computer Science,Placed
STU_00602,6.38,2,3,0,54.0,62.6,0,1,92.8,70.1,Male,Civil,Placed
STU_00603,8.17,0,2,1,93.8,74.3,0,0,89.2,55.6,Male,Computer Science,Placed
STU_00604,8.66,0,0,0,61.5,69.9,1,0,74.4,85.4,Female,Civil,Placed
STU_00605,7.71,0,2,1,81.8,79.6,1,1,99.0,92.1,Male,Civil,Placed
STU_00606,9.18,1,2,2,80.1,75.9,0,0,87.9,76.4,Female,Mechanical,Placed
STU_00607,6.53,1,0,2,69.1,67.2,1,1,76.4,78.4,Male,Civil,Placed
STU_00608,6.06,0,0,1,55.4,55.6,0,1,59.1,68.3,Male,Civil,Placed
STU_00609,5.52,1,1,2,69.3,74.0,0,1,77.0,73.2,Female,Information Technology,Placed
STU_00610,8.8,1,2,1,52.5,51.1,0,1,71.7,77.4,Female,Civil,Placed
STU_00611,7.95,0,2,2,69.6,87.0,0,1,73.4,75.5,Male,Information Technology,Placed
STU_00612,7.24,2,2,0,81.6,78.3,0,0,82.1,75.4,Female,Computer Science,Placed
STU_00613,7.58,1,1,1,95.8,82.1,0,1,71.7,48.0,Male,Information Technology,Placed
STU_00614,6.17,0,1,3,53.7,60.4,1,1,91.2,76.8,Male,Information Technology,Placed
STU_00615,9.75,1,4,1,66.2,76.3,0,1,72.7,60.4,Male,Computer Science,Placed
STU_00616,7.43,0,1,2,62.1,64.0,0,1,67.8,80.2,Female,Information Technology,Placed
STU_00617,7.41,1,3,0,74.1,73.8,1,1,84.5,86.6,Female,Information Technology,Placed
STU_00618,8.03,3,2,2,47.2,60.0,0,1,77.7,81.2,Female,Civil,Placed
STU_00619,7.78,2,0,1,56.1,71.0,1,0,86.6,62.4,Male,Information Technology,Placed
STU_00620,7.52,0,2,0,44.6,55.5,0,1,79.7,65.8,Male,Civil,Placed
STU_00621,6.51,0,3,0,48.4,70.1,0,1,64.1,74.3,Female,Mechanical,Placed
STU_00622,7.77,0,1,0,60.1,52.3,0,1,81.0,84.4,Female,Mechanical,Placed
STU_00623,9.18,1,3,2,95.1,93.0,0,1,68.9,85.9,Female,Information Technology,Placed
STU_00624,8.65,0,1,1,75.2,73.9,1,1,79.5,79.0,Male,Computer Science,Placed
STU_00625,8.89,1,2,2,71.0,72.1,0,0,72.0,64.4,Male,Computer Science,Placed
STU_00626,6.79,0,3,1,90.2,80.1,0,1,75.9,87.9,Female,Electronics,Placed
STU_00627,6.31,0,3,2,75.8,56.4,0,1,78.4,74.7,Male,Electronics,Placed
STU_00628,7.17,0,2,1,77.2,62.6,0,1,85.3,70.6,Female,Computer Science,Placed
STU_00629,7.36,3,2,0,62.9,78.4,0,1,72.5,69.6,Male,Civil,Placed
STU_00630,8.39,1,0,0,60.4,73.9,0,1,50.1,58.3,Male,Information Technology,Placed
STU_00631,5.61,0,1,3,50.3,63.4,0,1,68.4,87.1,Male,Electronics,Placed
STU_00632,8.83,0,1,0,61.0,79.8,0,1,79.3,73.6,Male,Information Technology,Placed
STU_00633,7.14,1,0,0,65.8,75.6,1,1,89.8,67.4,Male,Information Technology,Placed
STU_00634,6.87,0,1,0,75.2,78.1,0,0,81.0,81.7,Female,Civil,Placed
STU_00635,6.29,1,1,0,69.4,76.7,1,0,88.0,83.7,Female,Mechanical,Placed
STU_00636,5.65,2,4,2,64.5,63.8,1,0,79.6,55.9,Female,Computer Science,Placed
STU_00637,8.12,1,2,1,56.3,71.1,1,1,80.2,92.1,Female,Electronics,Placed
STU_00638,7.37,1,1,1,76.0,49.7,0,1,75.6,99.0,Male,Electronics,Placed
STU_00639,6.01,1,4,2,62.5,65.9,1,1,88.5,76.1,Male,Mechanical,Placed
STU_00640,6.0,2,1,1,75.3,69.1,0,1,94.5,77.6,Female,Mechanical,Placed
STU_00641,6.96,2,2,2,41.3,79.5,1,0,68.4,99.0,Female,Electronics,Placed
STU_00642,8.97,1,2,0,75.0,78.1,1,0,80.2,63.0,Female,Computer Science,Placed
STU_00643,7.04,0,0,3,81.2,63.0,1,1,66.1,69.3,Male,Electronics,Placed
STU_00644,5.8,1,2,0,79.3,62.7,0,1,94.7,81.4,Male,Computer Science,Placed
STU_00645,7.05,0,0,1,67.0,87.7,0,0,79.7,87.6,Male,Information Technology,Placed
STU_00646,7.03,1,0,1,83.7,68.5,0,1,77.8,75.4,Female,Civil,Placed
STU_00647,5.0,1,1,0,50.9,73.4,1,0,66.6,66.1,Female,Electronics,Placed
STU_00648,7.25,0,3,0,68.7,81.4,0,0,75.7,89.2,Female,Information Technology,Not Placed
STU_00649,7.07,0,2,0,67.1,71.0,0,1,77.2,74.9,Male,Information Technology,Placed
STU_00650,8.0,1,2,0,85.5,70.2,1,1,67.3,75.0,Female,Electronics,Placed
STU_00651,9.15,2,2,1,39.7,68.2,1,1,79.5,85.2,Female,Computer Science,Placed
STU_00652,8.43,1,1,3,54.1,65.9,0,0,69.4,91.6,Male,Electronics,Placed
STU_00653,7.03,1,2,1,96.2,73.7,1,1,82.3,77.6,Male,Civil,Placed
STU_00654,6.19,0,1,1,33.5,50.1,1,1,68.1,80.3,Male,Information Technology,Placed
STU_00655,9.87,1,0,0,82.2,67.7,0,1,79.6,86.5,Female,Computer Science,Placed
STU_00656,7.36,0,2,0,59.5,78.5,0,1,76.1,72.5,Male,Electronics,Placed
STU_00657,7.31,1,0,1,73.8,77.1,1,1,81.0,69.0,Male,Computer Science,Placed
STU_00658,7.28,0,1,3,91.2,88.9,0,0,79.7,71.0,Male,Computer Science,Placed
STU_00659,7.5,1,3,2,74.4,82.0,1,1,78.9,64.9,Male,Electronics,Placed
STU_00660,7.16,0,2,0,91.5,76.9,0,1,70.6,63.0,Male,Computer Science,Placed
STU_00661,6.73,0,2,1,62.6,72.3,1,1,83.5,99.0,Male,Information Technology,Placed
STU_00662,6.75,3,1,1,64.6,66.5,0,0,80.9,65.2,Female,Computer Science,Placed
STU_00663,7.27,0,1,1,81.8,78.0,0,1,84.4,78.0,Female,Information Technology,Placed
STU_00664,6.76,0,2,1,63.4,75.9,1,0,77.7,74.1,Male,Civil,Placed
STU_00665,6.59,1,2,2,79.0,67.5,0,0,76.2,86.5,Female,Information Technology,Placed
STU_00666,7.41,2,2,0,87.8,61.6,1,1,67.9,76.3,Male,Electronics,Placed
STU_00667,7.05,0,4,2,83.0,71.4,1,1,71.4,90.3,Female,Computer Science,Placed
STU_00668,8.8,1,4,0,46.3,85.9,1,1,73.3,73.6,Male,Electronics,Placed
STU_00669,5.0,2,1,1,64.9,73.3,1,0,87.6,77.7,Male,Mechanical,Placed
STU_00670,8.39,0,3,2,74.2,72.3,0,1,65.6,83.3,Female,Civil,Placed
STU_00671,8.55,0,2,1,66.3,77.1,1,1,64.6,77.2,Male,Electronics,Not Placed
STU_00672,5.23,0,2,0,71.2,77.8,0,1,77.3,80.8,Male,Mechanical,Placed
STU_00673,6.96,2,0,0,74.4,75.0,0,1,70.3,78.1,Male,Information Technology,Placed
STU_00674,6.93,0,2,1,62.1,71.5,0,1,74.2,59.5,Female,Information Technology,Placed
STU_00675,5.89,0,3,0,67.1,65.9,0,0,73.6,83.4,Female,Computer Science,Placed
STU_00676,6.52,1,2,1,52.3,84.1,0,1,71.7,88.0,Female,Information Technology,Placed
STU_00677,6.19,1,2,0,62.8,66.9,0,1,70.4,73.6,Female,Information Technology,Placed
STU_00678,9.05,0,1,2,47.1,90.9,0,0,68.7,72.7,Female,Computer Science,Placed
STU_00679,8.24,1,1,0,71.7,73.9,0,1,74.3,78.2,Male,Mechanical,Placed
STU_00680,8.57,0,1,1,67.1,72.6,0,1,63.4,96.4,Male,Electronics,Placed
STU_00681,8.02,0,1,1,56.3,81.1,0,1,84.1,71.9,Male,Civil,Placed
STU_00682,6.17,1,2,1,96.8,64.2,1,0,69.2,81.8,Female,Civil,Placed
STU_00683,6.78,2,1,0,66.3,78.9,0,1,82.5,73.1,Male,Computer Science,Placed
STU_00684,7.79,0,2,1,74.3,73.4,0,0,71.4,81.6,Male,Mechanical,Placed
STU_00685,6.08,2,1,1,60.4,76.9,0,0,88.4,61.0,Male,Information Technology,Placed
STU_00686,8.01,1,1,0,63.8,63.8,0,1,78.4,94.8,Female,Mechanical,Placed
STU_00687,7.06,0,0,2,74.9,63.7,1,1,67.2,79.0,Female,Computer Science,Not Placed
STU_00688,6.93,1,3,2,65.0,50.0,0,1,99.0,71.9,Male,Electronics,Placed
STU_00689,8.01,0,0,0,70.0,66.5,1,0,73.8,72.2,Female,Information Technology,Placed
STU_00690,7.74,3,0,1,82.1,65.9,1,0,72.4,78.1,Female,Civil,Placed
STU_00691,6.94,2,3,1,62.2,64.0,1,1,73.1,97.0,Female,Electronics,Placed
STU_00692,8.46,0,4,0,50.0,70.6,0,1,82.0,92.0,Male,Information Technology,Placed
STU_00693,6.22,0,2,0,47.1,72.8,1,1,63.5,72.0,Male,Information Technology,Placed
STU_00694,7.92,0,0,3,91.6,78.0,0,1,79.4,76.0,Male,,Placed
STU_00695,7.89,0,1,1,,78.8,1,1,61.1,76.6,Male,Civil,Placed
STU_00696,6.99,0,4,2,79.8,79.8,1,1,77.3,53.5,Female,Mechanical,Placed
STU_00697,7.63,0,3,1,63.5,80.3,0,1,89.3,72.5,Male,Mechanical,Placed
STU_00698,6.05,1,2,0,50.0,75.3,0,1,72.5,77.3,Female,Mechanical,Placed
STU_00699,8.22,0,1,0,65.8,72.7,0,1,86.9,65.0,Female,Mechanical,Not Placed
STU_00700,7.12,2,0,1,68.6,83.1,1,0,61.3,94.0,Male,Electronics,Placed
STU_00701,6.78,2,0,1,53.0,80.3,1,1,71.8,62.6,Male,Mechanical,Placed
STU_00702,8.35,1,2,0,48.0,54.2,0,1,65.8,63.8,Male,Mechanical,Placed
STU_00703,6.6,2,0,1,44.0,69.9,1,1,97.1,82.6,Male,Information Technology,Placed
STU_00704,5.89,0,4,2,79.9,50.4,1,1,73.9,78.1,Female,Mechanical,Not Placed
STU_00705,5.74,0,1,2,51.9,50.1,1,0,71.5,70.0,Female,Computer Science,Placed
STU_00706,7.91,1,2,0,74.6,65.9,0,1,75.4,86.1,Female,Mechanical,Placed
STU_00707,6.02,1,1,0,64.0,70.5,0,1,78.1,77.7,Female,Information Technology,Placed
STU_00708,9.05,1,2,3,78.8,66.9,1,1,74.3,95.3,Female,Electronics,Placed
STU_00709,5.22,2,0,2,75.0,50.7,0,1,66.1,55.4,Male,Computer Science,Not Placed
STU_00710,9.0,3,2,0,66.5,81.3,0,1,91.5,69.3,Male,Information Technology,Placed
STU_00711,7.51,1,2,2,72.0,63.5,1,0,88.9,93.2,Male,Electronics,Placed
STU_00712,7.2,1,0,0,68.3,77.9,1,1,81.3,80.3,Female,Computer Science,Placed
STU_00713,6.76,0,3,0,60.8,63.8,0,1,80.8,73.8,Female,Information Technology,Placed
STU_00714,7.7,0,2,0,84.7,66.0,0,1,80.2,70.6,Female,Computer Science,Placed
STU_00715,7.26,1,3,0,63.7,77.2,1,1,73.4,78.8,Female,Mechanical,Placed
STU_00716,8.4,0,3,2,68.7,67.8,0,0,72.3,62.4,Female,Computer Science,Placed
STU_00717,7.41,0,3,1,48.8,74.0,0,1,93.9,59.2,Female,Mechanical,Placed
STU_00718,7.45,0,0,0,74.1,75.3,1,0,84.3,81.2,Female,Mechanical,Not Placed
STU_00719,6.94,1,0,2,60.8,54.9,0,1,64.7,84.4,Male,Computer Science,Placed
STU_00720,7.24,0,4,2,62.8,77.7,1,1,73.5,85.3,Male,Mechanical,Placed
STU_00721,7.61,1,2,0,57.4,60.7,0,1,82.9,70.3,Female,Mechanical,Placed
STU_00722,5.59,0,1,1,68.1,58.7,0,1,81.7,69.8,Female,Civil,Not Placed
STU_00723,5.95,0,2,1,39.9,63.3,1,1,83.3,75.0,Female,Mechanical,Placed
STU_00724,8.04,0,1,1,80.2,81.8,1,1,63.1,64.1,Male,Computer Science,Not Placed
STU_00725,7.47,0,2,1,69.4,52.8,0,0,81.2,82.3,Female,Electronics,Placed
STU_00726,7.12,2,3,0,63.0,79.8,0,1,89.2,71.7,Male,Electronics,Placed
STU_00727,7.32,0,2,0,46.8,76.1,0,1,62.9,74.3,Male,Computer Science,Placed
STU_00728,7.65,0,1,2,76.5,72.9,0,0,95.4,73.1,Male,Electronics,Placed
STU_00729,6.76,1,1,2,60.5,75.0,1,1,81.3,80.7,Male,Mechanical,Placed
STU_00730,6.52,1,1,0,89.6,68.5,0,0,79.1,78.1,Female,Electronics,Placed
STU_00731,7.5,0,2,0,77.3,80.2,1,0,68.5,96.0,Male,Civil,Placed
STU_00732,6.32,0,1,2,93.0,66.9,0,1,71.6,70.8,Female,Computer Science,Placed
STU_00733,7.71,3,2,0,72.1,52.5,0,1,74.2,94.7,Male,Information Technology,Placed
STU_00734,5.6,1,2,0,86.2,71.1,0,0,63.7,55.1,Male,Mechanical,Placed
STU_00735,8.33,0,2,0,76.9,81.6,1,0,74.9,80.4,Female,Electronics,Placed
STU_00736,7.77,1,3,1,63.2,77.9,0,0,69.1,57.6,Female,Information Technology,Placed
STU_00737,7.56,0,2,0,72.8,93.8,0,0,84.8,63.7,Female,Civil,Placed
STU_00738,8.28,0,1,1,57.5,69.0,0,0,50.0,64.3,Male,Electronics,Placed
STU_00739,8.97,1,2,0,100.0,70.1,1,0,75.5,63.4,Male,Civil,Placed
STU_00740,8.31,2,2,3,68.5,69.2,1,0,68.3,68.3,Male,Mechanical,Placed
STU_00741,5.46,0,1,2,70.4,62.7,0,1,78.0,99.0,Female,Mechanical,Placed
STU_00742,6.02,2,2,2,75.8,66.3,0,1,99.0,65.3,Male,Computer Science,Placed
STU_00743,6.68,0,0,2,53.7,59.5,1,1,94.7,57.2,Female,Computer Science,Placed
STU_00744,7.33,0,1,1,89.8,44.5,1,0,73.1,80.4,Male,Computer Science,Placed
STU_00745,7.82,0,3,0,54.6,65.0,1,0,76.1,77.7,Female,Electronics,Placed
STU_00746,6.57,0,3,0,51.2,72.3,0,0,69.6,99.0,Male,Mechanical,Placed
STU_00747,7.49,2,2,0,67.5,79.6,1,0,76.5,74.6,Female,Electronics,Placed
STU_00748,6.54,1,2,0,50.8,65.1,0,1,85.4,49.8,Male,Electronics,Placed
STU_00749,6.69,0,3,1,93.4,65.2,0,1,64.9,70.3,Male,Information Technology,Placed
STU_00750,5.89,3,4,3,66.5,84.4,1,1,93.7,70.1,Female,Electronics,Placed
STU_00751,6.38,2,2,1,21.7,56.0,0,1,87.1,61.4,Male,Civil,Placed
STU_00752,5.95,1,2,1,73.0,70.0,1,1,86.7,68.8,Male,Mechanical,Placed
STU_00753,6.32,2,1,1,78.3,83.5,0,0,81.8,73.4,Female,Electronics,Placed
STU_00754,8.35,0,0,0,63.7,63.5,0,1,69.0,74.3,Female,Electronics,Placed
STU_00755,6.35,2,1,2,49.7,53.6,0,1,88.1,59.8,Male,Computer Science,Placed
STU_00756,9.93,1,2,1,68.5,92.5,1,1,74.8,81.7,Female,Computer Science,Placed
STU_00757,7.79,2,3,0,62.8,81.6,0,1,61.1,93.0,Male,Civil,Placed
STU_00758,7.48,1,3,2,55.4,82.0,0,1,78.8,78.1,Female,Electronics,Placed
STU_00759,6.44,0,0,1,54.0,70.9,0,1,66.4,87.2,Male,Information Technology,Placed
STU_00760,8.0,1,2,1,72.3,79.7,0,1,71.9,77.0,Male,Computer Science,Placed
STU_00761,6.72,0,0,1,83.5,42.1,0,1,85.1,63.5,Male,Computer Science,Placed
STU_00762,7.42,0,1,1,76.9,66.8,0,0,76.8,78.0,Male,Mechanical,Placed
STU_00763,9.86,0,3,0,44.1,83.4,0,0,77.6,69.5,Male,Electronics,Placed
STU_00764,7.2,2,2,2,79.2,55.2,0,1,89.7,62.8,Male,Computer Science,Placed
STU_00765,8.45,0,2,3,81.6,68.0,1,1,55.4,74.1,Male,Electronics,Placed
STU_00766,6.6,1,0,1,90.9,75.8,0,1,89.2,84.0,Female,Information Technology,Placed
STU_00767,7.27,0,1,1,55.8,62.6,0,1,79.5,71.3,Female,Civil,Placed
STU_00768,9.07,3,2,2,69.2,72.1,0,1,77.3,96.3,Male,Mechanical,Placed
STU_00769,6.67,0,0,0,78.5,76.6,1,0,77.6,85.5,Female,Information Technology,Placed
STU_00770,9.11,1,1,3,62.1,75.6,0,1,84.4,69.0,Female,Electronics,Placed
STU_00771,8.01,2,0,1,78.3,67.2,1,1,88.3,68.6,Female,Electronics,Placed
STU_00772,6.74,0,2,1,69.6,62.1,1,1,75.6,98.6,Male,Electronics,Placed
STU_00773,7.93,0,4,1,57.3,76.8,1,0,76.7,71.3,Female,Computer Science,Placed
STU_00774,8.27,1,3,1,58.6,76.1,1,1,84.1,79.0,Female,Civil,Placed
STU_00775,7.92,2,4,0,88.7,75.5,0,1,57.0,79.6,Male,Mechanical,Not Placed
STU_00776,5.73,1,3,2,55.1,73.4,0,0,77.0,56.0,Female,Civil,Placed
STU_00777,6.57,0,3,1,52.5,76.1,0,1,83.0,56.2,Female,Electronics,Placed
STU_00778,7.05,2,2,2,75.2,82.5,1,1,73.1,84.4,Female,Computer Science,Placed
STU_00779,7.23,0,2,0,69.5,75.7,0,1,70.0,63.5,Female,Civil,Placed
STU_00780,7.92,1,1,1,50.3,73.2,1,1,76.5,75.1,Female,Computer Science,Placed
STU_00781,7.48,2,3,2,62.2,65.7,0,0,72.2,58.4,Male,Computer Science,Placed
STU_00782,5.96,0,1,3,57.7,88.6,1,0,75.5,71.4,Female,Information Technology,Placed
STU_00783,7.68,1,0,2,60.4,58.5,1,0,73.3,77.4,Male,Computer Science,Placed
STU_00784,7.91,1,3,2,100.0,69.6,0,1,93.6,52.3,Male,Mechanical,Placed
STU_00785,7.86,2,0,0,65.5,65.9,1,1,66.6,75.6,Male,Electronics,Placed
STU_00786,8.38,0,4,2,56.8,50.1,0,0,86.3,76.2,Male,Electronics,Not Placed
STU_00787,8.13,0,2,0,100.0,76.2,1,1,72.1,69.8,Female,Civil,Placed
STU_00788,7.76,2,1,0,83.3,69.6,1,1,81.3,62.9,Male,Computer Science,Placed
STU_00789,7.23,0,2,0,80.9,72.4,1,0,84.5,70.9,Male,Electronics,Placed
STU_00790,5.64,0,3,2,57.5,69.9,0,0,93.3,70.9,Male,Civil,Placed
STU_00791,7.73,3,1,0,87.9,81.0,0,1,81.9,96.2,Male,Electronics,Placed
STU_00792,7.51,0,2,0,82.2,82.6,1,1,74.0,73.7,Male,Computer Science,Placed
STU_00793,7.57,3,3,0,72.2,58.8,1,0,78.7,69.9,Male,Information Technology,Not Placed
STU_00794,6.02,0,1,1,44.3,93.2,0,1,97.2,73.6,Female,Electronics,Placed
STU_00795,6.22,0,0,2,69.7,69.1,1,0,79.6,79.7,Female,Information Technology,Placed
STU_00796,8.35,1,1,1,95.9,79.1,0,1,64.9,79.3,Male,Mechanical,Placed
STU_00797,7.26,1,1,1,73.3,74.2,1,1,74.2,79.9,Male,Mechanical,Placed
STU_00798,7.98,1,0,0,64.4,73.3,1,1,73.9,81.6,Male,Mechanical,Placed
STU_00799,7.33,1,2,0,66.6,78.7,1,0,85.3,58.9,Female,Civil,Placed
STU_00800,,2,1,0,67.6,87.8,0,0,65.8,80.7,Female,Mechanical,Placed
STU_00801,8.24,0,3,1,58.0,81.3,1,0,72.9,77.0,Male,Computer Science,Placed
STU_00802,6.78,0,1,1,69.4,69.1,0,0,80.1,68.1,Female,Civil,Placed
STU_00803,7.4,0,2,0,91.6,71.0,0,1,75.2,76.2,Male,Computer Science,Placed
STU_00804,6.84,1,2,2,89.9,65.2,0,0,78.9,73.8,Male,Computer Science,Placed
STU_00805,6.87,0,3,3,58.7,80.6,0,1,79.5,74.8,Female,Computer Science,Not Placed
STU_00806,6.99,0,2,0,89.1,79.1,0,1,80.1,76.9,Male,Civil,Placed
STU_00807,7.52,1,1,0,81.4,67.9,1,1,68.7,56.5,Female,Information Technology,Placed
STU_00808,6.82,0,3,2,79.5,87.9,1,1,86.0,77.9,Male,Computer Science,Placed
STU_00809,8.56,0,1,0,76.5,84.9,0,1,72.6,82.2,Female,Computer Science,Placed
STU_00810,6.41,1,0,0,56.0,93.9,1,0,77.9,77.7,Female,Computer Science,Placed
STU_00811,7.11,0,1,0,63.9,62.5,1,0,65.9,67.0,Male,Information Technology,Placed
STU_00812,6.86,2,2,2,82.5,70.8,0,0,78.4,65.5,Female,Mechanical,Placed
STU_00813,8.75,1,0,1,51.9,69.6,0,1,79.9,77.0,Male,Mechanical,Placed
STU_00814,7.5,0,2,0,54.4,100.0,1,1,78.4,83.8,Female,Electronics,Placed
STU_00815,8.33,1,2,0,74.6,72.1,1,1,70.2,89.4,Male,Civil,Placed
STU_00816,5.81,0,3,0,58.2,87.2,0,1,89.3,83.4,Female,Civil,Placed
STU_00817,7.57,1,1,0,82.4,84.4,1,0,83.8,80.6,Male,Information Technology,Placed
STU_00818,8.19,3,1,1,58.7,71.0,1,1,76.6,48.0,Male,Information Technology,Placed
STU_00819,7.38,1,1,2,73.7,72.7,1,1,76.5,68.3,Female,Information Technology,Placed
STU_00820,8.37,1,1,0,74.9,78.3,0,1,70.6,78.4,Female,Electronics,Placed
STU_00821,6.78,0,2,0,62.8,87.1,1,0,71.8,67.5,Male,Mechanical,Placed
STU_00822,8.71,0,2,0,66.4,69.9,1,0,92.6,64.8,Female,Civil,Placed
STU_00823,9.6,2,2,0,59.8,65.9,0,0,74.4,63.3,Male,Electronics,Placed
STU_00824,6.94,0,3,3,69.7,83.2,1,1,99.0,94.4,Male,Computer Science,Placed
STU_00825,6.85,0,3,0,55.6,58.2,0,1,66.4,60.7,Male,Mechanical,Placed
STU_00826,8.75,0,1,0,66.6,75.0,0,1,81.7,72.7,Male,Electronics,Placed
STU_00827,8.88,1,4,0,81.2,84.7,1,1,80.3,67.0,Male,Mechanical,Placed
STU_00828,6.78,0,1,1,52.9,77.2,0,1,78.4,65.5,Male,Computer Science,Placed
STU_00829,6.88,2,2,2,62.7,65.2,0,1,62.1,79.5,Male,Civil,Not Placed
STU_00830,7.02,0,2,0,77.8,60.0,0,1,64.3,84.1,Male,Computer Science,Placed
STU_00831,5.96,0,3,1,38.8,86.2,0,1,80.0,62.1,Male,Electronics,Placed
STU_00832,6.38,1,2,0,97.8,69.9,0,0,67.8,75.6,Female,Computer Science,Placed
STU_00833,6.3,0,2,2,85.7,61.2,0,0,90.1,73.8,Male,Information Technology,Placed
STU_00834,6.53,1,3,1,46.9,85.7,0,0,75.8,70.0,Male,Electronics,Placed
STU_00835,7.27,0,2,1,38.4,81.6,0,1,80.6,64.7,Male,Information Technology,Placed
STU_00836,7.53,0,2,1,70.4,59.4,0,1,77.6,87.2,Female,Electronics,Placed
STU_00837,8.85,0,0,2,53.2,100.0,1,0,77.3,63.6,Female,Computer Science,Placed
STU_00838,6.3,2,1,1,84.4,65.5,1,1,93.2,60.7,Female,Civil,Not Placed
STU_00839,8.28,1,4,1,75.9,81.4,0,1,88.8,87.1,Female,Information Technology,Placed
STU_00840,7.09,1,2,1,71.9,95.8,0,0,79.5,77.2,Male,Computer Science,Placed
STU_00841,7.25,0,2,1,61.4,82.7,0,1,84.7,62.0,Male,Information Technology,Not Placed
STU_00842,7.97,1,1,0,94.0,75.1,0,1,89.7,74.2,Male,Electronics,Placed
STU_00843,6.18,1,0,0,81.3,54.8,1,1,72.0,68.1,Male,Electronics,Placed
STU_00844,7.68,2,1,0,79.0,96.5,1,0,62.5,91.4,Male,Civil,Placed
STU_00845,7.47,1,2,1,88.0,82.4,0,0,83.5,72.3,Female,Mechanical,Placed
STU_00846,7.79,1,1,1,54.7,55.0,0,1,90.5,80.8,Male,Computer Science,Placed
STU_00847,7.59,0,1,0,89.3,90.5,1,1,60.9,74.7,Male,Mechanical,Placed
STU_00848,9.76,1,2,1,66.0,72.7,0,1,71.9,90.8,Male,Electronics,Placed
STU_00849,6.66,1,2,2,75.0,68.7,0,1,75.6,77.2,Male,Information Technology,Placed
STU_00850,6.77,2,1,0,67.7,65.1,1,1,68.2,87.7,Female,Mechanical,Placed
STU_00851,6.68,0,2,0,41.8,74.1,0,1,76.6,81.0,Female,Civil,Placed
STU_00852,6.74,0,3,2,84.4,81.7,1,1,66.9,68.9,Female,Information Technology,Placed
STU_00853,6.66,0,2,1,42.6,66.1,1,0,74.8,75.0,Female,Computer Science,Placed
STU_00854,8.49,0,3,0,55.5,73.5,0,1,85.0,72.7,Male,Electronics,Placed
STU_00855,8.72,0,3,1,63.2,100.0,0,1,57.3,68.7,Male,Electronics,Placed
STU_00856,6.73,2,0,1,40.7,77.7,1,1,67.5,63.2,Male,Information Technology,Placed
STU_00857,6.47,1,0,1,53.5,83.6,0,1,92.0,90.0,Male,Information Technology,Not Placed
STU_00858,7.77,2,2,1,73.7,60.5,0,1,69.8,52.3,Female,Information Technology,Placed
STU_00859,6.75,2,2,1,64.8,55.7,1,1,52.0,89.6,Male,Computer Science,Placed
STU_00860,7.93,0,1,2,66.0,89.6,0,1,79.7,60.3,Female,Civil,Not Placed
STU_00861,7.5,1,1,0,56.3,86.1,0,1,77.3,81.0,Male,Computer Science,Placed
STU_00862,5.78,0,2,1,70.7,92.6,0,1,79.5,68.6,Female,Mechanical,Placed
STU_00863,8.85,2,0,3,65.1,71.0,1,0,78.6,56.7,Female,Mechanical,Placed
STU_00864,9.1,0,4,0,45.4,87.1,1,1,90.7,87.6,Female,Mechanical,Placed
STU_00865,6.69,0,1,2,67.0,41.3,0,1,71.0,48.6,Male,Electronics,Placed
STU_00866,6.91,0,3,0,51.4,78.5,0,1,77.1,83.8,Male,Mechanical,Placed
STU_00867,7.59,1,0,0,83.5,84.4,0,1,73.7,76.4,Male,Civil,Placed
STU_00868,7.63,0,1,2,64.1,63.7,1,1,84.8,86.6,Male,Civil,Placed
STU_00869,7.96,0,1,0,100.0,84.7,1,0,85.8,81.9,Male,Computer Science,Not Placed
STU_00870,9.31,1,4,0,84.5,69.8,0,1,81.7,81.7,Female,Electronics,Placed
STU_00871,7.12,2,0,1,68.0,71.0,1,1,99.0,84.9,Female,Civil,Placed
STU_00872,6.5,0,2,1,78.7,68.9,1,1,83.5,84.2,Male,Electronics,Placed
STU_00873,5.92,1,3,1,38.7,91.0,1,0,90.5,80.0,Female,Electronics,Placed
STU_00874,6.57,2,2,0,84.4,66.5,1,1,69.1,71.3,Male,Civil,Placed
STU_00875,7.27,0,1,0,57.7,65.1,0,1,71.0,72.5,Male,Civil,Not Placed
STU_00876,9.09,2,4,0,71.3,61.7,1,0,97.8,76.2,Female,Civil,Placed
STU_00877,6.78,0,3,1,59.1,67.6,0,0,64.5,72.1,Male,Civil,Placed
STU_00878,7.52,1,1,1,60.7,74.3,1,0,85.7,99.0,Female,Information Technology,Not Placed
STU_00879,7.28,1,2,1,67.3,79.7,1,0,90.9,74.0,Male,Mechanical,Placed
STU_00880,8.49,1,4,1,71.2,63.0,0,0,89.8,62.4,Male,Information Technology,Placed
STU_00881,9.83,2,4,0,69.6,76.5,1,0,62.0,73.7,Male,Computer Science,Placed
STU_00882,6.77,0,1,2,70.0,79.3,0,1,74.5,65.8,Female,Information Technology,Placed
STU_00883,6.81,0,3,0,45.6,60.8,1,1,84.2,96.5,Male,Computer Science,Placed
STU_00884,8.34,1,1,0,100.0,72.8,0,1,85.4,76.1,Male,Information Technology,Placed
STU_00885,7.98,2,1,1,73.5,71.0,0,1,77.9,82.0,Male,Computer Science,Placed
STU_00886,9.15,0,1,0,76.6,72.9,1,1,71.0,80.7,Male,Mechanical,Placed
STU_00887,7.88,2,1,1,64.9,65.6,0,1,75.3,85.4,Female,Mechanical,Placed
STU_00888,6.94,0,2,0,56.9,70.4,0,0,71.8,77.6,Male,Mechanical,Placed
STU_00889,7.89,0,2,1,72.3,72.4,0,1,65.6,70.6,Male,Civil,Placed
STU_00890,8.41,1,1,0,74.3,94.4,1,0,75.0,75.5,Male,Electronics,Placed
STU_00891,8.12,0,1,3,89.5,72.5,1,1,96.5,61.5,Male,Computer Science,Placed
STU_00892,7.81,1,1,0,100.0,88.1,0,1,75.2,73.4,Female,Computer Science,Placed
STU_00893,8.37,0,4,1,,89.0,1,1,62.9,94.7,Female,Civil,Placed
STU_00894,8.47,0,3,2,43.5,56.2,1,1,74.4,83.1,Female,Mechanical,Placed
STU_00895,8.68,1,1,1,63.1,68.5,1,1,95.3,73.8,Male,Computer Science,Placed
STU_00896,7.95,1,3,1,75.0,89.0,1,1,62.1,97.1,Female,Mechanical,Placed
STU_00897,7.13,0,1,1,64.0,74.2,0,1,78.0,68.3,Female,Mechanical,Placed
STU_00898,7.45,0,2,1,69.3,70.6,1,0,85.4,78.8,Male,Information Technology,Placed
STU_00899,8.51,0,4,2,37.8,81.0,1,1,66.6,71.7,Male,Mechanical,Placed
STU_00900,6.48,1,1,0,83.7,84.8,1,0,79.9,72.7,Female,Computer Science,Placed
STU_00901,7.67,3,2,2,41.9,71.6,0,0,68.9,79.3,Male,Mechanical,Placed
STU_00902,6.91,2,1,1,46.4,68.7,0,1,65.7,81.3,Female,Mechanical,Placed
STU_00903,7.33,0,1,2,54.8,43.6,1,1,84.2,72.8,Male,Electronics,Placed
STU_00904,8.58,0,2,0,68.5,72.6,0,1,96.2,65.8,Female,Mechanical,Placed
STU_00905,7.49,2,4,2,45.7,67.4,0,1,74.1,95.2,Female,Civil,Placed
STU_00906,7.35,1,2,0,54.1,59.9,1,1,83.8,76.1,Male,Mechanical,Not Placed
STU_00907,5.94,1,3,1,87.2,69.5,0,1,82.8,63.6,Male,Mechanical,Placed
STU_00908,8.05,1,3,1,68.3,67.0,0,1,79.7,63.8,Female,Electronics,Placed
STU_00909,7.95,0,1,1,76.5,74.0,1,1,71.1,96.9,Male,Civil,Not Placed
STU_00910,9.46,1,1,1,51.5,68.7,1,0,67.9,99.0,Male,Civil,Placed
STU_00911,6.99,3,2,0,69.2,77.4,0,1,70.0,78.7,Female,Information Technology,Placed
STU_00912,7.52,1,2,1,68.0,74.1,0,1,76.2,68.2,Male,Mechanical,Placed
STU_00913,7.55,0,0,0,58.1,87.3,1,0,73.8,78.7,Female,Information Technology,Not Placed
STU_00914,8.88,0,4,1,69.2,65.6,1,1,66.5,71.6,Male,Computer Science,Placed
STU_00915,7.2,0,2,1,41.6,93.4,1,1,75.9,81.3,Male,Computer Science,Placed
STU_00916,7.58,1,1,0,76.6,84.8,0,1,71.6,78.9,Male,Electronics,Placed
STU_00917,7.91,0,2,1,64.0,89.8,1,0,83.6,74.6,Male,Information Technology,Placed
STU_00918,7.49,0,0,1,66.1,75.0,0,1,74.1,74.1,Female,Computer Science,Placed
STU_00919,6.85,2,2,0,82.8,68.6,1,1,86.4,72.6,Male,Electronics,Placed
STU_00920,7.49,0,3,3,76.5,65.5,1,0,80.3,85.4,Female,Computer Science,Placed
STU_00921,8.37,0,3,1,65.2,93.0,0,1,73.0,72.9,Male,Information Technology,Placed
STU_00922,6.27,0,1,0,53.3,85.2,0,1,76.4,97.6,Female,Information Technology,Placed
STU_00923,7.43,0,2,0,89.9,59.9,1,1,76.6,98.6,Female,Electronics,Placed
STU_00924,6.6,0,2,1,49.9,83.7,1,0,79.7,70.8,Female,Information Technology,Placed
STU_00925,8.5,2,1,0,79.4,62.1,0,0,81.6,71.0,Female,Mechanical,Placed
STU_00926,5.78,2,0,0,46.0,75.9,0,1,73.5,74.5,Male,Information Technology,Placed
STU_00927,6.74,1,2,0,83.8,81.9,0,0,75.6,67.9,Male,,Placed
STU_00928,7.68,0,2,1,85.2,89.5,0,1,79.1,84.4,Female,Civil,Placed
STU_00929,8.87,1,0,1,41.3,74.9,0,1,50.0,88.0,Male,Electronics,Placed
STU_00930,7.23,0,0,0,76.7,70.4,1,1,83.5,89.1,Male,Electronics,Placed
STU_00931,6.74,0,1,1,75.5,72.5,1,1,68.5,72.7,Male,Computer Science,Placed
STU_00932,9.18,2,1,3,80.5,84.8,1,1,75.1,72.6,Female,Civil,Placed
STU_00933,5.85,0,2,3,75.5,81.5,1,1,71.2,53.1,Male,Computer Science,Placed
STU_00934,5.1,0,1,2,55.6,71.8,1,1,85.5,67.8,Male,Computer Science,Placed
STU_00935,7.74,1,1,2,66.7,49.6,0,1,88.2,64.7,Male,Electronics,Placed
STU_00936,6.8,1,3,0,95.0,42.8,1,1,76.9,62.8,Female,Mechanical,Placed
STU_00937,6.28,0,0,0,53.4,74.7,0,1,77.0,69.6,Female,Computer Science,Placed
STU_00938,8.01,0,2,1,74.8,57.8,0,1,77.6,71.6,Male,Information Technology,Placed
STU_00939,7.54,0,4,1,87.3,65.7,0,1,77.8,74.7,Female,Civil,Placed
STU_00940,6.74,1,2,2,55.1,69.3,0,1,88.0,90.0,Male,Electronics,Not Placed
STU_00941,6.02,0,2,0,48.7,96.9,0,0,99.0,87.8,Male,Electronics,Placed
STU_00942,8.17,0,1,1,51.0,73.5,0,1,76.3,62.6,Male,Mechanical,Placed
STU_00943,7.95,1,0,1,75.9,80.6,0,1,83.7,79.7,Male,Civil,Placed
STU_00944,7.2,2,2,1,50.9,78.1,0,0,69.5,66.2,Male,Civil,Placed
STU_00945,9.15,0,2,1,68.0,42.9,1,1,70.4,76.6,Male,Civil,Placed
STU_00946,6.23,0,0,0,90.6,67.2,0,0,67.8,89.4,Female,Electronics,Placed
STU_00947,5.77,1,2,3,69.2,57.4,0,1,91.4,69.7,Male,Information Technology,Placed
STU_00948,6.61,1,3,1,58.3,92.7,0,1,85.0,64.1,Female,Electronics,Placed
STU_00949,7.25,0,1,1,71.9,50.2,0,0,74.2,75.6,Female,Electronics,Placed
STU_00950,7.54,0,2,0,69.0,67.0,1,1,80.1,89.5,Male,Electronics,Not Placed
STU_00951,7.06,0,2,1,76.8,68.9,1,0,85.6,97.1,Male,Information Technology,Placed
STU_00952,7.65,0,3,0,94.3,60.2,0,0,90.0,68.2,Male,Electronics,Placed
STU_00953,,1,3,0,76.0,73.2,0,0,82.1,76.4,Female,Electronics,Placed
STU_00954,8.74,0,2,0,100.0,71.5,0,1,78.9,78.0,Female,Civil,Placed
STU_00955,7.22,2,1,0,76.8,74.0,0,1,91.2,59.4,Male,Civil,Placed
STU_00956,8.42,1,0,1,58.5,78.0,0,1,67.0,58.8,Male,Mechanical,Placed
STU_00957,7.64,1,1,0,100.0,74.8,0,1,58.8,78.6,Female,Computer Science,Placed
STU_00958,7.76,0,2,2,68.1,76.6,0,1,90.6,70.9,Male,Information Technology,Placed
STU_00959,7.87,1,2,0,54.2,85.3,1,1,73.5,59.6,Male,Mechanical,Placed
STU_00960,7.75,0,4,0,100.0,52.2,1,0,91.4,82.6,Male,Electronics,Placed
STU_00961,7.94,2,2,2,59.0,80.4,1,0,97.2,75.7,Male,Electronics,Placed
STU_00962,8.63,3,2,0,58.4,59.5,1,1,96.5,75.1,Female,Computer Science,Placed
STU_00963,7.5,0,2,0,61.7,64.3,0,0,50.0,63.0,Male,Civil,Placed
STU_00964,8.01,0,1,0,72.5,73.5,0,1,86.0,56.2,Female,Information Technology,Placed
STU_00965,7.21,0,2,2,84.0,76.9,0,1,72.9,68.4,Female,Mechanical,Placed
STU_00966,8.74,1,2,2,30.3,78.3,1,0,71.5,75.5,Female,Civil,Placed
STU_00967,6.62,1,4,0,83.9,60.7,1,1,81.7,67.2,Female,Mechanical,Placed
STU_00968,9.1,2,1,1,61.7,91.6,0,0,71.7,62.9,Female,Computer Science,Placed
STU_00969,7.26,1,4,1,63.8,67.0,0,1,85.5,70.9,Male,Mechanical,Placed
STU_00970,5.87,0,2,2,95.7,63.4,1,1,91.2,75.4,Female,Mechanical,Placed
STU_00971,7.43,1,1,0,73.2,56.7,0,1,76.0,90.6,Female,Civil,Placed
STU_00972,,1,1,2,76.7,55.6,1,0,81.6,76.7,Male,Electronics,Placed
STU_00973,8.14,1,0,0,69.3,55.2,0,1,73.4,58.9,Male,Electronics,Placed
STU_00974,6.65,1,2,0,81.5,75.8,0,0,82.7,52.8,Male,Mechanical,Placed
STU_00975,6.85,1,0,0,94.3,79.3,1,0,92.2,48.0,Female,Mechanical,Placed
STU_00976,5.41,1,1,1,32.9,61.6,0,1,82.1,78.7,Male,Computer Science,Not Placed
STU_00977,6.85,1,4,1,86.3,58.3,0,1,76.8,63.4,Male,Information Technology,Placed
STU_00978,5.0,1,2,1,93.2,69.5,1,1,91.1,80.5,Female,Mechanical,Placed
STU_00979,5.72,1,2,1,77.5,73.2,0,0,73.9,88.0,Female,Mechanical,Placed
STU_00980,8.06,1,0,1,59.8,75.2,0,0,74.2,81.5,Female,Electronics,Placed
STU_00981,8.09,1,2,2,52.7,60.4,0,0,71.4,72.5,Female,Information Technology,Placed
STU_00982,7.73,1,1,0,100.0,70.0,0,0,62.3,95.3,Male,Computer Science,Placed
STU_00983,6.33,0,3,1,56.4,90.8,0,0,69.4,69.9,Female,Mechanical,Placed
STU_00984,7.25,0,1,0,92.8,57.7,0,1,78.6,65.1,Female,Electronics,Placed
STU_00985,7.3,0,2,1,75.9,71.7,0,1,80.3,78.7,Male,Civil,Placed
STU_00986,6.14,1,2,1,100.0,78.0,0,1,68.3,83.5,Male,Civil,Placed
STU_00987,8.8,1,2,1,65.2,60.4,1,1,72.9,48.0,Female,,Placed
STU_00988,8.18,3,3,1,45.9,79.3,0,0,59.1,87.2,Male,Computer Science,Placed
STU_00989,7.08,0,1,0,70.0,55.9,1,1,99.0,57.1,Male,Electronics,Placed
STU_00990,7.33,0,1,1,47.7,79.6,0,0,92.7,52.4,Female,Civil,Placed
STU_00991,7.51,0,2,0,100.0,72.5,0,1,70.8,71.2,Male,Civil,Placed
STU_00992,5.26,0,2,2,79.4,55.0,0,1,79.4,63.3,Male,Mechanical,Placed
STU_00993,7.05,1,1,0,81.7,80.3,1,1,69.2,79.6,Female,Computer Science,Placed
STU_00994,6.62,0,0,1,81.7,61.2,0,1,88.2,78.9,Male,Civil,Not Placed
STU_00995,6.3,1,2,2,,70.2,0,1,84.4,78.4,Male,Computer Science,Placed
STU_00996,7.02,1,4,2,68.0,79.6,0,1,64.9,88.5,Male,Civil,Placed
STU_00997,9.1,1,2,1,71.7,60.4,1,1,68.3,71.5,Female,Civil,Placed
STU_00998,7.94,2,3,0,99.2,65.7,1,1,77.3,79.0,Male,Civil,Placed
STU_00999,6.73,0,2,1,52.6,85.5,0,1,91.8,56.6,Female,Information Technology,Placed
STU_01000,7.87,0,1,0,59.1,47.2,0,0,74.2,85.6,Male,Computer Science,Placed
STU_01001,8.7,2,0,1,64.6,89.0,0,1,91.1,69.5,Male,Information Technology,Placed
STU_01002,8.22,2,2,2,59.9,54.4,1,0,81.1,71.9,Male,Electronics,Placed
STU_01003,7.36,0,2,0,48.1,63.6,1,1,69.7,71.2,Male,Electronics,Not Placed
STU_01004,6.65,0,2,1,29.4,75.4,0,0,73.8,73.9,Female,Mechanical,Placed
STU_01005,8.0,0,2,2,42.6,79.2,0,1,84.3,70.9,Female,Mechanical,Placed
STU_01006,7.69,0,4,0,86.5,75.6,0,0,86.4,51.2,Male,Information Technology,Placed
STU_01007,8.2,3,2,1,69.9,72.6,1,0,87.3,88.6,Male,Mechanical,Placed
STU_01008,7.94,1,1,2,82.5,66.8,0,1,80.1,67.8,Male,Computer Science,Placed
STU_01009,8.35,0,1,2,61.3,90.7,1,1,82.5,70.9,Male,Information Technology,Placed
STU_01010,6.76,2,2,1,68.5,81.3,0,1,99.0,72.9,Male,Information Technology,Placed
STU_01011,8.62,1,3,0,94.2,86.1,0,1,99.0,80.8,Female,Information Technology,Placed
STU_01012,7.5,0,0,0,93.3,66.9,0,1,78.5,69.6,Female,Civil,Placed
STU_01013,9.38,2,4,1,84.1,44.1,1,1,60.3,86.7,Female,Information Technology,Placed
STU_01014,6.61,2,4,0,73.0,84.2,0,1,79.3,95.6,Male,Mechanical,Placed
STU_01015,9.04,2,2,0,77.8,76.3,1,1,79.2,93.0,Male,Civil,Placed
STU_01016,7.5,1,1,2,75.6,74.2,0,1,65.4,77.8,Male,Electronics,Placed
STU_01017,6.65,1,1,2,67.5,65.2,0,1,79.2,68.7,Female,Civil,Placed
STU_01018,6.82,0,1,2,63.9,67.8,1,1,67.6,68.4,Male,Civil,Placed
STU_01019,6.98,1,0,0,86.8,64.8,1,0,81.8,70.9,Female,Mechanical,Placed
STU_01020,7.72,3,2,0,50.6,72.5,1,1,83.9,65.6,Male,Mechanical,Placed
STU_01021,7.82,0,0,2,92.3,58.4,0,1,83.3,79.6,Male,Electronics,Placed
STU_01022,6.73,1,2,1,65.9,81.2,0,1,87.9,72.5,Female,Information Technology,Placed
STU_01023,7.28,1,1,2,50.3,96.4,0,1,82.7,74.8,Male,Mechanical,Placed
STU_01024,9.44,0,1,3,61.8,64.8,0,1,85.9,71.6,Male,Information Technology,Placed
STU_01025,9.03,1,2,2,56.9,52.9,1,0,90.9,80.0,Female,Mechanical,Not Placed
STU_01026,7.74,0,4,1,61.4,70.8,0,1,73.6,77.8,Female,Mechanical,Placed
STU_01027,7.34,1,2,0,61.1,75.8,0,1,76.6,71.1,Male,Civil,Placed
STU_01028,7.42,0,2,1,60.5,77.4,0,1,74.4,73.4,Female,Civil,Placed
STU_01029,7.91,2,2,1,65.4,91.2,1,1,70.5,73.4,Male,Civil,Placed
STU_01030,6.28,0,2,0,69.0,81.8,0,1,75.0,82.4,Male,Mechanical,Placed
STU_01031,7.04,0,3,2,81.5,50.3,0,0,86.3,66.4,Male,Information Technology,Placed
STU_01032,5.63,0,1,0,66.3,57.2,1,0,85.3,69.9,Female,Mechanical,Placed
STU_01033,7.7,2,3,2,74.9,76.9,0,0,61.1,54.1,Female,Mechanical,Placed
STU_01034,7.95,1,1,0,70.1,66.6,0,1,95.2,63.2,Male,Civil,Placed
STU_01035,6.82,1,3,1,78.1,90.2,0,0,86.5,72.4,Male,Information Technology,Placed
STU_01036,8.87,1,1,2,70.7,60.8,1,0,80.3,70.2,Female,Mechanical,Placed
STU_01037,6.07,1,3,0,60.3,83.5,1,1,64.2,53.4,Male,Information Technology,Placed
STU_01038,5.84,0,4,1,56.2,64.2,0,1,66.1,80.8,Female,Mechanical,Placed
STU_01039,7.52,1,0,0,73.2,75.1,0,1,93.0,65.3,Female,Computer Science,Placed
STU_01040,8.35,0,4,2,89.1,62.1,0,1,88.0,57.2,Female,Electronics,Placed
STU_01041,8.98,3,0,2,66.6,78.7,0,1,89.3,79.0,Female,Mechanical,Placed
STU_01042,6.84,1,1,2,59.5,84.9,0,1,76.7,84.2,Male,Information Technology,Placed
STU_01043,8.38,0,1,2,66.2,75.0,0,0,91.1,48.2,Male,Civil,Placed
STU_01044,7.26,0,4,1,61.6,94.9,1,1,64.3,82.5,Male,Electronics,Placed
STU_01045,7.13,1,2,0,60.0,63.4,0,1,65.7,72.6,Female,Electronics,Placed
STU_01046,8.18,0,2,0,48.3,73.2,0,0,88.1,72.2,Male,Computer Science,Placed
STU_01047,7.95,0,2,1,66.3,82.2,1,1,68.8,62.7,Male,Computer Science,Placed
STU_01048,5.72,0,4,1,73.5,60.6,1,1,77.6,73.3,Male,Mechanical,Placed
STU_01049,8.78,1,2,2,53.8,72.7,0,1,60.3,74.0,Female,Electronics,Placed
STU_01050,8.68,1,1,0,56.8,80.0,1,1,50.0,99.0,Male,Information Technology,Placed
STU_01051,6.67,0,1,0,55.8,83.2,0,1,67.8,80.7,Female,Civil,Placed
STU_01052,7.7,0,0,1,49.2,85.7,0,1,74.2,75.0,Male,Electronics,Placed
STU_01053,7.79,1,2,0,55.7,61.6,0,0,68.8,88.0,Male,Civil,Placed
STU_01054,7.56,1,1,1,67.0,75.5,1,0,84.2,84.7,Female,Mechanical,Not Placed
STU_01055,6.75,0,1,1,49.9,56.2,1,0,88.1,59.0,Male,Computer Science,Placed
STU_01056,6.63,0,3,1,67.9,63.3,1,1,84.1,82.3,Female,Computer Science,Placed
STU_01057,,2,1,0,59.4,69.9,0,1,66.4,76.1,Female,Civil,Placed
STU_01058,8.47,3,2,3,56.1,85.7,1,1,83.2,67.3,Male,Information Technology,Placed
STU_01059,7.84,3,1,0,75.7,78.3,0,1,65.7,63.6,Female,Information Technology,Placed
STU_01060,6.93,2,0,0,60.4,72.5,1,1,96.6,73.4,Female,Mechanical,Placed
STU_01061,8.07,0,1,1,62.9,77.4,0,1,78.5,74.9,Female,Mechanical,Placed
STU_01062,5.0,0,1,0,89.5,78.3,0,0,69.4,87.6,Female,Information Technology,Placed
STU_01063,8.45,0,3,0,56.2,76.4,1,1,78.5,50.2,Female,Mechanical,Placed
STU_01064,5.56,0,1,0,93.5,65.1,0,1,79.7,61.2,Female,Civil,Placed
STU_01065,6.94,3,1,1,64.8,60.5,0,1,85.1,77.2,Male,Civil,Placed
STU_01066,6.18,1,2,2,53.0,69.3,0,0,59.1,73.5,Male,Electronics,Not Placed
STU_01067,6.01,1,2,1,61.7,62.5,1,1,71.0,76.2,Male,Computer Science,Placed
STU_01068,8.46,0,2,1,71.0,79.5,0,1,82.8,70.0,Female,Information Technology,Placed
STU_01069,6.83,2,4,0,88.8,90.3,0,1,85.8,77.7,Male,Civil,Placed
STU_01070,7.65,2,2,0,82.0,78.8,0,0,99.0,57.5,Male,Electronics,Placed
STU_01071,7.25,0,1,0,71.0,50.3,0,0,91.8,98.1,Male,Information Technology,Placed
STU_01072,7.78,2,3,2,88.9,64.4,1,1,71.1,79.6,Female,Electronics,Placed
STU_01073,7.38,0,2,0,41.8,72.2,1,0,95.7,80.0,Male,Information Technology,Placed
STU_01074,6.02,0,1,3,73.7,54.8,1,0,83.8,63.3,Male,Mechanical,Placed
STU_01075,8.3,1,1,0,74.6,72.4,0,1,91.7,68.5,Female,Computer Science,Placed
STU_01076,6.81,1,1,1,74.8,77.6,1,0,82.7,80.6,Female,Information Technology,Placed
STU_01077,5.74,0,0,2,45.8,88.9,0,1,92.4,71.1,Male,Civil,Placed
STU_01078,6.87,0,1,0,54.7,93.8,0,1,88.8,77.9,Male,Mechanical,Placed
STU_01079,8.8,3,0,1,67.5,57.7,1,0,83.5,66.4,Female,Electronics,Placed
STU_01080,8.15,1,3,0,86.7,70.6,1,1,73.6,60.3,Male,Information Technology,Placed
STU_01081,6.95,1,3,0,98.7,70.8,0,0,73.6,87.2,Male,Mechanical,Placed
STU_01082,6.95,0,2,0,60.0,63.4,1,1,68.5,65.1,Female,Information Technology,Placed
STU_01083,6.98,0,3,2,50.4,73.2,1,0,77.3,85.0,Female,Mechanical,Placed
STU_01084,9.38,0,1,0,82.2,71.0,1,0,89.1,65.8,Male,Electronics,Placed
STU_01085,7.68,0,3,0,100.0,79.4,1,1,83.8,73.3,Male,Information Technology,Placed
STU_01086,7.73,0,2,3,86.6,88.3,0,0,70.2,70.7,Male,Civil,Placed
STU_01087,8.33,0,0,0,58.8,73.6,1,1,87.7,72.7,Female,Electronics,Placed
STU_01088,7.54,1,0,1,100.0,66.1,0,0,66.2,83.3,Female,Mechanical,Placed
STU_01089,7.04,0,1,3,80.3,59.7,0,1,81.3,93.0,Male,Civil,Placed
STU_01090,7.1,2,0,0,58.1,96.5,0,1,91.9,72.9,Female,Information Technology,Placed
STU_01091,7.23,0,1,0,99.0,82.9,1,1,66.2,76.3,Female,Civil,Placed
STU_01092,7.26,1,0,2,57.0,76.8,1,1,79.7,72.0,Male,Electronics,Placed
STU_01093,8.03,0,1,0,60.7,70.0,1,1,71.0,76.0,Male,Information Technology,Placed
STU_01094,7.35,1,1,0,80.9,91.3,0,1,94.3,67.1,Male,Information Technology,Placed
STU_01095,8.03,0,4,1,69.6,70.1,0,1,99.0,63.6,Female,Civil,Placed
STU_01096,7.22,3,1,1,70.6,51.5,1,1,83.6,78.6,Male,Information Technology,Placed
STU_01097,7.38,1,1,0,70.6,75.2,1,1,86.8,77.5,Male,Electronics,Placed
STU_01098,5.3,1,2,0,86.7,57.3,1,1,91.7,87.5,Male,Civil,Placed
STU_01099,8.22,0,3,0,35.1,75.2,0,1,85.6,75.5,Female,Computer Science,Placed
STU_01100,7.65,1,1,0,74.3,88.1,1,1,69.8,74.5,Female,Civil,Placed
STU_01101,8.3,1,3,1,65.6,51.9,0,1,73.6,80.7,Male,Computer Science,Placed
STU_01102,5.0,0,1,0,58.7,61.2,1,1,73.5,85.8,Male,Information Technology,Placed
STU_01103,9.39,1,1,1,58.7,82.4,0,1,60.7,73.3,Female,Computer Science,Placed
STU_01104,7.16,2,1,1,30.4,66.0,0,1,87.8,48.0,Male,Mechanical,Placed
STU_01105,8.41,1,2,0,58.0,77.0,1,1,65.5,63.4,Male,Mechanical,Placed
STU_01106,6.26,2,1,0,89.4,77.0,0,1,86.3,86.8,Female,Civil,Placed
STU_01107,7.91,2,2,0,82.5,82.7,0,1,70.7,93.8,Male,Mechanical,Placed
STU_01108,6.25,2,1,0,67.1,64.2,0,0,75.8,89.7,Male,Mechanical,Placed
STU_01109,6.68,0,2,1,48.8,41.4,0,0,83.6,70.2,Male,Computer Science,Placed
STU_01110,9.21,1,1,1,82.3,76.8,0,1,93.3,71.4,Female,Information Technology,Placed
STU_01111,7.11,1,2,0,89.6,53.2,0,1,86.7,83.1,Male,Computer Science,Placed
STU_01112,7.52,1,2,1,85.5,83.2,0,0,76.8,81.6,Female,Civil,Placed
STU_01113,8.17,3,2,3,55.5,71.5,0,0,77.7,48.0,Male,Civil,Placed
STU_01114,7.8,0,1,0,57.0,68.4,0,0,66.2,75.5,Male,Information Technology,Placed
STU_01115,7.45,0,3,1,94.8,80.3,0,0,84.4,74.4,Female,Electronics,Placed
STU_01116,7.66,0,2,1,51.9,51.1,0,1,77.2,62.3,Male,Electronics,Placed
STU_01117,9.7,0,1,0,77.2,69.6,0,0,68.7,68.4,Female,Mechanical,Placed
STU_01118,7.24,0,4,2,43.3,77.4,1,1,85.8,77.9,Female,Computer Science,Placed
STU_01119,7.5,1,2,3,65.5,75.0,1,0,92.2,72.6,Female,Information Technology,Placed
STU_01120,8.35,0,2,0,78.8,66.1,1,1,76.2,85.3,Male,Mechanical,Placed
STU_01121,8.41,1,1,2,69.6,66.3,0,0,72.4,94.4,Female,Civil,Placed
STU_01122,8.49,1,2,0,77.9,90.5,0,0,72.2,85.4,Male,Civil,Placed
STU_01123,7.94,0,1,0,51.6,83.0,0,1,82.0,79.9,Male,Information Technology,Placed
STU_01124,6.16,0,1,1,57.7,64.0,1,1,66.1,73.4,Male,Electronics,Not Placed
STU_01125,8.93,1,1,0,77.2,88.2,0,1,78.8,83.8,Male,Civil,Placed
STU_01126,6.15,1,2,1,80.5,81.1,1,0,73.9,68.2,Male,Mechanical,Not Placed
STU_01127,7.6,2,1,0,73.3,77.9,1,1,83.1,69.0,Male,Civil,Placed
STU_01128,6.55,2,3,1,84.2,78.3,1,1,83.8,61.5,Male,Electronics,Placed
STU_01129,7.24,3,1,1,45.1,58.2,1,0,66.8,57.9,Female,Information Technology,Placed
STU_01130,7.63,1,1,1,63.0,90.1,1,1,84.7,89.1,Female,Mechanical,Placed
STU_01131,7.62,2,2,0,97.3,83.4,0,1,82.6,78.0,Male,Electronics,Placed
STU_01132,7.72,2,2,0,89.3,74.9,1,1,76.1,80.8,Male,Information Technology,Placed
STU_01133,8.91,2,1,0,79.5,74.9,1,0,73.7,73.6,Male,Civil,Placed
STU_01134,7.75,0,1,1,67.7,70.9,1,1,73.8,95.8,Female,Civil,Placed
STU_01135,7.06,3,1,0,85.5,65.2,0,1,76.3,94.3,Male,Mechanical,Placed
STU_01136,8.26,1,2,1,76.4,78.4,0,0,68.7,74.8,Female,Civil,Placed
STU_01137,8.49,1,1,0,47.2,62.5,1,1,71.2,74.7,Male,Electronics,Placed
STU_01138,6.07,0,2,1,84.9,73.8,0,1,80.0,72.6,Male,Information Technology,Placed
STU_01139,7.9,0,2,1,57.0,73.2,0,1,72.3,62.7,Female,Computer Science,Placed
STU_01140,8.0,0,0,1,81.4,76.6,0,1,86.8,70.5,Male,Computer Science,Placed
STU_01141,7.0,0,1,1,45.8,83.3,0,1,76.7,71.5,Male,Information Technology,Placed
STU_01142,8.68,0,1,1,94.0,76.8,0,1,73.3,50.6,Female,Information Technology,Placed
STU_01143,7.15,2,1,2,65.9,80.3,0,0,81.3,49.9,Female,Mechanical,Placed
STU_01144,7.43,0,2,1,53.4,48.7,0,0,73.9,74.3,Female,Computer Science,Not Placed
STU_01145,7.13,0,2,1,59.7,77.5,0,1,70.2,84.2,Female,Electronics,Placed
STU_01146,7.32,0,2,2,64.9,72.9,0,1,74.6,66.5,Male,Electronics,Placed
STU_01147,6.2,1,1,2,69.9,76.5,1,1,57.6,94.2,Female,Civil,Placed
STU_01148,5.86,0,3,1,89.8,65.7,0,1,58.3,71.9,Male,Computer Science,Placed
STU_01149,8.89,0,1,0,71.1,85.8,0,1,68.8,65.7,Male,Mechanical,Placed
STU_01150,6.45,1,1,1,37.4,75.0,0,1,66.1,59.3,Female,Computer Science,Not Placed
STU_01151,6.31,1,2,0,51.6,63.1,0,1,84.5,76.1,Male,Computer Science,Placed
STU_01152,5.15,0,3,1,100.0,65.2,0,1,90.6,52.9,Male,Civil,Placed
STU_01153,6.66,0,1,1,72.0,82.8,1,0,81.2,66.8,Female,Mechanical,Placed
STU_01154,5.98,0,2,1,84.3,71.0,0,1,59.0,75.5,Female,Mechanical,Placed
STU_01155,8.94,3,3,1,65.4,71.9,0,1,63.9,59.6,Female,Computer Science,Placed
STU_01156,8.31,0,2,1,54.9,69.6,1,0,81.5,69.3,Female,Civil,Placed
STU_01157,6.61,1,0,0,62.8,84.1,1,1,76.3,75.3,Female,Computer Science,Placed
STU_01158,9.55,0,3,0,71.9,77.8,1,0,59.4,61.6,Female,Information Technology,Placed
STU_01159,8.28,1,2,1,63.1,57.8,0,1,69.4,82.2,Male,Mechanical,Placed
STU_01160,6.98,0,2,1,98.8,60.3,0,1,67.3,85.4,Female,Electronics,Placed
STU_01161,5.0,0,2,2,60.8,72.1,1,1,92.6,63.9,Male,Computer Science,Placed
STU_01162,9.59,1,4,0,54.2,64.3,1,0,85.1,72.8,Male,Computer Science,Placed
STU_01163,5.91,0,1,0,82.1,46.1,0,0,75.1,73.6,Male,Mechanical,Placed
STU_01164,5.65,0,0,1,84.0,63.1,0,0,80.3,78.8,Female,Electronics,Not Placed
STU_01165,8.32,1,2,1,70.4,68.7,0,1,79.5,71.7,Male,Information Technology,Placed
STU_01166,9.74,3,0,0,61.0,67.2,0,1,78.8,67.1,Male,Information Technology,Placed
STU_01167,8.68,0,1,1,41.5,80.6,0,0,96.3,63.4,Female,Electronics,Placed
STU_01168,7.86,1,2,0,88.3,45.2,0,1,92.1,84.2,Female,Information Technology,Placed
STU_01169,7.89,3,1,0,83.0,62.7,0,1,93.2,68.6,Female,Information Technology,Placed
STU_01170,8.15,2,2,0,63.4,81.5,0,0,81.3,66.5,Male,Civil,Placed
STU_01171,8.06,1,3,1,70.9,64.0,0,1,74.6,86.5,Male,Mechanical,Placed
STU_01172,7.58,1,1,2,66.6,57.5,0,0,65.6,76.6,Female,Information Technology,Placed
STU_01173,7.4,0,3,0,94.4,63.8,1,1,68.0,63.8,Female,Electronics,Placed
STU_01174,7.24,1,0,0,54.4,77.4,1,1,88.1,72.9,Male,Civil,Placed
STU_01175,6.55,0,3,1,60.7,69.0,0,1,65.3,64.3,Female,Computer Science,Placed
STU_01176,7.02,0,3,2,59.2,63.3,0,1,76.2,62.0,Male,Mechanical,Placed
STU_01177,5.61,0,1,0,74.7,77.8,0,0,64.1,69.0,Female,Civil,Placed
STU_01178,7.2,0,1,0,70.8,76.5,1,1,77.0,72.7,Male,Information Technology,Placed
STU_01179,6.31,1,1,0,73.0,56.8,0,1,67.4,68.2,Male,Information Technology,Placed
STU_01180,6.2,1,3,0,56.8,73.1,1,1,84.6,81.0,Male,Electronics,Placed
STU_01181,7.48,1,3,1,92.3,56.4,1,1,75.6,82.2,Male,Computer Science,Placed
STU_01182,8.69,0,1,3,63.2,86.0,1,0,69.9,67.2,Female,Electronics,Placed
STU_01183,8.22,0,2,1,87.8,86.8,0,1,68.4,73.1,Male,Information Technology,Placed
STU_01184,5.73,1,0,3,100.0,68.5,1,1,79.3,69.8,Female,Computer Science,Placed
STU_01185,6.31,3,2,1,56.9,84.8,0,1,78.5,64.1,Male,Information Technology,Placed
STU_01186,8.24,0,4,2,75.1,62.9,0,1,72.5,76.7,Female,Electronics,Placed
STU_01187,6.32,0,1,0,68.0,70.3,1,1,74.8,54.3,Male,Mechanical,Placed
STU_01188,7.08,2,3,0,100.0,65.0,0,1,73.1,64.4,Male,Electronics,Placed
STU_01189,,0,3,1,65.8,71.7,0,1,56.2,62.2,Female,Civil,Placed
STU_01190,6.33,2,4,0,73.7,72.8,0,0,77.6,65.1,Male,Mechanical,Placed
STU_01191,7.41,1,1,0,73.4,72.0,0,0,62.4,63.1,Male,Mechanical,Placed
STU_01192,5.97,0,1,1,68.5,70.9,1,1,69.1,57.2,Female,Mechanical,Placed
STU_01193,6.7,0,0,0,81.3,73.5,1,1,81.2,71.8,Male,Electronics,Placed
STU_01194,7.62,0,2,1,71.4,87.1,1,1,75.6,70.9,Male,Mechanical,Placed
STU_01195,5.71,0,2,0,77.2,47.9,1,0,93.3,74.9,Female,Computer Science,Placed
STU_01196,7.74,2,1,2,73.2,95.1,0,1,70.0,77.6,Female,Civil,Placed
STU_01197,7.28,1,2,0,60.9,67.8,0,1,73.9,79.5,Male,Electronics,Placed
STU_01198,7.85,1,1,1,66.0,71.1,0,0,79.6,66.2,Female,Electronics,Placed
STU_01199,7.52,1,0,0,78.3,88.0,0,0,77.6,75.7,Male,Electronics,Placed
STU_01200,8.66,0,1,2,78.3,79.3,1,1,88.5,72.1,Female,Computer Science,Placed
STU_01201,7.43,1,0,1,88.7,78.4,0,0,84.4,73.8,Female,Information Technology,Placed
STU_01202,6.87,1,1,0,97.9,86.9,0,1,91.9,70.0,Male,Computer Science,Placed
STU_01203,7.42,1,1,0,62.2,70.0,1,1,61.8,66.2,Male,Information Technology,Placed
STU_01204,7.84,0,3,0,72.0,83.0,1,1,85.9,72.3,Male,Mechanical,Placed
STU_01205,7.35,1,2,1,67.1,56.9,0,1,68.2,69.8,Male,Computer Science,Placed
STU_01206,7.34,2,1,1,53.4,77.0,0,1,82.4,78.3,Female,Mechanical,Placed
STU_01207,6.6,0,2,0,78.5,78.7,1,1,75.6,85.4,Male,Mechanical,Placed
STU_01208,6.64,0,2,1,81.7,85.8,0,1,71.1,64.7,Male,Electronics,Placed
STU_01209,5.9,1,1,2,53.8,80.5,1,1,89.7,69.1,Male,Mechanical,Placed
STU_01210,9.05,0,2,0,64.4,74.5,0,1,61.2,99.0,Female,Mechanical,Placed
STU_01211,6.06,1,2,1,62.9,68.2,0,1,96.1,55.0,Male,Mechanical,Placed
STU_01212,6.61,3,2,1,47.4,68.1,0,1,84.3,57.3,Male,Computer Science,Placed
STU_01213,6.58,1,2,1,69.5,68.2,0,1,79.7,86.6,Male,Civil,Placed
STU_01214,8.19,1,2,0,52.8,56.4,1,1,76.5,96.0,Female,Mechanical,Placed
STU_01215,7.01,1,1,0,72.4,92.9,1,1,74.3,91.0,Male,Civil,Placed
STU_01216,8.55,0,3,0,74.0,84.0,1,0,82.7,78.5,Male,Mechanical,Placed
STU_01217,6.63,0,1,1,75.9,75.1,1,1,64.1,70.3,Female,Civil,Placed
STU_01218,7.58,2,3,1,76.6,81.8,0,1,50.0,72.0,Male,Computer Science,Placed
STU_01219,6.46,1,1,0,93.0,81.0,0,1,78.9,79.4,Male,Electronics,Placed
STU_01220,9.45,0,0,0,57.9,60.1,0,1,70.5,85.3,Female,Information Technology,Placed
STU_01221,6.11,0,2,0,58.6,79.6,1,0,68.8,80.9,Male,Civil,Placed
STU_01222,7.61,1,1,2,79.8,87.2,0,1,62.2,52.8,Male,Civil,Placed
STU_01223,7.93,1,3,0,68.0,63.9,0,1,90.0,62.1,Female,Mechanical,Placed
STU_01224,7.71,2,1,1,86.9,53.6,0,1,96.2,78.1,Female,Mechanical,Placed
STU_01225,7.11,0,2,2,78.4,58.1,0,1,77.5,59.8,Female,Information Technology,Placed
STU_01226,7.17,2,1,2,98.8,70.8,0,1,76.4,54.1,Male,Civil,Placed
STU_01227,7.34,1,1,1,68.6,57.4,1,1,82.2,84.6,Female,Mechanical,Placed
STU_01228,7.15,1,1,0,47.8,69.9,0,1,81.6,77.8,Male,Electronics,Placed
STU_01229,8.26,1,2,2,75.1,64.1,0,1,72.8,92.0,Female,Mechanical,Placed
STU_01230,9.51,0,2,1,68.9,72.0,0,1,90.1,85.7,Male,Mechanical,Placed
STU_01231,6.74,3,2,1,78.0,65.9,1,0,89.3,68.2,Female,Mechanical,Placed
STU_01232,5.93,0,4,0,79.9,71.6,0,1,85.4,77.7,Male,Computer Science,Placed
STU_01233,7.21,0,2,0,62.0,79.2,0,1,95.8,66.3,Male,Civil,Placed
STU_01234,9.88,2,3,1,54.9,60.5,0,1,85.7,57.3,Male,Civil,Placed
STU_01235,6.5,1,0,2,67.8,75.4,0,1,71.4,88.2,Male,Electronics,Not Placed
STU_01236,8.94,2,0,2,34.3,61.8,0,0,78.8,72.9,Female,Electronics,Placed
STU_01237,8.98,1,1,2,71.2,71.9,1,0,87.4,89.8,Female,Electronics,Placed
STU_01238,6.75,0,0,1,63.9,71.0,0,0,67.5,76.2,Male,Mechanical,Placed
STU_01239,7.87,2,2,0,82.9,76.3,1,1,75.3,78.1,Female,Mechanical,Placed
STU_01240,8.93,0,2,1,40.2,74.2,1,0,62.2,81.3,Female,Electronics,Placed
STU_01241,6.92,2,2,1,70.1,86.9,0,1,98.1,73.0,Female,Civil,Placed
STU_01242,7.1,0,2,1,93.6,71.7,0,1,82.1,72.4,Male,Information Technology,Placed
STU_01243,6.72,2,4,2,,64.5,1,1,84.0,77.7,Female,Civil,Placed
STU_01244,6.29,0,3,0,84.7,83.2,0,1,62.9,88.7,Male,Mechanical,Placed
STU_01245,6.65,1,0,0,75.1,76.0,0,1,89.1,80.6,Female,Electronics,Not Placed
STU_01246,6.08,2,1,2,45.1,82.6,0,0,81.1,75.2,Male,Computer Science,Placed
STU_01247,7.33,1,1,0,72.5,70.6,0,1,60.0,70.5,Female,Electronics,Not Placed
STU_01248,6.53,1,1,1,76.1,56.3,1,0,82.6,73.7,Male,Mechanical,Placed
STU_01249,7.53,2,2,2,53.8,98.9,0,0,68.2,65.5,Male,Information Technology,Placed
STU_01250,5.74,1,2,0,68.1,64.8,0,0,78.6,64.2,Female,Electronics,Not Placed
STU_01251,7.63,2,1,2,26.5,58.1,0,0,85.5,72.4,Female,Civil,Placed
STU_01252,8.13,0,2,0,65.0,80.6,1,1,79.9,75.1,Female,Mechanical,Placed
STU_01253,5.31,0,2,2,63.5,60.7,0,1,59.6,83.0,Female,Computer Science,Placed
STU_01254,7.67,0,0,0,91.0,67.3,1,1,80.6,62.6,Male,Mechanical,Placed
STU_01255,8.53,0,1,1,61.0,73.5,0,1,86.5,75.1,Female,Electronics,Placed
STU_01256,6.09,0,3,1,66.0,70.3,1,0,76.0,79.7,Male,Computer Science,Placed
STU_01257,8.97,1,2,1,68.8,67.6,0,1,83.2,64.2,Male,Civil,Placed
STU_01258,7.72,0,1,1,61.1,91.1,0,1,83.3,69.9,Female,Electronics,Placed
STU_01259,6.59,0,1,2,80.8,70.7,1,1,57.8,83.4,Female,Mechanical,Not Placed
STU_01260,7.24,0,1,1,40.1,61.2,0,1,90.5,74.3,Male,Civil,Not Placed
STU_01261,7.86,2,0,3,87.0,83.7,1,1,72.4,52.8,Male,Information Technology,Placed
STU_01262,7.38,1,3,1,69.8,63.3,1,1,70.8,83.5,Female,Information Technology,Placed
STU_01263,7.84,0,0,1,89.5,70.7,0,1,71.1,76.0,Male,Information Technology,Placed
STU_01264,6.38,2,1,0,28.8,61.1,1,0,90.3,57.3,Female,Civil,Placed
STU_01265,7.47,0,0,3,33.5,74.5,0,0,92.7,65.3,Female,Information Technology,Placed
STU_01266,5.89,3,2,0,65.6,72.5,0,1,82.7,73.6,Female,Computer Science,Placed
STU_01267,7.19,1,0,0,77.6,71.7,0,1,73.2,78.4,Male,Civil,Placed
STU_01268,6.4,0,1,0,61.7,73.8,1,0,99.0,86.3,Male,Computer Science,Placed
STU_01269,6.56,1,2,0,78.8,81.8,0,1,77.8,65.1,Female,Electronics,Placed
STU_01270,8.54,1,1,2,84.7,80.4,1,0,71.5,70.0,Male,Information Technology,Placed
STU_01271,8.39,0,1,0,80.0,59.5,0,1,88.2,84.7,Female,Mechanical,Placed
STU_01272,7.91,2,1,2,71.5,63.9,1,1,76.8,86.5,Male,Computer Science,Placed
STU_01273,6.21,0,2,1,71.4,83.1,1,0,98.9,71.4,Male,Information Technology,Placed
STU_01274,6.98,0,4,2,60.8,62.6,0,1,69.5,69.1,Male,Information Technology,Placed
STU_01275,8.51,0,1,1,69.2,77.9,1,0,76.2,80.5,Male,Electronics,Placed
STU_01276,7.44,0,0,0,54.6,82.1,0,0,93.3,52.2,Male,Computer Science,Not Placed
STU_01277,9.62,0,0,1,58.2,52.3,0,0,82.9,74.9,Male,Mechanical,Not Placed
STU_01278,7.69,2,2,1,77.7,67.1,1,0,75.0,74.7,Male,Computer Science,Placed
STU_01279,7.49,0,2,0,63.1,81.8,1,1,68.8,69.9,Male,Mechanical,Placed
STU_01280,6.99,0,2,0,58.9,70.2,0,1,66.6,80.2,Male,Computer Science,Placed
STU_01281,7.43,1,2,0,76.7,67.1,0,1,65.1,87.0,Male,Civil,Not Placed
STU_01282,7.15,2,3,0,75.7,82.0,0,0,87.7,64.3,Female,Information Technology,Placed
STU_01283,8.01,3,3,1,66.8,85.2,1,1,85.9,67.0,Female,Electronics,Placed
STU_01284,8.26,1,2,0,67.8,63.9,1,1,83.2,82.3,Male,Civil,Placed
STU_01285,6.51,3,2,1,76.2,93.2,0,0,66.9,59.0,Male,Computer Science,Placed
STU_01286,5.97,1,1,3,84.5,50.6,0,1,75.1,69.1,Male,Civil,Placed
STU_01287,5.46,3,2,0,73.0,53.9,1,0,81.3,98.9,Female,Electronics,Placed
STU_01288,7.81,1,2,1,52.1,66.5,0,0,90.6,77.1,Male,Mechanical,Placed
STU_01289,6.2,0,2,0,66.7,68.0,0,1,81.6,71.9,Male,Civil,Placed
STU_01290,5.15,0,1,0,63.9,68.5,0,0,79.3,56.0,Female,Computer Science,Not Placed
STU_01291,7.69,1,2,1,54.2,65.6,1,0,68.7,48.5,Female,Computer Science,Placed
STU_01292,9.79,0,2,0,77.5,63.3,0,1,87.0,86.7,Female,Information Technology,Placed
STU_01293,7.29,0,2,0,78.6,69.4,1,0,75.2,62.2,Male,Civil,Placed
STU_01294,8.14,1,1,0,80.9,64.9,1,0,63.9,75.5,Male,Mechanical,Placed
STU_01295,7.38,2,1,2,55.1,80.2,0,1,69.2,89.0,Female,Computer Science,Not Placed
STU_01296,7.2,0,1,1,72.4,72.4,1,0,84.8,69.5,Male,Information Technology,Placed
STU_01297,8.22,1,3,3,69.9,69.3,1,1,85.2,69.9,Female,Civil,Placed
STU_01298,7.01,1,2,2,74.6,71.1,0,1,51.2,82.7,Female,Electronics,Placed
STU_01299,7.57,3,1,0,71.9,85.4,1,0,77.1,89.9,Male,Civil,Placed
STU_01300,7.62,2,0,0,69.8,66.2,0,0,65.1,84.3,Female,Information Technology,Placed
STU_01301,6.63,1,2,0,68.0,56.7,0,1,82.0,91.2,Female,Computer Science,Placed
STU_01302,8.29,1,1,1,86.6,60.3,1,1,83.9,49.6,Male,Electronics,Placed
STU_01303,7.13,0,4,1,57.1,69.2,0,1,67.3,79.6,Male,Computer Science,Placed
STU_01304,6.54,1,2,0,67.4,77.8,1,1,78.1,89.1,Male,Mechanical,Placed
STU_01305,7.84,1,1,0,86.2,82.6,0,1,86.4,80.0,Female,Information Technology,Placed
STU_01306,6.4,2,2,0,57.8,91.8,1,0,88.2,73.4,Female,Civil,Placed
STU_01307,7.33,1,1,2,58.6,80.9,0,1,69.5,61.5,Female,Mechanical,Placed
STU_01308,7.29,0,3,2,81.0,61.4,0,1,88.8,66.9,Female,Mechanical,Placed
STU_01309,8.39,1,1,0,48.6,69.6,1,1,80.6,91.5,Female,Electronics,Placed
STU_01310,7.77,0,4,0,79.9,46.0,0,0,73.1,74.6,Male,Electronics,Placed
STU_01311,7.27,0,2,0,62.7,68.3,1,0,77.1,68.1,Male,Mechanical,Placed
STU_01312,8.12,0,3,2,76.2,64.7,1,1,86.0,57.9,Male,Computer Science,Placed
STU_01313,8.69,0,0,3,51.7,44.2,0,1,85.8,80.1,Male,Information Technology,Placed
STU_01314,7.86,2,1,0,87.8,97.3,1,0,87.1,66.1,Male,Mechanical,Placed
STU_01315,7.31,0,2,0,51.7,67.5,0,0,71.3,74.6,Male,Civil,Placed
STU_01316,,0,2,0,80.9,46.7,1,1,80.2,94.0,Male,Information Technology,Not Placed
STU_01317,6.23,3,1,1,52.4,68.7,1,1,75.6,83.8,Male,Information Technology,Placed
STU_01318,6.99,0,1,1,97.1,91.8,0,1,80.1,89.4,Male,Civil,Placed
STU_01319,6.69,0,1,1,68.9,94.9,0,1,72.9,76.6,Male,Electronics,Placed
STU_01320,7.11,0,2,3,99.3,72.7,1,1,93.9,82.8,Male,Civil,Placed
STU_01321,7.36,0,1,0,57.7,73.2,1,0,77.8,89.6,Female,Electronics,Placed
STU_01322,7.83,0,1,2,63.4,86.7,0,0,76.6,65.9,Male,Electronics,Placed
STU_01323,7.23,0,1,0,88.2,70.2,0,1,82.4,74.6,Male,Information Technology,Placed
STU_01324,7.79,1,1,0,48.6,77.5,0,1,89.1,67.4,Male,Electronics,Placed
STU_01325,7.36,0,1,1,59.5,82.1,1,0,78.5,68.3,Female,Information Technology,Placed
STU_01326,5.32,0,4,2,77.4,59.1,0,0,74.9,73.4,Male,Computer Science,Not Placed
STU_01327,6.36,2,1,1,54.7,90.4,1,1,86.9,64.5,Male,Civil,Placed
STU_01328,7.16,0,3,2,77.8,61.4,0,0,95.4,70.9,Male,Civil,Placed
STU_01329,6.09,2,1,2,72.6,64.4,1,0,92.2,82.5,Male,Electronics,Placed
STU_01330,7.9,1,1,0,47.3,73.2,0,1,68.2,73.9,Female,Electronics,Placed
STU_01331,8.83,0,1,2,84.5,83.3,1,1,85.7,66.5,Female,Computer Science,Placed
STU_01332,8.52,1,2,2,51.1,80.1,0,1,77.3,83.6,Male,Computer Science,Placed
STU_01333,7.09,0,2,1,81.6,71.4,0,0,90.7,64.9,Male,Information Technology,Placed
STU_01334,8.79,0,2,1,71.9,75.4,0,1,96.3,62.9,Female,Mechanical,Placed
STU_01335,7.45,1,0,2,63.2,84.9,0,1,54.3,88.2,Female,Computer Science,Placed
STU_01336,6.96,1,3,2,53.4,72.1,1,0,78.1,84.3,Male,Computer Science,Placed
STU_01337,6.69,1,4,0,74.9,62.3,1,1,73.4,71.3,Female,Civil,Placed
STU_01338,7.0,2,1,2,56.9,64.8,1,1,70.9,95.9,Male,Civil,Not Placed
STU_01339,6.91,0,2,2,88.1,82.9,1,0,68.8,68.8,Female,Computer Science,Placed
STU_01340,7.47,1,2,0,88.7,62.3,0,1,73.5,82.5,Male,Computer Science,Placed
STU_01341,7.46,1,1,1,94.6,53.2,1,1,75.1,57.6,Male,Civil,Placed
STU_01342,7.3,3,0,0,74.2,68.3,0,1,74.5,63.8,Male,Computer Science,Placed
STU_01343,7.74,2,2,0,63.9,71.1,1,1,57.8,86.3,Male,Computer Science,Placed
STU_01344,8.49,2,3,1,65.5,82.3,0,1,79.3,90.6,Male,Mechanical,Placed
STU_01345,8.25,0,0,2,64.4,54.5,0,1,88.6,73.3,Male,Computer Science,Placed
STU_01346,5.82,1,2,0,73.7,76.2,0,1,72.4,99.0,Female,Electronics,Placed
STU_01347,5.0,0,3,2,76.5,85.8,1,0,61.6,89.4,Male,Electronics,Placed
STU_01348,8.23,0,1,1,88.5,62.2,1,1,79.0,67.3,Female,Mechanical,Placed
STU_01349,5.93,2,1,2,70.3,73.0,0,1,88.6,70.8,Male,Computer Science,Placed
STU_01350,7.08,0,2,2,49.0,46.2,1,1,79.6,59.8,Female,Mechanical,Not Placed
STU_01351,6.13,3,1,2,63.9,82.5,1,1,70.7,70.1,Male,Computer Science,Placed
STU_01352,5.5,0,1,2,93.3,81.5,0,1,67.5,77.6,Female,Computer Science,Placed
STU_01353,7.84,2,1,2,46.7,71.8,1,1,85.1,75.4,Male,Computer Science,Placed
STU_01354,8.06,0,1,0,81.1,56.1,0,1,75.7,75.3,Male,Electronics,Placed
STU_01355,6.72,0,3,0,64.1,80.0,1,1,72.8,86.0,Male,Electronics,Placed
STU_01356,5.0,0,2,0,56.7,69.1,0,0,71.9,76.8,Female,Information Technology,Placed
STU_01357,6.75,1,1,1,75.9,38.6,0,1,80.2,82.5,Male,Mechanical,Placed
STU_01358,7.69,0,2,0,93.4,81.3,1,1,79.2,79.9,Male,Civil,Placed
STU_01359,5.82,1,4,0,75.1,86.0,0,1,78.5,78.2,Female,Mechanical,Placed
STU_01360,7.48,0,0,2,66.1,88.1,0,1,68.4,85.1,Male,Mechanical,Placed
STU_01361,7.28,0,1,1,50.6,56.7,1,1,67.7,83.8,Female,Electronics,Not Placed
STU_01362,7.88,0,4,2,68.5,49.0,1,1,71.5,62.6,Female,Computer Science,Placed
STU_01363,7.42,0,4,0,50.0,67.1,1,1,80.9,95.0,Male,Mechanical,Placed
STU_01364,6.33,2,1,0,65.4,78.2,1,1,83.5,76.3,Male,Mechanical,Placed
STU_01365,8.5,2,0,0,69.1,60.7,0,1,92.7,64.5,Male,Mechanical,Placed
STU_01366,7.14,0,1,0,34.6,52.9,0,1,69.6,74.3,Male,Information Technology,Placed
STU_01367,7.27,1,0,0,90.8,80.7,1,1,85.3,77.9,Female,Electronics,Placed
STU_01368,6.37,1,2,0,51.4,67.9,1,1,60.8,81.5,Male,Electronics,Not Placed
STU_01369,6.86,0,0,0,67.2,79.5,0,1,81.5,85.6,Female,Information Technology,Placed
STU_01370,6.42,0,0,1,78.0,72.2,1,1,62.9,83.4,Male,Information Technology,Placed
STU_01371,7.13,1,2,0,89.6,70.0,0,0,65.7,95.2,Female,Information Technology,Placed
STU_01372,9.01,0,4,0,58.1,71.2,0,1,85.5,76.2,Female,Information Technology,Placed
STU_01373,5.93,0,1,1,32.4,67.7,0,1,79.5,73.3,Male,Electronics,Not Placed
STU_01374,5.69,0,1,1,86.2,66.5,1,1,74.8,58.9,Male,Information Technology,Not Placed
STU_01375,8.77,1,4,2,51.3,58.8,0,1,64.1,85.7,Male,Electronics,Placed
STU_01376,7.09,0,2,1,75.4,77.8,1,1,81.7,81.7,Female,Computer Science,Placed
STU_01377,6.63,0,1,3,76.3,87.0,1,1,78.9,68.8,Female,Mechanical,Placed
STU_01378,8.34,0,1,2,,66.0,1,1,85.2,77.7,Male,Civil,Placed
STU_01379,6.69,0,1,1,45.8,94.4,0,1,60.6,74.9,Male,Electronics,Placed
STU_01380,9.13,0,2,1,63.1,76.5,1,0,84.2,76.9,Male,Electronics,Placed
STU_01381,7.98,2,1,0,31.2,75.1,0,1,72.6,72.0,Male,Civil,Placed
STU_01382,6.81,0,1,1,49.9,79.9,1,1,80.9,76.2,Female,Computer Science,Placed
STU_01383,9.46,1,1,1,71.8,83.7,1,1,77.4,58.3,Male,Computer Science,Placed
STU_01384,6.69,0,1,2,68.7,66.5,1,0,69.5,70.5,Female,Mechanical,Placed
STU_01385,8.04,1,2,1,74.5,78.7,0,1,73.9,78.4,Male,Information Technology,Placed
STU_01386,7.6,1,0,3,76.7,84.6,0,0,69.2,67.2,Female,Mechanical,Not Placed
STU_01387,8.6,0,1,2,44.8,67.4,1,1,72.7,79.3,Male,Civil,Placed
STU_01388,8.86,2,3,3,50.7,72.1,1,1,68.9,97.7,Female,Information Technology,Placed
STU_01389,7.33,1,2,0,81.4,62.8,1,0,82.0,62.3,Male,Information Technology,Placed
STU_01390,6.55,2,0,0,92.9,66.1,0,1,69.4,54.8,Male,Civil,Placed
STU_01391,7.76,0,2,2,55.5,67.8,0,1,83.6,88.3,Female,Electronics,Placed
STU_01392,6.62,3,0,2,73.9,61.1,0,0,99.0,98.0,Female,Mechanical,Placed
STU_01393,9.31,1,2,0,82.1,71.2,0,1,75.4,79.1,Male,Civil,Placed
STU_01394,7.44,3,2,2,73.6,76.0,0,1,62.2,75.1,Male,Civil,Placed
STU_01395,6.93,1,2,1,66.3,77.1,1,1,99.0,67.9,Male,Mechanical,Placed
STU_01396,7.48,1,2,0,60.4,62.3,1,1,81.5,80.9,Female,Civil,Placed
STU_01397,5.95,1,0,1,99.8,64.7,0,1,76.7,74.8,Male,Electronics,Placed
STU_01398,6.33,2,2,2,71.4,82.2,1,1,74.3,84.3,Male,Mechanical,Placed
STU_01399,8.5,3,0,1,75.8,64.7,1,0,67.5,56.2,Male,Civil,Placed
STU_01400,6.64,0,1,2,74.9,81.9,0,0,74.6,78.6,Female,Information Technology,Placed
STU_01401,6.25,1,3,0,57.8,63.2,1,1,70.2,65.8,Female,Mechanical,Placed
STU_01402,7.84,0,2,1,70.8,76.5,1,1,70.3,85.4,Female,Civil,Placed
STU_01403,8.49,1,4,2,65.2,81.0,0,1,83.9,62.4,Female,Electronics,Placed
STU_01404,8.02,0,0,1,64.9,40.2,0,0,87.7,81.9,Male,Information Technology,Placed
STU_01405,8.3,0,2,0,74.8,82.4,0,1,75.7,68.6,Male,Electronics,Placed
STU_01406,6.54,2,0,1,56.3,87.6,0,0,83.0,70.2,Male,Civil,Placed
STU_01407,5.88,0,2,2,51.9,68.3,1,1,99.0,84.3,Female,Information Technology,Placed
STU_01408,8.8,1,0,0,77.5,76.1,0,0,69.6,66.2,Male,Mechanical,Placed
STU_01409,6.98,1,1,1,62.0,61.9,1,1,61.7,58.5,Male,Information Technology,Placed
STU_01410,7.05,0,1,0,64.8,76.4,1,1,86.3,75.8,Female,Electronics,Not Placed
STU_01411,8.63,0,2,1,41.1,100.0,1,0,70.7,67.7,Female,Computer Science,Placed
STU_01412,7.86,1,1,1,84.4,45.6,0,1,72.7,59.9,Male,Civil,Placed
STU_01413,7.76,0,3,2,77.9,66.0,1,0,79.2,78.9,Female,Computer Science,Placed
STU_01414,9.47,2,0,1,80.6,81.6,1,1,90.4,78.2,Male,Civil,Placed
STU_01415,6.66,3,0,1,75.8,87.1,0,0,79.3,76.3,Male,Computer Science,Placed
STU_01416,8.23,0,1,2,47.3,55.4,1,0,56.8,80.6,Male,Information Technology,Placed
STU_01417,7.36,0,4,0,73.4,64.3,1,1,81.6,53.1,Female,Information Technology,Placed
STU_01418,7.57,1,0,1,60.9,65.0,0,1,80.3,66.6,Male,Mechanical,Not Placed
STU_01419,8.83,1,0,2,55.6,64.2,1,1,69.4,78.1,Male,Information Technology,Placed
STU_01420,7.81,0,2,0,77.5,70.6,0,0,61.0,86.4,Male,Information Technology,Placed
STU_01421,7.84,0,1,0,94.9,54.9,0,1,74.2,77.6,Female,,Placed
STU_01422,8.37,1,2,1,92.4,68.9,0,0,55.0,87.9,Female,Civil,Placed
STU_01423,6.94,3,1,0,79.3,60.8,1,1,60.1,67.6,Male,Information Technology,Placed
STU_01424,6.46,0,2,0,69.5,71.2,0,1,64.5,68.2,Male,Information Technology,Placed
STU_01425,6.26,0,1,3,66.8,63.5,0,1,65.5,70.9,Male,Electronics,Placed
STU_01426,5.33,3,2,1,56.4,70.0,0,1,86.8,74.1,Male,Computer Science,Placed
STU_01427,9.36,1,2,2,66.0,59.6,1,0,76.5,55.5,Male,Information Technology,Placed
STU_01428,6.2,1,2,0,83.6,83.4,0,1,81.5,74.8,Female,Information Technology,Placed
STU_01429,7.08,1,2,2,97.3,68.1,1,0,80.1,74.6,Male,Mechanical,Placed
STU_01430,7.02,3,3,2,57.8,72.2,1,1,62.6,68.3,Male,Electronics,Placed
STU_01431,7.61,1,1,2,40.1,70.3,0,0,72.4,66.5,Female,Civil,Placed
STU_01432,8.12,2,1,0,62.0,72.1,0,1,75.7,78.0,Male,Computer Science,Placed
STU_01433,8.16,1,2,1,83.6,72.0,0,1,76.7,81.5,Female,Civil,Placed
STU_01434,6.72,1,2,1,100.0,81.7,0,1,82.8,76.6,Male,Information Technology,Placed
STU_01435,7.13,0,0,2,89.7,68.6,1,1,87.3,76.6,Female,Mechanical,Placed
STU_01436,7.58,0,2,2,89.3,63.4,0,1,81.7,74.6,Male,Electronics,Placed
STU_01437,7.05,1,1,0,57.3,72.5,1,0,95.6,75.2,Female,Computer Science,Not Placed
STU_01438,8.91,0,2,2,57.7,64.6,1,0,82.4,82.5,Male,Electronics,Placed
STU_01439,7.79,1,3,2,50.1,71.1,0,0,72.7,92.8,Female,Electronics,Placed
STU_01440,8.03,0,2,1,60.0,59.4,1,1,90.8,91.4,Male,Electronics,Placed
STU_01441,7.96,2,0,0,83.7,84.6,1,1,65.8,63.1,Female,Civil,Placed
STU_01442,8.47,0,2,2,94.4,62.6,0,0,83.3,51.8,Male,Electronics,Placed
STU_01443,7.48,2,2,1,75.2,86.4,0,1,76.5,80.8,Female,Information Technology,Placed
STU_01444,6.0,1,1,2,66.2,71.3,0,1,69.4,75.2,Female,Information Technology,Placed
STU_01445,7.7,0,2,2,54.0,82.3,1,1,80.1,74.3,Male,Information Technology,Placed
STU_01446,6.65,1,4,0,68.3,62.8,0,1,75.1,79.2,Male,Mechanical,Placed
STU_01447,6.77,0,1,1,73.0,48.4,0,1,59.5,72.3,Male,Mechanical,Placed
STU_01448,7.89,0,1,1,48.1,52.2,1,0,79.8,57.2,Female,Electronics,Placed
STU_01449,8.54,0,1,2,83.8,100.0,0,0,67.7,62.4,Male,Computer Science,Placed
STU_01450,7.32,0,2,0,63.6,64.8,0,1,79.2,63.1,Female,Mechanical,Placed
STU_01451,7.61,3,3,0,82.9,85.2,0,1,76.7,82.3,Male,Civil,Placed
STU_01452,9.0,0,2,2,69.8,56.4,0,1,82.3,95.7,Female,Information Technology,Placed
STU_01453,7.54,1,1,0,74.5,74.1,0,1,55.3,69.8,Male,Electronics,Placed
STU_01454,9.9,0,2,1,59.5,76.2,0,1,68.1,99.0,Female,Civil,Placed
STU_01455,7.87,1,2,0,64.8,100.0,0,0,79.1,54.1,Male,Civil,Placed
STU_01456,5.54,0,2,1,79.6,68.2,0,1,99.0,69.4,Female,Computer Science,Placed
STU_01457,8.05,1,1,1,68.0,63.5,0,1,79.4,77.0,Female,Information Technology,Placed
STU_01458,7.68,1,2,1,53.4,76.2,0,1,73.6,48.0,Female,Information Technology,Placed
STU_01459,8.59,1,1,3,71.7,60.9,0,1,86.7,91.7,Male,Mechanical,Placed
STU_01460,7.97,0,0,0,75.8,76.9,1,1,72.1,67.4,Male,Mechanical,Placed
STU_01461,7.16,1,2,0,90.6,71.4,0,1,82.3,75.4,Male,,Placed
STU_01462,6.08,0,4,1,87.3,63.0,0,1,78.5,79.9,Male,Civil,Placed
STU_01463,7.09,0,1,1,69.0,77.9,1,1,88.7,57.5,Female,Civil,Placed
STU_01464,6.45,0,4,1,61.8,73.3,0,1,84.6,99.0,Female,Information Technology,Placed
STU_01465,6.72,0,0,0,66.6,81.1,0,1,73.2,76.5,Male,Civil,Placed
STU_01466,7.89,1,2,2,62.1,91.8,1,1,63.0,71.3,Male,Information Technology,Placed
STU_01467,8.97,1,0,1,77.6,66.0,0,1,67.3,62.8,Male,Mechanical,Placed
STU_01468,7.69,0,1,0,85.6,67.1,0,1,81.0,77.3,Male,Computer Science,Placed
STU_01469,6.1,0,2,1,88.6,55.9,0,1,77.5,57.7,Female,Mechanical,Placed
STU_01470,7.74,0,2,0,63.8,78.3,0,0,78.3,76.5,Male,Information Technology,Placed
STU_01471,8.5,1,2,0,62.3,64.3,0,1,80.5,90.4,Female,Information Technology,Placed
STU_01472,6.69,1,2,0,63.7,76.1,0,1,69.8,87.8,Male,Mechanical,Placed
STU_01473,7.17,0,2,0,41.0,86.0,0,0,77.0,68.9,Female,Mechanical,Placed
STU_01474,7.31,1,3,0,52.0,63.8,1,0,77.9,71.9,Female,Information Technology,Placed
STU_01475,6.52,1,2,1,69.5,66.3,0,1,63.6,81.0,Female,Electronics,Placed
STU_01476,7.95,1,1,1,75.7,84.2,0,0,71.9,88.0,Male,Mechanical,Placed
STU_01477,7.18,1,1,1,77.4,80.5,0,1,81.9,91.9,Female,Civil,Not Placed
STU_01478,7.72,1,1,0,58.3,79.2,0,1,85.0,92.9,Male,Mechanical,Placed
STU_01479,6.41,1,2,2,62.6,67.3,0,1,69.9,64.7,Male,Computer Science,Placed
STU_01480,6.86,0,0,2,66.0,54.8,1,0,83.0,83.3,Female,Information Technology,Not Placed
STU_01481,8.02,0,0,3,64.3,63.5,1,1,71.9,59.8,Male,Computer Science,Placed
STU_01482,6.93,0,0,0,80.3,59.9,0,1,69.2,69.9,Female,Computer Science,Not Placed
STU_01483,9.03,1,2,1,50.4,79.0,0,1,97.1,62.1,Male,Electronics,Placed
STU_01484,6.9,2,1,0,52.8,75.4,1,0,73.8,62.3,Male,Mechanical,Not Placed
STU_01485,7.52,0,1,2,65.5,64.8,1,1,63.3,77.7,Female,Civil,Placed
STU_01486,8.23,0,2,0,49.5,66.9,0,1,73.6,67.4,Male,Mechanical,Placed
STU_01487,5.88,1,2,0,41.5,77.7,1,0,75.3,78.2,Male,Information Technology,Placed
STU_01488,5.54,2,1,1,47.6,68.2,1,1,87.1,61.7,Male,Mechanical,Placed
STU_01489,5.77,2,2,1,66.4,65.0,0,0,74.4,80.3,Female,Electronics,Placed
STU_01490,8.56,1,0,1,79.5,95.7,1,0,81.8,70.3,Male,Civil,Placed
STU_01491,6.75,2,3,0,79.8,65.4,1,1,88.6,71.8,Male,Information Technology,Placed
STU_01492,9.86,0,1,1,93.8,80.0,1,1,72.2,60.7,Male,Information Technology,Placed
STU_01493,6.74,0,4,2,71.5,76.7,0,1,80.9,86.2,Male,Computer Science,Placed
STU_01494,7.48,0,4,2,73.5,53.7,1,1,77.4,76.5,Female,Information Technology,Placed
STU_01495,8.84,1,2,1,66.2,63.9,0,0,80.3,80.9,Male,Electronics,Placed
STU_01496,9.31,0,0,1,67.0,81.8,1,1,79.0,61.0,Male,Computer Science,Placed
STU_01497,9.36,1,2,0,100.0,70.4,0,0,79.5,82.4,Female,Mechanical,Placed
STU_01498,8.51,1,0,0,73.9,54.4,0,0,75.1,75.5,Female,Civil,Placed
STU_01499,8.32,0,3,0,75.2,76.7,1,1,78.3,69.5,Female,Civil,Placed
STU_01500,7.89,2,2,1,52.8,65.0,0,1,75.3,90.1,Female,Information Technology,Placed
STU_01501,8.08,0,4,1,76.2,77.2,1,0,99.0,79.5,Female,Civil,Placed
STU_01502,6.75,0,2,1,79.9,100.0,0,1,84.1,80.0,Female,Mechanical,Placed
STU_01503,6.48,1,2,0,86.7,76.6,1,1,78.0,53.4,Male,Civil,Placed
STU_01504,7.3,0,2,1,79.5,79.3,0,1,74.6,86.9,Male,Computer Science,Placed
STU_01505,7.13,1,1,0,68.1,69.0,1,1,87.8,79.9,Male,Information Technology,Placed
STU_01506,6.85,2,2,2,67.5,58.6,1,1,69.8,88.6,Male,Electronics,Not Placed
STU_01507,8.0,2,2,0,68.9,84.3,1,1,65.2,68.5,Male,Civil,Placed
STU_01508,8.26,2,3,1,71.6,64.7,1,1,64.4,67.2,Male,Civil,Placed
STU_01509,7.39,0,2,1,89.0,69.2,0,1,91.0,92.8,Female,Information Technology,Placed
STU_01510,8.78,1,3,0,86.1,93.5,1,0,90.5,85.5,Male,Computer Science,Placed
STU_01511,6.16,0,3,0,81.3,67.9,1,1,79.6,59.3,Male,Information Technology,Placed
STU_01512,7.11,0,2,1,100.0,86.6,1,1,72.4,75.2,Male,Electronics,Placed
STU_01513,6.58,0,1,0,30.2,76.6,1,0,72.5,86.2,Male,Information Technology,Placed
STU_01514,,0,2,1,63.1,65.4,1,1,98.4,77.0,Female,Information Technology,Placed
STU_01515,7.22,2,1,2,69.8,76.1,1,0,77.1,69.0,Female,Civil,Placed
STU_01516,7.18,0,0,0,59.9,63.4,1,1,81.4,67.6,Female,Electronics,Placed
STU_01517,8.81,1,1,1,56.1,82.9,1,0,73.6,75.7,Male,Mechanical,Placed
STU_01518,7.93,0,4,2,44.2,87.0,1,1,78.9,86.2,Male,Computer Science,Placed
STU_01519,6.28,1,0,1,65.3,72.6,0,1,81.8,64.1,Male,Information Technology,Placed
STU_01520,9.15,3,2,3,83.4,88.1,1,1,96.1,51.5,Male,Mechanical,Placed
STU_01521,8.52,0,3,0,81.6,73.9,1,1,77.1,70.5,Female,Civil,Placed
STU_01522,7.88,1,2,1,58.7,83.0,0,1,83.2,80.0,Female,Electronics,Placed
STU_01523,7.07,0,2,1,73.3,100.0,0,1,74.4,82.4,Male,Electronics,Not Placed
STU_01524,6.34,0,2,2,90.4,100.0,0,1,79.9,63.8,Female,Civil,Placed
STU_01525,6.93,1,1,0,47.2,69.8,0,0,81.4,78.0,Female,Civil,Placed
STU_01526,8.39,2,0,0,67.6,75.5,1,1,76.0,68.0,Male,Computer Science,Placed
STU_01527,9.18,0,4,0,74.3,59.4,0,0,80.4,83.1,Female,Mechanical,Placed
STU_01528,8.84,0,1,2,70.2,81.6,1,1,70.9,73.5,Female,Information Technology,Placed
STU_01529,6.81,0,2,1,82.8,76.7,1,0,83.0,84.2,Male,Civil,Placed
STU_01530,6.18,1,2,2,47.5,62.7,1,0,78.6,75.7,Female,Electronics,Placed
STU_01531,7.44,1,0,0,54.9,86.2,0,1,72.5,80.5,Female,Civil,Placed
STU_01532,5.53,1,4,0,80.2,68.8,0,1,76.8,70.1,Male,Civil,Placed
STU_01533,7.62,1,2,0,44.5,65.7,0,1,91.1,67.2,Male,Electronics,Placed
STU_01534,7.15,2,0,1,82.2,76.8,0,1,77.0,71.9,Female,Electronics,Placed
STU_01535,6.83,1,4,2,76.7,66.4,0,1,82.3,81.8,Female,Electronics,Placed
STU_01536,5.71,2,2,0,81.1,71.6,0,1,82.2,99.0,Female,Civil,Placed
STU_01537,7.81,2,2,2,63.0,93.0,0,0,83.8,88.9,Female,Information Technology,Placed
STU_01538,6.77,1,2,0,77.6,64.6,0,0,67.0,91.7,Male,Electronics,Placed
STU_01539,6.13,1,0,1,52.4,80.1,0,1,67.6,73.8,Male,Computer Science,Placed
STU_01540,5.0,2,2,1,63.8,65.0,1,1,70.5,69.1,Male,Computer Science,Not Placed
STU_01541,7.27,2,0,0,70.5,60.3,1,1,84.1,50.8,Female,Information Technology,Placed
STU_01542,9.07,0,2,0,56.5,71.0,1,0,80.6,68.4,Male,Information Technology,Placed
STU_01543,8.96,0,2,0,73.3,100.0,1,1,80.1,59.8,Female,Civil,Placed
STU_01544,6.84,3,3,0,52.8,81.4,0,0,76.8,83.5,Male,Computer Science,Placed
STU_01545,6.7,0,2,2,74.0,77.5,1,1,64.8,72.8,Female,Information Technology,Placed
STU_01546,7.77,2,1,3,96.1,65.7,0,1,72.0,60.5,Male,Mechanical,Placed
STU_01547,6.3,0,3,1,51.2,67.4,0,0,80.1,81.0,Female,Computer Science,Placed
STU_01548,7.6,0,2,1,69.7,54.2,0,1,76.3,78.5,Male,Civil,Placed
STU_01549,8.07,0,2,0,45.7,93.5,0,1,79.8,62.5,Male,Information Technology,Placed
STU_01550,8.53,0,1,0,57.5,75.2,0,1,62.4,91.6,Female,Civil,Placed
STU_01551,7.2,0,3,2,80.5,74.2,1,1,77.9,66.7,Male,Mechanical,Placed
STU_01552,7.1,1,3,1,63.5,74.4,1,0,57.1,81.6,Male,Electronics,Placed
STU_01553,6.42,1,2,1,81.1,97.1,0,1,65.0,73.6,Male,Mechanical,Placed
STU_01554,6.47,3,3,2,75.3,75.6,1,1,68.3,93.1,Male,Computer Science,Placed
STU_01555,7.07,0,1,1,,69.7,1,1,59.6,85.1,Male,Electronics,Placed
STU_01556,7.67,1,3,0,54.6,93.6,0,1,70.0,62.9,Male,Computer Science,Placed
STU_01557,8.21,1,2,2,80.3,70.4,1,0,80.8,95.0,Male,Information Technology,Placed
STU_01558,6.5,1,1,1,74.6,51.7,1,0,89.7,61.1,Male,Information Technology,Placed
STU_01559,8.79,1,2,2,47.1,53.7,0,1,72.6,63.3,Female,Civil,Placed
STU_01560,7.03,0,2,1,55.5,69.7,1,0,71.4,92.9,Female,Computer Science,Placed
STU_01561,7.28,0,1,0,28.5,75.5,1,0,76.8,74.7,Female,Electronics,Placed
STU_01562,6.55,0,0,0,49.5,81.9,1,1,75.3,78.4,Male,Electronics,Placed
STU_01563,5.0,0,1,1,65.3,61.0,1,0,67.9,79.7,Male,,Placed
STU_01564,8.18,1,1,1,54.2,69.3,0,0,83.4,63.2,Female,Information Technology,Placed
STU_01565,8.04,0,1,1,57.5,62.3,1,0,75.1,95.7,Male,Mechanical,Placed
STU_01566,7.02,2,1,1,90.9,85.4,1,1,71.4,99.0,Female,Information Technology,Placed
STU_01567,7.37,2,1,1,85.4,87.4,0,1,72.3,54.4,Female,Electronics,Placed
STU_01568,7.82,3,4,0,59.6,95.5,1,0,99.0,70.1,Male,Civil,Placed
STU_01569,5.74,2,2,0,81.9,76.2,1,1,85.7,82.5,Male,Electronics,Placed
STU_01570,6.77,0,1,0,88.2,94.4,0,0,74.6,73.8,Male,Electronics,Placed
STU_01571,8.09,1,4,0,79.3,63.7,1,0,53.6,69.0,Female,Mechanical,Placed
STU_01572,6.05,0,2,1,74.5,74.6,0,0,61.0,81.2,Female,Civil,Placed
STU_01573,7.59,2,2,0,86.5,59.3,0,0,78.9,82.3,Male,Civil,Placed
STU_01574,5.94,2,2,0,81.5,78.9,0,0,75.1,93.6,Male,Mechanical,Not Placed
STU_01575,7.77,2,1,0,51.8,75.4,1,1,66.5,55.9,Male,Computer Science,Not Placed
STU_01576,7.26,0,1,0,67.2,42.6,1,1,76.7,63.9,Male,Mechanical,Placed
STU_01577,5.68,1,1,3,61.7,85.3,0,1,70.6,66.7,Male,,Placed
STU_01578,8.46,0,2,0,87.3,82.3,1,0,71.6,99.0,Male,Information Technology,Placed
STU_01579,6.57,0,2,1,61.3,65.3,0,1,76.3,91.6,Male,Electronics,Placed
STU_01580,6.49,1,2,0,58.7,75.4,1,1,67.8,78.0,Female,Civil,Placed
STU_01581,7.5,0,1,2,85.4,54.1,0,0,64.1,74.1,Male,Mechanical,Placed
STU_01582,8.45,3,2,2,73.9,62.8,0,0,64.5,79.8,Female,Civil,Placed
STU_01583,6.28,0,2,1,100.0,92.0,1,1,73.9,87.9,Male,Civil,Placed
STU_01584,7.36,2,4,2,57.1,58.1,0,1,62.2,72.2,Female,Electronics,Placed
STU_01585,7.73,1,1,0,62.2,72.1,1,1,99.0,78.0,Male,Civil,Placed
STU_01586,7.99,2,3,0,86.8,55.2,1,0,87.3,71.3,Female,Computer Science,Placed
STU_01587,7.48,2,3,0,50.8,76.1,0,1,85.2,59.7,Female,Electronics,Placed
STU_01588,6.93,2,2,0,89.8,78.8,1,1,69.1,55.3,Male,Information Technology,Placed
STU_01589,6.47,0,2,0,51.9,80.7,0,1,69.5,67.4,Female,Electronics,Placed
STU_01590,7.39,2,0,0,79.2,77.6,0,0,63.8,70.9,Male,Civil,Placed
STU_01591,6.23,0,4,1,42.4,89.1,1,1,96.4,79.8,Female,Information Technology,Placed
STU_01592,5.0,0,0,1,70.7,65.4,1,1,91.4,78.0,Male,Electronics,Placed
STU_01593,7.74,0,2,0,,59.3,1,1,84.7,59.7,Male,Civil,Placed
STU_01594,8.2,2,1,0,98.9,65.0,1,1,76.8,75.1,Male,Computer Science,Placed
STU_01595,5.0,1,1,1,53.9,55.8,1,0,74.1,69.0,Male,Civil,Placed
STU_01596,6.29,2,2,1,57.6,72.9,0,1,83.1,72.3,Male,Computer Science,Placed
STU_01597,7.92,1,3,0,78.0,70.3,0,0,94.0,75.9,Male,Mechanical,Placed
STU_01598,9.36,0,2,0,61.0,77.7,0,1,84.4,89.1,Male,Civil,Placed
STU_01599,7.32,2,4,1,80.5,52.6,1,1,66.9,69.9,Female,Civil,Placed
STU_01600,6.57,0,2,0,59.3,71.8,1,1,70.3,93.5,Male,Computer Science,Placed
STU_01601,7.12,2,1,2,58.2,86.6,0,1,82.7,60.7,Female,Computer Science,Placed
STU_01602,8.67,0,1,0,69.6,78.9,0,1,69.4,65.3,Male,Electronics,Placed
STU_01603,6.65,1,2,0,51.7,49.3,0,0,73.3,73.9,Male,Computer Science,Placed
STU_01604,6.5,0,0,1,75.9,71.9,0,1,93.1,62.1,Male,Information Technology,Placed
STU_01605,6.82,0,2,3,83.2,63.2,0,0,74.9,60.5,Female,Civil,Placed
STU_01606,6.35,0,0,1,78.3,72.2,0,1,62.2,75.8,Female,Information Technology,Not Placed
STU_01607,7.42,0,1,0,79.6,67.4,1,1,99.0,60.4,Male,Mechanical,Placed
STU_01608,8.92,0,2,0,41.1,92.9,1,1,88.9,64.4,Male,Mechanical,Placed
STU_01609,7.62,0,2,1,63.1,73.0,1,1,77.4,74.1,Male,Information Technology,Not Placed
STU_01610,7.05,1,1,0,66.6,75.8,1,1,77.9,93.7,Female,Mechanical,Placed
STU_01611,7.01,1,1,1,91.8,71.5,0,0,56.7,72.9,Male,Civil,Placed
STU_01612,5.74,1,1,1,61.3,77.7,1,0,74.1,76.4,Male,Civil,Placed
STU_01613,8.18,2,0,0,35.5,69.4,0,0,70.6,62.4,Male,Electronics,Placed
STU_01614,7.22,1,2,0,54.9,81.3,0,1,79.0,63.5,Male,Electronics,Placed
STU_01615,7.12,1,2,2,60.1,67.3,0,1,94.3,49.8,Male,Computer Science,Placed
STU_01616,10.0,1,0,1,37.7,88.5,0,1,82.4,64.2,Female,Computer Science,Placed
STU_01617,7.6,0,1,2,84.5,78.0,0,1,98.3,83.4,Male,Mechanical,Placed
STU_01618,6.55,1,1,0,46.5,70.2,0,0,64.0,68.7,Male,Electronics,Not Placed
STU_01619,6.87,0,1,1,76.7,82.1,1,1,62.6,76.7,Female,Computer Science,Placed
STU_01620,8.45,2,2,0,53.6,77.9,1,1,90.4,77.5,Female,Electronics,Placed
STU_01621,7.41,1,1,0,92.6,81.9,0,1,79.0,83.1,Female,Mechanical,Placed
STU_01622,5.86,0,1,1,65.9,73.0,0,1,82.7,93.3,Male,Mechanical,Not Placed
STU_01623,8.22,1,2,2,62.8,69.1,1,1,77.7,81.7,Female,Mechanical,Placed
STU_01624,6.63,0,1,0,77.9,73.6,0,1,80.0,72.4,Female,Electronics,Placed
STU_01625,9.17,0,2,2,54.9,66.0,0,1,84.9,83.8,Female,Computer Science,Placed
STU_01626,8.38,0,2,1,78.6,83.8,0,1,80.5,78.3,Male,Mechanical,Placed
STU_01627,6.85,1,1,0,62.8,89.6,1,0,72.3,50.4,Male,Computer Science,Placed
STU_01628,8.58,1,2,2,61.1,78.9,1,0,99.0,61.8,Male,Electronics,Placed
STU_01629,7.37,2,2,1,68.7,89.0,0,1,78.9,72.5,Female,Information Technology,Placed
STU_01630,8.15,0,2,1,53.7,85.5,0,1,76.0,68.6,Male,Computer Science,Placed
STU_01631,7.78,1,2,1,67.1,68.8,0,1,74.5,73.6,Male,Information Technology,Placed
STU_01632,6.45,1,3,1,75.1,82.0,0,1,81.4,48.3,Male,Information Technology,Placed
STU_01633,6.66,0,4,2,35.4,56.6,0,1,75.6,84.3,Male,Mechanical,Placed
STU_01634,8.33,1,2,0,86.4,74.2,0,1,57.7,74.4,Female,Computer Science,Placed
STU_01635,6.97,0,3,0,82.2,57.8,0,1,75.5,88.4,Female,Computer Science,Placed
STU_01636,6.9,0,0,2,42.2,70.7,0,1,67.2,75.3,Male,Mechanical,Placed
STU_01637,6.34,1,2,2,39.8,54.7,0,1,80.7,77.2,Female,Electronics,Not Placed
STU_01638,7.72,1,1,0,82.6,85.1,1,0,77.7,63.6,Male,Computer Science,Placed
STU_01639,9.36,0,0,0,81.5,67.3,0,0,71.4,61.7,Female,Information Technology,Placed
STU_01640,6.23,0,2,1,79.3,82.9,0,0,87.4,76.5,Male,Civil,Placed
STU_01641,7.32,0,2,0,48.6,71.1,1,1,77.3,75.0,Female,Civil,Placed
STU_01642,8.71,0,1,1,97.4,49.9,0,1,74.2,56.9,Female,Information Technology,Placed
STU_01643,7.22,0,2,0,58.7,66.2,0,1,74.4,85.3,Male,Information Technology,Placed
STU_01644,7.75,0,2,1,73.6,65.6,0,0,74.2,75.5,Female,Computer Science,Placed
STU_01645,6.24,1,1,0,73.8,71.8,0,0,83.1,69.4,Female,Electronics,Placed
STU_01646,7.73,0,1,1,93.9,90.1,0,1,70.2,65.4,Female,Electronics,Placed
STU_01647,7.11,1,1,1,71.9,92.1,0,0,78.7,83.3,Male,Computer Science,Placed
STU_01648,8.29,1,1,1,76.2,69.2,0,1,73.0,67.3,Male,Mechanical,Placed
STU_01649,8.49,0,2,0,68.8,56.9,1,1,71.6,77.6,Male,Civil,Placed
STU_01650,9.89,0,0,0,52.1,63.1,0,1,82.7,73.1,Male,Information Technology,Placed
STU_01651,7.88,2,0,0,35.2,77.8,1,1,68.6,69.2,Male,Electronics,Placed
STU_01652,7.63,0,2,1,70.5,70.7,1,1,83.2,60.7,Female,Mechanical,Placed
STU_01653,7.49,0,2,1,48.8,53.1,1,1,81.1,89.3,Male,Civil,Placed
STU_01654,6.95,0,1,0,75.3,66.0,0,1,91.3,63.9,Female,Information Technology,Placed
STU_01655,7.64,1,1,1,72.2,87.7,1,1,60.4,65.5,Male,Computer Science,Placed
STU_01656,7.0,1,1,1,71.9,75.5,1,1,88.2,89.7,Female,Mechanical,Placed
STU_01657,7.47,3,2,1,54.2,72.6,0,1,75.0,73.9,Male,Information Technology,Placed
STU_01658,8.62,2,3,0,85.5,67.3,1,1,60.1,78.5,Female,Computer Science,Placed
STU_01659,6.29,0,2,2,77.1,66.5,0,1,71.4,91.7,Male,Information Technology,Placed
STU_01660,8.44,0,0,2,52.3,78.5,0,1,83.1,91.4,Female,Computer Science,Placed
STU_01661,8.62,0,2,3,100.0,73.7,0,1,77.1,69.0,Male,Computer Science,Placed
STU_01662,7.18,0,1,0,66.8,81.3,0,0,91.5,87.7,Male,Civil,Placed
STU_01663,5.18,0,1,2,50.0,78.6,1,0,74.6,57.4,Male,Mechanical,Placed
STU_01664,6.69,0,1,0,58.6,72.2,0,0,77.7,55.7,Male,Electronics,Placed
STU_01665,8.6,0,2,1,47.4,76.6,1,1,76.2,75.5,Male,Civil,Placed
STU_01666,7.28,0,2,1,90.4,64.9,0,1,67.8,74.1,Male,Electronics,Placed
STU_01667,6.3,0,2,1,86.2,71.4,0,1,77.7,82.1,Male,Civil,Placed
STU_01668,6.8,3,2,1,,88.1,1,1,75.8,81.0,Female,Computer Science,Placed
STU_01669,8.14,1,1,0,78.3,72.1,0,1,78.9,82.6,Male,Civil,Not Placed
STU_01670,7.85,3,1,2,88.7,69.4,1,1,78.6,92.6,Female,Computer Science,Placed
STU_01671,7.06,0,2,1,66.4,74.5,1,1,78.0,96.6,Male,Mechanical,Placed
STU_01672,6.93,1,2,2,76.3,58.0,0,1,79.0,84.7,Female,Information Technology,Placed
STU_01673,6.91,0,2,0,57.8,74.7,0,1,89.0,74.8,Male,Computer Science,Placed
STU_01674,6.38,0,1,1,67.7,92.4,0,0,68.2,72.7,Male,Electronics,Placed
STU_01675,8.92,0,2,1,76.8,62.3,1,0,70.8,74.8,Male,Computer Science,Placed
STU_01676,6.98,2,1,1,23.8,75.2,1,1,92.2,68.7,Female,Computer Science,Placed
STU_01677,8.52,3,2,1,60.7,71.7,0,1,90.7,85.2,Female,Electronics,Placed
STU_01678,8.82,0,2,0,72.5,71.4,0,1,80.6,86.4,Female,Computer Science,Placed
STU_01679,8.3,0,3,0,68.8,71.2,0,1,98.2,68.0,Female,Computer Science,Placed
STU_01680,6.87,0,1,1,63.2,80.6,0,0,82.9,73.2,Female,Electronics,Placed
STU_01681,7.7,0,2,1,78.8,58.8,1,1,96.7,55.5,Female,Information Technology,Placed
STU_01682,7.28,0,2,0,59.4,80.3,0,0,92.6,74.0,Female,Mechanical,Placed
STU_01683,6.4,0,1,1,51.7,72.8,0,1,94.3,75.4,Female,Computer Science,Placed
STU_01684,7.62,1,0,1,87.8,50.8,1,0,66.5,62.8,Male,Computer Science,Placed
STU_01685,6.12,0,2,1,85.6,76.6,1,1,84.7,69.2,Male,Information Technology,Placed
STU_01686,8.49,0,1,0,61.0,73.4,0,1,77.2,62.3,Male,Information Technology,Placed
STU_01687,6.84,0,1,1,69.0,61.5,0,1,64.6,57.7,Male,Mechanical,Placed
STU_01688,7.5,0,4,1,82.7,73.9,1,1,91.4,91.3,Male,Computer Science,Placed
STU_01689,7.58,3,2,1,70.7,56.2,1,1,89.9,57.7,Male,Mechanical,Placed
STU_01690,7.04,0,1,2,78.0,63.8,0,0,76.5,76.3,Male,Information Technology,Placed
STU_01691,7.89,2,2,1,77.1,72.4,0,1,71.8,85.7,Male,Information Technology,Placed
STU_01692,6.83,2,2,0,65.2,51.8,1,1,78.6,90.6,Male,Computer Science,Placed
STU_01693,8.17,3,3,0,77.7,58.2,0,1,59.9,63.3,Male,Electronics,Placed
STU_01694,5.95,1,2,0,55.5,60.0,0,1,64.5,89.1,Male,Civil,Placed
STU_01695,7.43,1,3,0,75.9,73.0,1,1,75.0,76.8,Female,Information Technology,Placed
STU_01696,9.24,2,1,2,68.9,77.3,1,1,84.2,81.3,Male,Computer Science,Placed
STU_01697,6.3,0,2,2,64.6,61.3,1,0,76.1,94.4,Male,Electronics,Placed
STU_01698,6.62,1,0,1,51.3,60.6,1,1,72.4,81.7,Female,Mechanical,Placed
STU_01699,7.81,3,0,0,72.0,73.7,1,1,69.7,64.8,Male,Mechanical,Placed
STU_01700,7.48,1,2,0,70.6,73.3,0,1,99.0,52.4,Male,Mechanical,Placed
STU_01701,7.65,3,0,2,57.4,63.6,1,1,67.3,82.0,Female,Electronics,Placed
STU_01702,7.79,1,2,2,46.0,93.9,1,0,59.7,79.5,Male,Civil,Placed
STU_01703,7.93,2,3,0,45.3,74.2,0,0,72.2,66.3,Female,Electronics,Placed
STU_01704,8.41,1,1,1,66.2,70.0,1,1,83.2,77.0,Female,Electronics,Placed
STU_01705,7.71,1,0,0,74.6,67.4,1,0,79.1,60.1,Female,Information Technology,Not Placed
STU_01706,7.06,1,2,0,97.7,84.1,0,1,70.5,79.0,Female,Computer Science,Placed
STU_01707,7.97,2,3,0,69.3,78.5,1,1,79.9,60.3,Male,Electronics,Placed
STU_01708,9.2,2,2,1,45.6,51.1,0,1,89.1,88.3,Male,Mechanical,Placed
STU_01709,7.17,2,2,0,66.9,63.7,0,1,80.0,98.1,Female,Information Technology,Placed
STU_01710,6.33,1,1,0,88.8,66.6,0,1,79.5,78.2,Female,Mechanical,Placed
STU_01711,8.41,0,0,0,59.8,71.9,0,0,79.6,79.3,Male,Computer Science,Placed
STU_01712,7.18,0,2,0,86.8,79.5,1,1,70.5,81.5,Male,Information Technology,Placed
STU_01713,5.13,2,1,1,72.6,59.2,0,0,82.5,78.0,Male,Computer Science,Placed
STU_01714,8.15,1,3,0,79.7,71.0,1,0,88.4,62.9,Male,Electronics,Placed
STU_01715,6.76,0,2,2,97.9,92.4,1,1,91.5,90.5,Male,Information Technology,Placed
STU_01716,7.21,0,2,0,42.4,72.3,0,0,82.3,80.0,Female,Computer Science,Not Placed
STU_01717,7.63,2,2,0,83.4,63.7,0,0,78.1,81.2,Male,Mechanical,Placed
STU_01718,7.49,2,2,0,68.6,56.0,0,1,96.8,86.1,Female,Electronics,Placed
STU_01719,8.01,2,2,0,55.8,66.2,1,0,79.2,85.6,Male,Information Technology,Placed
STU_01720,6.86,1,3,0,68.5,59.1,0,0,73.2,88.6,Female,Electronics,Not Placed
STU_01721,7.81,0,4,0,95.4,67.3,0,0,71.1,80.0,Male,Information Technology,Placed
STU_01722,7.04,0,3,2,90.0,78.5,0,0,70.0,65.5,Male,Information Technology,Placed
STU_01723,8.04,0,3,1,40.0,72.4,1,1,73.0,79.6,Male,Civil,Placed
STU_01724,7.92,2,2,2,58.5,66.2,0,0,97.3,74.7,Male,Information Technology,Placed
STU_01725,6.36,0,2,0,84.1,50.5,1,0,70.4,65.4,Male,Computer Science,Not Placed
STU_01726,8.39,1,0,1,69.7,82.0,0,0,93.3,91.0,Male,Computer Science,Placed
STU_01727,6.76,1,1,0,69.7,67.8,0,0,75.9,73.3,Female,Computer Science,Placed
STU_01728,8.11,1,0,1,46.5,73.3,0,0,88.4,77.5,Male,Electronics,Placed
STU_01729,7.67,2,0,3,58.8,61.1,1,1,67.2,67.0,Male,Civil,Placed
STU_01730,9.14,0,1,2,49.6,67.1,1,1,77.8,74.4,Male,Computer Science,Placed
STU_01731,7.08,1,0,0,45.2,65.0,0,1,61.8,85.2,Male,Mechanical,Placed
STU_01732,,0,3,0,51.1,56.0,1,1,78.2,97.5,Female,Electronics,Placed
STU_01733,7.28,0,3,0,56.1,61.1,0,1,85.9,58.9,Male,Civil,Placed
STU_01734,7.0,0,0,0,58.6,71.8,0,0,87.7,75.2,Male,Electronics,Placed
STU_01735,8.1,0,1,0,57.4,75.6,0,1,78.0,48.0,Male,Civil,Placed
STU_01736,5.68,1,3,0,85.3,63.8,0,1,74.4,70.3,Male,Electronics,Placed
STU_01737,6.25,1,3,0,56.4,57.6,0,0,78.9,76.3,Female,Electronics,Placed
STU_01738,6.23,0,3,1,91.4,67.7,1,1,72.3,76.8,Male,Computer Science,Placed
STU_01739,8.25,0,4,1,62.7,81.4,0,1,72.3,93.0,Female,Computer Science,Placed
STU_01740,9.01,1,4,2,76.6,60.7,1,1,73.9,72.5,Male,Computer Science,Placed
STU_01741,7.2,2,1,0,77.1,72.2,0,1,80.3,92.2,Female,Mechanical,Placed
STU_01742,7.13,0,1,0,56.5,64.1,0,1,92.4,77.7,Male,Information Technology,Placed
STU_01743,7.37,1,2,1,65.1,85.5,0,1,91.0,69.4,Female,Information Technology,Placed
STU_01744,8.46,1,1,1,62.5,65.9,1,0,74.8,77.1,Female,Civil,Placed
STU_01745,6.37,1,3,0,75.6,79.9,0,1,69.8,76.4,Female,Mechanical,Placed
STU_01746,7.54,0,2,2,68.1,84.2,1,0,70.7,77.2,Female,Civil,Placed
STU_01747,8.28,1,2,0,58.8,90.5,0,1,63.2,67.3,Male,Civil,Placed
STU_01748,7.8,1,1,0,71.8,55.8,0,1,85.3,67.2,Female,Mechanical,Not Placed
STU_01749,7.49,1,2,1,75.1,55.2,1,1,64.1,87.5,Male,Mechanical,Placed
STU_01750,8.3,1,2,0,97.8,86.0,1,0,55.4,86.6,Male,Mechanical,Placed
STU_01751,5.0,3,3,1,71.0,84.0,1,1,85.3,65.9,Male,Information Technology,Placed
STU_01752,7.98,0,1,0,70.2,64.6,1,1,84.9,73.5,Male,Civil,Not Placed
STU_01753,6.65,3,3,0,76.4,33.2,1,1,67.2,79.2,Male,Information Technology,Placed
STU_01754,5.47,1,3,2,55.8,73.0,0,1,81.0,84.0,Female,Mechanical,Placed
STU_01755,7.81,1,2,0,44.1,53.8,0,1,64.8,77.1,Male,Mechanical,Not Placed
STU_01756,8.67,0,2,1,65.3,62.1,1,1,77.0,87.7,Female,Electronics,Not Placed
STU_01757,7.16,0,2,0,86.1,74.2,1,1,81.6,74.1,Male,Electronics,Placed
STU_01758,8.25,1,1,1,88.5,75.8,1,1,84.9,92.0,Male,Information Technology,Placed
STU_01759,8.91,1,1,0,41.8,91.0,0,1,82.0,99.0,Female,Electronics,Placed
STU_01760,8.61,0,3,2,80.0,67.5,1,0,59.1,75.8,Male,Electronics,Placed
STU_01761,,1,2,1,37.2,60.3,0,0,81.0,79.1,Female,Electronics,Placed
STU_01762,8.04,0,1,0,76.9,83.0,1,1,99.0,64.7,Female,Computer Science,Placed
STU_01763,7.38,3,2,0,76.0,76.5,1,0,81.9,73.1,Male,Civil,Placed
STU_01764,5.7,2,1,2,44.1,67.6,0,0,64.1,77.0,Female,Civil,Placed
STU_01765,7.05,0,1,2,85.0,72.4,0,1,70.9,82.7,Female,Civil,Placed
STU_01766,6.46,2,2,1,96.2,67.5,1,1,72.9,72.7,Male,Civil,Placed
STU_01767,9.47,2,1,1,69.1,80.3,0,1,54.7,83.2,Female,Mechanical,Placed
STU_01768,7.12,0,0,2,72.1,92.3,1,1,79.0,70.9,Male,Electronics,Placed
STU_01769,7.42,1,2,0,92.2,63.3,1,1,74.5,86.1,Female,Mechanical,Placed
STU_01770,7.85,0,2,1,53.1,77.1,0,0,75.0,79.6,Male,Civil,Placed
STU_01771,7.34,1,0,1,53.5,53.6,0,1,76.8,79.1,Male,Civil,Placed
STU_01772,9.0,0,1,1,57.4,59.1,0,0,70.8,69.9,Male,Information Technology,Placed
STU_01773,6.68,0,1,0,70.6,78.8,0,1,86.6,74.1,Male,Information Technology,Placed
STU_01774,7.49,0,0,1,70.5,71.2,1,0,79.8,70.9,Female,Information Technology,Placed
STU_01775,6.56,0,0,1,61.7,58.7,1,1,72.7,84.6,Male,Mechanical,Not Placed
STU_01776,5.98,2,0,2,65.5,72.1,0,1,82.4,60.1,Male,Electronics,Placed
STU_01777,6.69,0,1,1,61.9,82.5,0,0,81.6,67.2,Male,Electronics,Placed
STU_01778,7.26,0,3,2,62.6,54.6,0,0,68.5,88.3,Male,Information Technology,Placed
STU_01779,6.87,2,1,2,58.5,93.0,1,1,76.3,77.1,Male,Civil,Placed
STU_01780,6.61,1,0,1,58.6,78.9,1,1,76.3,88.5,Female,Civil,Placed
STU_01781,5.89,1,0,0,40.0,79.1,0,1,72.1,84.1,Male,Civil,Placed
STU_01782,7.22,3,1,1,66.6,72.0,1,1,64.4,85.3,Female,Computer Science,Placed
STU_01783,5.8,2,2,2,40.7,93.0,1,1,71.8,79.6,Female,Mechanical,Placed
STU_01784,8.06,0,1,0,81.3,83.5,1,1,90.7,67.8,Male,Computer Science,Placed
STU_01785,7.38,1,1,1,61.6,67.6,0,0,71.5,75.8,Female,Mechanical,Placed
STU_01786,5.84,3,1,0,68.2,81.1,1,1,87.0,61.3,Female,Civil,Placed
STU_01787,6.99,0,2,0,64.4,63.2,1,1,77.6,73.2,Male,Mechanical,Placed
STU_01788,6.55,0,0,1,66.3,68.6,0,1,79.7,69.0,Female,Mechanical,Placed
STU_01789,7.62,0,2,1,89.0,89.6,1,0,65.8,54.5,Male,Electronics,Placed
STU_01790,8.64,0,1,1,49.7,76.7,1,0,89.6,79.7,Male,Mechanical,Placed
STU_01791,5.42,1,0,2,45.7,79.9,0,0,98.6,78.6,Female,Electronics,Not Placed
STU_01792,7.42,1,2,0,71.8,86.0,0,1,71.0,88.9,Female,Civil,Placed
STU_01793,7.14,3,2,0,62.6,78.6,0,0,91.0,61.5,Male,Computer Science,Placed
STU_01794,7.97,1,2,2,75.4,62.3,1,1,65.3,86.9,Male,Electronics,Placed
STU_01795,7.51,0,1,1,80.7,91.9,0,1,77.5,49.5,Female,Computer Science,Placed
STU_01796,6.55,0,2,0,53.4,78.2,0,1,66.3,73.4,Male,Electronics,Placed
STU_01797,6.98,3,1,1,79.1,79.0,0,1,81.8,96.7,Male,Information Technology,Placed
STU_01798,6.5,0,2,2,54.7,72.7,0,1,76.0,74.7,Male,Computer Science,Placed
STU_01799,8.38,0,2,1,71.1,85.3,1,0,77.5,66.9,Male,Electronics,Placed
STU_01800,7.32,2,0,2,51.4,95.0,0,1,91.1,74.1,Female,Electronics,Placed
STU_01801,9.2,1,2,0,72.0,67.5,1,1,90.4,84.3,Male,Information Technology,Placed
STU_01802,7.24,0,2,0,69.7,84.8,1,1,76.3,71.9,Male,Electronics,Placed
STU_01803,6.59,2,1,2,53.5,72.4,1,1,89.1,79.3,Male,Electronics,Placed
STU_01804,5.79,3,3,1,49.6,48.0,1,1,89.5,79.2,Male,Civil,Placed
STU_01805,5.5,0,3,0,81.3,55.2,0,0,89.1,81.0,Female,Electronics,Placed
STU_01806,5.72,2,1,1,63.2,77.1,1,1,79.5,86.4,Male,Information Technology,Placed
STU_01807,7.57,0,3,1,85.2,84.1,0,1,81.3,96.8,Male,Computer Science,Placed
STU_01808,7.81,1,1,0,61.8,79.3,1,1,75.2,76.0,Male,Civil,Placed
STU_01809,5.72,2,2,1,89.5,81.2,1,0,99.0,78.6,Female,Mechanical,Placed
STU_01810,8.2,3,3,0,55.8,100.0,1,1,82.0,61.9,Male,Computer Science,Placed
STU_01811,6.82,0,2,0,92.1,78.3,0,1,77.2,85.4,Female,Electronics,Placed
STU_01812,7.45,0,1,1,72.6,68.8,0,1,83.0,90.0,Male,Mechanical,Placed
STU_01813,8.91,0,3,0,76.0,70.5,1,1,80.7,82.6,Male,Information Technology,Placed
STU_01814,8.2,1,1,0,54.9,91.6,0,1,98.6,59.8,Male,Mechanical,Placed
STU_01815,7.03,0,1,2,80.9,56.8,1,1,77.8,70.6,Male,Information Technology,Placed
STU_01816,6.41,0,1,1,81.5,86.9,1,1,85.7,75.6,Male,Computer Science,Placed
STU_01817,5.15,0,3,1,65.1,72.2,1,0,76.8,65.6,Female,Computer Science,Placed
STU_01818,6.58,0,3,0,38.0,62.0,0,0,61.1,98.6,Male,Civil,Not Placed
STU_01819,7.09,0,1,0,53.3,54.6,0,1,78.0,79.5,Male,Civil,Placed
STU_01820,6.31,2,3,1,53.3,89.8,0,0,86.5,85.2,Female,Electronics,Placed
STU_01821,7.17,0,1,0,76.7,61.7,1,1,79.4,85.4,Male,Electronics,Not Placed
STU_01822,7.38,0,4,1,63.0,72.7,0,1,66.4,76.2,Female,Electronics,Placed
STU_01823,7.08,2,2,1,63.3,60.3,1,0,93.9,61.8,Male,Mechanical,Placed
STU_01824,6.65,1,0,1,61.5,95.6,0,0,66.1,83.7,Female,Civil,Placed
STU_01825,7.47,0,0,0,92.0,73.2,0,1,70.3,97.1,Male,Computer Science,Placed
STU_01826,7.74,0,0,0,70.7,55.8,1,1,66.7,70.8,Female,Civil,Placed
STU_01827,6.21,1,1,3,73.0,66.9,0,1,67.6,68.8,Male,Civil,Not Placed
STU_01828,8.71,0,2,3,60.7,88.7,0,1,78.4,84.2,Female,Civil,Placed
STU_01829,7.2,1,1,1,69.6,60.3,0,1,84.1,85.2,Male,Computer Science,Not Placed
STU_01830,7.32,0,4,2,55.4,67.7,0,1,72.1,87.6,Male,Computer Science,Placed
STU_01831,8.01,0,2,1,75.2,86.2,0,1,83.6,73.4,Female,Computer Science,Placed
STU_01832,7.53,1,2,0,52.8,76.1,0,0,85.7,73.4,Female,Computer Science,Placed
STU_01833,8.25,1,1,0,81.2,57.4,0,1,74.7,48.0,Female,Electronics,Placed
STU_01834,7.59,2,3,0,59.0,74.7,1,1,62.9,75.6,Female,Electronics,Placed
STU_01835,6.69,0,2,1,84.2,70.2,0,1,93.1,68.8,Female,Information Technology,Placed
STU_01836,7.66,1,3,1,98.6,72.6,0,1,71.3,50.7,Male,Electronics,Placed
STU_01837,6.16,0,4,2,70.0,83.4,0,1,55.9,95.8,Female,Computer Science,Not Placed
STU_01838,7.41,1,0,2,89.7,74.9,1,1,74.1,77.7,Male,Information Technology,Placed
STU_01839,7.27,2,0,2,81.3,70.9,0,1,83.8,55.4,Female,Information Technology,Placed
STU_01840,7.09,0,3,2,48.5,70.3,1,1,85.3,79.1,Male,Civil,Placed
STU_01841,7.17,2,3,2,71.7,84.9,0,1,66.6,95.5,Female,Mechanical,Placed
STU_01842,5.42,1,2,0,77.5,63.4,1,1,59.5,88.2,Female,Civil,Not Placed
STU_01843,6.75,2,1,0,79.0,46.0,0,1,81.1,85.6,Female,Information Technology,Placed
STU_01844,7.39,1,2,1,72.7,69.3,1,0,83.2,61.4,Male,Electronics,Placed
STU_01845,7.46,0,1,1,72.5,76.5,1,1,89.2,69.0,Female,Mechanical,Placed
STU_01846,6.27,0,1,0,70.1,67.0,0,1,88.0,65.4,Female,Information Technology,Placed
STU_01847,8.57,0,2,2,72.0,65.7,0,0,79.5,75.2,Female,Mechanical,Placed
STU_01848,6.43,0,1,3,51.6,67.6,0,1,68.8,83.5,Male,Information Technology,Not Placed
STU_01849,8.27,1,2,1,66.5,71.7,0,1,73.2,79.8,Male,Civil,Placed
STU_01850,7.73,1,4,1,48.2,56.4,1,1,75.6,65.0,Male,Mechanical,Placed
STU_01851,6.65,3,3,2,62.5,79.9,0,0,68.8,73.0,Male,Information Technology,Placed
STU_01852,9.08,0,3,0,61.1,40.1,1,1,88.8,86.5,Female,Mechanical,Placed
STU_01853,6.11,1,3,0,60.2,78.5,0,1,88.3,80.6,Female,Information Technology,Placed
STU_01854,8.22,2,1,2,54.2,75.8,0,1,64.0,79.4,Female,Information Technology,Placed
STU_01855,8.3,2,3,1,74.0,78.0,0,0,74.8,65.3,Female,Mechanical,Placed
STU_01856,6.63,0,3,1,65.2,48.9,0,1,98.6,76.8,Male,Electronics,Placed
STU_01857,8.69,1,3,2,63.7,75.5,0,1,89.6,62.5,Male,Information Technology,Placed
STU_01858,7.05,0,2,0,48.9,65.5,1,0,79.9,65.9,Female,Electronics,Placed
STU_01859,7.59,0,1,1,65.5,91.2,1,1,89.0,58.7,Male,Information Technology,Not Placed
STU_01860,7.56,0,0,1,87.2,76.3,0,1,94.5,94.0,Male,Information Technology,Placed
STU_01861,7.17,2,0,0,87.4,57.9,0,1,78.9,94.5,Male,Information Technology,Placed
STU_01862,8.11,1,4,0,75.6,51.7,0,0,64.4,64.0,Male,Electronics,Placed
STU_01863,8.09,1,2,2,65.6,64.6,1,1,86.6,66.5,Male,Information Technology,Placed
STU_01864,5.55,3,3,0,78.4,81.7,1,0,87.1,71.5,Female,Electronics,Placed
STU_01865,8.6,0,2,0,60.0,85.8,1,1,67.9,88.4,Female,Civil,Placed
STU_01866,5.64,1,2,1,65.5,74.2,0,1,80.6,81.7,Male,Mechanical,Placed
STU_01867,8.33,1,0,0,58.9,73.0,0,1,70.1,90.2,Male,Electronics,Placed
STU_01868,8.43,0,1,2,83.6,68.0,0,0,61.6,93.6,Male,Computer Science,Placed
STU_01869,6.21,1,1,0,81.7,71.7,1,1,80.2,80.3,Male,Information Technology,Placed
STU_01870,6.89,0,2,1,69.5,86.6,1,0,92.5,78.3,Male,Mechanical,Placed
STU_01871,6.19,2,1,0,96.0,67.8,0,1,81.2,90.0,Female,Mechanical,Placed
STU_01872,7.09,0,2,2,76.2,79.9,0,1,79.8,86.9,Male,Civil,Placed
STU_01873,6.99,0,1,1,75.3,65.7,0,1,64.7,86.8,Female,Mechanical,Placed
STU_01874,8.08,1,3,0,73.7,84.2,1,1,84.3,80.2,Female,Mechanical,Placed
STU_01875,8.61,0,0,3,51.1,78.9,0,1,72.5,86.5,Female,Computer Science,Not Placed
STU_01876,8.7,0,2,0,56.6,83.7,0,1,70.2,71.7,Male,Computer Science,Placed
STU_01877,6.74,0,1,1,69.2,94.6,1,0,86.8,68.8,Male,Computer Science,Placed
STU_01878,7.09,0,2,3,69.3,41.0,0,1,65.8,71.3,Male,Computer Science,Placed
STU_01879,5.62,1,1,1,78.8,81.0,1,1,75.9,99.0,Female,Electronics,Placed
STU_01880,6.49,1,2,1,60.0,77.6,0,1,66.5,63.5,Male,Computer Science,Placed
STU_01881,8.26,1,3,0,71.1,77.4,0,1,75.0,85.4,Female,Mechanical,Placed
STU_01882,8.92,1,0,0,71.3,74.9,0,1,56.1,96.8,Male,Computer Science,Placed
STU_01883,6.07,0,0,0,71.9,74.9,1,1,83.4,79.4,Male,Information Technology,Placed
STU_01884,6.71,0,2,3,70.2,76.0,0,1,81.9,71.5,Female,Mechanical,Placed
STU_01885,7.27,1,2,3,48.9,82.9,0,0,99.0,81.1,Male,Electronics,Placed
STU_01886,7.58,2,1,0,36.1,81.9,0,1,80.4,69.6,Female,Computer Science,Placed
STU_01887,6.49,0,2,0,55.9,71.7,0,0,69.0,65.0,Male,Mechanical,Placed
STU_01888,7.72,0,0,0,62.0,69.8,0,1,87.9,89.8,Female,Computer Science,Placed
STU_01889,6.83,1,1,0,52.3,72.2,1,1,87.7,89.1,Male,Information Technology,Placed
STU_01890,7.29,1,1,0,69.2,67.0,1,0,91.1,71.5,Male,Computer Science,Placed
STU_01891,7.85,1,3,1,86.4,93.4,1,0,58.4,69.6,Female,Information Technology,Placed
STU_01892,7.31,0,2,2,80.9,56.8,0,0,71.0,77.4,Female,Mechanical,Placed
STU_01893,6.86,1,2,1,77.0,81.0,0,1,68.9,73.9,Female,Information Technology,Placed
STU_01894,7.19,0,3,1,84.8,80.9,0,1,93.3,66.0,Male,Information Technology,Placed
STU_01895,7.21,1,1,2,56.1,65.6,1,1,86.1,58.2,Female,Civil,Placed
STU_01896,6.93,2,2,1,63.1,75.6,0,1,89.3,59.0,Male,Mechanical,Placed
STU_01897,7.04,1,3,1,79.2,87.2,0,0,67.2,61.8,Male,Electronics,Not Placed
STU_01898,8.9,0,1,0,62.9,68.0,1,1,79.3,63.6,Male,Information Technology,Placed
STU_01899,7.86,3,1,0,63.7,87.7,0,0,61.7,77.3,Male,Mechanical,Placed
STU_01900,7.0,2,4,1,97.9,85.4,0,0,67.0,66.2,Male,Information Technology,Placed
STU_01901,8.0,1,4,3,71.4,63.5,0,1,79.2,66.4,Male,Civil,Placed
STU_01902,6.97,0,1,1,96.5,58.7,0,1,80.2,61.2,Male,Electronics,Placed
STU_01903,8.47,0,0,2,42.7,74.0,0,0,81.9,61.4,Female,Electronics,Placed
STU_01904,7.67,2,1,0,60.5,57.1,0,0,71.5,61.1,Female,Information Technology,Placed
STU_01905,7.19,1,1,2,76.1,37.1,0,1,82.3,74.1,Male,Mechanical,Placed
STU_01906,7.75,2,1,2,71.4,66.1,1,1,78.0,86.5,Male,Computer Science,Placed
STU_01907,5.73,0,2,1,39.2,98.1,1,1,93.7,91.5,Female,Computer Science,Placed
STU_01908,6.17,0,3,2,66.6,66.6,1,1,73.7,75.6,Female,Mechanical,Placed
STU_01909,6.11,3,1,1,100.0,76.6,0,1,59.7,86.7,Female,Mechanical,Placed
STU_01910,7.44,1,3,0,73.7,80.4,0,1,84.2,66.4,Female,Mechanical,Placed
STU_01911,9.03,0,0,0,79.1,71.5,0,1,81.4,81.3,Female,Information Technology,Placed
STU_01912,9.53,0,0,1,,68.0,1,1,69.1,65.4,Male,Mechanical,Placed
STU_01913,7.94,1,2,2,73.6,86.7,0,0,74.7,79.8,Male,Computer Science,Placed
STU_01914,7.8,0,0,0,69.8,72.5,0,0,79.9,66.0,Male,Electronics,Placed
STU_01915,5.5,1,1,1,86.8,70.9,0,1,74.2,66.9,Male,Electronics,Placed
STU_01916,6.76,0,3,2,86.3,81.6,0,1,66.9,74.4,Male,Mechanical,Placed
STU_01917,6.51,1,1,0,76.1,59.6,0,1,76.0,92.8,Male,Computer Science,Not Placed
STU_01918,6.68,0,2,0,71.1,56.8,1,1,86.8,84.4,Female,Mechanical,Placed
STU_01919,7.13,3,1,0,44.8,52.5,1,0,74.4,67.0,Male,Mechanical,Placed
STU_01920,6.83,0,0,0,44.3,78.8,0,1,80.1,63.4,Female,Mechanical,Placed
STU_01921,5.32,1,2,0,71.2,70.0,0,1,76.2,66.0,Male,Mechanical,Placed
STU_01922,8.05,0,3,0,83.1,81.9,0,1,65.6,82.1,Male,Civil,Placed
STU_01923,6.23,1,1,0,90.0,72.6,0,1,76.9,77.4,Female,Information Technology,Placed
STU_01924,7.54,3,2,1,56.7,55.5,0,1,73.5,82.2,Male,Computer Science,Placed
STU_01925,9.37,2,3,1,47.4,67.7,1,0,85.6,69.3,Female,Mechanical,Placed
STU_01926,6.38,1,2,1,84.0,82.8,1,1,90.4,78.7,Male,Information Technology,Placed
STU_01927,5.0,1,1,1,57.8,68.9,0,0,86.8,78.0,Male,Civil,Placed
STU_01928,7.01,2,2,3,46.3,86.2,0,1,70.6,88.9,Male,Information Technology,Placed
STU_01929,8.4,2,2,2,62.6,66.6,1,0,66.4,92.4,Male,Civil,Placed
STU_01930,9.26,3,2,3,62.3,80.6,1,0,62.9,84.9,Male,Mechanical,Placed
STU_01931,6.07,0,2,0,89.8,50.6,1,1,79.7,88.9,Male,Civil,Placed
STU_01932,7.8,3,0,2,83.0,69.3,0,1,70.9,74.8,Female,Electronics,Placed
STU_01933,6.83,0,2,2,58.9,67.4,0,1,66.9,67.3,Female,Mechanical,Placed
STU_01934,7.19,0,2,0,91.0,55.2,0,1,97.6,74.7,Male,Civil,Placed
STU_01935,9.94,0,2,0,71.9,85.3,1,0,82.9,73.5,Female,Mechanical,Placed
STU_01936,5.8,0,3,1,85.9,64.3,0,1,81.4,72.8,Female,Civil,Placed
STU_01937,7.55,1,3,0,89.9,63.1,1,1,80.9,74.9,Male,Information Technology,Placed
STU_01938,7.77,2,2,0,66.1,87.6,0,0,94.2,73.1,Female,Computer Science,Placed
STU_01939,8.39,1,2,1,78.6,73.9,0,0,76.3,70.0,Male,Electronics,Placed
STU_01940,7.4,1,2,1,63.9,81.4,0,1,84.2,73.6,Female,Mechanical,Placed
STU_01941,7.61,1,2,2,84.0,51.6,0,1,87.0,83.8,Male,Information Technology,Placed
STU_01942,6.91,1,4,1,71.4,62.4,0,1,96.6,65.5,Male,Civil,Placed
STU_01943,7.57,0,2,1,84.4,97.0,1,0,78.0,89.8,Female,Electronics,Placed
STU_01944,6.96,2,1,0,92.9,82.2,0,1,90.3,86.9,Male,Computer Science,Placed
STU_01945,7.92,1,2,1,78.2,59.1,1,1,59.7,76.0,Male,Mechanical,Placed
STU_01946,6.93,1,2,1,68.6,74.7,1,1,99.0,48.8,Male,Civil,Placed
STU_01947,7.68,1,2,2,68.8,60.1,1,1,82.2,51.0,Male,Electronics,Placed
STU_01948,7.27,2,2,0,25.6,88.7,0,1,85.6,76.2,Female,Electronics,Placed
STU_01949,8.43,0,1,1,59.3,44.8,0,0,65.2,82.5,Female,Computer Science,Placed
STU_01950,7.25,0,0,1,84.0,75.3,0,1,64.5,94.5,Male,Civil,Placed
STU_01951,5.53,1,1,2,84.5,75.1,0,1,71.5,70.5,Female,Civil,Placed
STU_01952,8.56,1,1,3,,58.6,0,0,78.2,69.3,Male,Information Technology,Placed
STU_01953,6.39,2,0,0,72.5,68.7,1,1,75.5,61.6,Female,Civil,Placed
STU_01954,6.65,0,3,1,67.2,76.5,1,1,73.9,81.6,Female,Computer Science,Placed
STU_01955,6.7,0,1,1,80.3,50.7,1,1,76.0,75.1,Female,Information Technology,Placed
STU_01956,8.67,2,3,2,100.0,56.6,1,1,54.7,69.8,Female,Civil,Placed
STU_01957,5.16,1,1,1,80.6,70.1,0,1,82.3,75.3,Male,Electronics,Placed
STU_01958,10.0,1,0,0,59.9,62.0,1,1,76.3,74.0,Male,Computer Science,Placed
STU_01959,8.36,0,2,0,68.8,66.4,0,0,87.5,85.6,Female,Mechanical,Placed
STU_01960,7.52,0,1,1,91.0,71.8,1,1,73.2,70.3,Female,Mechanical,Placed
STU_01961,7.25,1,3,1,48.9,61.1,0,1,74.3,75.0,Male,Computer Science,Placed
STU_01962,7.59,0,0,0,60.8,71.7,1,1,79.6,84.3,Male,Computer Science,Not Placed
STU_01963,7.82,2,1,0,80.6,75.6,0,0,84.8,72.1,Male,Mechanical,Placed
STU_01964,,1,3,1,89.4,81.3,1,0,89.5,66.8,Female,Mechanical,Placed
STU_01965,7.86,0,1,3,79.1,57.1,0,1,77.6,60.9,Female,Mechanical,Placed
STU_01966,7.39,1,0,2,60.9,64.5,0,0,82.3,63.5,Female,Information Technology,Not Placed
STU_01967,7.1,1,1,1,78.0,79.1,0,1,78.3,67.9,Male,Computer Science,Not Placed
STU_01968,7.15,0,2,2,76.2,54.2,1,0,75.1,85.6,Male,Information Technology,Not Placed
STU_01969,7.11,0,1,0,75.3,73.3,0,1,58.8,66.9,Male,Civil,Placed
STU_01970,8.43,0,2,1,68.5,72.3,0,1,80.1,72.6,Male,Information Technology,Placed
STU_01971,7.89,1,3,0,70.8,41.0,0,1,68.9,63.7,Female,Electronics,Placed
STU_01972,5.0,1,3,1,56.4,66.1,1,1,86.7,75.6,Female,Computer Science,Placed
STU_01973,7.96,1,0,3,100.0,76.0,0,1,69.3,78.2,Male,Civil,Placed
STU_01974,7.49,1,1,2,72.4,69.5,0,1,72.3,78.9,Female,Mechanical,Placed
STU_01975,7.28,1,1,1,78.2,66.3,1,1,69.8,94.3,Male,Electronics,Placed
STU_01976,6.91,1,2,2,66.7,73.9,1,1,83.3,74.8,Male,Civil,Placed
STU_01977,8.42,1,1,2,82.7,83.9,0,0,75.0,78.2,Female,Civil,Placed
STU_01978,8.25,0,3,0,50.5,78.5,0,1,83.7,68.8,Male,Electronics,Placed
STU_01979,6.53,2,2,2,43.8,62.9,0,1,51.3,98.9,Female,Computer Science,Placed
STU_01980,7.71,1,0,0,69.5,54.5,1,0,97.9,84.3,Female,Civil,Placed
STU_01981,6.33,2,2,2,100.0,78.2,0,1,67.9,84.7,Female,Information Technology,Placed
STU_01982,5.92,1,0,0,88.1,57.9,0,1,85.7,87.0,Male,Information Technology,Placed
STU_01983,6.67,0,1,0,57.9,65.7,0,1,83.0,83.2,Male,Information Technology,Placed
STU_01984,8.16,1,1,1,77.7,74.4,1,0,85.1,87.5,Male,Computer Science,Placed
STU_01985,8.25,0,1,0,60.5,85.8,1,1,69.8,72.9,Female,Mechanical,Placed
STU_01986,7.81,1,2,0,76.4,87.4,1,1,74.6,99.0,Male,Civil,Placed
STU_01987,8.03,1,2,1,77.6,72.7,1,0,82.0,58.0,Female,Information Technology,Placed
STU_01988,7.82,2,1,2,83.9,65.9,1,1,78.0,72.0,Male,Computer Science,Placed
STU_01989,6.66,1,4,0,46.5,57.6,0,0,68.9,94.0,Female,Mechanical,Placed
STU_01990,7.73,1,1,2,51.0,95.5,1,1,83.7,73.1,Female,Civil,Placed
STU_01991,8.1,0,0,2,68.9,68.5,0,0,99.0,82.3,Male,Mechanical,Placed
STU_01992,8.05,3,0,1,54.5,80.1,0,1,73.8,69.8,Male,Information Technology,Placed
STU_01993,8.49,2,2,1,53.4,74.4,1,1,82.9,79.9,Male,Mechanical,Placed
STU_01994,8.01,1,4,0,74.1,66.1,0,1,80.3,71.0,Female,Computer Science,Placed
STU_01995,7.65,0,2,0,56.3,65.5,0,1,74.3,87.9,Female,Information Technology,Placed
STU_01996,8.37,1,3,0,100.0,55.4,1,1,86.1,78.2,Male,Civil,Placed
STU_01997,7.27,0,1,0,62.0,85.5,0,1,85.9,55.7,Male,Electronics,Placed
STU_01998,6.42,1,1,0,65.9,70.6,1,1,72.5,66.1,Male,Civil,Placed
STU_01999,7.14,0,2,0,74.5,89.2,0,0,92.3,64.3,Female,Civil,Placed
STU_02000,6.56,1,2,1,47.4,66.6,0,0,78.1,90.5,Male,Civil,Placed
STU_02001,6.62,1,1,1,77.6,68.4,0,1,88.8,61.3,Female,Computer Science,Placed
STU_02002,7.16,0,3,2,75.1,58.4,0,1,81.4,72.1,Female,Information Technology,Placed
STU_02003,6.51,1,0,0,64.8,68.3,0,0,78.4,98.2,Female,Civil,Placed
STU_02004,6.99,2,1,0,74.1,57.1,0,1,77.9,88.7,Female,Computer Science,Placed
STU_02005,5.41,0,2,1,76.4,76.8,0,1,84.8,65.6,Male,Computer Science,Placed
STU_02006,7.51,1,2,0,91.5,73.3,0,0,67.0,65.3,Male,Information Technology,Placed
STU_02007,7.3,0,1,2,100.0,89.7,0,1,81.7,64.2,Female,Computer Science,Placed
STU_02008,6.48,0,1,1,54.1,54.5,0,1,91.1,77.3,Female,Information Technology,Placed
STU_02009,7.96,0,2,1,50.5,86.6,1,1,83.1,69.5,Male,Computer Science,Placed
STU_02010,8.24,1,2,0,71.5,60.3,0,1,60.5,77.5,Male,Information Technology,Placed
STU_02011,5.69,0,2,0,38.8,76.1,1,1,64.2,78.4,Female,Mechanical,Placed
STU_02012,6.54,2,2,1,79.7,58.3,0,0,78.2,75.5,Female,Civil,Placed
STU_02013,6.53,1,1,0,71.7,74.4,1,0,70.1,76.6,Female,Information Technology,Placed
STU_02014,6.36,0,4,0,75.5,41.9,0,1,86.9,75.9,Female,Information Technology,Placed
STU_02015,8.13,1,3,1,65.4,64.0,1,0,73.3,66.5,Male,Mechanical,Placed
STU_02016,7.11,0,1,0,73.8,73.3,0,1,83.5,59.1,Female,Civil,Placed
STU_02017,7.04,1,1,2,77.1,93.1,1,1,97.4,75.6,Male,Electronics,Placed
STU_02018,5.3,0,1,0,73.0,46.5,1,1,78.2,66.4,Male,Information Technology,Not Placed
STU_02019,7.94,0,2,0,49.8,72.0,0,1,67.9,85.7,Male,Civil,Placed
STU_02020,6.06,1,3,0,72.6,65.8,0,1,82.0,61.2,Male,Computer Science,Not Placed
STU_02021,,3,2,0,97.8,49.0,0,0,80.8,71.1,Male,Civil,Placed
STU_02022,7.58,0,3,0,73.6,58.5,0,0,80.5,76.7,Female,Information Technology,Placed
STU_02023,8.66,2,1,0,72.1,66.3,0,1,91.7,88.9,Male,Mechanical,Placed
STU_02024,5.99,0,2,0,93.4,77.6,0,1,66.1,70.7,Female,Electronics,Placed
STU_02025,5.0,2,1,0,58.8,73.1,0,1,88.0,77.0,Female,Computer Science,Placed
STU_02026,7.48,1,0,2,83.3,56.3,0,1,71.9,81.8,Male,Mechanical,Placed
STU_02027,9.1,0,2,2,62.0,50.0,1,1,91.8,83.4,Female,Information Technology,Placed
STU_02028,8.54,0,0,0,86.3,77.0,0,1,56.8,79.0,Male,Mechanical,Placed
STU_02029,7.51,0,2,0,82.0,69.7,0,1,99.0,94.9,Male,Computer Science,Placed
STU_02030,6.81,0,2,1,63.8,91.3,0,1,75.3,70.6,Male,Civil,Placed
STU_02031,8.11,0,3,2,66.0,67.8,0,0,65.9,94.0,Male,Mechanical,Placed
STU_02032,6.33,1,0,3,84.7,85.7,0,0,87.1,82.6,Male,Computer Science,Placed
STU_02033,7.78,3,2,0,42.2,78.5,0,1,83.1,77.7,Female,Mechanical,Placed
STU_02034,7.81,0,4,1,63.4,81.9,0,1,82.5,78.6,Male,Information Technology,Placed
STU_02035,8.36,1,3,1,79.3,77.2,0,0,87.3,85.3,Female,Electronics,Placed
STU_02036,10.0,1,2,2,65.4,77.5,1,1,78.4,67.1,Female,Electronics,Placed
STU_02037,7.69,2,2,0,72.0,44.5,1,1,75.1,76.6,Female,Electronics,Placed
STU_02038,6.79,1,1,1,39.4,69.2,1,1,66.4,72.3,Male,Computer Science,Not Placed
STU_02039,7.27,1,2,0,57.2,64.0,0,1,76.9,92.6,Male,Electronics,Placed
STU_02040,5.53,1,2,0,80.2,87.2,0,0,72.9,67.8,Female,Computer Science,Placed
STU_02041,6.61,0,2,1,58.7,60.0,1,1,77.9,97.0,Male,Information Technology,Placed
STU_02042,6.89,0,2,0,50.5,68.6,1,1,79.1,70.1,Female,Computer Science,Not Placed
STU_02043,6.78,0,1,1,85.9,81.6,0,0,95.4,59.7,Male,Electronics,Placed
STU_02044,7.45,0,0,1,77.7,75.6,1,1,70.5,65.4,Female,Electronics,Placed
STU_02045,6.48,1,2,2,53.7,74.0,1,1,76.6,65.7,Female,Electronics,Placed
STU_02046,8.42,0,1,0,72.1,85.3,1,0,73.6,93.2,Male,Mechanical,Placed
STU_02047,7.3,1,1,0,54.2,75.1,0,0,64.0,60.2,Male,Electronics,Placed
STU_02048,7.29,0,0,0,67.7,65.5,0,0,99.0,78.6,Female,Electronics,Placed
STU_02049,6.97,2,1,1,72.6,56.4,0,1,68.6,91.1,Male,Computer Science,Placed
STU_02050,7.46,2,3,1,57.9,77.8,1,1,81.7,99.0,Male,Civil,Placed
STU_02051,8.13,0,2,0,81.1,62.8,1,1,95.0,73.8,Male,Mechanical,Placed
STU_02052,6.43,0,0,1,83.5,69.1,1,0,65.6,76.2,Female,Civil,Placed
STU_02053,6.64,1,2,1,74.0,84.9,1,1,86.8,62.2,Male,Computer Science,Placed
STU_02054,7.0,0,1,0,76.2,69.3,0,0,62.6,70.8,Female,Electronics,Placed
STU_02055,5.95,0,2,1,48.2,66.7,0,1,70.0,99.0,Male,Electronics,Placed
STU_02056,6.48,0,1,1,90.4,68.6,0,1,83.6,84.6,Male,Civil,Placed
STU_02057,6.82,2,3,2,68.6,69.0,1,1,75.3,88.4,Female,Electronics,Placed
STU_02058,8.17,2,0,1,56.0,60.1,0,1,92.5,82.1,Male,Electronics,Not Placed
STU_02059,7.56,1,2,0,72.2,92.1,1,0,79.3,86.7,Male,Mechanical,Placed
STU_02060,7.49,1,3,1,81.2,65.4,0,0,83.2,96.3,Female,Electronics,Placed
STU_02061,8.15,2,4,1,77.7,81.4,1,1,71.1,70.0,Female,Electronics,Placed
STU_02062,7.16,2,1,0,53.7,59.8,0,1,67.6,83.1,Female,Civil,Placed
STU_02063,7.69,3,2,2,81.4,78.6,1,1,66.4,67.4,Male,Computer Science,Placed
STU_02064,7.2,0,0,0,69.1,74.0,1,1,68.7,52.6,Female,Electronics,Placed
STU_02065,7.57,0,2,1,77.5,72.3,0,0,71.1,77.9,Female,Mechanical,Placed
STU_02066,6.72,1,0,2,58.0,74.1,0,0,89.6,76.4,Female,Computer Science,Placed
STU_02067,5.0,1,3,1,85.7,77.0,1,1,82.0,74.2,Male,Mechanical,Placed
STU_02068,7.17,0,0,1,72.7,69.3,0,1,65.2,68.0,Male,Civil,Placed
STU_02069,8.72,0,2,0,87.8,69.9,0,1,73.9,76.5,Male,Computer Science,Placed
STU_02070,8.23,2,2,0,47.0,78.9,0,0,77.7,79.7,Female,Information Technology,Placed
STU_02071,8.27,2,4,1,49.0,58.3,1,1,99.0,96.6,Male,Mechanical,Placed
STU_02072,8.54,0,2,1,66.4,56.4,0,0,78.1,80.9,Male,Information Technology,Placed
STU_02073,7.39,2,1,0,92.0,74.1,0,0,82.5,81.5,Female,Mechanical,Placed
STU_02074,7.5,1,1,2,99.4,47.9,0,0,68.1,66.8,Female,Computer Science,Placed
STU_02075,6.68,2,0,0,56.7,51.8,1,0,85.2,64.5,Male,Mechanical,Placed
STU_02076,6.98,0,2,1,70.8,93.7,0,1,91.8,64.2,Female,Civil,Placed
STU_02077,7.92,0,2,1,72.3,90.6,0,0,76.5,71.7,Male,Mechanical,Placed
STU_02078,8.5,0,2,1,80.8,65.2,0,1,84.2,75.7,Female,Electronics,Placed
STU_02079,7.16,1,0,1,83.3,84.0,0,0,83.8,77.4,Female,Mechanical,Placed
STU_02080,6.85,1,2,0,53.3,84.4,0,0,78.7,66.0,Female,Computer Science,Not Placed
STU_02081,7.3,0,2,2,71.0,77.7,1,1,90.9,50.3,Female,Computer Science,Placed
STU_02082,7.9,3,4,1,39.9,71.1,1,1,70.0,70.4,Male,Civil,Placed
STU_02083,5.86,0,2,1,82.2,79.5,0,1,69.3,85.3,Female,Civil,Placed
STU_02084,5.0,0,1,1,64.9,81.6,0,1,78.0,70.9,Male,Electronics,Placed
STU_02085,6.75,1,1,0,51.9,79.7,0,1,74.3,74.2,Male,Electronics,Not Placed
STU_02086,6.08,1,1,2,75.0,53.4,0,1,50.0,57.5,Male,Electronics,Placed
STU_02087,6.79,0,2,1,64.5,96.4,1,1,70.7,76.4,Female,Computer Science,Placed
STU_02088,7.15,1,2,1,88.9,100.0,0,1,56.7,79.5,Female,Mechanical,Placed
STU_02089,6.85,1,1,2,56.6,49.1,0,1,74.8,68.7,Male,Information Technology,Placed
STU_02090,8.75,1,1,2,100.0,78.1,0,1,85.1,85.6,Female,Electronics,Placed
STU_02091,7.63,1,0,0,82.8,96.5,0,1,78.5,88.2,Male,Civil,Placed
STU_02092,7.6,0,3,2,89.3,84.0,0,1,79.3,98.3,Female,Civil,Placed
STU_02093,7.92,1,1,0,54.6,84.2,0,1,76.4,64.8,Female,Electronics,Placed
STU_02094,6.16,2,1,1,96.8,54.7,1,0,80.1,78.1,Male,Computer Science,Placed
STU_02095,8.34,0,1,0,51.8,81.5,0,0,99.0,61.9,Female,Civil,Placed
STU_02096,7.22,0,1,0,66.9,74.9,1,0,74.5,81.6,Female,Information Technology,Placed
STU_02097,7.97,2,2,0,89.6,81.4,0,1,77.9,80.3,Female,Mechanical,Placed
STU_02098,6.23,0,3,0,77.6,59.6,1,1,69.4,53.8,Male,Civil,Placed
STU_02099,5.75,1,1,0,51.4,59.1,0,0,59.0,78.0,Male,Information Technology,Placed
STU_02100,8.12,3,2,1,87.0,70.3,0,1,80.7,72.8,Male,Mechanical,Placed
STU_02101,7.68,0,1,0,75.1,67.4,0,1,89.3,62.0,Female,Computer Science,Placed
STU_02102,6.4,0,4,1,63.8,70.1,0,1,99.0,71.8,Male,Information Technology,Placed
STU_02103,6.43,2,1,0,46.9,66.2,0,0,76.1,97.7,Female,Electronics,Placed
STU_02104,8.43,2,0,0,76.5,69.6,0,1,75.4,81.3,Female,Mechanical,Placed
STU_02105,6.11,1,2,1,67.5,64.0,0,1,87.4,65.9,Male,Computer Science,Placed
STU_02106,8.94,1,1,0,72.3,71.4,1,1,95.1,71.4,Male,Civil,Placed
STU_02107,6.4,2,0,0,46.2,54.9,0,1,65.6,53.7,Male,Computer Science,Placed
STU_02108,7.94,1,2,3,63.7,78.2,0,0,84.6,63.1,Female,Information Technology,Placed
STU_02109,6.97,0,2,0,77.2,75.1,0,1,96.3,93.5,Male,Electronics,Placed
STU_02110,7.9,0,2,1,98.1,56.9,0,1,75.5,85.1,Male,Electronics,Placed
STU_02111,6.76,1,2,0,66.9,87.9,1,0,66.4,80.0,Female,Civil,Placed
STU_02112,7.14,2,2,2,91.6,62.1,0,1,85.9,79.3,Male,Information Technology,Placed
STU_02113,7.34,2,2,0,81.8,86.3,0,0,64.5,90.6,Male,Mechanical,Placed
STU_02114,6.3,3,2,2,73.5,76.0,0,0,89.9,78.5,Male,Information Technology,Placed
STU_02115,8.04,2,2,0,54.8,84.0,1,0,97.9,71.9,Male,Civil,Placed
STU_02116,6.79,1,1,0,55.4,74.1,0,1,73.0,74.0,Female,Civil,Placed
STU_02117,7.07,0,1,1,79.3,78.8,1,1,94.6,72.1,Female,Electronics,Placed
STU_02118,6.31,1,1,1,62.1,83.9,1,1,84.3,72.0,Female,Mechanical,Placed
STU_02119,5.0,1,1,0,60.8,94.9,1,0,91.9,93.7,Male,Information Technology,Placed
STU_02120,7.11,1,2,0,67.3,84.9,1,0,71.5,63.4,Male,Computer Science,Placed
STU_02121,9.71,0,1,2,67.5,77.4,1,1,84.2,69.4,Female,Electronics,Placed
STU_02122,8.08,2,1,0,83.5,55.8,0,1,80.4,54.9,Male,Computer Science,Placed
STU_02123,7.28,1,1,1,62.4,43.0,0,0,70.1,86.1,Male,Computer Science,Placed
STU_02124,7.04,0,1,1,82.0,70.4,1,1,74.5,78.8,Female,Computer Science,Placed
STU_02125,7.32,1,2,1,76.6,63.4,0,1,83.8,94.1,Male,Information Technology,Placed
STU_02126,7.85,1,2,0,44.9,63.9,1,0,66.8,68.0,Male,Computer Science,Placed
STU_02127,6.12,0,2,1,74.4,71.0,0,1,66.0,66.3,Male,Computer Science,Placed
STU_02128,8.41,2,1,0,30.0,80.0,0,0,65.2,62.2,Male,Computer Science,Not Placed
STU_02129,8.02,0,3,0,56.6,64.5,1,1,70.2,80.0,Female,Civil,Placed
STU_02130,8.02,0,4,1,76.9,82.7,0,1,80.9,71.1,Male,Computer Science,Placed
STU_02131,7.74,0,2,2,69.8,72.4,1,1,72.9,78.3,Female,Electronics,Placed
STU_02132,7.32,1,3,0,43.5,72.5,1,1,90.8,70.3,Male,Computer Science,Placed
STU_02133,7.97,3,2,0,53.2,94.5,1,1,63.6,90.8,Male,Mechanical,Placed
STU_02134,7.89,2,3,1,30.9,74.1,0,1,83.1,88.9,Female,Information Technology,Placed
STU_02135,6.95,2,3,0,49.9,71.4,1,1,74.3,75.9,Male,Computer Science,Placed
STU_02136,6.73,0,4,1,78.7,78.3,0,1,77.0,86.6,Female,Civil,Placed
STU_02137,7.4,0,2,3,61.6,93.6,0,1,84.8,73.5,Male,Electronics,Placed
STU_02138,8.85,1,2,3,72.5,71.4,0,1,51.7,74.5,Male,Electronics,Placed
STU_02139,6.06,0,2,0,70.2,77.3,0,1,56.6,51.2,Male,Civil,Not Placed
STU_02140,5.83,2,1,1,70.5,70.7,0,1,77.4,80.6,Male,Civil,Placed
STU_02141,7.46,1,1,2,85.3,70.8,0,1,75.8,75.3,Male,Computer Science,Placed
STU_02142,7.35,3,3,0,67.0,66.1,1,1,63.7,84.7,Male,Information Technology,Placed
STU_02143,7.47,0,0,1,83.7,65.3,1,1,98.1,82.9,Male,Computer Science,Placed
STU_02144,7.54,1,2,0,32.8,92.4,1,1,66.4,66.8,Male,Civil,Placed
STU_02145,7.08,1,1,0,86.7,65.4,0,1,72.7,72.9,Male,Information Technology,Placed
STU_02146,8.79,0,1,3,50.6,53.5,0,1,89.5,69.7,Male,Computer Science,Placed
STU_02147,5.7,1,3,1,53.9,73.5,0,0,71.2,86.5,Male,Electronics,Placed
STU_02148,6.47,0,3,0,59.4,84.2,1,0,69.3,92.3,Male,Mechanical,Placed
STU_02149,7.2,0,2,2,86.3,86.9,1,1,81.9,83.8,Female,Electronics,Placed
STU_02150,5.66,0,1,1,56.7,57.7,1,1,70.6,96.8,Male,Mechanical,Not Placed
STU_02151,7.12,0,2,2,60.2,85.4,1,1,81.9,80.8,Female,Electronics,Placed
STU_02152,8.96,1,1,0,55.6,96.7,0,0,83.1,64.3,Male,Electronics,Placed
STU_02153,7.32,0,1,0,73.8,63.8,0,1,81.8,59.7,Female,Civil,Placed
STU_02154,7.53,0,0,0,81.2,69.9,0,1,89.8,64.9,Female,Civil,Not Placed
STU_02155,6.04,0,2,1,95.6,57.2,0,0,74.1,70.0,Male,Civil,Placed
STU_02156,6.68,0,1,0,100.0,94.2,1,1,73.0,67.5,Male,Mechanical,Placed
STU_02157,6.92,0,2,0,79.8,54.1,1,1,77.1,75.6,Male,,Placed
STU_02158,6.98,0,1,3,75.5,67.2,0,1,50.0,73.0,Male,Information Technology,Placed
STU_02159,8.58,1,1,2,51.7,81.4,1,1,80.1,75.8,Male,Civil,Placed
STU_02160,7.86,1,0,1,98.6,63.8,0,0,74.7,99.0,Female,Computer Science,Placed
STU_02161,6.19,1,4,2,73.2,60.1,1,1,81.8,84.6,Female,Mechanical,Placed
STU_02162,7.55,2,2,2,65.7,71.4,0,1,69.0,78.0,Female,Mechanical,Placed
STU_02163,7.8,1,0,1,75.8,100.0,0,0,91.5,86.7,Male,Civil,Placed
STU_02164,8.44,1,2,1,60.5,68.9,1,0,75.9,66.1,Female,Civil,Placed
STU_02165,8.88,2,3,2,34.9,69.5,0,1,86.4,65.7,Male,Civil,Placed
STU_02166,6.28,0,2,1,78.6,58.6,0,1,72.9,85.1,Female,Electronics,Not Placed
STU_02167,6.49,1,2,0,90.1,76.6,1,1,82.7,75.0,Female,Mechanical,Placed
STU_02168,6.04,0,0,0,78.4,82.6,0,1,62.4,76.3,Female,Civil,Not Placed
STU_02169,7.07,0,2,1,69.9,64.7,1,0,56.0,62.4,Male,Electronics,Not Placed
STU_02170,7.77,1,2,2,70.2,78.4,1,1,75.9,69.8,Male,Computer Science,Placed
STU_02171,8.29,0,2,1,72.6,64.8,0,0,77.8,70.5,Male,Civil,Placed
STU_02172,7.22,0,3,2,72.1,49.3,0,1,77.0,69.7,Female,Mechanical,Placed
STU_02173,6.98,0,1,2,69.1,77.5,0,1,75.1,98.6,Female,Mechanical,Placed
STU_02174,7.45,0,1,0,70.4,96.9,0,0,74.0,98.3,Male,Computer Science,Placed
STU_02175,6.46,0,3,1,93.3,57.6,0,1,84.8,87.5,Female,Civil,Placed
STU_02176,9.39,1,2,0,77.1,74.2,0,1,95.8,76.1,Male,Mechanical,Placed
STU_02177,5.69,1,0,1,71.6,87.7,1,0,99.0,68.5,Male,Information Technology,Placed
STU_02178,7.48,1,1,2,79.9,70.8,0,1,88.9,63.6,Female,Mechanical,Placed
STU_02179,9.32,0,3,1,79.9,54.9,0,1,55.1,78.8,Male,Electronics,Placed
STU_02180,7.31,3,0,2,84.2,72.5,1,0,88.5,89.0,Female,Information Technology,Placed
STU_02181,7.11,1,0,0,58.6,89.9,1,1,88.4,83.6,Female,Information Technology,Placed
STU_02182,6.94,0,1,1,62.8,65.9,1,1,77.0,76.1,Female,Computer Science,Placed
STU_02183,7.12,2,3,0,57.8,74.8,1,0,87.3,82.3,Female,Computer Science,Placed
STU_02184,8.67,1,3,1,81.5,59.4,0,0,81.6,74.8,Female,Information Technology,Placed
STU_02185,5.09,1,2,1,80.8,70.8,1,1,77.9,71.9,Female,Electronics,Placed
STU_02186,8.83,0,2,1,50.9,76.6,0,1,80.5,63.8,Male,Civil,Placed
STU_02187,5.88,1,1,0,75.9,73.5,1,0,72.5,71.4,Female,Information Technology,Placed
STU_02188,7.03,2,1,0,90.6,66.8,0,1,59.6,78.3,Male,Computer Science,Placed
STU_02189,6.87,1,3,1,66.5,77.3,0,1,59.2,70.4,Male,Civil,Placed
STU_02190,7.89,1,0,1,74.7,80.0,1,0,87.2,62.4,Female,Information Technology,Placed
STU_02191,5.7,1,2,1,81.0,80.8,0,0,67.7,76.3,Female,Civil,Not Placed
STU_02192,7.76,2,2,1,50.2,68.5,0,0,62.7,78.3,Male,Mechanical,Placed
STU_02193,9.32,0,0,2,72.3,64.5,1,1,62.5,70.9,Male,Computer Science,Not Placed
STU_02194,5.94,1,2,2,89.1,95.6,0,1,73.2,74.8,Male,Electronics,Placed
STU_02195,7.49,0,2,0,61.1,73.7,0,1,93.2,48.0,Female,Mechanical,Placed
STU_02196,6.64,1,2,0,82.5,68.9,0,1,76.5,83.2,Male,Civil,Placed
STU_02197,7.73,1,1,1,70.4,54.3,1,1,63.7,78.2,Male,Mechanical,Placed
STU_02198,7.32,0,1,0,59.9,60.8,0,1,92.8,90.6,Male,Information Technology,Placed
STU_02199,6.66,1,2,0,68.6,64.3,0,0,81.3,72.7,Male,Information Technology,Placed
STU_02200,7.79,0,4,0,62.1,77.3,0,1,74.5,83.1,Male,Information Technology,Placed
STU_02201,9.1,0,1,0,56.7,67.7,0,0,82.9,88.0,Male,Mechanical,Placed
STU_02202,7.11,0,4,1,66.2,72.2,0,0,78.1,75.3,Male,Computer Science,Placed
STU_02203,8.02,0,2,0,71.0,54.8,1,1,70.8,78.8,Male,Electronics,Placed
STU_02204,6.01,0,3,0,67.5,88.9,0,1,72.5,76.6,Female,Civil,Placed
STU_02205,6.34,0,0,2,66.0,63.2,0,1,65.6,57.4,Female,Computer Science,Placed
STU_02206,7.77,1,1,2,73.4,74.8,0,0,73.3,79.3,Female,Civil,Placed
STU_02207,8.78,1,0,2,78.0,65.6,1,1,87.3,64.6,Male,Mechanical,Placed
STU_02208,7.66,1,1,0,52.8,68.2,1,1,87.0,65.6,Female,Computer Science,Placed
STU_02209,6.99,0,4,0,66.2,62.5,0,1,76.2,80.8,Female,Electronics,Placed
STU_02210,7.3,2,0,0,40.4,75.6,0,1,76.4,89.2,Male,Information Technology,Placed
STU_02211,6.05,1,2,0,67.6,60.2,1,1,67.7,83.6,Male,Electronics,Placed
STU_02212,7.9,0,0,0,72.3,75.8,1,1,82.0,81.4,Male,Electronics,Placed
STU_02213,8.18,2,2,2,78.5,70.6,0,1,64.2,78.7,Male,Electronics,Placed
STU_02214,6.85,0,1,3,72.3,79.6,1,1,86.3,84.6,Male,Information Technology,Placed
STU_02215,6.83,1,0,2,78.2,80.7,1,1,82.2,93.5,Female,Electronics,Placed
STU_02216,7.57,1,1,1,71.0,68.2,0,0,75.3,68.7,Female,Mechanical,Placed
STU_02217,6.86,0,2,1,59.9,76.4,0,0,82.4,69.0,Male,Electronics,Placed
STU_02218,7.23,2,0,2,53.3,66.6,0,1,74.6,83.0,Female,Electronics,Placed
STU_02219,9.4,0,1,2,66.1,87.8,1,1,79.9,56.2,Male,Mechanical,Placed
STU_02220,7.05,0,0,1,58.5,67.7,1,1,80.1,73.9,Female,Computer Science,Placed
STU_02221,6.94,2,4,0,68.2,69.6,0,1,89.7,77.9,Female,Mechanical,Placed
STU_02222,6.65,2,2,0,62.6,66.4,0,1,82.9,69.0,Female,Civil,Placed
STU_02223,8.04,1,2,1,76.3,63.2,0,1,88.5,53.9,Male,Information Technology,Placed
STU_02224,7.12,1,2,0,70.7,96.4,0,1,81.9,90.2,Male,Mechanical,Placed
STU_02225,6.65,0,0,2,76.7,77.8,0,0,77.4,68.4,Male,Information Technology,Placed
STU_02226,8.62,1,2,1,76.6,72.8,0,1,83.1,68.9,Female,Mechanical,Placed
STU_02227,8.72,0,0,1,67.3,66.3,0,0,81.4,89.6,Male,Electronics,Placed
STU_02228,6.7,0,1,0,68.2,85.4,0,1,74.4,48.0,Male,Electronics,Placed
STU_02229,5.43,1,2,1,77.5,65.5,1,1,63.9,91.6,Female,Civil,Placed
STU_02230,8.31,0,2,1,100.0,73.4,1,0,72.8,99.0,Female,Computer Science,Placed
STU_02231,6.62,0,0,1,55.2,98.4,1,0,72.7,65.2,Female,Mechanical,Placed
STU_02232,8.09,0,0,0,70.6,60.5,1,0,83.6,69.6,Male,Civil,Placed
STU_02233,5.33,0,2,3,52.1,78.5,0,1,77.3,80.4,Male,Mechanical,Placed
STU_02234,8.19,0,2,1,69.7,75.5,0,0,69.9,77.8,Female,Information Technology,Placed
STU_02235,6.09,0,0,1,59.9,78.3,0,0,76.4,85.8,Female,Civil,Placed
STU_02236,8.03,0,0,2,68.2,68.6,0,1,74.8,80.5,Male,Computer Science,Placed
STU_02237,7.31,1,3,3,72.3,64.9,1,1,68.8,84.1,Female,Mechanical,Placed
STU_02238,6.35,2,2,0,62.7,74.7,0,0,92.7,99.0,Male,Information Technology,Placed
STU_02239,6.89,1,4,2,43.2,66.5,0,0,76.1,57.5,Female,Information Technology,Placed
STU_02240,7.99,1,1,0,91.4,44.0,0,1,70.1,89.8,Male,Civil,Placed
STU_02241,7.41,0,2,1,82.6,62.1,0,1,61.4,91.3,Female,Electronics,Placed
STU_02242,7.88,0,1,0,68.0,68.2,0,0,78.9,62.9,Male,Civil,Placed
STU_02243,9.28,0,2,1,,59.1,0,1,83.2,66.2,Female,Civil,Placed
STU_02244,5.74,1,0,1,71.3,73.8,0,1,71.5,80.5,Male,Information Technology,Placed
STU_02245,8.92,1,0,1,75.4,62.9,0,1,79.4,61.3,Female,Computer Science,Placed
STU_02246,7.4,1,0,1,81.6,71.5,0,1,67.1,68.2,Female,Civil,Placed
STU_02247,6.4,0,2,1,82.9,98.0,1,1,75.7,77.6,Male,Electronics,Placed
STU_02248,5.97,0,2,0,85.8,86.7,0,1,88.8,67.5,Male,Information Technology,Placed
STU_02249,7.11,1,2,2,43.9,79.1,1,1,75.7,72.5,Male,Electronics,Placed
STU_02250,,0,3,1,65.4,93.7,0,0,71.6,65.5,Female,Information Technology,Placed
STU_02251,7.17,1,2,1,84.9,71.1,0,1,91.4,64.6,Female,Information Technology,Placed
STU_02252,8.81,1,2,3,56.1,71.3,0,0,80.0,80.2,Female,Civil,Placed
STU_02253,5.85,1,4,0,88.3,59.3,1,1,73.0,73.9,Female,Information Technology,Placed
STU_02254,7.29,2,2,1,97.2,87.3,0,1,69.3,76.4,Female,Computer Science,Placed
STU_02255,6.05,2,0,1,87.9,95.5,1,0,66.5,82.7,Male,Electronics,Placed
STU_02256,7.66,1,4,0,79.9,82.9,1,0,82.3,77.0,Female,Mechanical,Placed
STU_02257,8.19,1,0,0,63.3,89.1,0,1,85.7,71.3,Female,Information Technology,Placed
STU_02258,6.88,0,2,2,74.2,39.2,0,1,78.0,65.3,Male,Civil,Placed
STU_02259,5.0,2,1,0,49.8,100.0,1,0,76.0,79.9,Male,Mechanical,Placed
STU_02260,7.5,1,2,1,58.3,70.7,0,1,83.9,96.9,Female,Computer Science,Placed
STU_02261,7.74,0,2,1,59.3,100.0,0,1,63.8,84.7,Male,Electronics,Placed
STU_02262,7.7,0,1,1,70.9,92.8,1,1,78.8,58.4,Female,Computer Science,Placed
STU_02263,8.54,0,2,1,64.1,81.3,1,0,78.2,52.7,Female,Civil,Placed
STU_02264,6.23,1,2,2,73.9,67.9,1,0,82.1,66.9,Male,Mechanical,Placed
STU_02265,7.98,1,1,0,83.2,73.9,0,1,82.8,58.1,Female,Computer Science,Placed
STU_02266,8.49,0,1,1,59.4,49.1,0,0,73.9,60.9,Male,Information Technology,Placed
STU_02267,5.52,0,1,1,72.2,83.2,0,0,96.5,48.9,Female,Mechanical,Placed
STU_02268,7.62,2,3,0,63.8,41.3,0,1,67.2,77.6,Male,Electronics,Placed
STU_02269,6.8,1,2,3,72.9,68.4,0,1,73.2,62.3,Male,Civil,Placed
STU_02270,7.22,2,3,2,80.3,90.5,0,1,86.6,62.2,Male,Civil,Placed
STU_02271,7.65,0,1,0,83.8,80.6,0,1,71.7,67.7,Female,Electronics,Placed
STU_02272,6.81,1,0,1,80.1,53.6,1,1,79.1,67.9,Female,Civil,Placed
STU_02273,6.62,1,0,1,76.2,55.9,0,1,72.7,72.1,Female,Civil,Not Placed
STU_02274,7.33,0,1,1,48.7,64.8,0,0,74.1,59.6,Male,Electronics,Placed
STU_02275,6.21,0,2,2,53.8,72.9,1,1,65.1,85.8,Male,Civil,Not Placed
STU_02276,6.21,0,4,1,57.6,82.5,0,1,85.6,78.1,Female,Electronics,Placed
STU_02277,7.98,0,1,1,75.4,79.2,0,0,85.8,79.6,Male,Civil,Placed
STU_02278,6.15,3,4,0,50.6,59.3,0,1,85.8,70.2,Male,Computer Science,Placed
STU_02279,7.97,0,0,1,75.1,79.4,1,1,73.7,86.8,Male,Computer Science,Placed
STU_02280,7.76,0,3,1,74.0,80.7,0,1,81.3,80.4,Female,Computer Science,Placed
STU_02281,5.57,1,1,1,41.0,77.9,0,1,98.0,77.1,Male,Mechanical,Placed
STU_02282,6.62,0,3,1,53.7,100.0,1,1,80.9,86.0,Male,Electronics,Placed
STU_02283,8.49,1,0,0,85.7,80.7,1,0,66.4,56.6,Male,Computer Science,Placed
STU_02284,6.32,0,3,0,80.5,83.6,1,1,69.5,77.1,Female,Civil,Placed
STU_02285,6.84,1,1,1,57.2,94.5,0,1,69.0,67.6,Male,Electronics,Placed
STU_02286,7.76,0,1,1,54.5,82.2,0,1,91.2,67.0,Male,Electronics,Placed
STU_02287,8.08,1,2,1,33.2,65.4,1,1,81.9,83.8,Female,Civil,Placed
STU_02288,7.05,1,1,1,92.1,86.9,0,1,62.3,90.1,Male,Information Technology,Placed
STU_02289,6.7,2,2,0,70.6,67.2,0,1,91.0,89.0,Female,Electronics,Placed
STU_02290,8.72,2,4,0,98.3,60.2,1,0,83.7,75.1,Male,Mechanical,Placed
STU_02291,9.04,1,2,0,67.1,61.2,0,0,79.7,71.4,Male,Mechanical,Placed
STU_02292,8.28,0,2,2,74.2,86.8,0,1,93.2,88.6,Male,Information Technology,Placed
STU_02293,7.39,1,0,0,83.4,79.4,0,0,75.7,64.2,Female,Computer Science,Placed
STU_02294,6.49,1,2,1,94.6,84.7,0,1,91.6,93.7,Female,Computer Science,Placed
STU_02295,6.47,2,2,1,77.5,79.5,0,1,55.9,70.8,Female,Electronics,Placed
STU_02296,7.82,0,3,3,70.0,74.3,1,1,70.7,74.5,Female,Civil,Placed
STU_02297,7.72,0,1,3,70.4,75.8,0,0,85.9,69.1,Male,Electronics,Placed
STU_02298,8.7,1,2,3,54.3,79.1,0,1,94.8,75.4,Female,Information Technology,Placed
STU_02299,7.95,0,1,1,64.3,64.8,1,0,65.8,65.0,Male,Computer Science,Placed
STU_02300,5.8,0,1,1,70.8,56.5,1,1,73.8,70.9,Male,Mechanical,Placed
STU_02301,8.35,0,1,2,90.7,66.2,0,1,79.7,76.7,Female,Electronics,Placed
STU_02302,6.3,1,1,2,63.5,78.5,0,0,68.6,73.8,Male,Information Technology,Placed
STU_02303,6.92,3,1,3,85.9,64.2,1,1,75.4,48.0,Female,Electronics,Not Placed
STU_02304,7.55,1,0,1,68.8,97.6,0,0,93.8,99.0,Male,Computer Science,Placed
STU_02305,,0,3,1,88.7,77.3,0,0,67.7,92.4,Male,Civil,Placed
STU_02306,10.0,0,0,1,80.2,73.4,0,0,75.6,62.2,Male,Mechanical,Placed
STU_02307,7.91,0,3,1,79.1,64.7,0,1,80.7,68.2,Female,Information Technology,Not Placed
STU_02308,7.12,1,0,2,84.7,83.0,0,1,82.7,73.1,Male,Computer Science,Not Placed
STU_02309,7.83,1,0,2,82.5,57.5,0,1,69.4,82.3,Male,Mechanical,Not Placed
STU_02310,8.19,0,2,1,86.0,75.8,0,0,76.2,80.2,Female,Computer Science,Placed
STU_02311,6.98,1,2,0,100.0,66.8,1,1,75.1,62.9,Female,Computer Science,Placed
STU_02312,9.1,1,2,3,94.3,73.5,0,1,81.0,99.0,Male,Electronics,Placed
STU_02313,7.53,0,2,0,77.0,77.8,0,1,66.2,70.6,Male,Mechanical,Not Placed
STU_02314,7.8,0,1,0,63.4,58.3,1,1,90.7,94.9,Male,Civil,Placed
STU_02315,7.97,3,2,1,75.5,51.9,0,0,80.6,68.4,Female,Computer Science,Placed
STU_02316,7.72,0,2,0,41.1,60.8,1,1,88.7,86.6,Male,Civil,Placed
STU_02317,8.14,1,1,0,82.4,82.6,0,0,72.3,79.1,Male,Civil,Placed
STU_02318,6.68,1,3,0,54.1,76.5,0,1,65.8,65.6,Female,Computer Science,Placed
STU_02319,6.74,1,2,0,86.8,67.2,0,1,68.5,81.5,Male,Electronics,Placed
STU_02320,6.2,1,1,1,99.7,95.6,1,1,85.0,77.0,Male,Information Technology,Placed
STU_02321,7.74,1,3,0,48.2,87.4,0,1,73.6,85.1,Female,Information Technology,Placed
STU_02322,8.08,2,3,1,69.2,84.5,1,1,61.8,66.5,Male,Computer Science,Placed
STU_02323,7.76,2,2,0,54.0,63.3,1,0,79.8,74.1,Male,Electronics,Placed
STU_02324,8.97,1,1,2,44.1,84.4,0,0,74.8,83.9,Female,Information Technology,Placed
STU_02325,7.29,0,3,0,68.4,76.1,1,1,75.0,54.9,Male,Computer Science,Placed
STU_02326,7.97,0,1,0,79.5,63.3,0,0,60.9,62.3,Male,Mechanical,Placed
STU_02327,6.21,1,0,0,81.3,70.8,0,1,62.9,75.4,Female,Computer Science,Not Placed
STU_02328,6.91,1,1,1,72.3,59.5,0,1,72.5,77.0,Female,Computer Science,Placed
STU_02329,8.0,0,2,1,45.0,63.4,0,1,68.7,73.9,Male,Civil,Placed
STU_02330,8.15,0,3,1,71.9,58.3,0,1,72.3,83.8,Male,Civil,Placed
STU_02331,7.01,1,2,3,47.6,83.5,0,1,86.3,73.9,Female,Electronics,Placed
STU_02332,7.23,0,4,2,48.6,71.1,1,1,67.4,86.2,Female,Information Technology,Placed
STU_02333,5.78,1,0,1,55.0,60.7,0,0,68.9,78.6,Female,Electronics,Not Placed
STU_02334,6.94,1,0,0,85.7,78.2,0,0,72.7,62.7,Female,Civil,Placed
STU_02335,8.19,1,2,1,78.2,72.0,0,1,68.4,76.8,Male,Computer Science,Placed
STU_02336,7.88,0,4,0,74.8,84.6,1,1,75.8,74.1,Female,Civil,Placed
STU_02337,7.8,0,2,1,57.1,73.6,0,0,88.3,67.6,Female,Computer Science,Placed
STU_02338,7.35,0,0,0,64.2,54.8,1,1,75.1,58.3,Female,Electronics,Placed
STU_02339,7.31,0,1,2,49.4,66.0,1,1,80.6,62.0,Female,Electronics,Placed
STU_02340,6.64,1,1,2,90.5,58.1,1,1,54.8,65.7,Male,Electronics,Placed
STU_02341,8.0,1,1,1,100.0,78.8,0,1,78.8,86.6,Female,Electronics,Placed
STU_02342,7.72,0,0,1,78.3,85.0,0,0,92.8,71.4,Male,Electronics,Placed
STU_02343,7.79,0,3,1,81.0,53.5,0,1,79.0,88.4,Male,Computer Science,Placed
STU_02344,6.77,0,2,0,67.6,70.5,1,1,79.3,63.8,Male,Computer Science,Placed
STU_02345,5.15,3,2,2,45.7,85.8,0,1,80.9,67.2,Female,Electronics,Placed
STU_02346,8.4,1,0,1,57.3,53.3,0,0,93.7,68.8,Male,Electronics,Placed
STU_02347,6.82,2,0,0,63.0,66.8,1,1,91.5,71.8,Female,Computer Science,Placed
STU_02348,6.44,2,2,2,64.2,72.0,0,0,67.8,77.6,Male,Computer Science,Placed
STU_02349,7.99,1,3,0,60.8,84.8,0,1,90.0,81.9,Male,Electronics,Placed
STU_02350,6.91,1,2,0,70.7,78.5,0,0,91.8,88.8,Male,Information Technology,Placed
STU_02351,8.36,0,3,1,57.2,81.0,0,1,60.9,50.8,Female,Mechanical,Placed
STU_02352,7.92,1,3,1,100.0,79.2,0,1,78.3,97.3,Female,Information Technology,Placed
STU_02353,7.98,0,0,1,49.5,67.5,0,0,83.3,63.3,Female,Information Technology,Placed
STU_02354,5.93,2,1,1,83.3,91.7,0,1,50.0,76.1,Male,Civil,Placed
STU_02355,8.51,0,2,0,66.1,63.9,1,1,71.2,85.6,Male,Mechanical,Placed
STU_02356,7.56,1,1,1,76.9,38.7,1,1,70.8,82.1,Female,Electronics,Placed
STU_02357,6.93,0,1,0,77.6,50.4,1,0,71.5,87.3,Female,Electronics,Placed
STU_02358,7.44,2,1,3,72.4,70.6,0,1,88.4,86.2,Female,Information Technology,Placed
STU_02359,5.52,0,1,0,53.0,68.0,0,0,77.4,79.6,Female,Civil,Placed
STU_02360,7.71,1,3,0,65.0,65.6,0,1,82.2,83.3,Female,Information Technology,Placed
STU_02361,6.27,1,0,2,72.5,73.8,1,0,78.9,61.4,Male,Computer Science,Placed
STU_02362,5.95,0,1,3,71.6,86.4,0,1,99.0,67.2,Male,Information Technology,Placed
STU_02363,5.78,1,2,2,54.7,77.4,0,1,88.0,64.3,Male,Information Technology,Not Placed
STU_02364,8.41,2,2,0,89.4,79.8,0,1,77.8,48.9,Male,Computer Science,Placed
STU_02365,6.67,0,2,1,32.6,59.0,1,1,75.4,64.7,Female,Computer Science,Placed
STU_02366,8.83,2,3,1,66.2,65.8,0,0,71.0,63.6,Male,Information Technology,Placed
STU_02367,6.76,1,2,2,56.2,80.4,1,1,68.3,64.8,Male,Civil,Placed
STU_02368,5.59,2,2,0,72.7,73.3,0,0,66.0,82.3,Male,Computer Science,Placed
STU_02369,6.18,0,1,0,85.3,77.7,0,0,87.8,66.6,Male,Mechanical,Placed
STU_02370,8.54,1,2,1,48.9,79.4,1,1,69.0,84.3,Male,Computer Science,Placed
STU_02371,7.14,2,2,0,100.0,74.0,1,1,84.4,57.8,Female,Electronics,Placed
STU_02372,6.75,0,3,1,73.0,91.0,1,1,73.0,67.8,Male,Computer Science,Placed
STU_02373,7.46,1,4,2,75.7,65.6,0,0,70.5,70.7,Male,Computer Science,Placed
STU_02374,7.8,0,2,1,48.4,62.2,0,0,74.7,88.0,Female,Mechanical,Placed
STU_02375,8.42,0,2,1,69.3,50.8,0,1,95.9,75.7,Female,Civil,Placed
STU_02376,8.75,1,0,2,84.6,81.0,1,1,99.0,78.2,Male,Information Technology,Placed
STU_02377,6.94,1,0,0,73.1,65.2,1,1,74.3,62.9,Male,Mechanical,Placed
STU_02378,5.97,1,1,0,72.1,87.2,1,1,73.4,84.4,Male,Mechanical,Placed
STU_02379,6.89,0,0,1,69.2,75.0,0,1,87.6,74.4,Male,Mechanical,Placed
STU_02380,7.56,0,1,0,49.3,67.9,1,1,79.5,55.7,Male,Civil,Placed
STU_02381,6.34,0,1,0,49.2,59.3,0,0,71.5,82.7,Female,Information Technology,Placed
STU_02382,6.34,1,2,0,87.5,82.2,0,1,82.9,78.2,Male,Computer Science,Placed
STU_02383,7.64,2,2,2,83.2,71.4,0,0,85.7,71.2,Male,Electronics,Placed
STU_02384,7.25,1,2,2,85.5,75.2,1,1,75.6,71.2,Male,Mechanical,Placed
STU_02385,7.33,0,2,1,57.7,79.3,1,0,75.9,63.2,Female,Information Technology,Placed
STU_02386,6.54,2,1,0,67.6,75.2,0,1,95.1,87.7,Female,Civil,Placed
STU_02387,7.07,1,4,0,88.5,61.8,1,1,69.8,83.0,Male,Civil,Placed
STU_02388,6.38,1,0,0,51.6,78.3,0,0,72.6,63.4,Male,Information Technology,Placed
STU_02389,8.19,0,3,0,86.9,81.8,0,1,73.4,75.6,Female,Mechanical,Placed
STU_02390,8.34,1,1,0,61.2,76.3,1,0,95.0,67.2,Male,Electronics,Placed
STU_02391,5.45,0,2,1,57.2,79.6,0,0,58.2,61.0,Male,Civil,Placed
STU_02392,6.37,0,0,1,69.5,80.7,0,1,86.2,92.1,Male,Computer Science,Placed
STU_02393,5.8,0,0,0,53.2,67.2,1,1,77.7,71.1,Female,Civil,Placed
STU_02394,6.65,0,1,2,41.5,66.8,0,1,96.1,65.7,Male,Electronics,Placed
STU_02395,7.22,0,2,2,71.1,98.7,1,1,81.6,61.9,Female,Information Technology,Placed
STU_02396,5.85,0,1,1,78.0,87.9,1,1,56.5,72.3,Male,Information Technology,Placed
STU_02397,6.38,0,2,0,88.2,71.4,1,1,94.1,51.7,Male,Mechanical,Placed
STU_02398,6.3,1,1,2,79.1,80.2,0,1,75.6,73.3,Male,Civil,Placed
STU_02399,7.51,0,1,1,99.5,60.7,1,1,57.6,88.3,Female,Computer Science,Placed
STU_02400,7.37,1,3,0,90.4,64.8,1,0,73.9,85.2,Male,Mechanical,Placed
STU_02401,6.58,0,3,1,81.1,57.0,0,1,78.4,80.3,Male,Information Technology,Placed
STU_02402,7.48,2,2,1,77.0,75.4,1,1,67.5,99.0,Male,Electronics,Placed
STU_02403,6.75,2,1,1,88.5,75.6,1,1,62.7,77.8,Male,Electronics,Placed
STU_02404,7.03,0,1,1,36.8,85.0,1,0,81.0,65.0,Female,Computer Science,Placed
STU_02405,8.97,1,4,1,62.8,69.5,0,0,65.6,84.2,Male,Mechanical,Placed
STU_02406,8.64,0,1,1,42.1,84.8,0,1,67.7,76.5,Male,Computer Science,Placed
STU_02407,6.0,2,3,1,79.9,79.8,1,1,91.6,75.4,Female,Computer Science,Placed
STU_02408,8.13,1,1,0,58.9,100.0,0,1,74.7,78.3,Male,Civil,Placed
STU_02409,8.11,0,4,0,100.0,92.0,0,0,65.8,70.6,Female,Electronics,Placed
STU_02410,6.15,0,1,0,62.2,89.9,0,1,69.0,95.6,Male,Civil,Placed
STU_02411,8.12,0,1,1,71.6,82.0,1,1,81.9,57.1,Male,Computer Science,Placed
STU_02412,8.84,0,2,0,64.0,61.3,0,1,82.2,84.0,Male,Civil,Placed
STU_02413,6.18,1,4,1,62.7,75.5,1,0,84.7,76.5,Female,Computer Science,Placed
STU_02414,6.38,1,4,0,51.3,99.0,1,1,86.0,80.0,Male,Computer Science,Placed
STU_02415,8.32,0,2,1,50.8,78.1,0,0,81.3,70.8,Female,Mechanical,Placed
STU_02416,7.57,0,2,2,37.3,62.1,0,0,84.1,91.7,Female,Mechanical,Placed
STU_02417,7.85,0,2,0,78.2,76.0,0,1,73.2,84.7,Female,Computer Science,Placed
STU_02418,7.64,0,2,1,63.6,60.1,1,1,66.8,66.5,Male,Electronics,Placed
STU_02419,7.69,2,3,3,99.0,61.7,0,1,91.6,87.3,Male,Electronics,Placed
STU_02420,5.97,0,2,0,51.3,77.0,0,1,86.8,78.3,Female,Civil,Placed
STU_02421,8.35,1,2,2,92.1,80.9,1,1,75.2,68.6,Male,Information Technology,Placed
STU_02422,8.47,0,2,1,93.6,62.4,0,0,71.4,56.4,Female,Electronics,Placed
STU_02423,7.07,0,2,1,89.2,65.3,1,0,99.0,83.5,Male,Civil,Placed
STU_02424,7.26,1,3,0,73.5,54.9,0,0,69.0,67.0,Male,Mechanical,Placed
STU_02425,5.77,1,1,1,64.9,70.4,0,1,80.3,80.8,Male,Computer Science,Placed
STU_02426,7.81,0,1,1,89.1,48.6,0,0,71.3,91.1,Male,Information Technology,Placed
STU_02427,7.87,1,2,1,58.1,68.4,0,1,73.9,66.1,Female,Mechanical,Placed
STU_02428,7.24,1,1,2,74.1,73.0,0,1,70.5,89.8,Female,Computer Science,Placed
STU_02429,8.42,0,2,1,69.3,50.9,0,1,56.4,62.4,Female,Information Technology,Placed
STU_02430,6.97,1,3,0,56.6,59.9,1,1,81.9,91.3,Male,Electronics,Placed
STU_02431,7.86,1,2,0,74.2,71.3,0,1,84.6,95.0,Male,Mechanical,Placed
STU_02432,6.28,0,3,0,81.1,69.6,1,0,71.4,84.9,Male,Computer Science,Placed
STU_02433,7.28,1,1,2,56.0,70.2,0,0,99.0,79.8,Male,Mechanical,Placed
STU_02434,7.13,0,3,0,76.9,75.5,0,1,80.8,84.8,Female,Information Technology,Placed
STU_02435,7.53,0,2,0,36.6,51.9,1,1,79.7,71.3,Male,Mechanical,Placed
STU_02436,6.93,1,0,0,54.3,80.5,1,1,81.9,60.4,Male,Information Technology,Placed
STU_02437,7.17,2,2,2,63.1,68.2,0,1,72.1,66.9,Male,Mechanical,Placed
STU_02438,8.13,2,4,1,75.4,64.8,1,1,68.2,99.0,Female,Information Technology,Placed
STU_02439,6.86,0,0,3,83.0,49.6,0,1,70.4,62.2,Female,Mechanical,Placed
STU_02440,5.69,0,2,1,71.2,68.8,0,1,72.5,85.6,Male,Mechanical,Placed
STU_02441,9.05,1,3,2,78.5,78.1,1,1,83.6,73.8,Male,Mechanical,Placed
STU_02442,8.68,0,0,0,67.6,73.7,0,0,74.2,71.1,Female,Information Technology,Placed
STU_02443,6.01,1,2,0,76.1,74.0,0,0,84.2,93.6,Male,Information Technology,Placed
STU_02444,7.99,1,2,0,75.3,67.9,0,0,65.4,76.0,Male,Information Technology,Placed
STU_02445,6.8,2,1,1,62.4,71.3,0,1,71.6,85.3,Female,Computer Science,Placed
STU_02446,7.56,0,2,1,64.7,58.7,1,1,70.9,99.0,Male,Mechanical,Placed
STU_02447,7.59,0,0,0,79.0,71.9,0,1,50.0,72.7,Male,Information Technology,Not Placed
STU_02448,7.07,2,2,0,97.2,66.1,1,1,73.4,80.2,Male,Electronics,Placed
STU_02449,6.52,1,0,1,88.1,58.5,0,1,67.6,82.7,Female,Electronics,Placed
STU_02450,6.61,2,1,0,53.1,81.1,0,1,82.6,71.5,Male,Computer Science,Placed
STU_02451,6.38,0,2,1,53.1,53.1,1,1,85.3,80.4,Female,Mechanical,Placed
STU_02452,6.47,1,1,0,62.0,78.3,0,1,64.0,87.4,Male,Mechanical,Placed
STU_02453,7.23,1,1,1,71.5,79.0,1,1,75.5,83.6,Male,Civil,Placed
STU_02454,6.58,0,3,1,70.7,65.7,1,0,65.2,76.3,Male,Electronics,Placed
STU_02455,7.98,1,3,1,88.6,84.4,0,1,81.2,48.0,Female,Electronics,Placed
STU_02456,8.79,1,3,0,89.4,65.4,0,1,71.1,59.1,Female,Mechanical,Placed
STU_02457,6.72,0,2,0,70.1,64.7,0,1,72.7,95.2,Male,Information Technology,Placed
STU_02458,7.54,0,3,2,66.6,57.6,1,1,75.8,64.5,Male,Civil,Placed
STU_02459,7.8,1,3,1,77.8,71.9,0,1,80.9,87.8,Female,Information Technology,Placed
STU_02460,7.77,1,1,1,85.9,60.5,0,1,78.6,61.5,Male,Information Technology,Placed
STU_02461,7.38,2,1,1,78.3,62.5,0,1,81.9,64.4,Female,Mechanical,Not Placed
STU_02462,8.04,0,0,0,63.5,71.2,0,1,85.2,82.5,Male,Computer Science,Placed
STU_02463,7.78,0,2,2,60.8,71.7,0,1,76.7,92.1,Female,Mechanical,Placed
STU_02464,6.06,3,3,2,53.3,87.1,1,1,67.6,82.2,Male,Information Technology,Placed
STU_02465,8.17,2,2,1,72.9,83.2,1,0,62.0,78.9,Female,Mechanical,Placed
STU_02466,8.19,0,2,2,79.3,78.6,1,1,70.4,60.0,Male,Mechanical,Placed
STU_02467,6.54,1,0,0,81.0,70.2,1,0,80.2,51.6,Male,Computer Science,Not Placed
STU_02468,7.34,0,0,1,87.3,67.2,0,1,64.2,70.2,Male,Civil,Placed
STU_02469,7.98,0,2,3,92.2,71.7,1,1,88.7,76.7,Male,Civil,Placed
STU_02470,7.09,0,4,0,49.4,65.3,0,1,67.5,74.4,Male,Information Technology,Placed
STU_02471,8.37,0,1,0,76.1,63.6,0,1,76.9,99.0,Female,Civil,Placed
STU_02472,9.66,2,3,1,76.6,71.1,0,0,92.8,58.0,Male,Information Technology,Placed
STU_02473,6.51,1,0,0,68.9,61.5,0,0,76.2,71.6,Male,Electronics,Placed
STU_02474,5.92,3,2,2,57.6,62.2,0,1,67.1,93.4,Male,Computer Science,Placed
STU_02475,7.6,1,2,0,91.7,83.5,1,1,52.9,82.2,Male,Civil,Placed
STU_02476,8.02,0,3,1,61.2,55.4,0,1,82.1,63.0,Male,Information Technology,Placed
STU_02477,7.07,1,0,0,37.1,59.5,0,1,81.1,50.6,Male,Computer Science,Placed
STU_02478,8.75,3,1,0,70.3,87.3,1,1,83.8,70.7,Male,Information Technology,Placed
STU_02479,5.96,1,1,2,66.4,67.3,1,0,79.1,63.9,Female,Computer Science,Not Placed
STU_02480,7.99,1,3,1,97.9,88.5,1,1,72.6,70.1,Male,Mechanical,Placed
STU_02481,6.69,2,1,0,77.3,58.0,0,0,70.1,99.0,Male,Electronics,Placed
STU_02482,9.02,0,0,0,65.4,72.9,1,1,78.4,63.9,Male,Electronics,Placed
STU_02483,9.29,1,2,1,67.0,81.3,0,1,87.9,67.9,Male,Civil,Placed
STU_02484,6.53,2,2,2,66.9,61.1,0,1,50.0,85.0,Male,Computer Science,Placed
STU_02485,6.75,3,3,1,100.0,92.1,0,0,87.4,78.2,Male,Computer Science,Placed
STU_02486,8.16,0,3,1,80.1,67.3,0,1,75.1,91.5,Male,Information Technology,Placed
STU_02487,6.91,1,2,0,48.9,78.1,0,1,76.3,84.0,Female,Mechanical,Not Placed
STU_02488,7.25,1,3,2,66.3,63.9,0,1,85.0,67.4,Male,Civil,Placed
STU_02489,7.33,0,2,1,69.6,89.9,0,1,76.3,80.7,Male,Information Technology,Placed
STU_02490,5.38,1,1,1,53.4,75.6,0,1,80.3,76.3,Female,Information Technology,Placed
STU_02491,7.29,0,3,1,43.3,97.2,0,1,61.7,55.6,Female,Mechanical,Placed
STU_02492,6.61,0,2,1,78.9,86.1,0,0,75.2,98.8,Female,Civil,Placed
STU_02493,6.81,0,1,2,57.9,82.0,0,1,83.1,63.3,Female,Mechanical,Placed
STU_02494,8.74,1,2,1,88.7,60.5,1,1,74.1,73.8,Female,Mechanical,Placed
STU_02495,6.04,0,1,2,70.1,73.0,0,1,74.7,69.8,Male,Information Technology,Placed
STU_02496,8.11,1,0,1,62.9,68.2,0,1,79.6,76.3,Female,Mechanical,Placed
STU_02497,7.02,0,2,1,33.7,72.3,0,1,82.3,77.1,Female,Information Technology,Placed
STU_02498,7.02,0,3,2,88.3,73.8,0,1,93.2,81.4,Male,Information Technology,Placed
STU_02499,8.09,0,2,0,74.4,61.2,0,1,82.4,69.8,Male,Mechanical,Placed
STU_02500,7.64,0,1,1,63.3,70.1,0,1,91.5,86.9,Female,Electronics,Placed
STU_02501,7.87,1,4,1,56.6,70.8,0,0,77.0,67.5,Male,Computer Science,Placed
STU_02502,8.27,1,0,2,94.0,59.9,0,0,54.3,69.2,Male,Mechanical,Placed
STU_02503,6.97,0,1,0,54.0,81.6,0,1,73.7,56.1,Male,Computer Science,Placed
STU_02504,6.69,0,1,0,64.5,74.7,1,1,69.9,77.5,Male,Information Technology,Placed
STU_02505,6.21,1,0,0,78.5,81.8,0,0,77.4,91.7,Female,Computer Science,Placed
STU_02506,6.47,0,1,0,91.8,77.8,1,0,74.8,72.3,Female,Electronics,Placed
STU_02507,10.0,3,2,0,66.8,51.4,1,0,80.6,94.4,Male,Electronics,Placed
STU_02508,8.54,1,3,1,59.0,62.0,0,0,71.3,63.0,Male,Computer Science,Placed
STU_02509,5.95,0,4,2,68.4,91.8,0,1,80.2,60.1,Male,Information Technology,Placed
STU_02510,5.98,0,3,1,83.6,81.4,0,1,81.7,90.3,Female,Civil,Placed
STU_02511,7.78,1,2,0,86.9,52.5,0,1,78.4,73.1,Male,Computer Science,Placed
STU_02512,7.85,0,2,2,49.4,77.6,0,0,63.4,64.3,Male,Mechanical,Placed
STU_02513,7.85,0,3,1,71.7,62.0,1,0,86.9,77.9,Female,Electronics,Placed
STU_02514,7.05,0,2,0,48.5,46.8,1,0,84.2,78.7,Female,Mechanical,Not Placed
STU_02515,7.17,1,2,0,83.3,91.9,0,0,76.1,85.4,Female,Information Technology,Placed
STU_02516,7.63,1,2,2,76.3,72.9,1,0,59.9,71.4,Male,Civil,Placed
STU_02517,7.39,0,1,1,56.2,74.6,0,1,81.0,60.1,Female,Information Technology,Placed
STU_02518,5.08,1,2,1,93.0,56.9,0,1,72.7,72.0,Female,Civil,Placed
STU_02519,7.07,0,2,0,75.0,58.2,1,0,72.5,74.8,Male,Electronics,Placed
STU_02520,6.45,1,2,2,73.4,52.9,1,0,77.2,87.4,Female,Mechanical,Placed
STU_02521,7.48,0,1,0,67.3,89.0,1,0,92.6,58.4,Female,Electronics,Not Placed
STU_02522,10.0,1,2,2,69.9,52.3,1,1,79.5,70.9,Male,Information Technology,Placed
STU_02523,7.67,3,3,1,64.3,91.4,0,1,76.9,78.2,Male,Computer Science,Placed
STU_02524,6.99,0,4,0,58.9,60.2,0,1,72.8,92.0,Female,Civil,Placed
STU_02525,8.22,0,1,0,88.4,57.3,0,1,78.3,67.6,Female,Computer Science,Placed
STU_02526,7.78,0,1,0,62.6,71.3,1,0,78.0,66.1,Female,Electronics,Placed
STU_02527,7.72,0,2,0,62.1,63.8,0,0,84.0,82.3,Female,Civil,Placed
STU_02528,7.91,0,1,0,68.1,73.2,0,0,72.7,50.0,Male,Information Technology,Placed
STU_02529,9.36,2,0,1,91.4,61.5,0,0,69.9,68.8,Male,Information Technology,Placed
STU_02530,6.17,2,1,1,87.0,68.2,1,1,73.6,81.5,Female,Mechanical,Placed
STU_02531,7.77,0,3,1,64.1,62.9,1,0,77.1,78.9,Female,Information Technology,Placed
STU_02532,6.37,1,2,1,88.4,82.3,0,1,77.8,77.2,Male,Electronics,Placed
STU_02533,7.86,1,2,2,71.6,78.2,0,1,77.9,57.0,Male,Mechanical,Placed
STU_02534,6.38,1,2,2,57.3,75.0,0,1,68.1,61.0,Male,Mechanical,Placed
STU_02535,6.88,0,2,0,62.9,84.6,0,0,77.1,89.8,Male,Electronics,Placed
STU_02536,7.0,0,1,1,90.6,75.2,0,1,84.8,74.0,Male,Electronics,Placed
STU_02537,8.28,1,2,0,100.0,74.1,1,1,90.7,72.6,Male,Information Technology,Placed
STU_02538,8.22,0,0,0,74.8,70.6,1,1,87.8,66.3,Female,Information Technology,Placed
STU_02539,6.05,1,2,1,61.5,63.4,0,1,77.4,75.2,Male,Civil,Placed
STU_02540,7.35,1,1,1,68.1,63.4,0,0,76.4,69.6,Male,Mechanical,Placed
STU_02541,6.59,0,2,2,58.6,73.8,0,1,90.4,84.4,Male,Information Technology,Placed
STU_02542,6.04,0,2,1,60.7,84.2,0,0,76.9,63.4,Male,Mechanical,Placed
STU_02543,7.08,2,1,0,59.3,78.8,0,1,86.7,84.2,Male,Mechanical,Placed
STU_02544,6.99,1,0,2,68.8,78.8,0,1,77.7,93.1,Female,,Placed
STU_02545,9.73,2,1,0,71.8,58.7,0,0,54.0,81.8,Male,Civil,Placed
STU_02546,,0,2,0,67.8,78.3,0,1,84.6,61.4,Female,Computer Science,Placed
STU_02547,5.92,1,0,0,66.7,67.2,1,1,87.7,84.0,Male,,Placed
STU_02548,6.74,1,0,3,81.4,74.1,0,0,74.7,69.6,Female,Computer Science,Placed
STU_02549,8.32,2,2,1,66.6,78.6,1,1,66.4,69.2,Female,Computer Science,Placed
STU_02550,9.39,0,2,1,67.5,58.1,0,1,93.2,76.5,Male,Mechanical,Placed
STU_02551,5.71,0,1,2,67.4,73.9,0,1,76.5,72.3,Female,Mechanical,Placed
STU_02552,5.42,0,2,1,93.1,74.8,1,1,74.6,69.9,Female,Computer Science,Placed
STU_02553,9.17,2,3,2,62.6,84.0,0,1,82.5,82.5,Female,Electronics,Placed
STU_02554,7.69,2,3,1,78.9,65.8,1,0,99.0,76.3,Male,Computer Science,Placed
STU_02555,6.43,3,1,3,58.8,71.3,1,1,82.8,54.0,Male,Civil,Placed
STU_02556,7.83,3,3,2,75.2,74.0,0,1,79.8,86.3,Female,Electronics,Placed
STU_02557,5.0,0,2,1,78.2,65.8,0,0,78.7,88.2,Female,Electronics,Not Placed
STU_02558,7.3,0,4,0,86.3,65.6,0,1,94.5,81.6,Female,Computer Science,Placed
STU_02559,7.63,0,2,2,64.2,65.1,0,1,83.3,82.3,Male,Civil,Placed
STU_02560,8.22,0,2,1,53.3,70.5,0,1,86.6,72.6,Male,Civil,Placed
STU_02561,6.29,2,2,1,58.2,93.0,1,1,81.0,61.8,Male,Information Technology,Placed
STU_02562,7.39,2,2,2,84.5,70.9,0,1,83.4,77.0,Male,Computer Science,Placed
STU_02563,6.37,0,2,1,100.0,77.9,0,1,75.2,92.0,Male,Information Technology,Placed
STU_02564,7.56,1,1,0,82.5,72.4,0,1,79.7,78.0,Female,Civil,Placed
STU_02565,6.4,2,0,0,51.1,68.3,0,0,71.1,93.3,Male,Computer Science,Placed
STU_02566,6.89,1,1,1,82.0,71.7,0,1,72.9,93.8,Female,Mechanical,Placed
STU_02567,6.3,0,3,0,55.8,81.2,1,0,82.9,74.6,Female,Mechanical,Placed
STU_02568,7.95,1,2,1,64.8,71.4,1,0,71.0,69.9,Male,Information Technology,Placed
STU_02569,8.16,0,2,2,72.8,70.1,0,1,79.3,70.3,Female,Computer Science,Placed
STU_02570,7.07,1,2,0,75.3,69.2,1,1,74.3,73.6,Female,Electronics,Placed
STU_02571,7.34,0,0,0,71.0,60.1,1,0,66.8,64.3,Male,Mechanical,Placed
STU_02572,5.85,0,1,2,61.0,84.5,0,1,80.3,81.1,Male,Computer Science,Placed
STU_02573,7.0,3,2,1,85.9,66.6,0,0,85.8,85.5,Male,Mechanical,Placed
STU_02574,7.25,1,4,0,62.1,89.6,1,1,64.8,54.6,Female,Computer Science,Placed
STU_02575,9.92,1,1,2,88.8,74.9,1,1,84.1,94.6,Female,Computer Science,Placed
STU_02576,6.19,3,1,1,49.6,88.9,0,1,66.8,69.2,Male,Information Technology,Placed
STU_02577,8.76,0,0,0,73.2,69.6,1,1,91.6,71.8,Female,Civil,Placed
STU_02578,8.3,0,1,0,51.6,63.2,1,1,83.7,78.4,Male,Civil,Placed
STU_02579,7.58,2,1,0,57.5,84.5,1,1,64.8,65.8,Female,Computer Science,Placed
STU_02580,9.06,0,2,2,62.3,65.3,1,1,86.5,68.5,Female,Computer Science,Placed
STU_02581,7.67,1,1,1,92.8,87.4,1,1,71.9,65.9,Male,Mechanical,Placed
STU_02582,7.69,0,1,1,89.6,78.9,0,1,68.3,75.0,Female,Computer Science,Placed
STU_02583,7.25,0,2,2,83.1,89.6,1,1,85.2,68.6,Male,Computer Science,Placed
STU_02584,8.52,1,4,0,70.5,60.3,0,1,90.1,79.1,Male,Civil,Placed
STU_02585,8.4,0,1,0,72.8,83.5,1,1,82.8,60.5,Female,Mechanical,Placed
STU_02586,6.67,1,2,0,89.0,63.1,1,0,74.3,79.9,Male,Electronics,Placed
STU_02587,5.98,1,1,0,80.5,43.2,1,1,79.7,62.6,Male,Mechanical,Placed
STU_02588,7.1,2,3,1,70.3,82.8,1,0,72.2,86.1,Female,Civil,Placed
STU_02589,6.5,1,2,1,92.3,71.9,0,1,76.3,83.9,Male,Information Technology,Placed
STU_02590,7.24,0,3,0,82.2,83.5,0,0,82.1,51.5,Male,Computer Science,Placed
STU_02591,8.54,2,0,0,73.6,73.1,1,1,63.7,84.3,Female,Mechanical,Placed
STU_02592,6.84,1,2,0,63.1,72.3,1,1,82.5,48.0,Male,Mechanical,Placed
STU_02593,,1,2,3,61.8,90.0,1,1,63.9,62.1,Female,Mechanical,Placed
STU_02594,7.36,2,1,1,65.0,73.4,0,1,65.3,86.4,Male,Mechanical,Placed
STU_02595,8.15,1,1,1,76.9,66.3,0,0,84.5,69.0,Male,Computer Science,Placed
STU_02596,5.05,1,2,0,82.5,70.9,0,1,69.6,92.2,Male,Computer Science,Placed
STU_02597,6.69,1,2,1,48.3,73.9,0,1,68.1,82.8,Male,Computer Science,Placed
STU_02598,7.51,0,0,0,40.8,37.9,1,1,75.0,70.3,Male,Civil,Not Placed
STU_02599,8.5,0,2,3,55.7,77.9,1,1,72.1,68.7,Male,Computer Science,Placed
STU_02600,6.81,1,1,2,63.9,88.3,1,1,80.3,91.5,Female,Electronics,Placed
STU_02601,5.42,0,0,1,87.9,71.4,0,0,79.7,69.7,Female,Civil,Placed
STU_02602,7.92,0,2,1,65.8,67.0,1,1,68.1,54.5,Male,Computer Science,Not Placed
STU_02603,6.66,0,1,1,73.8,76.7,1,1,60.9,64.8,Male,Mechanical,Placed
STU_02604,6.11,1,1,0,76.3,92.9,0,1,76.0,76.4,Female,Information Technology,Placed
STU_02605,6.68,0,1,0,54.6,77.6,0,1,89.0,66.4,Male,Electronics,Placed
STU_02606,7.12,1,2,1,91.9,74.6,1,1,77.3,99.0,Female,Civil,Placed
STU_02607,6.7,0,2,0,60.0,67.3,0,1,74.5,67.9,Female,Electronics,Placed
STU_02608,5.09,1,4,0,93.4,59.2,0,0,95.3,68.1,Female,Civil,Placed
STU_02609,8.2,0,1,1,68.1,72.3,0,0,85.5,64.2,Male,Civil,Placed
STU_02610,8.57,1,2,2,64.9,72.5,1,1,60.7,84.7,Female,Mechanical,Not Placed
STU_02611,7.95,0,1,2,53.3,48.8,1,1,75.2,71.9,Female,Electronics,Placed
STU_02612,6.16,3,2,0,73.0,63.3,1,1,80.2,84.0,Female,Mechanical,Placed
STU_02613,7.1,2,2,0,100.0,85.9,1,0,67.3,87.7,Female,Computer Science,Placed
STU_02614,7.29,2,1,1,76.2,68.9,1,1,75.1,79.0,Male,Mechanical,Placed
STU_02615,7.9,2,2,2,74.1,42.5,1,1,78.2,78.4,Female,Information Technology,Placed
STU_02616,7.97,0,1,3,60.0,91.2,0,1,75.8,61.8,Female,Mechanical,Placed
STU_02617,6.57,1,0,2,78.9,61.3,1,1,65.9,58.3,Male,Electronics,Not Placed
STU_02618,7.38,1,1,1,72.4,66.4,0,1,92.7,58.5,Male,Electronics,Placed
STU_02619,7.76,1,2,0,69.1,84.7,1,1,80.7,75.8,Male,Mechanical,Placed
STU_02620,8.76,2,2,0,77.4,63.1,1,1,69.4,99.0,Female,Electronics,Placed
STU_02621,8.0,1,1,0,42.8,48.4,0,1,86.8,68.8,Female,Information Technology,Placed
STU_02622,8.09,3,1,1,68.5,74.6,1,1,77.2,86.3,Male,Computer Science,Placed
STU_02623,7.38,0,0,0,52.0,81.6,1,1,87.9,80.8,Female,Computer Science,Placed
STU_02624,8.71,2,1,1,70.4,66.4,1,1,77.0,75.4,Male,Electronics,Placed
STU_02625,7.71,1,2,1,59.1,70.5,1,0,63.2,72.3,Female,Electronics,Placed
STU_02626,6.44,1,2,0,60.2,57.8,0,1,67.3,70.3,Female,Computer Science,Placed
STU_02627,8.7,0,1,2,50.0,60.1,0,1,89.4,70.1,Male,Information Technology,Placed
STU_02628,8.0,1,1,1,86.7,68.1,1,1,88.3,81.7,Male,Mechanical,Placed
STU_02629,6.86,2,3,2,59.8,79.8,0,0,64.7,84.5,Male,Computer Science,Placed
STU_02630,6.82,0,1,2,60.6,73.2,1,0,91.9,70.3,Female,Computer Science,Placed
STU_02631,7.6,1,1,0,93.0,84.2,0,1,88.3,70.2,Female,Computer Science,Placed
STU_02632,7.76,0,2,0,78.5,91.8,0,0,71.7,68.6,Male,Electronics,Placed
STU_02633,7.5,3,2,0,39.5,82.6,0,1,77.2,86.0,Male,Electronics,Placed
STU_02634,7.61,1,2,2,90.8,52.9,0,1,56.0,84.7,Female,Civil,Placed
STU_02635,9.0,0,3,1,94.7,68.6,0,0,71.0,91.2,Male,Computer Science,Placed
STU_02636,8.37,0,1,2,93.3,82.5,1,0,75.9,66.1,Female,Electronics,Placed
STU_02637,7.49,1,2,0,80.0,70.6,0,1,81.1,68.2,Male,Computer Science,Placed
STU_02638,8.24,0,1,1,53.5,52.6,0,0,76.8,93.2,Male,Mechanical,Placed
STU_02639,6.27,1,2,3,69.3,65.4,0,1,79.4,89.6,Male,Electronics,Placed
STU_02640,7.7,2,3,1,48.3,44.7,1,1,68.3,64.1,Male,Computer Science,Placed
STU_02641,9.11,2,2,0,57.0,68.7,0,1,81.2,65.2,Male,Electronics,Not Placed
STU_02642,7.08,0,2,1,53.3,63.8,1,1,94.8,77.8,Male,Information Technology,Placed
STU_02643,6.45,3,3,0,60.6,67.7,0,0,82.4,88.7,Female,Information Technology,Placed
STU_02644,6.65,1,0,0,72.5,86.2,1,1,78.3,65.1,Female,Mechanical,Placed
STU_02645,6.21,0,2,0,63.3,56.0,0,1,70.6,76.0,Male,Civil,Not Placed
STU_02646,6.52,0,3,0,62.7,63.4,0,1,74.4,87.0,Female,Mechanical,Placed
STU_02647,6.93,0,2,2,65.6,58.3,0,1,64.9,72.8,Male,Computer Science,Placed
STU_02648,5.89,2,1,0,92.5,84.9,1,1,63.5,74.2,Female,Information Technology,Placed
STU_02649,7.32,0,0,1,100.0,85.6,1,1,77.3,90.6,Male,Electronics,Placed
STU_02650,8.2,0,1,0,63.2,76.3,1,0,83.5,70.4,Female,Computer Science,Not Placed
STU_02651,6.39,1,0,0,75.0,75.7,1,0,69.4,88.9,Male,Computer Science,Placed
STU_02652,8.82,1,2,0,57.4,57.6,0,1,90.0,73.4,Male,Electronics,Placed
STU_02653,7.81,1,0,0,81.5,74.4,0,1,72.4,63.1,Male,Mechanical,Placed
STU_02654,8.33,1,1,0,62.9,58.5,1,0,77.1,81.1,Female,Mechanical,Placed
STU_02655,6.64,0,1,1,59.3,72.5,1,1,87.5,68.2,Male,Civil,Not Placed
STU_02656,8.15,2,2,3,100.0,67.9,0,1,74.9,62.1,Female,Civil,Placed
STU_02657,6.21,0,2,0,49.7,64.9,1,0,84.3,96.6,Male,Electronics,Not Placed
STU_02658,8.19,1,2,0,33.2,72.3,0,1,83.7,79.6,Male,Civil,Placed
STU_02659,7.47,1,0,0,81.0,80.1,1,0,71.3,71.5,Male,Mechanical,Placed
STU_02660,7.85,0,0,2,64.5,93.3,1,1,71.5,71.7,Male,Computer Science,Placed
STU_02661,6.12,3,0,1,60.3,78.6,0,0,90.2,91.8,Female,Electronics,Placed
STU_02662,6.4,1,1,2,100.0,99.3,0,1,91.2,92.7,Male,Mechanical,Placed
STU_02663,7.9,0,0,0,81.0,74.4,1,1,84.3,69.0,Female,Mechanical,Placed
STU_02664,6.35,2,2,0,69.1,93.4,0,0,69.3,77.9,Male,Civil,Placed
STU_02665,7.76,1,1,0,59.4,77.2,0,1,86.7,71.0,Female,Mechanical,Placed
STU_02666,5.93,1,3,2,76.7,74.9,0,0,75.2,83.4,Female,Computer Science,Placed
STU_02667,8.15,1,2,0,44.0,70.0,0,0,65.3,71.1,Female,Computer Science,Placed
STU_02668,6.07,2,1,1,62.3,75.6,0,1,71.6,53.7,Female,Computer Science,Placed
STU_02669,7.85,0,2,1,69.4,77.2,1,1,75.8,63.7,Female,Information Technology,Placed
STU_02670,7.93,0,2,1,73.2,55.0,1,1,88.9,86.5,Female,Information Technology,Placed
STU_02671,6.6,1,2,0,67.9,80.4,1,1,70.0,67.1,Female,Computer Science,Placed
STU_02672,7.88,0,3,1,59.6,54.2,0,0,68.3,83.6,Male,Information Technology,Placed
STU_02673,7.56,1,1,0,83.8,80.4,1,0,73.2,79.1,Female,Mechanical,Placed
STU_02674,6.76,0,3,3,45.2,79.2,1,1,76.8,67.2,Female,Electronics,Not Placed
STU_02675,6.29,0,1,0,65.8,89.1,1,1,84.7,73.3,Female,Civil,Placed
STU_02676,5.34,0,3,0,62.2,61.7,0,1,83.7,68.1,Male,Information Technology,Placed
STU_02677,7.65,1,1,0,85.2,60.2,0,1,55.5,70.8,Female,Civil,Placed
STU_02678,5.74,2,1,2,63.1,85.3,0,1,74.4,55.4,Male,Information Technology,Not Placed
STU_02679,,0,2,0,76.6,59.1,1,1,79.2,73.7,Female,Civil,Placed
STU_02680,7.04,1,1,1,75.0,57.9,0,0,69.3,68.6,Female,Mechanical,Placed
STU_02681,7.98,0,1,0,42.5,74.5,1,1,70.2,75.8,Male,Civil,Placed
STU_02682,7.0,1,1,0,69.0,71.4,1,1,84.2,80.8,Male,Information Technology,Placed
STU_02683,6.97,0,2,1,43.9,73.9,1,1,84.8,81.8,Female,Civil,Placed
STU_02684,8.03,1,3,0,75.3,78.5,0,1,76.2,68.8,Male,Mechanical,Placed
STU_02685,7.64,1,2,1,59.0,78.5,0,1,82.0,67.9,Male,Civil,Placed
STU_02686,7.62,2,3,2,87.8,71.1,1,1,82.6,73.3,Male,Electronics,Placed
STU_02687,7.77,0,2,2,67.3,72.6,1,0,67.0,87.0,Male,Information Technology,Placed
STU_02688,5.76,1,0,0,58.4,71.2,0,1,67.2,69.3,Male,Information Technology,Placed
STU_02689,8.06,1,0,1,88.0,72.4,0,1,74.1,67.5,Male,Mechanical,Not Placed
STU_02690,7.91,2,2,2,56.9,55.4,0,1,71.1,62.9,Male,Information Technology,Placed
STU_02691,6.28,0,1,2,83.4,81.1,0,1,72.0,80.6,Male,Computer Science,Placed
STU_02692,7.06,0,1,0,77.0,84.6,0,1,77.0,71.8,Female,Electronics,Placed
STU_02693,7.26,2,2,1,64.5,79.6,0,1,77.1,63.9,Male,Information Technology,Placed
STU_02694,7.17,0,2,2,50.0,78.7,1,1,52.4,66.2,Male,Electronics,Not Placed
STU_02695,7.63,0,1,1,88.6,60.1,1,0,79.0,82.4,Female,Electronics,Placed
STU_02696,8.73,0,3,2,77.5,55.0,0,1,75.5,76.6,Female,Mechanical,Placed
STU_02697,8.38,2,2,1,58.4,82.0,1,1,80.3,67.6,Female,Computer Science,Placed
STU_02698,5.99,0,2,0,73.7,72.3,1,1,71.6,81.3,Male,Civil,Placed
STU_02699,7.92,2,4,0,85.1,74.0,1,1,71.6,86.4,Female,Mechanical,Placed
STU_02700,8.63,1,1,0,71.7,74.6,0,0,74.1,82.2,Male,Civil,Placed
STU_02701,7.69,0,2,0,73.6,75.1,0,1,88.7,77.3,Female,Mechanical,Placed
STU_02702,8.39,0,3,2,85.5,79.8,0,0,73.8,93.5,Female,Information Technology,Placed
STU_02703,9.31,0,2,1,93.1,70.9,1,1,89.1,89.6,Female,Mechanical,Placed
STU_02704,8.32,1,2,1,68.2,49.1,1,0,87.8,75.7,Female,Electronics,Placed
STU_02705,7.55,1,1,1,49.9,80.3,0,0,74.6,86.1,Male,Computer Science,Placed
STU_02706,8.35,1,2,0,50.5,78.9,0,1,72.9,82.2,Female,Information Technology,Placed
STU_02707,7.44,0,0,0,59.6,56.5,0,0,73.2,69.1,Female,Civil,Placed
STU_02708,7.32,1,4,2,56.0,58.0,0,0,76.6,92.6,Male,Mechanical,Placed
STU_02709,6.95,2,3,1,44.8,82.6,0,1,72.4,93.6,Female,Mechanical,Placed
STU_02710,8.86,1,3,1,97.7,85.4,1,1,85.4,88.2,Male,,Placed
STU_02711,6.48,2,2,3,77.9,40.0,0,1,71.5,81.9,Male,Civil,Placed
STU_02712,8.83,0,1,0,62.1,77.3,0,1,86.6,85.4,Male,Electronics,Placed
STU_02713,7.8,2,0,2,69.5,69.4,1,1,68.7,71.3,Male,Civil,Placed
STU_02714,5.9,0,3,2,43.2,72.9,1,1,61.3,87.1,Female,Electronics,Not Placed
STU_02715,7.67,0,1,0,87.4,73.6,0,1,60.0,60.8,Female,Information Technology,Placed
STU_02716,5.2,2,1,0,40.8,62.9,1,1,72.6,71.4,Male,Information Technology,Placed
STU_02717,7.93,2,2,3,77.7,79.8,1,1,69.9,48.0,Male,Computer Science,Placed
STU_02718,8.19,1,1,1,42.4,63.7,0,1,69.5,79.4,Female,Mechanical,Placed
STU_02719,6.71,0,2,0,63.8,81.0,0,0,87.8,86.3,Male,Mechanical,Placed
STU_02720,7.42,0,2,1,88.6,83.6,0,1,70.7,93.1,Male,Computer Science,Not Placed
STU_02721,9.25,1,2,1,45.5,61.5,1,0,58.3,72.6,Female,Mechanical,Placed
STU_02722,6.79,2,3,2,67.8,61.8,1,1,83.6,77.5,Male,Electronics,Placed
STU_02723,6.24,0,1,2,79.4,73.4,0,1,91.4,74.8,Female,Mechanical,Placed
STU_02724,8.78,2,1,2,77.0,90.0,0,1,82.5,94.9,Female,Computer Science,Placed
STU_02725,9.26,0,1,2,71.1,64.9,1,0,71.3,78.7,Male,Information Technology,Placed
STU_02726,7.3,2,4,0,77.4,67.2,0,0,79.7,95.4,Male,Computer Science,Placed
STU_02727,8.31,2,1,1,60.8,75.9,1,1,70.0,88.7,Male,Information Technology,Placed
STU_02728,8.64,0,1,0,99.0,79.9,0,0,68.3,83.3,Male,Mechanical,Placed
STU_02729,6.56,0,2,0,45.8,78.3,0,0,76.0,68.9,Female,Information Technology,Placed
STU_02730,6.81,2,1,2,87.4,72.4,0,0,77.4,63.1,Male,Mechanical,Placed
STU_02731,8.53,1,4,1,72.8,68.3,1,1,76.0,76.0,Female,Electronics,Placed
STU_02732,8.99,1,3,2,79.3,76.0,1,1,94.7,76.1,Male,Civil,Placed
STU_02733,7.86,1,2,0,81.9,33.6,1,0,78.4,62.2,Male,Electronics,Placed
STU_02734,6.42,0,2,2,78.3,94.4,1,1,87.6,86.9,Female,Electronics,Placed
STU_02735,9.29,2,0,0,57.8,69.8,0,1,99.0,77.0,Male,Information Technology,Not Placed
STU_02736,6.77,0,2,0,65.7,74.2,1,1,73.3,81.5,Female,Mechanical,Placed
STU_02737,6.96,2,2,1,48.2,97.2,0,0,79.5,93.7,Female,Information Technology,Placed
STU_02738,7.64,0,1,0,65.5,63.1,1,1,86.2,66.5,Male,Mechanical,Placed
STU_02739,8.85,1,1,1,74.8,100.0,0,1,79.2,52.1,Male,Information Technology,Placed
STU_02740,8.15,0,3,2,79.1,80.9,0,0,75.2,68.6,Male,Computer Science,Placed
STU_02741,7.71,0,1,1,75.9,77.4,0,1,99.0,94.0,Male,Electronics,Placed
STU_02742,7.76,0,2,0,43.7,79.7,0,1,90.0,75.1,Male,Mechanical,Placed
STU_02743,7.34,1,0,0,61.6,61.9,1,1,57.0,72.9,Female,Civil,Placed
STU_02744,7.86,1,1,1,60.1,52.2,1,0,91.6,69.3,Male,Computer Science,Placed
STU_02745,5.0,2,3,1,50.3,57.8,1,0,94.0,74.9,Female,Computer Science,Placed
STU_02746,7.0,0,1,1,57.5,85.0,0,0,90.0,68.7,Male,Civil,Placed
STU_02747,7.54,1,2,0,70.0,60.8,1,1,85.5,69.6,Female,Information Technology,Placed
STU_02748,6.15,1,1,2,91.2,52.2,1,0,93.5,86.5,Female,Information Technology,Placed
STU_02749,7.69,0,1,0,55.7,71.0,0,1,86.8,99.0,Female,Information Technology,Placed
STU_02750,7.1,0,3,1,53.1,78.9,0,1,83.8,65.7,Female,Information Technology,Placed
STU_02751,,1,2,1,61.0,72.5,1,1,79.3,69.1,Female,Mechanical,Placed
STU_02752,8.87,0,3,0,75.1,79.3,1,1,67.3,68.9,Male,Computer Science,Placed
STU_02753,6.83,0,3,2,88.4,85.9,0,1,64.3,92.5,Female,Civil,Placed
STU_02754,,1,3,1,68.7,78.9,0,1,85.7,83.3,Male,Civil,Placed
STU_02755,7.23,0,3,1,,70.2,0,1,85.6,72.2,Male,Mechanical,Placed
STU_02756,6.85,1,0,1,51.5,65.5,0,0,77.6,69.5,Male,Civil,Not Placed
STU_02757,7.5,2,3,2,72.8,81.2,0,1,69.4,92.2,Female,Computer Science,Placed
STU_02758,6.54,1,0,1,84.9,75.3,0,1,66.7,75.5,Male,Information Technology,Placed
STU_02759,6.17,1,0,0,97.2,61.7,0,1,74.4,74.6,Female,Mechanical,Placed
STU_02760,7.92,0,0,0,52.3,87.6,0,1,85.0,51.2,Female,Information Technology,Placed
STU_02761,7.93,2,1,0,72.1,75.1,1,0,99.0,83.8,Male,Electronics,Placed
STU_02762,6.5,0,2,0,54.6,79.8,0,0,77.8,74.9,Male,Computer Science,Placed
STU_02763,8.2,1,1,3,56.5,67.3,0,1,80.9,76.2,Male,Information Technology,Placed
STU_02764,6.67,3,0,1,55.3,85.6,0,1,89.3,76.1,Female,Mechanical,Placed
STU_02765,7.55,1,2,2,65.0,53.0,0,0,77.4,85.3,Male,Computer Science,Placed
STU_02766,8.12,1,1,0,56.8,92.1,0,1,81.7,50.4,Male,Computer Science,Placed
STU_02767,7.27,0,2,1,100.0,48.7,0,0,86.2,61.8,Male,Information Technology,Placed
STU_02768,7.75,0,1,3,63.1,55.5,1,0,89.0,96.5,Male,Electronics,Placed
STU_02769,6.78,1,1,0,84.8,75.0,0,1,78.5,61.5,Female,Computer Science,Placed
STU_02770,7.1,0,1,1,60.1,65.6,0,1,73.2,66.6,Male,Computer Science,Placed
STU_02771,7.09,1,1,2,100.0,68.1,0,1,80.0,88.8,Male,Civil,Placed
STU_02772,6.55,0,2,2,75.1,65.6,0,0,61.0,75.6,Female,Mechanical,Placed
STU_02773,7.12,2,2,2,82.6,62.6,1,1,80.9,75.7,Male,Information Technology,Placed
STU_02774,5.75,0,1,2,61.1,75.8,0,1,86.7,92.5,Male,Electronics,Placed
STU_02775,6.81,1,1,1,84.6,71.4,0,1,95.0,68.7,Male,Information Technology,Placed
STU_02776,7.02,1,1,0,75.0,82.6,0,1,87.2,69.1,Male,Civil,Placed
STU_02777,7.04,1,4,1,64.3,73.0,0,1,52.3,83.4,Male,Computer Science,Placed
STU_02778,7.06,0,1,3,53.8,67.0,1,1,91.9,76.8,Female,Computer Science,Placed
STU_02779,7.24,1,3,1,66.4,81.3,0,1,92.7,86.3,Female,Civil,Placed
STU_02780,7.78,0,2,0,65.2,50.0,0,1,68.8,67.9,Female,Information Technology,Placed
STU_02781,8.17,0,0,1,83.0,41.0,0,1,74.0,77.2,Male,Computer Science,Placed
STU_02782,6.65,0,4,1,66.5,52.9,0,1,92.4,74.2,Female,Computer Science,Placed
STU_02783,6.1,1,2,0,41.2,67.9,1,0,78.6,70.7,Male,Electronics,Placed
STU_02784,6.26,0,2,1,79.7,76.7,0,0,72.1,60.9,Female,Civil,Placed
STU_02785,6.81,3,1,1,89.4,39.9,0,1,70.5,70.4,Female,Mechanical,Placed
STU_02786,6.95,1,2,1,45.0,71.9,0,1,99.0,69.1,Male,Computer Science,Placed
STU_02787,6.53,0,1,0,97.1,67.7,0,0,85.9,88.8,Male,Electronics,Placed
STU_02788,6.0,1,0,0,90.9,73.6,0,1,75.2,81.2,Male,Mechanical,Placed
STU_02789,6.84,2,3,1,60.5,49.1,1,1,92.3,79.9,Male,Mechanical,Placed
STU_02790,7.48,0,3,1,53.2,100.0,1,0,77.1,73.0,Male,Computer Science,Not Placed
STU_02791,7.9,1,1,0,85.8,72.4,1,1,90.1,65.2,Male,Mechanical,Placed
STU_02792,6.74,1,2,0,49.5,57.4,0,1,83.8,77.4,Male,Mechanical,Placed
STU_02793,6.89,0,2,0,60.0,73.6,1,1,74.6,90.6,Female,Information Technology,Placed
STU_02794,6.37,2,1,1,50.3,89.9,0,1,83.0,65.6,Male,Computer Science,Not Placed
STU_02795,7.27,0,1,3,70.1,56.6,1,0,83.4,80.0,Female,Computer Science,Placed
STU_02796,6.45,0,1,2,92.0,54.1,0,0,86.0,70.0,Female,Information Technology,Placed
STU_02797,7.87,2,2,2,75.6,70.6,0,0,94.3,74.9,Male,Civil,Placed
STU_02798,5.51,1,3,1,85.3,71.6,0,0,99.0,73.3,Male,Civil,Placed
STU_02799,6.94,2,0,1,64.7,80.5,0,1,82.1,79.9,Female,Electronics,Placed
STU_02800,7.6,1,2,0,71.5,89.7,0,1,58.9,73.3,Male,Computer Science,Placed
STU_02801,7.48,1,2,1,51.6,81.4,0,1,86.8,69.5,Male,Mechanical,Placed
STU_02802,9.99,2,2,1,68.5,55.3,0,1,75.4,57.7,Female,Computer Science,Placed
STU_02803,7.65,0,0,1,58.8,59.1,1,1,61.1,77.4,Female,Mechanical,Placed
STU_02804,6.3,1,2,1,67.6,62.4,0,1,84.9,81.7,Male,Computer Science,Placed
STU_02805,7.2,1,3,0,66.6,81.3,0,1,82.4,75.7,Male,Civil,Placed
STU_02806,5.52,0,1,0,65.3,79.3,1,0,69.9,74.2,Female,Electronics,Placed
STU_02807,7.22,1,1,2,100.0,87.1,0,1,66.1,91.4,Male,Civil,Placed
STU_02808,6.47,0,3,0,96.5,78.7,1,0,92.0,92.8,Male,Mechanical,Placed
STU_02809,8.22,1,0,0,91.2,64.5,1,1,83.1,86.8,Male,Electronics,Placed
STU_02810,6.75,1,3,2,96.9,69.6,0,1,70.1,78.7,Female,Computer Science,Placed
STU_02811,7.18,3,1,1,91.3,54.5,0,1,84.6,76.1,Male,Civil,Placed
STU_02812,6.66,0,0,0,69.7,79.5,0,0,73.8,63.4,Female,Mechanical,Not Placed
STU_02813,9.04,1,1,0,68.1,64.5,0,0,83.4,54.0,Male,Mechanical,Placed
STU_02814,6.98,0,0,0,73.5,86.7,1,0,81.1,90.1,Male,Civil,Placed
STU_02815,9.13,1,0,1,66.8,79.2,1,1,52.4,76.3,Female,Civil,Placed
STU_02816,8.11,1,2,2,54.4,95.3,1,0,79.1,99.0,Female,Mechanical,Placed
STU_02817,7.78,1,1,0,74.4,77.0,0,1,76.3,68.6,Male,Computer Science,Placed
STU_02818,7.67,2,3,2,46.5,76.8,1,1,70.6,79.7,Female,Civil,Placed
STU_02819,7.69,2,2,0,72.1,69.8,1,0,65.4,86.2,Male,Mechanical,Placed
STU_02820,5.37,0,2,0,55.1,67.4,1,1,75.8,67.8,Male,Civil,Placed
STU_02821,7.02,0,1,3,68.8,68.9,0,1,74.5,72.0,Male,Computer Science,Placed
STU_02822,8.15,1,2,0,72.9,84.0,0,1,84.5,72.9,Male,Electronics,Placed
STU_02823,7.25,1,2,2,64.7,55.8,0,1,76.5,70.5,Male,Electronics,Placed
STU_02824,5.89,0,0,1,45.4,72.8,0,1,78.9,79.4,Female,Information Technology,Placed
STU_02825,7.25,1,3,0,52.2,52.0,0,1,81.3,75.6,Male,Civil,Placed
STU_02826,9.0,0,1,1,76.9,76.5,1,0,73.4,52.6,Female,Computer Science,Placed
STU_02827,8.55,0,0,1,61.6,66.5,1,0,68.0,76.2,Male,Information Technology,Placed
STU_02828,7.24,2,2,2,78.4,78.0,1,1,99.0,79.1,Male,Civil,Placed
STU_02829,8.25,0,2,1,70.1,63.1,0,0,77.2,74.6,Male,Mechanical,Placed
STU_02830,6.93,0,1,1,67.0,68.9,0,1,75.9,93.1,Male,Mechanical,Placed
STU_02831,5.6,0,3,0,75.2,79.6,0,1,92.1,78.8,Male,Electronics,Placed
STU_02832,6.38,2,2,1,59.9,73.5,0,1,96.9,75.3,Male,Civil,Placed
STU_02833,8.86,3,2,0,76.0,90.5,0,1,92.5,85.0,Male,Civil,Placed
STU_02834,7.03,1,1,0,63.7,66.2,0,1,74.1,99.0,Female,Computer Science,Placed
STU_02835,7.06,0,4,3,100.0,65.2,0,1,81.5,73.4,Male,Information Technology,Placed
STU_02836,7.0,2,1,0,53.0,86.8,0,1,83.8,86.6,Male,Information Technology,Placed
STU_02837,9.2,1,2,0,64.6,67.6,0,1,99.0,95.2,Male,Information Technology,Placed
STU_02838,8.93,2,1,1,65.2,67.0,0,1,82.2,72.5,Male,Electronics,Placed
STU_02839,9.52,1,2,2,49.7,76.6,1,1,82.6,62.1,Female,Civil,Placed
STU_02840,7.14,0,0,0,80.9,70.0,1,1,67.9,79.8,Female,Computer Science,Placed
STU_02841,7.6,1,0,0,63.6,68.3,0,1,65.4,89.8,Female,Mechanical,Placed
STU_02842,5.78,0,3,0,34.3,63.7,0,1,91.5,71.9,Male,Information Technology,Placed
STU_02843,8.78,0,1,0,80.4,88.3,1,0,81.5,87.1,Male,Mechanical,Placed
STU_02844,6.13,1,1,1,60.5,70.2,1,0,82.5,65.5,Male,Information Technology,Not Placed
STU_02845,7.52,2,2,1,68.4,65.3,1,0,88.7,72.3,Male,Information Technology,Placed
STU_02846,6.2,1,2,1,80.2,68.4,0,1,86.5,74.0,Female,Electronics,Placed
STU_02847,6.71,1,1,1,64.5,76.3,1,0,85.2,73.5,Female,Electronics,Placed
STU_02848,6.46,0,1,2,64.4,89.5,1,0,84.4,65.5,Male,Computer Science,Placed
STU_02849,6.69,0,4,1,100.0,70.0,0,1,79.4,71.3,Male,Mechanical,Placed
STU_02850,6.76,0,2,2,37.7,61.6,0,0,80.1,53.4,Female,Computer Science,Placed
STU_02851,6.75,1,1,1,50.7,95.0,0,0,87.2,82.6,Female,Mechanical,Placed
STU_02852,8.13,1,3,2,53.6,73.6,1,1,68.6,75.4,Male,Mechanical,Placed
STU_02853,6.2,0,2,1,96.8,70.7,0,1,67.5,87.6,Male,Civil,Placed
STU_02854,7.52,3,1,1,60.3,72.9,0,1,78.8,74.0,Female,Electronics,Placed
STU_02855,8.52,0,1,2,73.6,57.1,1,1,79.5,55.2,Male,Electronics,Placed
STU_02856,6.79,2,1,0,62.9,71.5,0,1,85.2,78.5,Female,Mechanical,Placed
STU_02857,6.58,1,3,1,79.0,81.1,0,0,75.8,67.7,Female,Civil,Placed
STU_02858,7.07,0,0,1,69.8,86.6,1,1,70.2,86.8,Male,Mechanical,Placed
STU_02859,8.48,1,1,2,73.8,67.7,1,1,84.0,72.7,Male,Civil,Placed
STU_02860,7.49,1,3,1,89.3,74.3,1,0,91.5,97.2,Male,Civil,Placed
STU_02861,6.77,1,0,1,76.6,86.9,0,1,81.7,65.2,Male,Civil,Placed
STU_02862,7.78,1,2,0,59.0,72.5,1,0,63.5,77.7,Female,Mechanical,Placed
STU_02863,6.2,0,1,2,74.7,80.6,1,1,80.8,81.6,Male,Computer Science,Placed
STU_02864,7.98,1,2,0,100.0,77.1,1,0,58.7,71.4,Female,Electronics,Placed
STU_02865,7.71,2,1,2,78.5,64.0,0,1,77.6,60.3,Male,Computer Science,Placed
STU_02866,6.99,0,0,0,72.3,61.0,0,1,57.9,72.8,Male,Computer Science,Placed
STU_02867,6.46,0,2,0,49.4,84.7,0,1,73.7,55.0,Male,Civil,Placed
STU_02868,6.41,2,2,0,80.9,39.9,0,1,83.1,67.3,Female,Mechanical,Placed
STU_02869,7.83,0,2,1,83.1,64.0,1,1,75.1,73.0,Female,Civil,Placed
STU_02870,8.53,1,2,0,74.7,55.3,0,1,89.5,86.0,Male,Mechanical,Not Placed
STU_02871,6.66,1,2,0,71.7,84.7,0,1,80.2,78.1,Female,Electronics,Placed
STU_02872,7.76,1,2,0,100.0,88.4,0,0,66.8,70.6,Male,Information Technology,Placed
STU_02873,5.21,0,2,0,82.8,63.3,0,1,87.0,69.9,Female,Electronics,Placed
STU_02874,6.72,0,2,0,88.6,100.0,0,1,84.9,68.9,Female,Civil,Placed
STU_02875,7.27,0,2,0,71.0,88.5,0,1,90.7,85.1,Female,Electronics,Placed
STU_02876,6.39,1,2,2,68.0,74.4,0,0,85.1,58.7,Male,Civil,Placed
STU_02877,,1,1,1,79.5,90.0,0,0,82.7,65.7,Female,Mechanical,Placed
STU_02878,6.63,1,1,1,68.0,64.3,0,1,68.1,58.6,Male,Information Technology,Placed
STU_02879,7.59,1,1,3,69.2,68.7,0,0,86.1,81.4,Female,Civil,Placed
STU_02880,7.11,0,3,1,76.9,77.6,0,0,76.5,91.7,Female,Civil,Placed
STU_02881,5.06,0,2,2,62.3,63.7,1,0,86.1,81.3,Male,Electronics,Placed
STU_02882,5.18,2,2,0,73.3,56.6,0,0,99.0,82.1,Male,Computer Science,Placed
STU_02883,6.69,1,1,1,71.2,60.7,1,0,90.1,69.2,Female,Computer Science,Placed
STU_02884,7.76,0,0,0,84.5,69.6,0,1,80.9,80.4,Male,Civil,Placed
STU_02885,5.0,0,3,1,60.8,77.6,0,1,78.7,66.7,Female,Computer Science,Placed
STU_02886,6.8,0,3,1,40.0,67.9,0,1,73.8,68.7,Male,Electronics,Placed
STU_02887,6.77,0,0,0,65.3,52.3,1,1,54.8,74.6,Male,Computer Science,Placed
STU_02888,8.69,2,2,2,76.0,77.6,0,1,78.5,75.5,Female,Information Technology,Placed
STU_02889,6.91,2,1,1,84.5,87.3,0,1,72.9,94.7,Male,Civil,Placed
STU_02890,7.68,2,1,0,59.6,64.1,1,1,81.2,84.5,Male,Electronics,Placed
STU_02891,7.44,2,2,1,78.1,92.0,0,1,72.8,76.3,Male,Civil,Placed
STU_02892,5.17,2,2,2,87.0,82.4,1,1,80.2,93.8,Male,Mechanical,Placed
STU_02893,8.07,1,2,0,81.3,59.4,0,1,90.5,99.0,Male,Electronics,Not Placed
STU_02894,7.52,0,0,0,58.1,64.2,0,0,79.6,75.2,Female,Computer Science,Placed
STU_02895,,1,1,2,59.8,68.2,1,1,67.1,79.2,Female,Civil,Placed
STU_02896,10.0,0,1,3,76.5,69.8,0,1,69.7,61.4,Male,Electronics,Placed
STU_02897,5.22,0,1,0,94.4,42.7,0,1,84.9,76.8,Male,Mechanical,Placed
STU_02898,9.02,0,2,2,70.2,63.0,1,0,85.5,67.5,Female,Electronics,Placed
STU_02899,7.01,1,1,0,67.5,65.4,1,1,69.3,54.3,Male,Electronics,Not Placed
STU_02900,7.59,0,1,2,49.5,94.7,0,0,77.7,85.9,Male,Mechanical,Placed
STU_02901,7.25,0,1,1,64.5,74.7,0,1,87.0,76.2,Male,Information Technology,Placed
STU_02902,6.88,1,2,2,59.3,62.4,0,1,95.2,65.4,Female,Information Technology,Placed
STU_02903,6.73,2,2,2,70.4,66.7,1,0,79.8,54.9,Male,Information Technology,Placed
STU_02904,7.63,1,2,0,47.3,77.1,1,1,76.0,68.3,Male,Computer Science,Placed
STU_02905,5.78,2,1,0,65.1,67.5,1,1,74.3,67.6,Female,Civil,Placed
STU_02906,8.05,0,1,1,54.9,65.0,1,1,79.4,73.8,Female,Computer Science,Placed
STU_02907,6.88,0,0,0,84.1,65.4,1,1,91.9,55.8,Male,Computer Science,Placed
STU_02908,6.17,1,0,1,57.1,77.8,0,1,79.4,79.7,Male,Mechanical,Placed
STU_02909,6.85,1,1,3,61.4,55.4,0,1,83.0,82.1,Female,Computer Science,Placed
STU_02910,8.56,1,0,0,74.2,59.0,0,1,63.8,60.7,Male,Civil,Placed
STU_02911,6.76,1,2,1,63.2,60.9,0,1,93.9,56.4,Female,Electronics,Placed
STU_02912,7.66,1,4,0,100.0,58.8,0,1,91.4,86.2,Female,Mechanical,Placed
STU_02913,6.57,2,0,1,84.0,62.1,0,0,75.0,73.4,Male,Information Technology,Placed
STU_02914,8.06,0,3,0,70.3,82.8,0,1,77.0,82.0,Male,Computer Science,Placed
STU_02915,7.99,0,0,0,75.5,84.4,1,0,89.8,76.2,Female,Mechanical,Placed
STU_02916,9.15,1,2,2,34.7,75.3,1,0,99.0,74.0,Male,Computer Science,Placed
STU_02917,7.12,0,2,2,88.5,74.6,0,1,61.2,86.4,Male,Civil,Placed
STU_02918,7.97,0,3,2,77.7,64.0,0,1,72.9,84.2,Female,Information Technology,Placed
STU_02919,7.4,0,0,2,68.9,47.0,1,1,74.1,79.2,Male,Electronics,Placed
STU_02920,8.6,0,1,1,78.5,73.7,0,1,88.4,80.0,Female,Electronics,Placed
STU_02921,6.58,0,0,1,80.3,75.6,0,1,81.5,70.2,Female,Information Technology,Not Placed
STU_02922,8.05,0,1,0,63.8,63.9,1,0,72.9,81.1,Female,Electronics,Not Placed
STU_02923,7.11,1,3,0,75.7,59.1,1,1,63.8,92.1,Male,Information Technology,Placed
STU_02924,7.24,1,2,0,85.7,56.7,0,1,88.1,86.3,Male,Civil,Placed
STU_02925,7.39,1,2,0,76.8,74.0,1,0,76.0,54.4,Male,Civil,Placed
STU_02926,7.55,1,2,0,66.2,73.0,1,0,66.4,80.0,Male,Electronics,Placed
STU_02927,7.18,0,3,0,74.4,86.3,1,1,71.2,80.9,Male,Mechanical,Placed
STU_02928,,0,1,1,90.7,62.3,0,1,73.7,87.5,Male,Computer Science,Placed
STU_02929,8.88,0,0,0,81.8,68.5,0,1,75.0,88.6,Male,Electronics,Placed
STU_02930,8.29,2,3,1,52.6,72.2,1,0,67.6,80.5,Female,Electronics,Placed
STU_02931,8.17,1,1,1,78.8,65.4,1,1,67.7,61.4,Male,Computer Science,Placed
STU_02932,6.84,0,0,2,76.8,82.1,0,1,99.0,73.8,Male,Civil,Placed
STU_02933,6.41,0,0,0,87.5,86.9,0,1,81.3,66.3,Male,Electronics,Placed
STU_02934,8.26,3,2,1,70.5,58.7,1,1,73.9,62.2,Female,Information Technology,Placed
STU_02935,8.18,1,2,1,64.5,66.5,0,1,81.8,90.4,Male,Computer Science,Placed
STU_02936,8.77,2,1,3,49.5,87.9,1,1,79.6,69.9,Male,Computer Science,Placed
STU_02937,6.7,0,2,0,59.6,75.9,1,0,68.9,96.9,Male,Mechanical,Placed
STU_02938,7.07,0,2,0,88.1,73.4,1,0,58.8,70.8,Female,Civil,Placed
STU_02939,5.66,1,3,0,73.0,76.1,0,1,72.7,67.1,Male,Civil,Placed
STU_02940,6.91,1,2,0,68.5,79.9,0,0,76.2,81.6,Female,Electronics,Placed
STU_02941,8.3,1,2,1,89.4,76.7,1,1,76.9,74.1,Female,Computer Science,Placed
STU_02942,6.83,1,2,2,86.3,74.6,0,1,59.7,78.1,Male,Information Technology,Placed
STU_02943,7.94,1,1,0,59.0,72.1,0,1,99.0,69.1,Male,Civil,Placed
STU_02944,7.11,1,1,0,88.0,88.2,0,1,99.0,69.1,Female,Information Technology,Placed
STU_02945,7.62,0,2,0,45.1,68.8,0,1,82.4,69.6,Male,Mechanical,Placed
STU_02946,6.15,0,0,0,76.9,72.0,1,0,78.3,63.5,Male,Mechanical,Placed
STU_02947,7.39,2,1,2,75.1,90.6,1,1,72.4,85.6,Female,Information Technology,Placed
STU_02948,5.0,0,2,2,87.2,75.9,0,1,83.8,77.3,Male,Information Technology,Placed
STU_02949,7.11,1,0,0,75.7,71.2,1,0,76.8,76.7,Female,Electronics,Placed
STU_02950,5.67,1,0,0,66.3,79.6,1,0,90.5,82.3,Male,Computer Science,Not Placed
STU_02951,8.51,3,2,2,67.5,74.7,0,0,87.1,78.9,Female,Computer Science,Placed
STU_02952,8.08,0,2,0,100.0,63.1,0,1,69.5,99.0,Female,Mechanical,Placed
STU_02953,7.77,0,3,1,71.2,74.9,0,1,71.1,79.7,Male,Civil,Placed
STU_02954,8.82,2,2,2,79.0,62.3,0,0,87.7,52.4,Male,Civil,Placed
STU_02955,6.35,2,2,1,39.7,93.9,0,1,84.9,69.6,Female,Electronics,Not Placed
STU_02956,9.05,1,1,0,57.6,74.9,0,1,66.9,64.7,Female,Civil,Placed
STU_02957,8.23,1,1,0,77.8,60.7,0,1,73.4,80.1,Male,Mechanical,Placed
STU_02958,7.06,0,0,2,45.8,67.3,1,1,76.5,70.5,Male,Mechanical,Placed
STU_02959,8.44,1,2,0,78.2,81.1,1,1,77.6,80.5,Female,Computer Science,Placed
STU_02960,6.19,2,2,0,59.1,58.9,1,1,77.3,67.5,Male,Electronics,Placed
STU_02961,6.48,2,2,2,54.5,100.0,0,1,87.0,77.1,Male,Mechanical,Placed
STU_02962,6.69,0,2,2,59.1,54.5,0,1,79.5,69.2,Male,Computer Science,Placed
STU_02963,6.77,0,1,1,92.9,83.1,0,1,78.8,71.3,Male,Electronics,Placed
STU_02964,6.24,1,2,0,75.0,66.2,0,0,70.4,77.5,Male,Electronics,Placed
STU_02965,8.52,3,1,1,56.3,62.3,1,1,79.7,80.0,Male,Information Technology,Placed
STU_02966,7.04,1,1,0,81.6,78.5,0,1,77.7,90.7,Female,Civil,Placed
STU_02967,7.65,0,2,0,82.4,66.6,0,1,73.2,87.4,Male,Civil,Placed
STU_02968,6.73,0,4,2,64.3,91.1,1,1,66.5,85.4,Male,Computer Science,Placed
STU_02969,5.48,1,3,0,84.4,55.2,0,0,90.8,79.7,Female,Civil,Placed
STU_02970,7.57,0,3,0,85.1,78.7,0,1,95.8,69.6,Female,Civil,Placed
STU_02971,5.39,2,0,0,82.8,68.7,1,1,80.4,81.8,Female,Mechanical,Placed
STU_02972,7.23,1,0,1,59.9,75.6,1,1,92.3,88.1,Female,Computer Science,Placed
STU_02973,5.93,1,0,1,52.3,78.2,0,0,80.3,88.1,Male,Computer Science,Placed
STU_02974,9.29,0,1,2,44.6,51.2,1,1,64.1,75.2,Female,Civil,Placed
STU_02975,8.21,2,1,1,60.2,74.8,0,1,81.0,71.2,Female,Civil,Placed
STU_02976,7.41,0,2,1,64.5,85.1,0,1,74.6,83.7,Female,Civil,Placed
STU_02977,8.56,0,2,1,65.7,77.6,0,0,82.8,48.2,Male,Electronics,Placed
STU_02978,6.45,2,3,0,69.3,67.6,1,1,93.7,92.6,Female,Computer Science,Placed
STU_02979,7.84,2,3,0,96.0,55.0,0,1,72.9,88.5,Male,Electronics,Placed
STU_02980,7.5,2,1,1,64.9,78.1,0,1,81.9,71.9,Male,Civil,Placed
STU_02981,7.56,0,3,0,69.3,94.5,1,1,86.6,71.4,Female,Civil,Placed
STU_02982,8.57,0,2,0,42.7,79.9,1,1,91.5,97.8,Female,Computer Science,Not Placed
STU_02983,8.03,0,2,1,100.0,85.9,1,1,87.9,63.6,Male,Mechanical,Placed
STU_02984,7.59,0,2,1,50.3,83.2,0,1,66.9,72.1,Female,Mechanical,Not Placed
STU_02985,5.65,1,0,1,59.4,67.3,0,0,66.8,94.3,Female,Computer Science,Placed
STU_02986,6.34,0,3,1,80.4,73.1,0,0,85.6,63.2,Female,Computer Science,Placed
STU_02987,7.18,1,2,1,73.7,82.4,0,1,74.2,76.8,Female,Electronics,Placed
STU_02988,7.39,0,3,2,94.6,53.0,0,1,68.2,72.4,Female,Mechanical,Placed
STU_02989,6.17,0,4,0,80.8,79.8,1,0,89.9,97.7,Male,Information Technology,Placed
STU_02990,9.71,3,2,1,68.8,87.1,0,1,74.3,69.0,Male,Electronics,Placed
STU_02991,8.82,0,0,0,85.7,71.4,0,0,94.3,60.1,Male,Information Technology,Placed
STU_02992,7.9,0,1,0,87.4,81.8,0,1,73.6,77.7,Female,Information Technology,Placed
STU_02993,7.37,0,1,2,60.1,65.3,0,0,70.5,69.0,Male,Computer Science,Placed
STU_02994,7.09,0,0,0,84.4,72.5,0,0,77.4,81.6,Female,Mechanical,Placed
STU_02995,6.35,1,3,0,66.7,68.7,0,1,85.6,79.8,Male,Mechanical,Placed
STU_02996,7.38,0,1,1,,77.5,1,1,80.9,62.1,Male,Civil,Placed
STU_02997,7.56,1,4,0,72.1,70.7,0,0,96.9,95.2,Male,Electronics,Placed
STU_02998,6.06,2,2,1,64.3,51.9,1,0,79.7,68.3,Female,Electronics,Placed
STU_02999,7.63,1,1,0,63.5,63.4,1,1,76.2,69.5,Male,Computer Science,Placed
STU_03000,7.14,0,2,0,84.8,95.3,0,1,93.1,81.4,Female,Mechanical,Placed
STU_03001,5.39,1,2,2,47.1,78.8,1,1,84.0,93.0,Female,Computer Science,Placed
STU_03002,6.44,0,2,1,54.1,46.8,0,1,73.9,60.9,Male,Electronics,Placed
STU_03003,6.89,1,2,1,80.1,86.5,1,1,80.4,69.9,Female,Civil,Placed
STU_03004,9.19,1,0,1,68.9,58.2,0,1,80.2,85.5,Female,Computer Science,Placed
STU_03005,7.86,0,2,2,84.9,82.7,1,1,75.9,68.7,Female,Computer Science,Placed
STU_03006,5.96,2,2,1,75.4,87.5,1,1,79.8,76.7,Male,Electronics,Placed
STU_03007,,2,2,0,50.0,73.2,0,1,65.1,70.4,Female,Mechanical,Placed
STU_03008,5.75,2,3,0,70.9,60.0,0,1,74.4,80.4,Male,Electronics,Placed
STU_03009,8.38,0,1,0,78.0,63.4,0,1,82.3,61.3,Female,Civil,Placed
STU_03010,6.83,1,0,0,73.5,79.6,0,0,72.7,78.5,Male,Mechanical,Placed
STU_03011,7.21,2,2,0,63.0,58.4,0,1,69.1,80.3,Male,Civil,Placed
STU_03012,8.63,0,4,0,65.9,65.0,1,0,77.6,82.5,Male,Electronics,Placed
STU_03013,6.01,2,1,2,61.6,78.2,0,1,73.3,69.2,Female,Mechanical,Placed
STU_03014,5.9,0,1,1,50.1,64.2,0,0,64.8,90.9,Male,Electronics,Not Placed
STU_03015,6.72,0,1,0,48.1,89.0,0,0,65.0,51.9,Male,Computer Science,Placed
STU_03016,8.34,1,1,1,75.9,59.5,0,1,82.1,67.7,Female,Computer Science,Placed
STU_03017,5.78,1,1,1,56.9,32.5,1,0,78.9,99.0,Female,Mechanical,Placed
STU_03018,5.0,1,1,0,78.6,62.7,0,0,81.1,75.3,Male,Mechanical,Placed
STU_03019,6.85,2,2,1,61.1,75.7,0,0,75.0,87.4,Female,Civil,Placed
STU_03020,7.85,0,1,0,50.3,82.4,0,1,62.9,77.1,Male,Electronics,Placed
STU_03021,8.5,0,0,1,63.9,67.1,0,1,69.3,94.1,Female,Civil,Placed
STU_03022,6.84,2,1,0,100.0,68.7,0,1,74.8,72.9,Male,Electronics,Placed
STU_03023,6.89,0,3,1,68.6,71.6,0,1,82.4,77.5,Male,Information Technology,Placed
STU_03024,8.45,1,2,1,79.7,92.9,0,1,60.5,84.6,Male,Civil,Placed
STU_03025,5.43,1,4,1,72.5,76.5,1,0,54.9,91.9,Male,Mechanical,Placed
STU_03026,6.91,0,2,1,48.9,66.1,0,1,92.5,54.7,Male,Computer Science,Placed
STU_03027,7.49,0,1,1,91.7,96.6,0,1,84.0,80.7,Female,Electronics,Placed
STU_03028,7.75,1,1,0,66.3,72.1,0,0,69.2,65.6,Female,Civil,Placed
STU_03029,6.79,2,2,1,50.3,47.1,0,1,75.7,74.4,Male,Electronics,Not Placed
STU_03030,7.33,1,2,2,62.3,55.4,0,0,73.8,69.1,Female,Civil,Placed
STU_03031,5.0,1,2,2,66.9,78.7,0,0,80.9,50.3,Female,Mechanical,Placed
STU_03032,6.64,1,2,3,81.2,50.7,0,1,72.9,86.6,Male,Information Technology,Placed
STU_03033,,0,2,0,59.8,78.0,1,0,66.5,60.6,Female,Civil,Placed
STU_03034,6.32,0,0,0,100.0,62.6,0,0,82.9,74.2,Male,Electronics,Placed
STU_03035,7.36,0,3,1,55.9,86.1,0,0,96.1,73.8,Female,Civil,Placed
STU_03036,7.75,0,2,0,79.2,74.0,0,0,83.3,66.3,Male,Civil,Placed
STU_03037,6.96,0,1,0,40.4,52.4,0,0,78.8,82.0,Female,Electronics,Placed
STU_03038,7.47,0,2,1,68.1,83.0,1,1,75.9,71.0,Female,Civil,Placed
STU_03039,6.34,0,2,0,75.5,88.4,0,0,70.1,67.1,Male,Computer Science,Placed
STU_03040,,0,0,0,53.2,56.7,0,1,73.9,59.0,Male,Information Technology,Placed
STU_03041,7.91,1,1,3,92.5,62.4,1,1,81.9,64.8,Male,Mechanical,Placed
STU_03042,7.46,1,1,0,76.5,78.0,0,1,89.9,79.6,Male,Information Technology,Placed
STU_03043,6.71,0,1,0,65.2,80.2,1,0,90.3,53.0,Male,Civil,Placed
STU_03044,7.52,2,0,0,76.4,100.0,0,1,79.7,93.5,Male,Civil,Placed
STU_03045,8.01,0,1,2,61.1,82.7,1,1,79.9,73.3,Female,Information Technology,Placed
STU_03046,5.25,2,1,1,88.8,100.0,0,0,78.5,65.5,Female,Information Technology,Placed
STU_03047,8.46,0,1,0,85.2,72.2,1,1,83.7,81.5,Male,Electronics,Placed
STU_03048,6.96,2,3,0,75.6,76.6,0,1,78.5,70.4,Male,Electronics,Placed
STU_03049,7.73,0,1,1,79.2,65.2,1,1,78.6,84.8,Male,Mechanical,Placed
STU_03050,8.5,1,1,0,47.8,65.7,0,1,69.4,63.3,Female,Information Technology,Placed
STU_03051,5.93,0,1,3,92.0,73.8,1,0,69.2,64.1,Male,Computer Science,Placed
STU_03052,6.59,1,2,1,68.5,65.0,1,0,71.1,81.6,Female,Information Technology,Placed
STU_03053,7.01,0,0,0,85.4,41.2,1,1,80.4,88.2,Male,Information Technology,Placed
STU_03054,6.52,0,1,2,81.2,64.0,0,1,74.9,77.2,Male,Information Technology,Placed
STU_03055,9.03,1,1,0,85.1,84.9,0,0,99.0,77.5,Male,Civil,Placed
STU_03056,6.44,0,4,0,54.3,72.9,1,1,81.9,65.8,Female,Information Technology,Placed
STU_03057,6.74,2,2,0,56.2,72.9,0,0,93.7,69.3,Female,Information Technology,Placed
STU_03058,7.5,0,0,2,100.0,62.8,1,1,92.8,67.8,Male,Civil,Placed
STU_03059,6.1,1,1,0,47.2,76.0,1,1,82.2,89.2,Female,Mechanical,Placed
STU_03060,6.9,1,1,0,53.5,91.9,0,1,77.6,90.3,Male,Civil,Placed
STU_03061,7.62,0,0,0,70.6,88.8,0,1,69.0,80.7,Male,Mechanical,Placed
STU_03062,6.97,0,2,2,70.7,76.4,0,1,72.0,97.1,Male,Computer Science,Placed
STU_03063,7.21,1,2,0,61.9,61.8,0,0,86.4,81.8,Male,Computer Science,Placed
STU_03064,6.77,1,2,0,79.2,93.2,1,1,80.7,88.0,Male,Civil,Placed
STU_03065,5.79,2,1,1,83.5,84.7,0,0,71.6,72.6,Male,Electronics,Placed
STU_03066,7.62,0,2,1,69.7,54.2,0,1,75.9,73.3,Female,Electronics,Placed
STU_03067,9.05,1,1,2,66.0,50.9,1,0,81.3,73.3,Male,Mechanical,Placed
STU_03068,7.32,0,1,0,69.7,54.9,0,1,78.2,64.7,Female,Mechanical,Placed
STU_03069,7.53,0,2,2,62.5,66.1,1,1,75.6,70.2,Female,Computer Science,Placed
STU_03070,7.99,1,1,1,44.5,82.8,0,1,77.5,78.6,Female,Computer Science,Placed
STU_03071,6.03,0,2,0,74.5,82.5,0,1,53.8,68.4,Female,Electronics,Placed
STU_03072,9.0,0,3,2,81.5,76.1,0,1,78.2,81.1,Female,Computer Science,Placed
STU_03073,7.5,0,0,1,67.7,70.3,0,1,67.4,66.9,Female,Civil,Placed
STU_03074,8.93,1,3,1,36.0,100.0,1,1,81.6,66.3,Female,Civil,Placed
STU_03075,6.57,2,0,2,61.4,72.4,0,1,79.3,75.1,Female,Computer Science,Placed
STU_03076,9.12,1,1,1,83.6,71.0,1,1,85.5,52.5,Female,Mechanical,Placed
STU_03077,8.08,1,2,0,48.4,65.9,0,1,85.6,86.9,Male,Information Technology,Placed
STU_03078,7.85,1,2,2,80.4,98.5,1,0,95.2,82.8,Male,Civil,Placed
STU_03079,7.53,1,0,0,63.3,80.7,0,1,58.2,84.0,Female,Civil,Placed
STU_03080,7.05,0,2,1,69.7,59.6,1,0,76.7,83.2,Male,Computer Science,Placed
STU_03081,8.5,0,4,0,59.7,58.2,0,1,57.6,73.7,Female,Electronics,Placed
STU_03082,7.44,0,1,0,53.0,51.8,0,1,82.9,77.7,Female,Civil,Placed
STU_03083,5.33,1,3,1,91.5,70.8,1,1,76.3,79.3,Male,Mechanical,Placed
STU_03084,6.18,2,2,1,82.2,54.0,1,1,73.3,59.0,Male,Electronics,Placed
STU_03085,7.11,0,3,1,79.7,58.0,1,1,80.7,77.2,Female,Information Technology,Placed
STU_03086,7.61,0,1,2,83.6,84.8,0,1,67.5,70.9,Female,Mechanical,Placed
STU_03087,7.24,2,2,0,77.5,82.7,1,1,96.5,95.3,Female,Computer Science,Placed
STU_03088,8.52,2,0,1,84.2,89.9,0,0,75.6,72.9,Male,Electronics,Placed
STU_03089,5.35,1,3,2,60.0,54.4,0,1,78.8,73.6,Female,Civil,Placed
STU_03090,7.44,0,2,1,90.7,60.0,1,0,76.7,61.6,Male,Mechanical,Placed
STU_03091,5.48,0,1,1,89.3,64.5,1,1,87.2,70.7,Female,Civil,Placed
STU_03092,8.06,0,1,0,75.7,91.7,1,1,66.0,51.7,Male,Computer Science,Placed
STU_03093,7.21,0,3,1,65.7,72.8,1,0,86.3,95.5,Female,Mechanical,Placed
STU_03094,7.72,0,2,1,51.6,93.9,0,1,72.8,81.4,Female,Computer Science,Placed
STU_03095,6.44,1,1,0,73.4,79.5,1,0,72.9,71.0,Male,Mechanical,Placed
STU_03096,8.58,0,1,1,95.3,70.7,0,0,86.8,80.5,Female,Mechanical,Placed
STU_03097,8.34,0,3,0,52.6,78.9,0,0,75.3,64.4,Male,Civil,Placed
STU_03098,7.88,0,1,3,85.3,51.2,1,1,84.1,73.0,Male,Civil,Placed
STU_03099,7.17,1,0,2,62.9,47.3,1,1,84.3,62.8,Male,Civil,Not Placed
STU_03100,7.88,1,3,0,64.2,75.1,0,0,74.5,58.2,Male,Mechanical,Placed
STU_03101,6.59,1,1,0,52.4,72.2,1,1,80.3,83.4,Female,Civil,Placed
STU_03102,8.16,0,1,1,58.7,95.2,0,1,73.2,73.8,Female,Mechanical,Placed
STU_03103,8.95,0,1,1,79.7,55.5,0,1,77.8,56.0,Male,Mechanical,Placed
STU_03104,8.37,0,3,3,81.6,76.5,1,1,82.7,65.9,Female,Electronics,Placed
STU_03105,6.57,0,1,0,73.5,80.3,1,1,68.4,89.4,Male,Civil,Placed
STU_03106,7.66,2,2,0,62.5,76.1,1,0,82.4,67.0,Male,Computer Science,Placed
STU_03107,6.01,3,3,2,53.4,85.2,1,1,81.2,81.8,Female,Information Technology,Placed
STU_03108,7.87,1,0,0,70.9,64.4,0,1,63.1,66.9,Male,Civil,Placed
STU_03109,7.75,2,3,1,64.5,82.0,0,0,70.5,77.7,Female,Mechanical,Placed
STU_03110,5.43,1,1,0,73.2,78.7,1,1,71.1,80.8,Female,Computer Science,Placed
STU_03111,6.14,0,2,2,65.2,86.0,1,1,73.6,67.7,Male,Mechanical,Placed
STU_03112,7.02,3,1,0,65.6,65.9,1,0,68.4,73.5,Female,Electronics,Placed
STU_03113,7.0,0,2,1,72.4,57.8,1,0,87.4,78.4,Female,Computer Science,Not Placed
STU_03114,6.09,1,1,1,75.3,64.5,1,0,88.6,68.8,Male,Computer Science,Placed
STU_03115,7.69,0,0,3,88.4,59.2,1,0,70.1,72.7,Male,Electronics,Placed
STU_03116,7.55,0,3,0,64.9,65.2,0,1,66.5,64.6,Male,Mechanical,Placed
STU_03117,7.11,1,0,0,78.2,68.0,0,0,77.9,76.2,Female,Electronics,Placed
STU_03118,6.54,0,3,0,97.1,61.1,1,0,91.3,86.8,Female,Electronics,Placed
STU_03119,8.35,0,1,2,78.6,72.1,1,1,99.0,62.2,Male,Information Technology,Placed
STU_03120,8.96,0,1,1,87.5,57.9,0,1,71.3,67.2,Male,Civil,Placed
STU_03121,6.82,0,3,1,60.7,71.1,0,1,55.3,52.5,Male,Electronics,Placed
STU_03122,6.69,3,1,0,59.2,66.1,0,1,63.1,80.6,Male,Computer Science,Placed
STU_03123,7.79,1,3,1,67.6,70.5,0,1,60.2,57.4,Male,Computer Science,Placed
STU_03124,6.94,1,2,0,69.2,76.7,1,1,82.2,80.5,Female,Mechanical,Placed
STU_03125,7.16,0,1,0,86.1,67.0,0,1,79.0,81.3,Male,Computer Science,Placed
STU_03126,8.04,2,2,2,59.1,62.7,0,1,80.2,85.0,Female,Information Technology,Placed
STU_03127,5.39,0,1,0,68.7,64.1,0,1,89.3,79.1,Male,Electronics,Placed
STU_03128,8.62,0,1,1,86.1,84.3,0,1,94.3,58.4,Female,Mechanical,Placed
STU_03129,7.37,0,2,2,73.2,87.3,1,1,86.4,73.5,Male,Information Technology,Placed
STU_03130,6.89,2,1,2,69.8,65.8,0,1,85.4,77.2,Male,Civil,Placed
STU_03131,7.21,0,1,1,73.6,70.1,1,1,63.3,80.9,Male,Electronics,Placed
STU_03132,7.26,0,3,0,53.1,51.5,0,1,72.9,81.3,Male,Mechanical,Placed
STU_03133,5.57,1,3,1,52.8,69.8,0,1,91.8,70.3,Male,Mechanical,Placed
STU_03134,8.79,0,2,0,46.2,54.6,0,1,72.5,73.8,Female,Electronics,Placed
STU_03135,7.34,1,2,0,73.1,66.1,1,1,89.1,73.9,Male,Computer Science,Placed
STU_03136,7.74,1,2,1,83.8,84.9,0,0,79.2,61.1,Female,Electronics,Placed
STU_03137,8.25,0,2,2,81.5,54.0,0,1,85.8,64.4,Female,Mechanical,Placed
STU_03138,6.28,0,1,0,87.2,61.2,0,1,69.3,74.2,Male,Mechanical,Placed
STU_03139,7.77,0,4,0,91.8,61.2,1,1,85.6,65.8,Female,Mechanical,Placed
STU_03140,7.03,2,0,1,72.2,52.0,0,1,71.6,58.9,Female,Mechanical,Placed
STU_03141,8.15,2,2,0,69.0,82.4,0,1,80.3,58.3,Female,Electronics,Placed
STU_03142,5.17,0,3,1,92.1,75.3,0,1,77.7,82.6,Female,Mechanical,Placed
STU_03143,7.2,0,2,0,59.5,93.7,1,1,89.9,78.9,Male,Computer Science,Placed
STU_03144,6.7,0,3,0,52.3,60.1,1,0,86.3,76.6,Female,Mechanical,Placed
STU_03145,7.73,1,1,1,64.9,50.7,0,1,60.3,71.4,Female,Civil,Placed
STU_03146,,1,1,2,63.2,83.3,1,1,69.9,68.6,Female,Mechanical,Placed
STU_03147,6.59,0,3,1,70.7,67.7,0,0,71.6,52.8,Male,Information Technology,Placed
STU_03148,6.59,1,1,2,57.2,66.4,0,0,84.9,81.5,Male,Computer Science,Placed
STU_03149,7.19,1,2,0,75.5,89.7,1,1,73.0,70.5,Female,Civil,Placed
STU_03150,6.4,2,0,2,61.5,74.0,0,1,67.1,81.8,Male,Information Technology,Not Placed
STU_03151,8.14,0,2,0,88.4,82.9,0,1,64.4,64.7,Male,Computer Science,Placed
STU_03152,6.93,0,2,2,52.1,64.5,1,1,85.3,93.1,Female,Mechanical,Placed
STU_03153,5.0,0,1,1,67.9,63.3,0,1,57.3,77.1,Male,Mechanical,Not Placed
STU_03154,6.93,2,2,0,65.0,67.6,0,1,88.6,73.7,Male,Mechanical,Placed
STU_03155,,1,2,0,73.5,80.0,1,0,65.1,63.8,Male,Mechanical,Placed
STU_03156,5.67,1,0,1,83.9,72.6,0,1,73.5,76.8,Female,Computer Science,Placed
STU_03157,6.06,0,2,0,74.0,77.6,0,1,66.3,81.8,Male,Electronics,Placed
STU_03158,7.41,0,2,2,68.1,40.8,0,0,68.8,50.3,Male,Information Technology,Placed
STU_03159,8.63,0,1,0,80.4,49.4,0,1,75.8,73.5,Male,Mechanical,Placed
STU_03160,7.61,1,2,0,82.6,46.2,0,1,76.6,73.7,Female,Mechanical,Placed
STU_03161,6.69,0,1,0,74.0,67.4,0,1,62.5,80.0,Male,Electronics,Placed
STU_03162,7.76,0,1,0,75.8,55.2,0,1,73.9,56.5,Male,Computer Science,Placed
STU_03163,6.84,1,2,1,79.7,92.3,1,1,79.0,83.8,Male,Electronics,Placed
STU_03164,6.61,0,2,1,45.3,71.7,0,0,82.7,83.1,Male,Mechanical,Not Placed
STU_03165,6.15,1,3,2,64.7,74.6,1,0,57.6,83.5,Female,Mechanical,Placed
STU_03166,5.55,0,0,0,75.6,58.9,0,1,73.2,67.7,Male,Electronics,Not Placed
STU_03167,6.91,2,1,2,65.6,58.5,1,0,57.5,87.3,Female,Information Technology,Placed
STU_03168,7.46,1,0,0,65.7,90.6,1,1,72.9,66.1,Male,Computer Science,Placed
STU_03169,7.2,2,2,2,75.6,93.4,0,1,73.7,51.8,Female,Civil,Placed
STU_03170,6.88,1,1,0,76.0,77.0,0,1,84.3,78.4,Male,Electronics,Placed
STU_03171,6.35,2,2,1,77.0,47.6,0,1,87.7,74.3,Female,Computer Science,Placed
STU_03172,7.91,2,1,1,58.1,66.9,0,0,67.8,88.4,Female,Electronics,Placed
STU_03173,5.98,1,3,0,48.7,75.8,1,1,80.9,63.6,Male,Computer Science,Placed
STU_03174,8.08,2,2,0,82.1,69.3,0,0,84.6,71.2,Male,Information Technology,Placed
STU_03175,6.3,0,3,1,58.9,46.6,0,0,70.5,70.2,Male,Information Technology,Placed
STU_03176,6.55,0,0,0,57.8,94.2,0,0,85.7,83.8,Male,Computer Science,Placed
STU_03177,5.83,0,2,1,56.5,62.0,0,1,79.4,63.1,Female,Computer Science,Not Placed
STU_03178,6.8,1,2,1,87.3,55.9,1,0,75.3,89.0,Male,Computer Science,Placed
STU_03179,8.28,1,2,1,73.2,71.6,0,1,79.4,66.9,Male,Electronics,Placed
STU_03180,7.82,1,0,3,75.1,86.2,0,0,62.2,70.1,Female,Mechanical,Placed
STU_03181,8.28,0,4,0,80.3,78.2,0,1,79.4,75.5,Male,Civil,Placed
STU_03182,7.82,0,1,0,69.4,56.2,0,1,69.5,63.8,Female,Electronics,Placed
STU_03183,6.2,0,1,0,85.2,54.2,0,1,78.3,79.3,Female,Information Technology,Placed
STU_03184,6.97,1,2,1,52.0,45.7,1,1,73.9,77.9,Male,Information Technology,Placed
STU_03185,6.52,0,2,2,53.7,68.5,1,0,80.9,68.2,Male,Computer Science,Placed
STU_03186,8.63,2,2,3,52.9,66.3,1,1,89.9,78.1,Female,Information Technology,Not Placed
STU_03187,6.1,0,1,2,76.3,78.2,0,1,79.3,78.4,Female,Computer Science,Placed
STU_03188,8.19,0,1,2,77.6,63.8,1,1,88.0,81.3,Male,Information Technology,Placed
STU_03189,8.19,2,2,3,62.9,83.7,0,1,67.8,87.1,Male,Electronics,Placed
STU_03190,9.13,1,1,0,66.5,79.9,0,0,92.3,79.6,Male,Computer Science,Placed
STU_03191,6.89,0,3,2,89.0,63.3,0,1,67.9,80.3,Female,Mechanical,Placed
STU_03192,8.01,1,3,2,59.6,76.7,1,1,65.5,62.9,Male,Mechanical,Placed
STU_03193,9.58,0,2,0,74.4,87.9,0,1,75.3,58.1,Male,Civil,Placed
STU_03194,6.68,3,0,0,59.7,60.5,0,0,73.6,68.9,Female,Electronics,Placed
STU_03195,5.76,1,3,0,86.4,69.4,1,0,62.2,78.6,Male,Electronics,Placed
STU_03196,5.42,0,0,2,79.4,69.2,1,1,66.7,79.6,Male,Mechanical,Not Placed
STU_03197,8.01,1,1,1,49.0,67.7,1,0,50.0,48.0,Male,Computer Science,Placed
STU_03198,5.42,0,1,0,66.1,81.6,0,0,64.5,76.5,Male,Mechanical,Placed
STU_03199,6.93,1,1,1,38.8,82.6,0,0,71.4,87.4,Female,Information Technology,Placed
STU_03200,7.74,2,3,0,83.5,76.9,1,1,92.9,99.0,Male,Electronics,Placed
STU_03201,7.49,2,2,2,100.0,76.3,0,1,85.1,90.9,Male,Civil,Placed
STU_03202,7.73,0,4,2,37.3,65.3,0,1,81.2,69.3,Male,Civil,Placed
STU_03203,7.52,0,1,3,48.6,76.0,0,1,99.0,68.6,Male,Electronics,Not Placed
STU_03204,8.58,0,2,0,72.5,56.6,1,1,60.1,80.4,Male,Civil,Placed
STU_03205,6.35,1,4,2,69.7,100.0,0,1,77.3,83.9,Male,Mechanical,Placed
STU_03206,6.62,1,3,0,63.8,88.2,1,0,98.4,87.4,Male,Civil,Not Placed
STU_03207,6.53,1,2,1,43.9,83.5,0,0,72.9,81.6,Male,Information Technology,Placed
STU_03208,8.13,2,1,1,74.9,76.9,0,1,69.7,61.5,Female,Computer Science,Placed
STU_03209,8.2,0,2,1,83.3,76.9,0,1,86.2,59.7,Male,Civil,Placed
STU_03210,7.75,0,1,3,100.0,51.7,0,1,72.4,91.0,Male,Civil,Placed
STU_03211,8.48,0,2,1,89.6,56.9,0,0,90.6,73.2,Male,Information Technology,Placed
STU_03212,6.12,0,2,2,50.5,58.4,1,0,86.3,64.3,Male,Information Technology,Placed
STU_03213,8.97,0,2,0,69.8,72.7,1,1,76.1,62.5,Female,Information Technology,Placed
STU_03214,8.82,1,2,0,78.9,68.6,1,1,87.8,69.0,Female,Electronics,Placed
STU_03215,8.04,0,2,1,59.7,81.7,0,0,75.6,92.5,Male,Electronics,Placed
STU_03216,9.08,0,0,0,81.7,60.4,0,1,79.3,72.3,Female,Mechanical,Placed
STU_03217,5.64,1,2,3,80.6,84.3,1,1,83.9,83.0,Male,Information Technology,Placed
STU_03218,6.78,0,2,1,88.6,62.2,0,1,74.1,78.8,Female,Mechanical,Placed
STU_03219,6.56,1,1,1,82.0,67.0,1,1,93.1,74.4,Female,Mechanical,Placed
STU_03220,8.02,0,1,2,74.3,82.7,1,1,78.7,53.3,Male,Information Technology,Not Placed
STU_03221,6.25,1,0,1,60.4,78.1,0,1,80.9,84.2,Male,Civil,Placed
STU_03222,8.06,2,1,0,50.6,57.0,0,1,64.8,66.8,Female,Civil,Placed
STU_03223,8.67,0,4,1,73.3,84.8,1,1,71.6,56.8,Male,Civil,Placed
STU_03224,8.0,1,1,1,63.9,73.1,0,1,79.6,54.7,Male,Computer Science,Placed
STU_03225,7.58,2,2,3,65.4,46.3,1,1,86.7,81.5,Male,Electronics,Placed
STU_03226,6.31,1,2,0,86.8,61.9,1,1,92.1,83.9,Male,Mechanical,Placed
STU_03227,6.45,0,0,1,90.5,67.1,1,1,67.4,49.9,Male,Mechanical,Placed
STU_03228,8.55,0,3,0,51.5,58.0,1,1,69.7,69.3,Female,Computer Science,Placed
STU_03229,8.08,1,1,0,66.8,88.1,1,1,65.7,79.0,Female,Information Technology,Placed
STU_03230,7.26,2,3,1,63.5,67.5,1,0,82.9,76.7,Male,Computer Science,Placed
STU_03231,6.88,0,0,0,74.7,77.5,0,1,92.1,69.3,Female,Information Technology,Placed
STU_03232,5.27,0,0,1,36.0,74.5,1,1,76.4,74.1,Female,Civil,Not Placed
STU_03233,6.23,0,1,1,48.1,80.5,0,1,78.6,85.4,Male,Mechanical,Not Placed
STU_03234,9.21,0,1,0,68.2,92.1,0,0,79.3,79.8,Male,Information Technology,Placed
STU_03235,6.02,0,3,1,81.8,80.1,1,1,73.3,82.1,Female,Computer Science,Placed
STU_03236,7.49,0,0,0,71.1,92.9,1,0,65.8,70.2,Male,Electronics,Placed
STU_03237,8.31,0,2,2,80.1,80.4,0,0,88.6,61.0,Male,Information Technology,Placed
STU_03238,6.05,0,0,0,73.0,73.6,0,0,79.5,77.7,Male,Mechanical,Placed
STU_03239,7.48,2,3,0,89.1,75.9,0,1,72.5,83.8,Male,Mechanical,Placed
STU_03240,8.24,0,2,1,92.3,40.5,0,1,99.0,67.5,Male,Mechanical,Placed
STU_03241,7.31,0,2,3,58.6,66.5,0,0,78.0,77.6,Male,Electronics,Placed
STU_03242,10.0,0,1,2,83.3,70.3,0,1,60.9,75.0,Male,Electronics,Placed
STU_03243,5.63,2,2,0,77.6,77.3,1,1,84.5,56.7,Male,Civil,Placed
STU_03244,8.36,1,1,0,100.0,71.7,0,1,59.6,73.3,Male,Civil,Placed
STU_03245,7.13,1,1,1,58.0,76.0,0,0,82.7,76.9,Female,Electronics,Placed
STU_03246,8.07,0,2,2,68.2,56.1,1,1,82.4,69.9,Female,Civil,Placed
STU_03247,7.74,2,4,0,54.5,53.0,1,1,91.8,87.0,Male,Mechanical,Placed
STU_03248,6.57,0,3,1,55.4,57.8,0,1,68.0,61.3,Female,Computer Science,Not Placed
STU_03249,7.53,0,2,0,75.8,90.9,0,1,75.1,98.7,Male,Electronics,Placed
STU_03250,5.44,1,2,0,73.1,56.8,1,1,77.3,75.0,Female,Civil,Placed
STU_03251,7.9,2,4,1,78.1,62.5,0,1,86.7,72.9,Male,Information Technology,Placed
STU_03252,7.6,1,2,0,77.8,73.3,1,0,82.3,85.1,Male,Electronics,Placed
STU_03253,7.94,2,1,0,66.5,52.9,0,1,83.2,58.5,Male,Computer Science,Placed
STU_03254,8.36,2,3,0,66.4,61.5,0,0,90.2,99.0,Male,Electronics,Placed
STU_03255,7.67,0,1,1,55.4,80.1,1,1,75.8,67.5,Male,Civil,Placed
STU_03256,7.45,0,0,0,59.5,66.7,0,1,92.6,84.8,Male,Electronics,Placed
STU_03257,6.42,0,2,1,69.1,92.2,0,1,77.1,75.0,Male,Information Technology,Placed
STU_03258,6.59,2,0,2,73.0,51.6,1,1,87.0,63.8,Female,Information Technology,Placed
STU_03259,8.49,0,1,0,80.7,67.9,1,0,73.0,86.2,Male,Information Technology,Placed
STU_03260,8.74,2,1,1,79.1,66.7,0,1,84.0,80.8,Male,Mechanical,Placed
STU_03261,7.06,0,2,2,93.4,71.9,0,1,89.6,99.0,Male,Mechanical,Placed
STU_03262,7.35,0,4,0,55.4,57.3,1,1,67.2,79.3,Female,Computer Science,Placed
STU_03263,6.4,0,1,0,66.5,65.0,0,1,87.4,68.0,Female,Information Technology,Placed
STU_03264,8.47,0,1,0,56.7,81.5,1,1,79.8,54.6,Female,Civil,Placed
STU_03265,7.97,2,0,1,89.2,68.8,1,1,98.4,66.8,Male,Mechanical,Placed
STU_03266,9.24,0,2,1,62.5,59.2,0,1,75.4,77.8,Female,Civil,Placed
STU_03267,6.42,0,2,0,87.3,97.0,0,0,80.9,70.9,Female,Mechanical,Placed
STU_03268,6.92,0,2,2,91.8,72.6,0,1,76.4,83.4,Male,Civil,Placed
STU_03269,7.53,0,1,1,76.2,79.4,1,1,84.6,79.0,Female,Mechanical,Placed
STU_03270,7.95,0,2,0,74.4,81.2,0,1,56.2,61.3,Female,Electronics,Placed
STU_03271,7.08,0,2,2,70.6,71.2,1,1,63.9,70.5,Female,Mechanical,Placed
STU_03272,6.43,2,1,0,65.2,62.5,0,1,84.7,65.5,Male,Civil,Placed
STU_03273,8.18,0,1,1,63.4,74.4,0,0,78.3,78.8,Male,Mechanical,Placed
STU_03274,8.02,0,1,0,67.8,63.6,0,1,58.0,79.7,Male,Civil,Not Placed
STU_03275,6.38,1,4,1,97.4,76.5,0,1,71.7,68.4,Female,Computer Science,Placed
STU_03276,8.66,0,3,0,54.4,70.0,1,1,74.1,57.0,Female,Mechanical,Placed
STU_03277,8.47,0,2,1,73.1,84.4,0,1,73.1,99.0,Male,Mechanical,Placed
STU_03278,7.43,1,3,0,80.7,58.3,0,1,87.3,78.5,Female,Information Technology,Placed
STU_03279,7.38,0,2,1,65.7,80.6,0,1,90.6,78.5,Male,Mechanical,Placed
STU_03280,7.85,1,3,0,76.2,79.4,0,1,55.6,54.4,Male,Information Technology,Placed
STU_03281,6.44,1,0,0,47.4,69.1,1,1,76.8,83.0,Male,Computer Science,Placed
STU_03282,7.33,1,2,0,89.9,80.8,1,1,79.1,86.7,Female,Computer Science,Placed
STU_03283,5.15,2,2,0,87.0,77.0,0,1,63.2,78.7,Female,Information Technology,Not Placed
STU_03284,8.18,0,2,1,68.5,80.0,0,0,90.5,76.5,Male,Information Technology,Placed
STU_03285,5.74,0,1,3,56.8,79.2,1,1,81.7,76.5,Female,Computer Science,Placed
STU_03286,8.8,0,1,2,81.9,72.6,0,1,86.5,65.2,Female,Mechanical,Placed
STU_03287,6.97,0,1,2,52.8,64.8,1,1,73.5,67.3,Female,Mechanical,Placed
STU_03288,7.09,2,1,0,54.9,64.7,0,0,70.2,72.5,Male,Civil,Placed
STU_03289,6.67,1,1,0,69.2,69.4,1,1,72.3,87.1,Male,Mechanical,Placed
STU_03290,7.01,1,2,1,92.8,82.1,0,0,76.9,77.9,Male,Civil,Placed
STU_03291,8.72,1,3,3,79.6,79.6,0,1,73.7,66.8,Male,Information Technology,Placed
STU_03292,5.0,0,2,1,60.3,84.1,0,0,87.1,67.9,Female,Information Technology,Placed
STU_03293,8.58,1,3,0,44.8,85.3,1,1,99.0,51.2,Male,Electronics,Placed
STU_03294,7.64,1,3,0,70.6,69.4,1,1,83.8,79.9,Male,Mechanical,Placed
STU_03295,6.09,1,1,0,73.8,95.5,0,0,58.5,72.7,Male,Civil,Placed
STU_03296,6.22,0,1,0,68.9,70.8,1,0,79.6,77.1,Female,Computer Science,Placed
STU_03297,8.98,1,0,1,97.1,66.1,1,1,66.1,99.0,Female,Information Technology,Placed
STU_03298,6.35,0,3,0,68.0,76.0,0,1,73.9,70.1,Male,Mechanical,Placed
STU_03299,6.15,1,0,2,35.8,77.8,1,1,77.6,77.4,Male,Mechanical,Placed
STU_03300,8.44,1,2,2,63.9,63.1,0,1,75.4,68.1,Female,Electronics,Placed
STU_03301,7.64,0,1,2,76.8,70.1,0,1,67.6,73.2,Male,Mechanical,Placed
STU_03302,6.36,1,3,2,75.8,66.6,1,1,83.2,64.3,Female,Information Technology,Placed
STU_03303,7.52,2,1,0,67.3,73.7,1,1,58.1,62.9,Male,Electronics,Placed
STU_03304,6.27,0,3,3,64.9,81.6,0,1,81.9,55.1,Male,Information Technology,Placed
STU_03305,8.4,2,1,0,40.0,68.8,1,1,69.0,63.1,Female,Electronics,Placed
STU_03306,,1,1,2,71.3,78.9,1,1,80.8,77.6,Female,Mechanical,Placed
STU_03307,7.83,1,2,0,64.9,55.3,1,1,64.6,71.6,Male,Civil,Placed
STU_03308,7.66,2,4,1,73.7,82.7,0,1,80.3,72.6,Female,Computer Science,Placed
STU_03309,9.06,1,2,0,77.4,66.6,1,1,91.8,70.0,Male,Electronics,Placed
STU_03310,7.3,2,3,0,88.6,66.3,0,1,72.1,76.7,Male,Civil,Placed
STU_03311,6.12,0,2,2,55.7,76.8,0,0,71.8,76.0,Female,Civil,Placed
STU_03312,7.75,0,2,2,50.6,77.4,0,1,82.3,75.3,Female,Mechanical,Placed
STU_03313,9.39,1,1,1,61.4,70.7,0,1,80.1,71.4,Male,Information Technology,Placed
STU_03314,6.29,2,1,1,59.0,61.3,0,1,64.2,83.0,Male,Electronics,Placed
STU_03315,6.94,2,1,1,57.6,66.2,0,0,89.1,52.9,Female,,Placed
STU_03316,7.72,1,4,0,91.7,73.1,0,1,86.1,66.6,Female,Civil,Placed
STU_03317,7.25,1,4,2,72.2,77.9,0,1,90.8,66.2,Female,Mechanical,Placed
STU_03318,6.32,0,2,1,99.6,62.1,0,1,83.5,82.1,Male,Information Technology,Placed
STU_03319,8.42,3,1,1,70.0,64.3,0,0,96.9,69.1,Male,Mechanical,Placed
STU_03320,9.62,0,1,3,52.4,75.2,0,1,59.3,64.3,Female,Civil,Placed
STU_03321,7.5,1,4,1,57.9,71.0,0,1,93.2,76.9,Male,Mechanical,Placed
STU_03322,6.4,1,0,1,85.4,73.8,0,1,74.1,83.8,Female,Computer Science,Placed
STU_03323,5.75,1,3,2,53.0,40.6,1,1,72.6,83.1,Male,Mechanical,Placed
STU_03324,7.56,0,1,2,78.4,68.5,1,0,70.9,85.2,Male,Civil,Placed
STU_03325,8.4,3,1,3,64.6,82.2,0,1,83.1,76.3,Female,Computer Science,Placed
STU_03326,7.78,1,3,1,56.1,64.6,1,0,86.0,78.1,Female,Mechanical,Placed
STU_03327,7.3,2,0,0,90.8,77.8,1,1,73.3,72.1,Male,Computer Science,Placed
STU_03328,6.71,0,1,0,61.2,57.5,0,1,80.7,71.4,Female,Electronics,Placed
STU_03329,6.21,1,4,0,57.6,53.2,1,0,99.0,64.3,Male,Computer Science,Placed
STU_03330,8.13,1,2,1,68.8,77.0,1,1,71.3,82.6,Male,Computer Science,Placed
STU_03331,8.21,1,2,0,62.4,71.3,0,1,74.1,55.2,Male,Computer Science,Placed
STU_03332,5.75,2,2,1,100.0,68.0,1,0,92.2,60.6,Female,Mechanical,Not Placed
STU_03333,8.89,0,0,2,85.9,82.2,0,1,62.2,95.5,Female,Mechanical,Placed
STU_03334,7.87,0,1,3,61.1,68.3,1,0,80.5,73.7,Male,Information Technology,Placed
STU_03335,8.7,1,2,0,62.9,64.4,0,1,53.8,76.5,Male,Computer Science,Placed
STU_03336,5.96,0,1,0,39.7,63.1,1,1,64.2,61.7,Female,Computer Science,Placed
STU_03337,5.93,3,1,2,72.1,60.6,0,1,66.1,80.3,Male,Electronics,Placed
STU_03338,,0,2,1,58.8,77.6,0,1,69.2,90.1,Male,Civil,Placed
STU_03339,7.8,1,0,2,71.3,68.3,1,1,65.5,91.0,Male,Mechanical,Placed
STU_03340,9.1,0,2,2,40.5,85.7,0,1,80.0,58.3,Male,Information Technology,Placed
STU_03341,8.01,1,0,1,69.6,36.6,1,1,92.0,87.9,Female,Electronics,Placed
STU_03342,7.06,0,0,0,95.5,83.1,0,0,98.4,75.1,Female,Information Technology,Placed
STU_03343,6.27,0,1,1,70.8,76.3,1,1,67.7,48.0,Male,Electronics,Placed
STU_03344,8.53,0,3,1,58.4,70.9,0,1,85.3,58.1,Male,Mechanical,Placed
STU_03345,6.34,0,0,0,69.7,56.5,0,0,90.1,54.3,Male,Civil,Placed
STU_03346,8.93,3,2,2,69.0,52.1,1,0,79.2,81.6,Male,Computer Science,Placed
STU_03347,7.02,0,2,2,100.0,81.0,0,1,85.1,72.9,Female,Mechanical,Placed
STU_03348,8.89,1,1,0,65.0,74.9,0,1,82.6,67.8,Male,Electronics,Placed
STU_03349,7.98,3,2,3,52.0,74.7,0,0,82.6,74.0,Male,Mechanical,Placed
STU_03350,7.16,1,3,1,70.3,70.8,0,0,70.6,94.3,Male,Information Technology,Placed
STU_03351,6.78,3,2,2,72.9,82.2,1,0,58.1,71.8,Female,Mechanical,Placed
STU_03352,6.96,3,1,0,78.4,65.0,1,1,74.5,78.6,Female,Civil,Placed
STU_03353,7.73,1,2,0,81.3,68.0,0,0,70.3,81.9,Male,Electronics,Placed
STU_03354,7.38,1,2,0,99.3,69.9,0,1,75.2,61.6,Male,Mechanical,Placed
STU_03355,6.71,0,0,0,61.1,69.4,0,1,87.6,81.2,Male,Electronics,Placed
STU_03356,7.13,0,0,0,59.7,88.0,1,1,92.4,85.1,Female,Computer Science,Placed
STU_03357,7.38,2,1,2,42.2,56.9,0,1,79.5,86.0,Male,Civil,Placed
STU_03358,5.17,1,0,1,79.9,48.5,0,1,66.2,73.4,Male,Electronics,Placed
STU_03359,7.76,1,1,3,56.7,54.6,0,1,74.1,85.3,Female,Computer Science,Placed
STU_03360,6.32,1,2,1,83.4,80.2,1,1,70.3,80.4,Male,Civil,Placed
STU_03361,6.15,0,1,0,62.6,70.8,1,1,79.2,75.7,Female,Information Technology,Placed
STU_03362,5.61,2,3,1,95.9,52.8,0,0,73.3,85.1,Male,Electronics,Placed
STU_03363,5.51,1,2,3,48.5,73.2,0,1,87.0,94.2,Female,Electronics,Placed
STU_03364,5.94,0,3,1,85.3,68.1,0,1,69.5,85.2,Male,Civil,Placed
STU_03365,6.59,2,2,0,83.6,78.7,0,1,99.0,74.2,Female,Computer Science,Placed
STU_03366,9.25,0,0,2,77.9,81.5,0,1,63.3,69.6,Male,Information Technology,Placed
STU_03367,6.77,1,2,0,53.2,100.0,0,1,81.1,80.8,Male,Electronics,Placed
STU_03368,7.48,1,3,1,78.0,57.8,0,1,61.9,76.7,Male,Mechanical,Placed
STU_03369,7.7,0,1,1,71.9,49.6,1,0,88.5,87.3,Female,Information Technology,Placed
STU_03370,7.43,2,0,0,42.5,79.1,1,0,78.5,64.5,Male,Mechanical,Placed
STU_03371,7.22,1,1,0,93.4,83.8,0,0,80.1,86.4,Male,Civil,Placed
STU_03372,6.1,0,1,2,64.8,56.7,0,1,69.0,59.6,Male,Electronics,Placed
STU_03373,8.75,0,1,2,92.2,56.7,0,1,88.9,73.1,Male,Computer Science,Placed
STU_03374,9.11,2,0,1,69.0,76.1,0,1,84.4,81.4,Female,Electronics,Placed
STU_03375,5.62,0,1,0,84.7,92.6,1,1,72.5,73.8,Female,Mechanical,Placed
STU_03376,6.28,2,2,0,57.1,61.5,1,0,77.8,79.8,Female,Information Technology,Placed
STU_03377,7.02,0,1,0,73.2,73.0,0,1,69.1,90.2,Male,Civil,Placed
STU_03378,6.34,1,2,1,72.2,49.2,0,1,68.3,68.8,Male,Computer Science,Placed
STU_03379,7.81,2,2,0,65.1,69.6,0,1,71.8,59.6,Female,Mechanical,Placed
STU_03380,6.57,0,2,0,57.0,70.6,0,1,75.3,62.5,Female,Computer Science,Placed
STU_03381,9.47,1,1,1,24.0,89.6,1,1,78.0,74.0,Female,Information Technology,Placed
STU_03382,8.49,1,2,1,57.3,63.5,0,1,77.6,88.7,Male,Civil,Placed
STU_03383,7.51,1,0,2,80.5,80.2,1,0,69.3,71.5,Female,Civil,Placed
STU_03384,8.33,1,1,1,49.1,62.7,0,0,85.6,98.7,Female,Civil,Placed
STU_03385,8.41,1,2,1,52.2,73.1,1,0,88.9,61.0,Female,Electronics,Placed
STU_03386,6.74,1,1,0,48.5,96.9,1,1,87.1,55.8,Female,Mechanical,Placed
STU_03387,6.48,2,1,1,73.1,93.5,0,0,85.1,77.6,Male,Computer Science,Placed
STU_03388,7.38,1,1,1,56.6,95.5,0,1,53.0,68.8,Female,Information Technology,Placed
STU_03389,8.16,0,0,1,88.3,76.8,1,0,68.0,66.7,Male,Electronics,Placed
STU_03390,7.44,3,1,1,81.0,69.5,0,1,63.1,75.2,Female,Mechanical,Placed
STU_03391,5.72,0,4,1,73.0,75.4,1,0,60.3,61.4,Male,Civil,Placed
STU_03392,6.5,0,1,2,74.6,77.6,0,1,89.4,81.0,Male,Computer Science,Placed
STU_03393,7.23,0,2,1,58.6,76.7,1,1,95.0,77.2,Female,Civil,Placed
STU_03394,7.22,0,2,1,58.6,63.5,0,1,78.1,71.1,Male,Electronics,Placed
STU_03395,9.27,0,2,2,80.7,63.0,0,1,82.7,77.3,Female,Mechanical,Placed
STU_03396,5.91,0,3,0,83.7,64.8,0,1,74.4,96.0,Male,Computer Science,Placed
STU_03397,7.81,0,3,1,80.5,84.8,0,0,89.7,72.3,Female,Mechanical,Placed
STU_03398,8.79,1,2,3,62.9,86.1,1,0,80.8,69.6,Female,Information Technology,Placed
STU_03399,9.57,0,4,0,64.1,100.0,1,1,72.8,82.4,Female,Civil,Placed
STU_03400,6.9,0,1,0,56.0,77.1,1,1,83.6,67.7,Female,Information Technology,Placed
STU_03401,7.79,0,2,1,81.5,62.5,0,0,76.2,80.3,Male,Mechanical,Placed
STU_03402,7.87,0,3,0,40.6,66.3,1,1,80.0,84.0,Male,Electronics,Placed
STU_03403,7.5,0,2,1,36.9,70.1,0,1,84.9,90.4,Male,Computer Science,Placed
STU_03404,7.2,1,4,0,39.9,90.1,0,1,99.0,71.5,Female,Computer Science,Placed
STU_03405,7.74,3,0,1,37.9,80.8,0,1,95.9,60.5,Female,Electronics,Placed
STU_03406,5.0,2,1,1,90.4,55.8,0,0,79.5,72.2,Female,Mechanical,Not Placed
STU_03407,7.98,2,4,1,81.8,71.3,1,1,68.6,76.9,Female,Mechanical,Placed
STU_03408,7.43,0,1,0,52.0,54.3,1,0,55.5,68.2,Male,Computer Science,Placed
STU_03409,7.08,0,2,0,68.4,79.1,0,1,90.8,76.5,Female,Mechanical,Placed
STU_03410,9.35,0,0,0,92.0,63.5,0,0,89.2,94.2,Female,Computer Science,Placed
STU_03411,6.63,1,2,1,77.5,64.7,0,1,71.7,68.7,Male,Computer Science,Placed
STU_03412,6.9,0,3,0,100.0,49.5,0,1,77.1,66.1,Female,Information Technology,Placed
STU_03413,9.29,1,1,2,68.3,81.1,0,1,80.1,85.3,Female,Computer Science,Placed
STU_03414,6.47,0,0,1,60.2,86.5,1,1,83.9,61.4,Female,Computer Science,Placed
STU_03415,6.75,0,0,0,53.8,63.7,1,1,94.5,75.1,Female,Electronics,Placed
STU_03416,7.15,3,3,0,,70.1,0,1,65.0,69.2,Male,Civil,Placed
STU_03417,8.14,1,2,0,84.0,66.2,1,1,84.7,56.8,Female,Information Technology,Placed
STU_03418,7.51,2,0,1,71.5,69.4,1,0,80.2,73.4,Female,Mechanical,Placed
STU_03419,6.01,1,0,0,64.6,62.2,0,0,72.9,68.1,Female,Mechanical,Not Placed
STU_03420,6.77,2,3,0,88.8,58.8,0,0,86.1,80.6,Female,Mechanical,Placed
STU_03421,6.69,1,3,0,77.9,88.4,0,0,76.9,77.2,Male,Information Technology,Placed
STU_03422,7.22,2,0,3,68.3,40.3,1,1,77.2,76.9,Male,Information Technology,Placed
STU_03423,7.73,0,1,1,58.5,78.0,1,0,81.1,64.6,Female,Civil,Placed
STU_03424,7.72,1,2,2,66.2,75.4,1,0,73.4,68.8,Male,Electronics,Placed
STU_03425,5.52,1,2,0,77.1,91.8,1,1,84.5,77.8,Male,Civil,Placed
STU_03426,8.36,0,4,0,58.3,69.2,1,0,74.0,65.2,Female,Electronics,Placed
STU_03427,7.55,2,2,0,51.5,67.5,1,0,94.9,74.6,Male,Electronics,Placed
STU_03428,8.68,3,2,3,62.8,62.3,1,1,80.3,78.8,Female,Civil,Placed
STU_03429,7.74,1,2,0,69.3,76.3,0,1,71.3,83.2,Female,Electronics,Placed
STU_03430,8.4,0,3,1,90.4,63.5,1,0,81.1,69.1,Male,Electronics,Placed
STU_03431,7.77,1,1,0,52.6,58.5,1,0,87.9,70.7,Male,Electronics,Placed
STU_03432,8.65,2,1,1,73.4,63.2,1,1,62.2,77.2,Female,Mechanical,Placed
STU_03433,7.82,1,1,0,65.8,60.6,1,0,90.7,66.9,Female,Information Technology,Placed
STU_03434,7.2,0,3,1,66.6,59.9,1,1,81.4,59.8,Female,Electronics,Placed
STU_03435,9.57,1,2,3,93.1,73.0,0,0,77.7,78.9,Male,Electronics,Placed
STU_03436,8.19,0,1,1,71.2,69.7,0,1,71.1,72.1,Male,Computer Science,Placed
STU_03437,7.87,1,2,1,56.3,78.6,0,1,81.5,80.9,Female,Information Technology,Not Placed
STU_03438,6.02,0,0,1,83.3,73.8,0,0,69.2,68.7,Female,Information Technology,Not Placed
STU_03439,6.01,1,0,2,82.2,57.6,0,1,58.1,76.0,Female,Civil,Not Placed
STU_03440,7.59,1,1,0,55.0,46.5,1,1,70.9,55.2,Female,Electronics,Placed
STU_03441,7.45,0,2,0,52.1,59.3,1,1,75.3,81.7,Male,Information Technology,Placed
STU_03442,6.69,0,2,2,76.2,81.2,0,1,84.1,69.1,Male,Computer Science,Placed
STU_03443,7.44,0,3,1,69.5,80.9,0,1,75.8,73.5,Female,Information Technology,Placed
STU_03444,8.89,0,3,2,62.9,83.8,1,1,66.5,73.3,Male,Electronics,Placed
STU_03445,8.0,0,1,1,85.8,82.1,0,0,71.4,71.2,Male,Civil,Placed
STU_03446,6.16,3,2,1,61.1,85.0,0,0,78.2,75.7,Male,Civil,Placed
STU_03447,7.19,2,0,0,76.3,76.9,0,1,84.5,75.1,Male,Mechanical,Placed
STU_03448,6.5,2,0,1,87.6,93.6,0,0,86.1,77.4,Male,Civil,Placed
STU_03449,6.91,2,0,1,64.9,75.5,0,1,64.4,61.2,Male,Computer Science,Placed
STU_03450,6.89,0,1,1,42.6,96.0,1,1,78.5,83.5,Male,Civil,Placed
STU_03451,6.82,0,1,0,64.0,64.5,1,0,85.7,73.6,Male,Mechanical,Placed
STU_03452,6.04,0,1,2,72.8,64.2,0,1,69.3,78.7,Male,Information Technology,Not Placed
STU_03453,7.17,2,2,0,85.0,69.7,0,1,96.0,73.6,Male,Mechanical,Placed
STU_03454,6.74,1,1,0,62.2,71.6,1,1,73.1,63.3,Male,,Placed
STU_03455,5.0,0,2,3,95.8,68.1,0,1,88.2,99.0,Male,Mechanical,Placed
STU_03456,9.35,0,1,1,50.5,78.5,0,1,84.9,76.4,Male,Computer Science,Placed
STU_03457,8.39,1,1,1,72.5,70.8,0,1,71.1,57.6,Male,Civil,Placed
STU_03458,6.92,1,0,2,66.4,64.7,0,1,78.2,74.0,Male,Computer Science,Not Placed
STU_03459,7.32,2,1,0,90.2,67.2,1,0,91.6,70.7,Female,Computer Science,Placed
STU_03460,6.13,0,0,0,47.9,86.6,1,0,72.6,73.2,Male,Civil,Not Placed
STU_03461,9.0,2,2,1,76.4,75.8,0,0,79.8,57.0,Female,Computer Science,Placed
STU_03462,9.2,0,2,0,66.3,51.9,0,1,62.9,75.3,Male,Electronics,Placed
STU_03463,7.46,1,1,2,92.9,90.1,0,0,81.6,65.4,Male,Computer Science,Placed
STU_03464,8.32,2,1,2,57.6,77.2,1,1,74.0,91.2,Female,Mechanical,Placed
STU_03465,7.48,2,3,0,76.2,79.7,0,0,83.2,73.8,Female,Computer Science,Placed
STU_03466,,0,1,2,57.4,83.1,0,1,69.6,82.9,Female,Civil,Placed
STU_03467,6.89,0,0,0,72.8,83.8,1,0,81.2,84.7,Male,Electronics,Placed
STU_03468,7.43,1,2,1,64.5,61.0,0,1,74.5,79.9,Male,Civil,Placed
STU_03469,6.85,0,2,2,64.2,59.2,0,0,51.6,76.8,Male,Information Technology,Placed
STU_03470,7.08,1,2,2,40.2,100.0,1,1,78.9,87.1,Male,Civil,Placed
STU_03471,7.21,2,2,0,76.2,63.6,0,1,90.6,68.2,Male,Computer Science,Placed
STU_03472,7.22,0,0,0,53.8,76.5,0,0,67.0,83.2,Female,Information Technology,Placed
STU_03473,7.35,1,1,0,53.2,91.6,0,1,71.6,70.4,Female,,Placed
STU_03474,6.24,0,1,1,46.7,66.7,1,1,91.3,76.0,Male,Electronics,Placed
STU_03475,6.58,2,2,1,54.2,67.7,1,1,83.6,61.7,Female,Information Technology,Placed
STU_03476,6.02,3,3,0,77.5,83.1,1,1,74.7,60.7,Female,Mechanical,Placed
STU_03477,8.28,1,1,1,76.8,74.6,0,1,81.0,74.2,Male,Information Technology,Placed
STU_03478,5.19,0,0,2,80.0,77.9,1,0,71.7,86.8,Female,Information Technology,Not Placed
STU_03479,8.45,1,1,1,54.6,71.0,0,1,99.0,72.8,Male,Computer Science,Placed
STU_03480,8.69,1,0,0,73.2,65.7,1,1,86.9,93.6,Female,Civil,Placed
STU_03481,7.0,0,1,3,60.8,68.0,0,1,95.1,79.4,Male,Information Technology,Placed
STU_03482,5.0,2,2,0,84.3,86.3,1,1,78.9,73.1,Female,Information Technology,Placed
STU_03483,6.94,3,4,2,76.4,68.5,0,1,65.3,91.3,Female,Information Technology,Placed
STU_03484,7.24,1,1,0,60.2,77.1,1,1,83.0,89.4,Female,Civil,Placed
STU_03485,6.29,1,1,1,85.6,60.4,0,1,90.6,60.0,Female,Electronics,Placed
STU_03486,6.78,0,1,1,77.6,96.5,0,1,91.0,74.6,Female,Civil,Placed
STU_03487,8.83,1,1,1,49.2,75.8,1,1,61.1,80.6,Male,Electronics,Placed
STU_03488,7.96,0,1,1,44.9,76.1,0,1,80.1,82.9,Female,Information Technology,Placed
STU_03489,6.38,0,2,0,49.8,83.1,1,0,62.0,81.7,Female,Civil,Placed
STU_03490,5.7,0,0,1,94.7,66.2,1,1,72.1,73.2,Female,Civil,Placed
STU_03491,6.97,0,4,1,54.8,86.3,0,1,83.9,71.6,Male,Civil,Placed
STU_03492,7.09,0,2,0,98.1,53.8,0,0,91.3,73.8,Male,Information Technology,Placed
STU_03493,7.8,1,2,3,54.0,64.6,1,1,80.2,66.8,Female,Information Technology,Placed
STU_03494,6.76,1,1,2,52.4,62.4,1,0,66.5,60.0,Female,Electronics,Placed
STU_03495,7.81,1,2,2,83.2,49.4,1,1,84.0,80.7,Male,Electronics,Placed
STU_03496,9.24,0,2,1,83.9,65.7,1,1,69.5,81.3,Female,Civil,Placed
STU_03497,8.12,0,1,0,78.3,71.4,0,1,75.1,94.3,Male,Mechanical,Placed
STU_03498,7.25,2,1,1,80.1,58.9,0,1,78.9,68.5,Female,Computer Science,Placed
STU_03499,7.12,1,3,2,58.0,57.2,0,0,71.3,79.0,Female,Information Technology,Placed
STU_03500,6.94,3,1,0,82.5,72.5,0,1,84.4,72.2,Male,Computer Science,Placed
STU_03501,8.48,0,1,1,73.6,71.0,0,1,85.5,73.4,Female,Computer Science,Placed
STU_03502,6.67,1,1,0,64.5,68.8,1,0,88.3,68.1,Male,Computer Science,Placed
STU_03503,7.35,0,0,0,71.4,56.8,0,0,92.3,75.5,Male,Electronics,Placed
STU_03504,7.35,1,1,0,85.9,67.3,0,0,76.6,90.2,Female,Information Technology,Not Placed
STU_03505,6.8,2,1,3,,64.0,1,1,65.7,70.3,Male,Mechanical,Placed
STU_03506,5.93,2,2,1,37.6,73.0,0,1,66.7,79.5,Female,Mechanical,Placed
STU_03507,7.62,3,1,0,83.4,65.3,0,1,95.4,68.4,Female,Mechanical,Placed
STU_03508,7.24,0,2,1,,71.5,0,1,94.2,58.9,Female,Civil,Placed
STU_03509,7.8,1,2,0,64.3,56.3,1,1,91.4,73.3,Male,Information Technology,Placed
STU_03510,6.77,1,1,1,71.8,55.2,1,1,72.1,96.1,Male,Electronics,Placed
STU_03511,8.52,1,2,2,71.7,78.7,0,1,94.9,66.0,Male,Electronics,Placed
STU_03512,6.42,0,2,1,40.3,81.2,0,1,76.3,64.4,Male,Civil,Placed
STU_03513,9.01,2,2,1,64.0,67.3,0,1,81.4,65.4,Male,Electronics,Placed
STU_03514,5.55,2,2,1,64.6,72.3,0,0,86.3,94.9,Male,Information Technology,Placed
STU_03515,7.73,0,2,1,67.6,66.6,0,1,90.6,87.2,Male,Civil,Placed
STU_03516,7.78,0,0,1,62.1,85.2,0,1,83.4,82.0,Female,Mechanical,Placed
STU_03517,6.5,0,2,2,79.9,69.6,0,1,91.8,89.9,Male,Computer Science,Placed
STU_03518,7.72,1,1,1,57.9,66.0,1,1,78.1,85.0,Male,Mechanical,Placed
STU_03519,8.58,0,2,3,83.7,83.6,0,1,76.0,73.8,Male,Computer Science,Placed
STU_03520,5.08,2,1,2,79.2,62.7,0,1,74.8,70.0,Female,Information Technology,Placed
STU_03521,7.8,1,3,2,90.4,73.9,1,1,66.5,86.3,Female,Information Technology,Placed
STU_03522,5.0,1,2,2,96.0,59.4,0,1,50.0,76.2,Male,Information Technology,Placed
STU_03523,6.33,1,2,0,96.1,80.0,1,0,88.4,64.9,Male,Electronics,Placed
STU_03524,8.93,0,2,1,52.2,81.8,1,0,75.7,80.8,Male,Information Technology,Placed
STU_03525,6.72,2,3,1,75.2,56.5,0,1,85.4,71.5,Female,Civil,Placed
STU_03526,6.13,1,2,1,59.2,54.7,0,1,84.0,87.2,Male,Electronics,Placed
STU_03527,7.1,3,0,2,100.0,75.5,0,1,79.6,64.4,Male,Electronics,Placed
STU_03528,9.37,1,3,0,79.2,95.3,0,1,87.4,81.2,Male,Electronics,Placed
STU_03529,5.47,1,2,0,91.2,82.6,0,1,88.7,76.8,Female,Electronics,Placed
STU_03530,6.25,0,2,2,76.5,69.5,0,1,68.5,77.0,Female,Mechanical,Placed
STU_03531,8.8,1,3,0,30.5,61.7,1,1,93.3,78.1,Female,Information Technology,Placed
STU_03532,9.16,1,1,0,58.2,57.4,0,0,86.6,72.9,Male,Mechanical,Placed
STU_03533,7.2,1,1,0,59.7,80.6,1,1,69.2,80.5,Female,Civil,Placed
STU_03534,6.06,1,2,2,64.1,83.1,1,1,71.5,78.1,Male,Civil,Placed
STU_03535,9.4,0,2,1,75.4,64.4,0,0,65.6,76.3,Male,Mechanical,Placed
STU_03536,8.89,3,1,3,77.5,69.0,0,0,84.3,88.3,Male,Civil,Placed
STU_03537,7.98,3,2,0,30.6,72.6,1,1,76.2,60.2,Female,Mechanical,Placed
STU_03538,6.49,0,2,2,66.4,93.8,0,1,53.1,81.5,Male,Electronics,Not Placed
STU_03539,7.25,2,2,0,62.7,72.8,1,0,72.5,77.4,Male,Electronics,Placed
STU_03540,7.14,0,3,0,90.7,60.2,0,1,74.2,80.5,Male,Computer Science,Placed
STU_03541,7.63,1,1,1,78.9,58.1,1,1,79.1,81.6,Male,Electronics,Placed
STU_03542,8.75,0,2,0,67.3,61.1,1,0,62.6,82.3,Female,Mechanical,Placed
STU_03543,8.18,3,2,0,73.4,87.2,0,1,79.2,70.8,Male,Civil,Placed
STU_03544,6.22,0,1,0,44.7,78.2,1,1,93.0,67.8,Male,Mechanical,Placed
STU_03545,8.68,1,1,0,79.9,67.9,0,1,79.9,80.2,Male,Electronics,Placed
STU_03546,7.61,0,0,2,64.1,36.9,0,0,83.9,91.2,Male,Computer Science,Placed
STU_03547,7.99,0,2,0,57.9,61.8,1,1,93.6,72.7,Male,Mechanical,Placed
STU_03548,8.77,1,1,3,89.7,76.1,1,1,77.1,63.9,Male,Mechanical,Placed
STU_03549,6.19,0,1,2,74.1,76.2,0,1,76.7,83.7,Female,Electronics,Placed
STU_03550,7.26,1,1,0,60.0,76.1,1,1,81.4,65.8,Male,Information Technology,Placed
STU_03551,6.77,3,2,1,60.9,55.8,0,1,69.2,78.4,Male,Electronics,Placed
STU_03552,5.73,2,2,1,75.5,74.1,0,0,71.1,64.0,Male,Electronics,Placed
STU_03553,7.65,2,2,2,74.3,60.3,0,1,57.6,71.8,Male,Computer Science,Placed
STU_03554,9.81,0,1,2,70.4,72.0,1,1,99.0,74.9,Female,Civil,Placed
STU_03555,5.46,0,2,1,51.9,62.8,0,1,86.3,71.7,Female,Information Technology,Placed
STU_03556,7.27,1,2,0,54.2,84.8,0,0,68.5,77.6,Male,Information Technology,Placed
STU_03557,7.94,0,1,1,58.8,76.0,1,1,88.2,78.5,Female,Civil,Placed
STU_03558,7.42,2,0,2,67.1,70.3,0,1,69.9,69.4,Male,Civil,Placed
STU_03559,7.19,0,3,1,69.4,88.6,0,1,78.7,68.9,Male,Electronics,Placed
STU_03560,6.0,2,2,2,67.6,67.5,1,1,78.6,88.9,Female,Civil,Placed
STU_03561,7.53,0,2,1,68.3,55.0,0,1,73.5,72.4,Male,Information Technology,Placed
STU_03562,6.54,2,0,0,98.2,84.7,0,1,69.9,78.3,Male,Computer Science,Placed
STU_03563,5.11,0,3,3,82.7,75.0,1,1,90.1,59.9,Female,Mechanical,Placed
STU_03564,8.49,0,2,2,87.8,68.2,1,1,78.8,94.8,Female,Civil,Placed
STU_03565,8.26,1,3,0,77.0,64.3,1,1,94.8,80.0,Female,Civil,Placed
STU_03566,7.35,0,4,0,71.1,78.1,0,1,67.6,52.7,Male,Information Technology,Placed
STU_03567,7.53,1,4,1,76.1,81.8,1,1,73.3,63.9,Male,Electronics,Placed
STU_03568,8.37,1,3,2,73.4,62.8,1,1,77.5,67.1,Female,Computer Science,Placed
STU_03569,7.52,0,0,0,82.1,78.8,0,1,89.0,93.8,Male,Information Technology,Placed
STU_03570,8.2,2,3,0,55.4,75.0,0,1,70.1,99.0,Male,Computer Science,Placed
STU_03571,,1,0,1,80.9,62.0,0,0,83.7,80.8,Female,Civil,Placed
STU_03572,8.61,1,3,0,72.5,72.0,0,1,81.4,87.1,Male,Mechanical,Placed
STU_03573,7.62,1,1,0,42.9,65.4,1,1,92.3,88.7,Male,Computer Science,Placed
STU_03574,7.49,1,2,1,71.3,86.9,1,1,83.0,62.9,Male,Mechanical,Placed
STU_03575,6.03,0,0,2,50.4,64.2,0,0,60.0,74.2,Male,Information Technology,Placed
STU_03576,7.59,0,2,1,62.0,90.1,0,1,67.9,74.0,Female,Computer Science,Placed
STU_03577,6.47,1,0,1,67.6,73.6,1,0,68.4,90.2,Male,Information Technology,Placed
STU_03578,6.66,0,1,1,47.4,51.1,0,1,73.5,98.1,Male,Civil,Placed
STU_03579,6.48,0,3,1,69.2,45.9,0,1,91.2,99.0,Male,,Placed
STU_03580,6.23,1,2,0,71.0,69.5,1,1,75.3,80.5,Male,Computer Science,Placed
STU_03581,9.42,1,0,0,81.3,88.0,1,1,78.3,79.3,Female,Mechanical,Placed
STU_03582,8.63,0,1,0,63.2,86.8,0,1,75.8,70.1,Female,Information Technology,Placed
STU_03583,9.22,0,0,2,74.1,74.0,1,1,83.4,75.7,Male,Information Technology,Placed
STU_03584,6.08,0,2,2,68.6,63.2,0,0,70.8,86.7,Male,Electronics,Not Placed
STU_03585,7.37,0,4,1,63.7,67.0,0,1,76.3,85.5,Female,Information Technology,Placed
STU_03586,6.01,0,2,2,44.9,74.5,0,0,76.2,81.1,Male,Computer Science,Placed
STU_03587,6.6,0,1,2,68.3,85.0,1,1,77.3,65.7,Male,Electronics,Placed
STU_03588,6.38,3,1,2,81.2,78.8,1,1,72.3,96.3,Male,Information Technology,Placed
STU_03589,8.54,1,4,0,56.0,83.6,0,0,64.6,80.2,Female,Information Technology,Placed
STU_03590,6.9,0,1,1,66.7,79.7,0,0,87.3,77.2,Male,Computer Science,Placed
STU_03591,8.37,0,2,1,68.9,83.3,1,1,76.8,84.9,Female,Information Technology,Placed
STU_03592,7.9,1,1,1,86.5,44.9,1,1,89.3,68.0,Male,Computer Science,Placed
STU_03593,9.6,0,2,0,70.5,61.3,0,0,82.8,66.9,Male,Electronics,Placed
STU_03594,5.82,1,3,1,74.3,58.7,0,1,83.1,71.0,Female,Information Technology,Placed
STU_03595,8.56,2,1,1,69.9,57.6,1,1,89.3,63.9,Male,Electronics,Placed
STU_03596,8.45,1,2,2,62.6,72.1,0,1,99.0,76.3,Male,Civil,Placed
STU_03597,6.33,0,2,2,53.0,54.6,0,1,91.0,52.6,Male,Information Technology,Not Placed
STU_03598,8.31,1,1,0,65.7,60.7,1,0,86.9,69.7,Male,Electronics,Placed
STU_03599,7.64,3,1,0,75.9,70.8,0,1,80.9,53.4,Female,Mechanical,Placed
STU_03600,7.07,1,2,1,71.8,52.8,0,1,90.6,72.2,Male,Mechanical,Placed
STU_03601,6.48,1,1,1,92.2,66.2,0,1,70.5,72.6,Male,Computer Science,Placed
STU_03602,6.58,0,3,1,84.2,79.7,0,1,83.8,87.9,Female,Mechanical,Placed
STU_03603,9.35,0,0,2,88.6,57.3,1,0,90.8,78.2,Male,Electronics,Placed
STU_03604,7.3,1,0,2,39.5,81.6,1,1,87.5,66.5,Female,Information Technology,Not Placed
STU_03605,8.08,2,1,0,93.7,62.3,0,1,77.2,70.7,Male,Computer Science,Placed
STU_03606,6.51,1,0,1,74.0,75.3,1,1,82.6,90.8,Male,Computer Science,Placed
STU_03607,6.52,1,2,2,76.1,58.7,0,1,74.7,63.0,Male,Civil,Placed
STU_03608,8.38,0,1,2,83.4,77.4,1,1,70.3,98.5,Male,Computer Science,Placed
STU_03609,5.95,0,2,0,70.3,68.4,0,1,92.5,79.6,Male,Civil,Placed
STU_03610,6.88,1,4,0,53.9,77.6,0,1,73.7,60.7,Male,Mechanical,Placed
STU_03611,7.33,0,2,0,91.7,65.5,1,1,73.6,63.6,Male,Mechanical,Placed
STU_03612,7.41,1,1,2,58.5,78.7,0,1,73.8,84.1,Female,Mechanical,Placed
STU_03613,7.12,0,3,1,55.2,82.2,0,1,71.0,83.1,Female,Computer Science,Placed
STU_03614,7.7,1,1,1,66.5,73.4,0,0,70.8,79.7,Female,Electronics,Placed
STU_03615,7.99,2,2,0,64.2,66.2,0,1,60.7,76.3,Male,Civil,Placed
STU_03616,8.03,1,1,0,70.1,69.2,0,1,62.5,73.9,Male,Civil,Placed
STU_03617,6.31,0,1,1,68.5,56.8,0,0,76.1,66.4,Female,Computer Science,Not Placed
STU_03618,7.02,1,3,1,90.2,74.4,1,1,82.6,79.3,Female,Electronics,Placed
STU_03619,8.49,3,1,1,76.9,79.5,1,1,61.2,92.8,Male,Computer Science,Placed
STU_03620,8.19,1,2,0,57.1,90.8,0,1,79.8,74.7,Female,Civil,Placed
STU_03621,5.93,0,1,0,59.2,87.7,0,1,90.8,77.9,Male,Electronics,Placed
STU_03622,7.65,0,2,2,64.2,60.3,0,0,73.3,86.3,Male,Mechanical,Placed
STU_03623,5.32,0,2,0,64.2,74.5,0,1,68.1,69.3,Female,Mechanical,Not Placed
STU_03624,7.35,0,1,2,62.3,70.4,0,0,77.4,79.5,Male,Mechanical,Placed
STU_03625,9.2,2,2,0,53.5,86.6,1,1,83.2,83.8,Male,Information Technology,Placed
STU_03626,6.35,2,2,0,74.4,63.5,0,0,72.4,66.9,Male,Information Technology,Placed
STU_03627,6.47,0,2,1,63.2,82.5,0,1,87.5,60.7,Male,Mechanical,Placed
STU_03628,8.06,0,2,2,55.7,60.2,0,0,82.7,72.5,Male,Civil,Placed
STU_03629,5.76,0,2,0,77.3,70.7,1,1,95.3,84.4,Female,Electronics,Placed
STU_03630,6.67,2,0,1,82.7,61.4,1,1,61.2,58.8,Male,Civil,Placed
STU_03631,7.9,1,2,1,66.3,48.4,1,1,63.9,77.7,Female,Information Technology,Placed
STU_03632,6.67,1,2,0,96.7,61.1,0,1,73.8,73.0,Male,Electronics,Placed
STU_03633,7.06,0,1,0,100.0,68.9,0,1,64.6,72.5,Male,Electronics,Placed
STU_03634,8.04,1,3,2,77.5,89.1,0,0,93.7,78.3,Male,Computer Science,Placed
STU_03635,7.72,0,0,0,63.0,59.0,0,1,80.3,56.3,Male,Mechanical,Placed
STU_03636,7.57,0,1,1,74.0,64.7,1,0,74.7,88.1,Male,Civil,Placed
STU_03637,6.96,1,0,3,51.6,54.7,0,0,93.5,65.2,Male,Electronics,Placed
STU_03638,7.67,1,0,0,56.9,85.9,1,1,80.9,79.0,Female,Electronics,Placed
STU_03639,7.18,0,1,0,44.8,66.5,0,1,75.9,82.7,Male,Computer Science,Placed
STU_03640,7.76,0,4,0,60.6,67.9,1,0,70.2,91.1,Male,Mechanical,Placed
STU_03641,6.8,0,1,0,51.5,67.8,1,0,83.6,74.6,Male,Mechanical,Not Placed
STU_03642,7.12,0,2,0,79.4,48.6,1,1,83.2,58.9,Male,Information Technology,Placed
STU_03643,6.31,1,0,1,58.8,54.4,0,1,84.8,57.5,Female,Civil,Placed
STU_03644,7.26,2,2,1,74.1,60.6,0,1,86.1,89.0,Male,Civil,Placed
STU_03645,6.49,0,4,1,81.2,79.4,1,1,92.5,68.8,Female,Computer Science,Placed
STU_03646,6.19,0,1,2,87.6,42.0,0,1,69.7,70.8,Male,Computer Science,Not Placed
STU_03647,7.56,0,3,0,64.7,78.5,0,1,99.0,62.6,Male,Computer Science,Placed
STU_03648,7.51,1,4,0,74.7,76.1,1,1,96.0,70.8,Male,,Placed
STU_03649,8.08,0,2,0,75.1,50.2,0,1,95.2,94.2,Female,Electronics,Placed
STU_03650,6.87,1,1,0,89.1,68.2,0,1,75.9,75.4,Male,Electronics,Placed
STU_03651,7.71,0,2,0,81.8,86.0,1,1,70.9,66.1,Male,Electronics,Placed
STU_03652,7.85,1,3,1,89.6,59.2,0,1,79.0,86.5,Female,Civil,Placed
STU_03653,7.74,2,1,2,45.0,65.4,0,0,80.8,48.0,Male,Electronics,Placed
STU_03654,6.47,2,2,3,60.0,100.0,0,0,86.6,74.9,Male,Civil,Placed
STU_03655,7.45,3,1,0,85.5,75.9,1,1,76.4,71.1,Female,Information Technology,Placed
STU_03656,7.66,1,1,2,78.7,68.9,0,1,87.2,72.0,Male,Information Technology,Placed
STU_03657,7.31,2,3,2,68.1,66.3,0,1,74.5,59.2,Male,Electronics,Placed
STU_03658,5.21,0,1,0,62.9,76.5,0,1,78.5,73.4,Female,Information Technology,Not Placed
STU_03659,7.46,0,1,0,81.8,80.2,0,1,85.2,70.6,Male,Computer Science,Placed
STU_03660,9.51,0,2,3,40.3,46.1,0,1,79.2,64.5,Male,Information Technology,Placed
STU_03661,6.94,1,1,1,81.9,45.2,0,0,71.2,70.6,Female,Computer Science,Placed
STU_03662,6.57,2,1,3,71.4,60.0,0,0,69.0,53.7,Female,Information Technology,Placed
STU_03663,7.67,0,2,1,62.7,70.2,1,0,88.7,98.9,Female,Electronics,Placed
STU_03664,7.61,1,1,0,77.5,72.9,0,1,83.0,48.0,Male,Electronics,Placed
STU_03665,8.49,1,1,0,64.2,51.6,0,1,91.9,73.4,Male,Computer Science,Placed
STU_03666,6.04,2,0,3,70.4,69.5,0,1,89.5,73.2,Male,Information Technology,Placed
STU_03667,8.03,1,2,0,69.3,71.1,0,0,75.2,68.7,Male,Computer Science,Placed
STU_03668,7.89,3,3,0,81.2,61.8,1,1,88.1,72.4,Female,Computer Science,Placed
STU_03669,7.16,0,3,1,72.4,65.6,1,1,81.5,82.0,Female,Mechanical,Placed
STU_03670,7.64,0,1,0,41.4,63.3,1,1,76.9,61.2,Male,Mechanical,Placed
STU_03671,8.33,1,2,0,49.1,77.6,0,1,99.0,55.5,Male,Computer Science,Placed
STU_03672,8.17,0,3,1,53.7,72.1,1,1,99.0,69.1,Female,Civil,Placed
STU_03673,6.16,0,1,0,76.8,58.3,1,1,84.5,48.0,Female,Electronics,Placed
STU_03674,8.12,1,3,1,78.4,83.5,0,1,69.5,65.4,Female,Electronics,Placed
STU_03675,7.24,1,3,0,95.1,55.6,0,0,73.2,69.1,Male,Electronics,Placed
STU_03676,7.37,1,1,1,54.8,51.4,1,1,72.6,76.0,Female,Electronics,Placed
STU_03677,7.37,0,1,0,89.6,69.1,0,0,86.1,89.2,Female,Mechanical,Placed
STU_03678,7.15,1,1,0,40.9,69.0,1,1,81.8,78.3,Male,Mechanical,Not Placed
STU_03679,8.49,0,1,1,70.3,72.9,1,1,74.9,78.8,Female,Computer Science,Placed
STU_03680,7.22,0,3,0,73.7,57.8,0,1,98.7,67.0,Female,Civil,Placed
STU_03681,6.18,1,3,0,73.6,82.7,0,1,73.7,68.3,Male,Computer Science,Placed
STU_03682,6.91,0,0,1,65.4,92.6,0,1,96.6,68.5,Male,Civil,Placed
STU_03683,7.48,0,2,0,71.8,71.7,0,1,89.7,73.6,Male,Information Technology,Placed
STU_03684,8.53,1,2,0,51.5,75.8,0,1,84.4,70.1,Female,Civil,Placed
STU_03685,7.9,0,1,1,83.0,46.6,1,1,70.2,78.5,Male,Civil,Placed
STU_03686,6.45,3,2,1,73.7,66.8,1,1,94.0,81.8,Female,Electronics,Not Placed
STU_03687,9.79,1,3,1,75.4,63.6,1,0,97.7,89.1,Female,Civil,Placed
STU_03688,7.56,3,1,1,65.8,61.7,0,1,80.4,78.0,Female,Civil,Placed
STU_03689,8.58,0,0,1,65.1,64.1,0,1,90.5,78.6,Female,Civil,Placed
STU_03690,7.15,1,0,2,77.9,65.3,0,1,79.0,87.7,Male,Electronics,Placed
STU_03691,7.83,0,1,0,93.8,54.5,0,0,93.1,82.9,Male,Electronics,Placed
STU_03692,8.14,2,1,0,49.1,66.2,0,1,68.5,71.0,Female,Computer Science,Placed
STU_03693,8.52,0,1,1,48.3,59.5,0,1,87.9,63.5,Female,Mechanical,Placed
STU_03694,8.36,0,2,1,74.0,81.5,1,1,52.8,69.7,Female,Electronics,Placed
STU_03695,8.17,2,2,1,65.0,76.0,0,1,66.3,65.9,Male,Mechanical,Placed
STU_03696,6.98,0,1,0,71.9,76.0,1,1,67.4,76.3,Male,Electronics,Not Placed
STU_03697,6.73,0,1,0,69.6,83.7,1,1,78.1,80.4,Female,Computer Science,Placed
STU_03698,7.63,0,3,2,79.3,62.1,0,1,69.2,70.5,Male,Civil,Placed
STU_03699,8.23,1,3,1,65.7,75.2,1,1,69.2,71.0,Male,Information Technology,Placed
STU_03700,7.08,0,1,1,51.9,84.8,0,1,76.2,48.0,Male,Electronics,Placed
STU_03701,8.37,0,1,0,58.2,61.2,1,1,76.7,68.7,Female,Computer Science,Placed
STU_03702,8.75,0,3,0,67.6,47.6,1,0,66.5,99.0,Female,Information Technology,Placed
STU_03703,6.38,1,0,0,51.2,63.7,0,1,64.6,87.3,Male,Information Technology,Not Placed
STU_03704,6.46,1,1,1,69.4,83.5,1,1,69.5,89.6,Male,Civil,Placed
STU_03705,7.16,0,1,3,70.9,60.6,0,0,88.0,80.3,Female,Civil,Placed
STU_03706,7.61,0,1,2,64.6,66.4,1,1,99.0,85.2,Male,Civil,Placed
STU_03707,6.78,0,1,1,73.1,62.6,0,0,92.6,71.2,Male,Electronics,Placed
STU_03708,8.65,0,1,2,45.8,69.7,0,1,74.4,66.1,Female,Civil,Placed
STU_03709,7.72,0,2,1,55.7,59.4,0,0,82.2,91.4,Male,Computer Science,Placed
STU_03710,7.34,1,3,0,52.9,54.2,1,1,78.0,63.0,Female,Civil,Placed
STU_03711,5.86,1,4,0,83.2,66.7,0,1,76.6,80.4,Male,Electronics,Placed
STU_03712,5.98,2,0,1,100.0,68.8,1,0,79.1,94.6,Female,Electronics,Placed
STU_03713,7.58,0,1,0,56.8,85.4,1,1,80.8,85.6,Male,Mechanical,Placed
STU_03714,5.17,1,2,1,66.5,72.8,0,1,60.5,72.2,Female,Information Technology,Placed
STU_03715,8.31,1,2,2,59.6,57.9,1,0,71.8,89.1,Female,Civil,Placed
STU_03716,7.14,1,1,0,73.3,63.2,0,1,77.6,77.4,Female,Information Technology,Not Placed
STU_03717,10.0,2,1,0,60.9,80.6,0,1,99.0,73.5,Male,Electronics,Placed
STU_03718,9.61,0,1,0,74.2,66.9,0,1,84.4,83.1,Female,Computer Science,Not Placed
STU_03719,7.12,0,1,1,80.0,58.9,0,0,89.0,65.3,Male,Civil,Placed
STU_03720,7.19,1,1,0,51.6,73.0,0,1,76.9,59.2,Male,Information Technology,Not Placed
STU_03721,8.3,0,4,1,74.1,62.5,0,0,92.4,72.4,Female,Mechanical,Placed
STU_03722,9.0,0,0,0,43.1,77.7,0,1,80.8,67.8,Male,Electronics,Placed
STU_03723,5.66,0,4,1,66.2,76.4,0,1,86.3,59.0,Female,Computer Science,Placed
STU_03724,,0,3,0,65.1,58.2,0,0,79.8,75.3,Male,Information Technology,Placed
STU_03725,6.68,1,1,3,66.6,93.4,1,1,83.5,69.0,Male,Computer Science,Placed
STU_03726,7.88,0,2,1,65.3,70.5,0,1,73.2,64.5,Male,Electronics,Placed
STU_03727,7.8,0,2,1,62.6,40.0,1,1,96.3,74.8,Male,Computer Science,Placed
STU_03728,8.37,1,1,1,66.0,76.6,0,0,73.2,64.6,Male,Computer Science,Placed
STU_03729,6.1,1,1,1,73.6,40.8,1,0,68.5,87.8,Male,Mechanical,Placed
STU_03730,5.0,3,2,0,74.0,84.5,0,1,79.6,94.6,Male,Information Technology,Not Placed
STU_03731,8.16,0,2,1,71.7,72.7,1,1,96.7,82.7,Male,Information Technology,Placed
STU_03732,6.47,3,2,1,61.4,70.2,0,1,71.2,70.3,Male,Information Technology,Placed
STU_03733,5.28,1,2,1,86.2,71.0,0,0,76.2,79.5,Female,Information Technology,Placed
STU_03734,7.45,1,1,0,92.9,78.0,1,0,80.6,67.6,Female,Information Technology,Placed
STU_03735,8.09,0,2,0,50.7,65.2,0,1,64.8,82.3,Female,Electronics,Placed
STU_03736,7.18,1,1,0,72.5,70.9,0,0,64.2,82.9,Female,Electronics,Placed
STU_03737,6.84,2,2,0,63.0,72.4,1,1,89.3,83.7,Female,Mechanical,Placed
STU_03738,7.14,2,3,2,83.9,36.4,0,1,78.8,70.9,Female,Computer Science,Placed
STU_03739,6.93,0,2,0,69.8,78.1,0,0,67.4,82.8,Female,Electronics,Placed
STU_03740,5.95,0,2,0,70.8,80.1,0,1,74.9,80.4,Male,Mechanical,Placed
STU_03741,6.59,1,2,1,77.4,76.4,0,1,72.4,77.9,Male,Electronics,Placed
STU_03742,7.82,2,2,2,65.5,75.6,1,0,78.1,76.0,Male,Mechanical,Placed
STU_03743,7.62,0,2,1,95.2,90.1,1,1,80.0,63.2,Female,Information Technology,Placed
STU_03744,7.47,1,0,0,77.6,70.5,0,1,56.5,79.6,Male,Computer Science,Placed
STU_03745,6.3,1,4,0,84.0,70.9,1,1,91.3,71.9,Female,Civil,Placed
STU_03746,7.12,1,0,1,66.7,63.2,0,0,78.7,60.9,Male,Electronics,Placed
STU_03747,5.12,1,1,0,68.2,48.0,1,0,71.6,67.2,Male,Computer Science,Not Placed
STU_03748,7.48,0,0,0,82.2,76.5,0,0,86.8,79.7,Female,Civil,Placed
STU_03749,8.73,3,0,0,80.7,64.4,0,1,67.7,69.7,Female,Mechanical,Placed
STU_03750,5.83,1,2,2,51.3,47.9,0,1,74.9,68.7,Female,Computer Science,Not Placed
STU_03751,6.71,1,1,0,71.9,70.1,0,1,65.8,52.1,Female,Electronics,Placed
STU_03752,7.63,0,3,1,77.1,69.7,0,1,85.4,87.0,Male,Electronics,Placed
STU_03753,8.55,1,1,3,68.0,68.2,1,1,89.9,62.9,Female,Electronics,Placed
STU_03754,6.85,0,1,1,75.7,72.6,0,1,81.8,75.7,Female,Information Technology,Placed
STU_03755,6.61,0,1,0,68.7,52.2,0,1,76.1,69.8,Female,Electronics,Placed
STU_03756,5.33,1,2,0,36.3,82.9,1,0,65.2,77.9,Female,Electronics,Placed
STU_03757,7.4,1,3,3,50.3,76.2,0,1,73.4,77.7,Female,Electronics,Placed
STU_03758,9.34,1,2,0,84.6,85.9,1,1,80.3,72.7,Male,Electronics,Placed
STU_03759,7.58,0,1,1,66.3,64.3,0,1,72.3,78.1,Female,Electronics,Placed
STU_03760,7.28,1,4,2,72.8,76.1,1,1,73.5,75.2,Male,Mechanical,Placed
STU_03761,7.62,0,0,0,69.9,48.6,0,1,66.8,59.9,Male,Electronics,Not Placed
STU_03762,7.29,1,2,1,57.6,61.0,1,1,70.6,88.3,Female,Information Technology,Placed
STU_03763,6.49,0,1,3,63.0,54.5,1,1,63.3,91.7,Female,Electronics,Placed
STU_03764,8.12,1,0,1,74.9,74.1,0,1,80.8,65.3,Female,Mechanical,Placed
STU_03765,7.53,2,1,1,76.5,57.7,1,0,78.5,58.0,Female,Information Technology,Placed
STU_03766,7.32,0,0,2,100.0,65.7,0,1,78.9,88.8,Male,Mechanical,Placed
STU_03767,6.32,0,3,1,62.8,70.9,0,1,74.4,63.2,Female,Civil,Placed
STU_03768,8.6,1,2,1,95.1,66.1,0,0,72.1,89.2,Male,Computer Science,Placed
STU_03769,7.96,1,3,1,57.1,55.2,0,1,75.0,87.8,Male,Civil,Not Placed
STU_03770,6.75,1,2,0,77.3,90.7,1,0,73.7,73.3,Male,Civil,Placed
STU_03771,8.3,1,2,0,72.7,72.4,1,0,79.5,73.1,Female,Information Technology,Placed
STU_03772,6.8,0,2,0,68.1,90.8,0,1,96.3,64.1,Female,Computer Science,Placed
STU_03773,6.52,0,3,0,69.9,58.6,0,0,76.1,75.7,Female,Computer Science,Placed
STU_03774,6.54,0,0,0,60.7,66.5,0,1,72.1,80.4,Female,Civil,Placed
STU_03775,5.53,0,1,1,83.6,72.0,0,1,75.5,79.0,Female,Computer Science,Placed
STU_03776,7.77,1,2,0,57.4,89.4,0,1,73.1,81.7,Female,Civil,Placed
STU_03777,5.47,0,4,2,74.8,90.8,0,1,73.0,86.7,Male,Computer Science,Placed
STU_03778,6.07,2,4,2,81.3,65.8,0,1,72.2,74.5,Female,Mechanical,Placed
STU_03779,5.22,2,2,1,90.8,62.2,1,1,84.9,99.0,Male,Mechanical,Placed
STU_03780,7.21,2,1,1,84.6,70.9,1,0,84.7,79.9,Male,Civil,Placed
STU_03781,7.15,2,0,0,78.6,85.4,0,0,87.0,79.4,Male,Electronics,Placed
STU_03782,6.97,0,3,1,,72.6,1,1,89.1,79.3,Male,Civil,Placed
STU_03783,6.26,2,1,1,58.2,74.8,0,1,74.4,79.5,Male,Mechanical,Placed
STU_03784,6.13,0,1,2,52.9,85.3,0,1,62.3,79.4,Male,Information Technology,Placed
STU_03785,7.76,0,3,0,51.5,83.3,0,0,97.7,86.5,Female,Electronics,Placed
STU_03786,6.75,1,0,1,70.0,83.8,1,0,55.4,48.0,Male,Computer Science,Placed
STU_03787,7.62,0,2,1,59.1,79.5,0,0,74.6,72.3,Female,Information Technology,Not Placed
STU_03788,,3,2,1,88.0,88.2,0,1,63.7,56.9,Female,Information Technology,Placed
STU_03789,7.48,1,0,0,61.3,57.4,0,1,82.0,90.0,Female,Computer Science,Placed
STU_03790,8.6,1,1,1,71.4,99.0,0,1,68.4,59.5,Female,Civil,Placed
STU_03791,7.89,0,0,1,66.0,84.7,1,0,89.3,66.3,Male,Mechanical,Not Placed
STU_03792,6.89,1,2,1,48.9,70.1,0,0,80.3,67.7,Female,Electronics,Placed
STU_03793,7.56,0,2,1,86.3,85.3,1,1,93.1,61.7,Male,Mechanical,Placed
STU_03794,7.06,2,0,0,80.4,67.8,1,0,79.0,71.7,Male,Electronics,Placed
STU_03795,7.31,0,4,0,82.2,77.7,0,1,89.6,51.9,Male,Mechanical,Placed
STU_03796,6.97,1,1,0,78.9,79.1,1,1,67.1,91.8,Female,Mechanical,Placed
STU_03797,7.14,0,1,0,58.6,82.3,0,0,87.9,79.6,Male,Civil,Placed
STU_03798,7.51,0,1,0,58.9,66.5,1,1,76.6,66.6,Male,Civil,Not Placed
STU_03799,6.31,1,1,0,76.8,82.6,0,1,80.4,81.3,Male,Computer Science,Not Placed
STU_03800,6.28,0,4,0,93.1,66.7,0,1,87.3,78.6,Male,Information Technology,Placed
STU_03801,5.91,1,1,1,75.8,80.8,0,1,81.9,64.6,Female,Civil,Placed
STU_03802,5.7,0,1,2,84.7,71.8,1,1,70.1,82.8,Male,Electronics,Placed
STU_03803,6.08,0,3,0,62.1,50.1,0,1,73.1,72.7,Male,Electronics,Placed
STU_03804,7.46,1,2,0,86.5,63.2,1,0,67.4,87.5,Male,Mechanical,Placed
STU_03805,6.41,0,1,2,63.7,82.2,0,1,85.2,69.7,Male,Information Technology,Placed
STU_03806,7.81,0,3,1,73.6,68.4,0,1,74.5,60.1,Male,Mechanical,Placed
STU_03807,7.33,2,2,0,64.5,86.6,0,1,73.5,85.7,Male,Information Technology,Placed
STU_03808,5.33,0,1,1,83.3,57.4,1,1,80.0,72.5,Male,Mechanical,Placed
STU_03809,7.95,0,2,0,83.5,80.4,1,0,75.6,74.7,Female,Information Technology,Placed
STU_03810,8.11,0,3,1,47.8,71.4,1,1,89.7,77.9,Male,Civil,Placed
STU_03811,6.31,0,2,3,89.9,69.0,0,1,85.9,64.2,Male,Civil,Placed
STU_03812,7.72,1,2,0,100.0,57.9,0,0,85.2,71.8,Male,Civil,Placed
STU_03813,6.44,0,4,2,64.7,74.5,1,1,73.8,69.1,Female,Civil,Placed
STU_03814,7.4,1,2,0,68.1,59.9,1,0,85.1,70.7,Male,Computer Science,Placed
STU_03815,6.04,0,0,1,88.6,64.4,0,0,83.0,88.7,Male,Electronics,Not Placed
STU_03816,5.51,0,1,1,71.0,70.3,1,1,65.8,66.5,Male,Civil,Not Placed
STU_03817,6.92,0,2,2,69.9,67.6,0,1,75.5,65.9,Male,Civil,Placed
STU_03818,7.18,1,1,0,98.5,84.3,1,1,76.3,90.4,Female,Computer Science,Placed
STU_03819,6.9,3,4,1,49.7,40.9,0,1,93.0,64.2,Male,Electronics,Placed
STU_03820,6.12,1,1,2,58.2,69.9,0,1,73.8,75.7,Female,Mechanical,Placed
STU_03821,6.9,3,2,1,76.3,67.6,0,1,82.8,82.5,Male,Electronics,Placed
STU_03822,7.57,0,2,0,45.7,71.9,1,0,91.0,82.5,Male,Information Technology,Not Placed
STU_03823,7.26,0,2,0,64.4,65.5,0,0,68.8,59.5,Male,Mechanical,Placed
STU_03824,7.48,0,1,1,64.3,84.3,1,0,80.8,67.1,Female,Mechanical,Placed
STU_03825,6.63,0,0,2,84.4,68.9,0,1,98.3,55.8,Female,Information Technology,Placed
STU_03826,8.47,0,2,1,80.4,73.6,1,1,62.3,84.2,Female,Civil,Not Placed
STU_03827,6.12,0,3,1,44.8,82.7,1,1,71.9,86.5,Female,Electronics,Placed
STU_03828,7.79,0,2,0,59.6,72.6,1,0,80.7,86.1,Male,Information Technology,Placed
STU_03829,8.48,0,1,1,59.6,56.8,1,1,81.6,74.7,Female,Electronics,Placed
STU_03830,7.78,0,0,0,66.8,66.9,1,0,79.6,72.5,Male,Mechanical,Placed
STU_03831,7.1,0,3,1,53.5,70.5,1,0,83.5,68.8,Male,Mechanical,Placed
STU_03832,6.77,2,3,3,76.8,52.2,1,0,90.6,58.3,Male,Civil,Placed
STU_03833,8.34,0,1,2,59.6,63.5,0,1,78.5,80.7,Male,Civil,Placed
STU_03834,5.88,1,2,0,78.8,71.2,0,1,77.3,64.3,Female,Information Technology,Placed
STU_03835,6.33,1,1,1,70.0,96.1,1,1,83.9,52.5,Female,Electronics,Placed
STU_03836,6.9,0,2,0,55.4,76.5,0,1,97.9,89.5,Male,Civil,Placed
STU_03837,8.54,0,3,0,90.8,73.9,1,1,84.0,68.2,Female,Electronics,Placed
STU_03838,7.68,0,0,0,91.3,92.3,0,1,88.4,77.7,Female,Computer Science,Placed
STU_03839,6.33,1,2,0,74.4,79.1,0,0,62.3,73.4,Male,Information Technology,Placed
STU_03840,6.99,0,1,1,66.4,80.7,1,1,76.2,87.5,Male,Electronics,Placed
STU_03841,6.69,0,1,1,54.2,67.1,0,0,65.9,58.8,Male,Civil,Placed
STU_03842,6.59,0,2,2,86.1,56.8,0,1,78.2,83.4,Male,Civil,Not Placed
STU_03843,8.28,2,0,0,82.3,75.1,0,1,92.3,74.5,Female,Electronics,Placed
STU_03844,5.93,0,2,0,57.8,93.9,0,1,65.1,80.0,Female,Mechanical,Not Placed
STU_03845,8.91,1,1,0,59.7,90.2,1,1,95.4,70.6,Male,Computer Science,Placed
STU_03846,8.13,1,2,0,76.9,79.9,1,1,78.0,70.9,Male,Information Technology,Placed
STU_03847,8.39,2,0,3,52.4,63.8,1,1,86.9,85.1,Male,Electronics,Placed
STU_03848,6.84,1,2,0,60.6,53.4,1,1,88.3,66.8,Male,Civil,Placed
STU_03849,7.15,1,2,2,54.4,62.1,1,1,98.0,69.2,Male,Information Technology,Placed
STU_03850,5.87,2,4,0,54.9,74.6,0,1,83.8,72.3,Female,Electronics,Placed
STU_03851,6.78,1,3,0,59.2,66.3,0,1,69.3,59.1,Female,Civil,Placed
STU_03852,7.79,0,1,0,83.6,84.0,0,0,88.1,72.0,Male,Computer Science,Placed
STU_03853,8.6,0,0,2,43.7,54.1,0,1,51.3,72.7,Female,Electronics,Placed
STU_03854,6.19,1,2,0,76.5,70.5,0,0,68.9,82.6,Male,Electronics,Placed
STU_03855,6.93,2,2,3,73.9,62.8,0,1,72.2,69.2,Male,Information Technology,Placed
STU_03856,7.15,1,0,1,84.5,83.9,0,1,57.0,54.3,Male,Information Technology,Not Placed
STU_03857,5.9,1,0,0,73.9,78.5,0,1,94.8,75.3,Male,Civil,Placed
STU_03858,,1,2,1,64.3,62.0,0,1,91.3,69.8,Female,Mechanical,Placed
STU_03859,6.58,0,3,0,57.8,82.3,1,1,82.5,61.9,Male,Computer Science,Placed
STU_03860,7.1,1,3,0,84.9,52.5,0,1,87.8,78.6,Male,Civil,Placed
STU_03861,6.85,0,1,2,77.5,50.6,0,1,81.7,79.0,Female,Civil,Placed
STU_03862,6.51,3,1,1,62.6,61.4,0,1,86.6,81.7,Female,Information Technology,Placed
STU_03863,7.29,1,0,1,83.6,48.2,0,1,90.6,79.1,Female,Civil,Placed
STU_03864,7.08,1,2,0,63.3,70.6,1,0,63.5,83.1,Male,Computer Science,Placed
STU_03865,6.93,0,2,0,70.0,71.0,0,1,87.2,78.7,Female,Electronics,Placed
STU_03866,6.57,0,2,0,60.9,67.1,0,1,89.3,97.2,Female,Mechanical,Placed
STU_03867,7.62,0,2,1,78.0,78.5,1,1,72.1,91.2,Female,Mechanical,Placed
STU_03868,8.95,1,0,2,55.1,63.3,0,0,75.7,77.6,Male,Electronics,Placed
STU_03869,7.44,1,1,1,65.5,56.4,0,1,70.2,56.0,Male,Information Technology,Placed
STU_03870,8.3,0,3,2,60.2,62.4,0,1,81.1,95.6,Male,Civil,Placed
STU_03871,5.91,1,1,0,74.0,57.4,0,0,81.9,72.1,Female,Mechanical,Placed
STU_03872,7.46,2,1,0,75.8,64.7,0,1,80.0,81.9,Male,Information Technology,Placed
STU_03873,6.2,0,2,0,53.4,79.2,0,1,70.3,80.2,Female,Civil,Placed
STU_03874,5.82,1,2,2,76.1,50.9,0,0,91.7,73.7,Male,Mechanical,Not Placed
STU_03875,6.56,1,3,2,47.8,67.9,0,1,72.2,69.7,Female,Mechanical,Placed
STU_03876,8.49,1,1,0,100.0,83.5,0,0,83.5,71.2,Male,Electronics,Placed
STU_03877,8.25,1,2,0,62.3,84.9,0,1,85.9,48.0,Female,Information Technology,Placed
STU_03878,7.54,1,2,1,85.7,63.8,0,1,60.9,62.1,Female,Computer Science,Placed
STU_03879,5.77,3,3,2,73.0,98.6,0,1,81.3,69.6,Male,Mechanical,Not Placed
STU_03880,7.1,0,2,2,73.6,59.4,1,0,90.5,75.6,Female,Civil,Placed
STU_03881,7.6,1,3,0,52.5,69.3,0,0,77.9,81.5,Male,Information Technology,Not Placed
STU_03882,7.48,0,0,1,82.7,58.0,1,1,87.0,68.7,Female,Mechanical,Placed
STU_03883,5.46,0,2,2,70.7,77.2,0,1,71.2,82.5,Female,Computer Science,Placed
STU_03884,6.41,0,1,0,77.1,100.0,0,1,88.5,72.5,Female,Computer Science,Placed
STU_03885,7.24,0,0,1,68.6,94.1,1,1,66.6,71.0,Male,Mechanical,Placed
STU_03886,7.84,3,0,0,72.0,82.2,0,0,77.8,75.6,Male,Electronics,Placed
STU_03887,5.1,2,2,0,56.7,64.7,0,0,90.3,83.1,Male,Mechanical,Placed
STU_03888,7.14,0,1,3,67.7,70.0,1,1,89.8,72.4,Male,Mechanical,Placed
STU_03889,7.44,1,3,2,63.7,85.4,1,0,65.0,79.0,Male,Civil,Placed
STU_03890,8.15,1,2,1,59.4,81.0,0,1,75.9,83.2,Male,Civil,Placed
STU_03891,7.99,2,0,0,72.0,73.0,1,1,72.0,81.0,Female,Electronics,Placed
STU_03892,7.88,1,2,1,75.5,73.7,1,0,89.8,67.7,Male,Civil,Placed
STU_03893,6.5,0,1,0,73.8,84.7,0,1,77.3,69.7,Female,Mechanical,Placed
STU_03894,5.39,1,1,0,68.5,87.6,0,0,79.5,81.4,Female,Electronics,Not Placed
STU_03895,6.91,1,2,0,76.2,54.0,1,1,82.8,73.5,Female,Civil,Placed
STU_03896,8.3,1,3,1,73.6,74.7,0,1,65.9,66.4,Female,Civil,Placed
STU_03897,8.69,2,2,0,71.5,78.9,1,1,81.0,75.5,Male,Mechanical,Placed
STU_03898,8.01,2,3,1,72.5,65.6,0,1,67.9,83.6,Male,Electronics,Placed
STU_03899,7.73,1,2,0,87.7,87.3,0,1,73.1,85.1,Male,Civil,Placed
STU_03900,7.68,1,1,2,51.9,68.5,1,1,73.6,86.2,Female,Information Technology,Placed
STU_03901,6.74,3,2,2,65.2,87.7,1,1,82.8,75.4,Male,Mechanical,Placed
STU_03902,7.17,0,2,1,75.1,67.6,1,1,70.1,79.2,Male,Information Technology,Placed
STU_03903,8.97,0,0,1,46.3,75.1,0,1,73.3,87.2,Male,Computer Science,Placed
STU_03904,6.36,0,3,0,90.7,74.8,1,1,81.2,68.0,Male,Civil,Placed
STU_03905,8.91,2,2,1,73.8,92.0,0,1,91.9,85.8,Male,Information Technology,Placed
STU_03906,6.98,1,1,2,84.4,80.9,1,1,82.4,82.7,Male,Computer Science,Placed
STU_03907,8.63,0,4,0,86.8,66.5,1,1,89.3,82.7,Female,Mechanical,Placed
STU_03908,5.89,3,1,1,76.2,68.7,0,0,56.8,56.4,Male,Information Technology,Placed
STU_03909,7.89,1,3,0,36.5,68.7,0,0,92.4,69.0,Male,Electronics,Placed
STU_03910,6.56,2,1,0,72.2,72.2,1,1,69.4,68.2,Female,Mechanical,Placed
STU_03911,5.88,0,2,1,73.2,60.7,0,0,71.9,90.7,Female,Mechanical,Not Placed
STU_03912,7.52,1,2,3,53.7,71.0,1,1,97.4,65.3,Female,Electronics,Placed
STU_03913,8.31,1,2,0,43.2,88.4,0,1,79.7,63.3,Male,Mechanical,Placed
STU_03914,6.46,1,1,1,76.9,87.9,0,0,70.5,61.6,Male,Computer Science,Placed
STU_03915,5.8,1,1,3,51.3,53.2,0,1,71.9,70.9,Male,Civil,Placed
STU_03916,7.21,2,0,1,100.0,51.3,1,1,64.2,79.4,Male,Mechanical,Placed
STU_03917,7.21,0,3,2,73.9,64.9,0,0,78.1,95.2,Female,Information Technology,Placed
STU_03918,7.85,2,1,0,90.3,50.7,0,1,74.6,70.8,Female,Mechanical,Placed
STU_03919,8.25,0,2,3,70.5,56.8,1,1,84.7,66.7,Male,Electronics,Placed
STU_03920,7.24,0,3,0,81.3,76.2,0,1,95.2,92.1,Female,Information Technology,Placed
STU_03921,9.16,0,3,3,70.8,71.5,0,1,65.5,93.8,Female,Electronics,Placed
STU_03922,7.52,0,0,0,85.1,51.3,1,0,84.0,55.6,Female,Mechanical,Placed
STU_03923,6.95,0,3,1,39.4,86.0,0,0,62.7,69.3,Female,Computer Science,Placed
STU_03924,5.69,2,1,0,,66.9,1,1,82.3,77.4,Female,,Placed
STU_03925,7.04,1,2,1,80.0,65.8,0,1,66.3,77.1,Male,Mechanical,Placed
STU_03926,6.96,0,2,0,67.7,84.2,0,1,64.5,99.0,Female,Mechanical,Placed
STU_03927,8.26,1,0,3,63.9,76.9,0,1,99.0,68.9,Female,Electronics,Placed
STU_03928,7.76,0,1,0,65.5,71.5,0,1,99.0,62.4,Male,Mechanical,Placed
STU_03929,6.12,0,2,1,74.2,66.1,1,1,70.9,66.5,Male,Computer Science,Placed
STU_03930,7.47,1,1,0,88.2,78.8,1,1,97.0,87.0,Female,Information Technology,Placed
STU_03931,7.97,1,3,2,62.0,66.8,0,1,77.6,74.9,Male,Mechanical,Placed
STU_03932,8.83,1,1,1,44.5,69.3,0,1,64.3,92.6,Male,Electronics,Placed
STU_03933,8.19,0,3,3,100.0,57.9,1,1,84.5,82.1,Female,Computer Science,Placed
STU_03934,8.06,1,2,1,80.1,85.7,0,1,87.5,67.5,Female,Civil,Placed
STU_03935,7.36,1,4,0,64.1,90.6,1,1,85.5,84.5,Male,Computer Science,Placed
STU_03936,7.69,3,2,0,87.8,74.5,0,1,61.1,88.2,Male,Mechanical,Placed
STU_03937,8.55,0,3,1,84.0,66.2,1,1,66.6,91.0,Female,Mechanical,Placed
STU_03938,5.97,1,0,1,77.4,83.2,0,0,87.4,59.6,Female,,Placed
STU_03939,6.95,1,2,2,62.8,79.1,0,0,66.5,78.1,Female,Mechanical,Placed
STU_03940,6.53,3,0,0,80.0,66.7,1,0,88.2,62.7,Female,Computer Science,Placed
STU_03941,7.68,0,1,1,86.3,85.8,0,1,74.4,71.7,Male,Civil,Placed
STU_03942,8.53,1,2,2,44.2,66.9,0,0,61.6,72.4,Male,Computer Science,Placed
STU_03943,6.7,0,2,0,73.4,56.6,0,1,64.8,78.1,Male,Mechanical,Placed
STU_03944,5.0,1,0,0,74.5,71.2,0,1,82.5,80.3,Male,Mechanical,Placed
STU_03945,6.89,0,2,1,74.0,85.0,0,0,83.0,68.4,Male,Civil,Placed
STU_03946,8.21,0,2,0,70.7,73.2,0,1,93.6,88.4,Male,Civil,Placed
STU_03947,7.84,1,0,1,87.8,57.9,1,1,78.2,89.7,Male,Information Technology,Placed
STU_03948,7.73,0,2,1,66.8,67.2,1,1,76.0,77.1,Male,Civil,Placed
STU_03949,7.02,0,2,3,70.0,86.4,1,1,96.0,94.0,Female,Electronics,Placed
STU_03950,6.02,0,0,2,74.7,75.3,0,1,69.6,74.1,Female,Mechanical,Placed
STU_03951,7.82,0,2,1,67.3,71.8,0,1,75.2,54.6,Male,Information Technology,Placed
STU_03952,6.47,3,2,0,49.2,70.4,1,1,82.7,64.9,Male,Computer Science,Placed
STU_03953,9.48,1,3,0,73.2,85.0,0,1,69.0,70.1,Female,Information Technology,Placed
STU_03954,7.87,2,1,2,73.4,84.2,1,1,82.5,85.1,Female,Mechanical,Placed
STU_03955,6.72,0,3,1,64.5,55.2,0,0,78.0,64.2,Female,Mechanical,Placed
STU_03956,6.69,2,0,2,68.0,83.3,1,1,89.4,74.3,Female,Civil,Placed
STU_03957,7.21,1,1,1,22.3,78.2,1,1,73.8,99.0,Female,Civil,Placed
STU_03958,7.06,1,1,0,88.1,91.1,0,1,71.6,77.6,Male,Electronics,Placed
STU_03959,8.42,1,3,0,83.5,71.2,0,1,97.2,92.7,Male,Electronics,Placed
STU_03960,7.49,1,2,0,49.9,85.6,1,1,86.5,61.8,Male,Mechanical,Placed
STU_03961,6.57,1,0,2,59.9,77.6,0,1,88.9,52.8,Male,Mechanical,Not Placed
STU_03962,9.19,0,0,1,91.7,58.6,0,1,86.4,57.3,Female,Electronics,Placed
STU_03963,7.35,0,1,0,52.7,84.2,1,1,71.3,86.9,Male,Electronics,Placed
STU_03964,8.07,1,0,1,77.2,81.7,1,1,68.4,72.4,Male,Civil,Placed
STU_03965,6.69,1,2,2,62.6,64.2,0,1,68.5,71.4,Female,Information Technology,Placed
STU_03966,7.66,0,2,1,76.2,75.5,0,0,72.2,94.0,Female,Civil,Placed
STU_03967,7.61,0,3,1,70.8,97.3,0,0,90.0,87.0,Male,Electronics,Placed
STU_03968,5.41,1,4,0,65.8,66.2,0,1,77.7,80.1,Male,Computer Science,Placed
STU_03969,9.32,2,2,2,75.8,80.7,0,0,87.4,88.2,Male,Electronics,Placed
STU_03970,8.59,0,0,1,62.6,58.9,0,0,86.2,73.3,Male,Computer Science,Placed
STU_03971,6.9,0,1,2,43.2,65.2,0,0,94.0,78.8,Male,Civil,Placed
STU_03972,6.2,2,2,2,56.1,81.7,0,1,86.0,61.7,Female,Civil,Placed
STU_03973,7.65,1,2,2,54.3,75.1,0,1,80.1,66.6,Female,Civil,Placed
STU_03974,,0,2,3,45.9,69.6,1,1,65.0,72.1,Male,Mechanical,Placed
STU_03975,7.66,2,4,1,75.5,92.4,1,1,97.4,74.7,Male,Mechanical,Placed
STU_03976,7.49,1,3,0,67.4,60.9,1,0,88.6,85.9,Female,Civil,Placed
STU_03977,7.81,1,0,0,75.3,70.2,1,0,82.2,88.6,Male,Information Technology,Placed
STU_03978,8.75,3,1,0,77.8,77.9,0,1,80.1,99.0,Female,Mechanical,Placed
STU_03979,7.87,2,3,0,81.3,61.5,0,0,60.2,99.0,Male,Information Technology,Placed
STU_03980,6.25,0,3,0,76.1,78.1,1,1,82.2,87.6,Male,Mechanical,Placed
STU_03981,8.66,0,1,1,55.3,84.9,1,1,72.7,58.6,Male,Electronics,Not Placed
STU_03982,8.94,0,2,0,78.7,70.6,1,1,61.6,90.8,Female,Civil,Placed
STU_03983,10.0,0,2,1,73.3,63.8,0,0,73.2,95.8,Female,Mechanical,Placed
STU_03984,6.18,0,2,2,100.0,68.3,0,1,80.4,76.5,Male,Electronics,Placed
STU_03985,7.54,0,1,1,70.1,39.9,1,1,81.7,56.4,Male,Information Technology,Placed
STU_03986,5.22,2,3,2,75.7,84.1,1,1,66.2,77.3,Male,Mechanical,Placed
STU_03987,7.85,2,2,0,68.6,75.2,0,1,64.4,84.8,Male,Information Technology,Placed
STU_03988,6.75,1,1,1,70.7,69.9,0,1,75.0,77.7,Male,Civil,Placed
STU_03989,9.22,1,2,0,69.7,52.0,0,0,83.7,70.5,Female,Mechanical,Placed
STU_03990,6.53,0,2,1,63.5,85.3,0,0,70.1,74.2,Male,Civil,Placed
STU_03991,5.61,0,3,1,72.7,66.7,0,0,73.6,89.2,Male,Computer Science,Placed
STU_03992,6.83,0,1,0,79.3,78.8,0,1,79.9,80.2,Male,Civil,Placed
STU_03993,5.32,1,4,0,63.7,71.9,0,0,69.8,91.2,Male,Information Technology,Placed
STU_03994,8.05,0,1,1,82.5,52.6,0,1,57.9,87.0,Male,Information Technology,Placed
STU_03995,5.23,2,2,2,80.7,87.2,1,1,81.1,72.9,Male,Civil,Not Placed
STU_03996,7.33,1,2,1,56.8,84.9,0,1,60.5,84.2,Male,Mechanical,Placed
STU_03997,5.22,0,1,0,55.5,81.2,1,1,81.3,91.5,Female,Mechanical,Placed
STU_03998,6.98,0,2,1,76.7,75.8,0,1,75.8,76.7,Male,Information Technology,Placed
STU_03999,8.94,1,3,0,61.2,57.6,1,1,75.7,82.4,Female,Information Technology,Placed
STU_04000,,2,2,3,54.3,82.4,1,0,67.0,58.3,Female,Electronics,Placed
STU_04001,6.44,1,2,2,95.8,98.5,1,1,74.7,70.1,Male,Mechanical,Placed
STU_04002,7.27,0,0,0,55.5,73.4,1,1,69.2,73.4,Female,Electronics,Not Placed
STU_04003,7.32,1,0,0,47.1,73.6,0,0,99.0,63.7,Male,Information Technology,Placed
STU_04004,7.77,0,0,1,58.2,58.8,1,1,70.0,76.4,Female,Information Technology,Placed
STU_04005,5.93,3,4,0,73.5,47.2,0,1,88.4,93.7,Female,Electronics,Placed
STU_04006,7.89,1,2,2,71.1,67.7,1,1,72.3,78.4,Female,Mechanical,Placed
STU_04007,5.0,1,4,2,98.3,89.8,0,0,80.4,89.7,Female,Mechanical,Placed
STU_04008,6.67,0,0,0,58.5,88.1,0,1,78.1,82.8,Male,Information Technology,Placed
STU_04009,6.81,1,2,0,73.5,71.2,1,1,76.3,93.9,Female,Computer Science,Placed
STU_04010,7.93,0,0,2,86.9,77.2,1,1,76.0,74.3,Male,Computer Science,Placed
STU_04011,7.32,0,2,1,60.1,57.4,0,1,80.5,67.6,Female,Information Technology,Placed
STU_04012,5.89,0,1,1,80.6,73.3,1,0,91.8,83.6,Male,Computer Science,Not Placed
STU_04013,6.32,2,0,0,42.5,65.7,0,0,66.7,57.8,Male,Information Technology,Not Placed
STU_04014,7.5,1,2,0,96.4,72.7,0,0,60.3,81.6,Female,Mechanical,Placed
STU_04015,7.22,0,1,1,84.9,68.7,1,1,69.7,50.7,Female,Mechanical,Placed
STU_04016,6.72,2,2,1,59.8,68.5,0,1,79.3,65.4,Female,Computer Science,Placed
STU_04017,6.82,0,2,0,82.4,84.0,0,1,75.0,78.9,Male,Computer Science,Placed
STU_04018,8.0,0,2,0,89.7,95.6,1,0,93.4,61.0,Female,Mechanical,Placed
STU_04019,6.78,0,4,1,50.7,70.0,0,1,92.2,70.5,Male,Civil,Placed
STU_04020,7.21,1,1,1,61.0,89.0,0,1,73.5,60.6,Female,Civil,Placed
STU_04021,9.47,1,2,0,90.2,57.1,0,0,93.4,82.8,Female,Electronics,Placed
STU_04022,5.88,1,3,1,71.0,70.9,1,1,82.2,87.5,Male,Electronics,Placed
STU_04023,5.45,1,2,0,76.5,56.4,1,1,70.7,75.0,Male,Computer Science,Placed
STU_04024,8.08,0,0,0,71.1,68.3,1,0,76.8,99.0,Male,Electronics,Placed
STU_04025,6.62,1,3,1,83.4,80.6,1,1,76.1,72.4,Male,Civil,Placed
STU_04026,6.98,0,0,1,77.7,85.4,0,0,70.6,60.3,Female,Information Technology,Placed
STU_04027,6.52,1,1,0,71.6,62.7,0,1,71.7,59.3,Male,Information Technology,Placed
STU_04028,7.04,1,0,0,38.5,77.5,0,1,82.5,73.4,Female,Civil,Placed
STU_04029,8.9,1,0,0,79.6,86.8,1,1,74.0,78.6,Female,Information Technology,Placed
STU_04030,8.1,1,0,2,80.9,85.1,0,1,75.2,99.0,Male,Electronics,Placed
STU_04031,8.16,1,0,0,51.4,75.1,1,0,75.9,63.2,Female,Computer Science,Placed
STU_04032,5.88,0,1,0,52.4,64.9,0,1,76.3,68.0,Male,Civil,Placed
STU_04033,6.15,2,1,0,77.8,63.7,0,0,87.2,80.3,Male,Mechanical,Placed
STU_04034,5.0,0,0,1,72.9,61.9,0,1,69.7,76.1,Male,Mechanical,Not Placed
STU_04035,6.49,0,2,2,40.4,71.6,1,0,80.3,68.4,Male,Computer Science,Placed
STU_04036,8.26,1,1,0,57.7,62.1,0,1,62.9,74.5,Female,Information Technology,Not Placed
STU_04037,7.82,1,0,1,74.7,80.1,1,0,72.8,62.5,Male,Mechanical,Placed
STU_04038,7.08,0,1,0,80.2,74.7,1,0,64.9,70.1,Female,Mechanical,Placed
STU_04039,7.28,2,1,1,61.2,74.2,0,1,94.2,62.8,Male,Civil,Placed
STU_04040,6.61,3,1,0,67.8,49.9,0,1,79.3,86.5,Female,Information Technology,Placed
STU_04041,7.5,1,1,0,56.8,72.3,0,1,73.7,83.2,Male,Information Technology,Placed
STU_04042,8.07,1,2,0,89.9,66.5,0,0,60.6,74.4,Male,Computer Science,Placed
STU_04043,5.68,1,2,2,72.6,98.0,0,0,64.6,75.2,Male,Civil,Not Placed
STU_04044,7.6,0,3,1,60.0,56.6,1,0,86.5,77.5,Female,Computer Science,Placed
STU_04045,8.23,1,2,1,52.7,69.5,0,1,81.5,70.0,Female,Electronics,Placed
STU_04046,6.88,2,2,0,51.0,76.6,1,0,63.6,56.4,Male,Computer Science,Placed
STU_04047,8.0,3,1,0,97.2,60.3,1,1,63.6,71.3,Female,Electronics,Placed
STU_04048,10.0,2,2,1,67.4,95.1,0,1,96.5,80.4,Female,Information Technology,Placed
STU_04049,7.2,0,0,2,64.0,95.4,0,1,91.6,85.5,Male,Computer Science,Placed
STU_04050,7.69,0,2,3,66.8,61.7,0,1,81.0,75.8,Male,Civil,Placed
STU_04051,6.56,0,1,1,60.5,64.9,0,1,79.2,68.4,Male,Mechanical,Not Placed
STU_04052,7.48,0,2,0,68.4,97.8,1,1,76.3,81.2,Female,Civil,Placed
STU_04053,7.76,0,3,1,70.5,88.7,0,1,65.4,76.9,Male,Mechanical,Placed
STU_04054,7.49,0,3,0,70.2,67.6,0,1,86.6,63.5,Male,Mechanical,Not Placed
STU_04055,6.28,1,1,1,51.1,77.2,0,1,76.0,55.2,Female,Computer Science,Placed
STU_04056,7.51,1,1,0,83.4,55.4,0,1,85.3,69.1,Male,Civil,Placed
STU_04057,8.76,1,3,0,61.7,98.4,1,0,74.0,91.8,Female,Information Technology,Placed
STU_04058,7.75,2,2,0,60.1,72.9,1,1,81.6,81.1,Male,Civil,Placed
STU_04059,8.26,0,2,1,59.4,79.0,0,1,73.2,91.3,Female,Mechanical,Placed
STU_04060,7.06,0,2,1,54.2,60.8,0,1,78.7,74.6,Female,Information Technology,Placed
STU_04061,8.05,1,2,2,74.0,58.4,1,1,86.0,74.6,Male,Information Technology,Placed
STU_04062,7.58,1,4,2,83.4,77.4,1,1,72.6,48.0,Male,Electronics,Placed
STU_04063,6.35,1,2,3,59.2,95.0,1,1,98.2,53.9,Male,Electronics,Placed
STU_04064,7.62,0,2,0,42.4,65.5,1,0,72.2,80.1,Female,Electronics,Placed
STU_04065,6.31,0,2,1,54.6,60.3,0,1,79.4,77.1,Male,Mechanical,Placed
STU_04066,6.67,1,3,1,63.3,75.7,0,0,91.8,50.1,Female,Electronics,Placed
STU_04067,7.49,2,2,2,51.5,91.6,0,0,92.5,76.5,Male,Information Technology,Placed
STU_04068,7.6,2,2,0,61.0,64.3,1,1,82.7,86.1,Male,Computer Science,Placed
STU_04069,6.11,1,4,0,61.7,69.0,0,0,80.7,78.5,Female,Civil,Placed
STU_04070,8.35,1,2,0,69.8,82.0,1,1,78.7,69.1,Male,Electronics,Placed
STU_04071,7.87,2,1,3,48.2,83.3,0,1,91.6,48.0,Male,Civil,Placed
STU_04072,6.6,1,2,2,78.7,68.6,1,1,87.6,79.5,Female,Mechanical,Placed
STU_04073,5.76,1,2,0,94.9,85.2,0,1,88.9,65.2,Male,Information Technology,Placed
STU_04074,7.16,2,0,2,91.4,78.3,0,1,94.3,80.6,Male,Mechanical,Placed
STU_04075,6.85,1,2,0,61.2,72.2,0,0,82.6,82.7,Female,Computer Science,Placed
STU_04076,7.41,2,2,0,80.0,82.8,1,1,73.9,85.1,Female,Mechanical,Placed
STU_04077,6.94,0,2,1,78.3,81.2,0,1,81.5,79.2,Male,Electronics,Placed
STU_04078,5.29,1,2,0,69.3,59.4,0,1,78.6,71.2,Female,Information Technology,Placed
STU_04079,6.91,2,2,0,72.7,89.8,0,1,76.1,81.4,Female,Computer Science,Placed
STU_04080,6.99,0,4,2,,76.1,0,0,74.0,63.8,Male,Electronics,Placed
STU_04081,7.93,1,1,1,83.3,88.5,0,1,83.5,89.5,Female,Civil,Placed
STU_04082,6.6,0,0,3,57.8,72.6,0,1,84.4,67.5,Male,Civil,Placed
STU_04083,8.98,2,1,0,81.2,75.0,0,1,71.0,94.9,Male,Electronics,Placed
STU_04084,5.39,1,2,0,95.0,76.8,0,1,81.2,72.3,Female,Electronics,Placed
STU_04085,8.61,0,1,0,83.2,78.6,0,1,94.2,80.4,Male,Civil,Placed
STU_04086,7.08,1,1,2,93.0,90.3,0,0,70.5,76.4,Female,Computer Science,Placed
STU_04087,8.16,1,2,0,31.2,77.6,0,1,91.7,55.2,Male,Information Technology,Placed
STU_04088,7.38,1,1,0,78.9,71.7,0,0,69.3,80.9,Male,Civil,Placed
STU_04089,8.44,0,2,0,74.0,84.1,1,1,81.6,66.5,Female,Civil,Placed
STU_04090,6.91,2,2,2,85.4,77.2,1,1,60.2,73.7,Male,Information Technology,Placed
STU_04091,6.2,1,2,0,53.1,100.0,0,1,84.4,75.5,Male,Information Technology,Placed
STU_04092,8.72,1,1,0,62.4,75.5,1,1,75.8,63.7,Male,Electronics,Placed
STU_04093,7.19,0,2,1,83.5,86.9,1,0,60.6,68.4,Male,Mechanical,Placed
STU_04094,7.52,2,1,0,54.1,82.6,0,1,73.3,88.8,Male,Information Technology,Placed
STU_04095,8.53,0,3,0,73.6,47.4,0,1,95.7,60.5,Male,Information Technology,Placed
STU_04096,6.27,1,3,0,69.7,63.2,0,1,83.7,81.5,Female,Mechanical,Placed
STU_04097,7.9,2,1,2,67.1,66.7,0,1,79.1,70.8,Male,Mechanical,Placed
STU_04098,6.71,0,0,0,78.6,54.0,1,1,83.3,86.0,Male,Mechanical,Placed
STU_04099,7.17,1,1,0,53.3,67.3,0,1,88.1,82.8,Female,Electronics,Placed
STU_04100,7.37,0,1,0,58.3,55.5,1,0,93.2,67.4,Male,Computer Science,Placed
STU_04101,5.8,1,2,3,67.9,58.7,0,1,75.1,82.5,Male,Civil,Placed
STU_04102,6.52,1,2,0,52.0,74.9,1,1,83.9,68.7,Female,Civil,Placed
STU_04103,8.65,2,1,2,88.5,95.0,0,1,82.8,93.8,Female,Computer Science,Placed
STU_04104,8.19,2,2,2,58.0,55.7,1,0,79.1,76.3,Female,Computer Science,Placed
STU_04105,7.24,1,3,0,81.8,57.4,1,1,76.1,71.3,Female,Mechanical,Placed
STU_04106,7.54,1,2,0,56.9,65.6,1,1,94.0,70.4,Male,Mechanical,Placed
STU_04107,7.01,1,1,1,80.6,70.2,1,0,80.6,71.1,Male,Mechanical,Placed
STU_04108,8.66,0,2,1,45.9,53.5,0,1,65.8,71.8,Male,Electronics,Placed
STU_04109,7.1,1,2,2,91.1,63.6,0,0,50.0,82.9,Female,Computer Science,Placed
STU_04110,7.53,2,3,2,87.0,62.5,0,0,87.5,69.5,Male,Computer Science,Placed
STU_04111,8.45,0,1,0,61.7,75.8,1,0,73.7,65.8,Female,Electronics,Placed
STU_04112,6.52,0,1,1,57.6,77.1,0,0,76.5,86.8,Male,Computer Science,Placed
STU_04113,8.86,0,2,0,76.9,70.2,0,1,82.1,90.0,Female,Mechanical,Placed
STU_04114,5.77,0,2,1,47.1,67.5,1,0,99.0,66.4,Female,Mechanical,Not Placed
STU_04115,8.93,0,2,1,70.5,63.5,0,1,91.5,71.8,Male,Mechanical,Placed
STU_04116,6.93,1,0,0,57.9,72.6,0,1,75.7,88.7,Female,Mechanical,Placed
STU_04117,7.06,1,2,0,66.2,60.3,1,1,85.3,80.0,Female,Mechanical,Not Placed
STU_04118,5.41,1,0,0,60.3,90.6,1,0,72.0,92.6,Male,Information Technology,Placed
STU_04119,6.85,0,1,1,58.0,54.0,0,1,85.7,82.7,Female,Mechanical,Placed
STU_04120,6.26,1,2,2,95.6,64.1,1,1,69.8,80.3,Male,Information Technology,Placed
STU_04121,6.69,2,1,1,81.7,82.4,0,1,79.8,71.0,Male,Electronics,Placed
STU_04122,7.16,3,1,1,47.8,67.2,0,0,80.2,64.3,Male,Electronics,Placed
STU_04123,8.26,1,2,0,56.9,80.1,0,0,67.5,61.7,Female,Information Technology,Placed
STU_04124,7.51,0,2,0,82.9,92.6,1,1,72.1,74.7,Male,Computer Science,Placed
STU_04125,7.61,3,0,0,84.5,82.0,1,1,56.3,90.5,Male,Mechanical,Placed
STU_04126,6.2,1,2,0,49.2,57.6,0,1,74.2,63.5,Male,Civil,Placed
STU_04127,6.42,0,0,1,80.5,58.1,1,1,89.2,73.6,Male,Computer Science,Placed
STU_04128,9.1,0,1,2,74.0,69.8,0,0,98.0,56.7,Female,Computer Science,Placed
STU_04129,6.56,0,2,1,40.9,77.3,1,1,92.9,90.2,Male,Civil,Placed
STU_04130,8.96,0,0,1,64.0,86.5,0,1,74.1,66.1,Male,Civil,Placed
STU_04131,7.06,0,4,0,68.0,62.6,1,1,77.9,99.0,Male,Mechanical,Placed
STU_04132,7.3,2,1,0,70.7,66.2,0,1,77.3,80.1,Female,Information Technology,Not Placed
STU_04133,8.37,1,2,0,50.2,69.0,1,0,75.9,92.0,Male,Mechanical,Placed
STU_04134,8.57,1,3,1,58.6,68.8,0,0,87.7,55.9,Male,Mechanical,Placed
STU_04135,7.19,2,4,1,60.7,89.9,0,0,72.5,48.0,Female,Mechanical,Placed
STU_04136,6.91,1,1,0,62.0,70.8,1,1,92.5,70.8,Male,Mechanical,Placed
STU_04137,7.24,2,3,1,62.2,73.8,1,1,79.4,75.5,Male,Computer Science,Placed
STU_04138,7.64,3,4,1,68.0,82.9,1,1,66.3,81.9,Male,Computer Science,Placed
STU_04139,8.19,0,1,0,74.6,91.1,0,1,77.0,91.9,Male,Information Technology,Placed
STU_04140,7.3,3,2,1,96.6,71.6,0,1,82.8,71.6,Female,Civil,Placed
STU_04141,7.92,1,0,2,83.1,87.1,1,1,87.8,70.3,Female,Electronics,Placed
STU_04142,8.94,0,2,0,89.8,93.9,0,1,85.5,72.5,Male,Information Technology,Placed
STU_04143,7.68,1,2,1,62.8,70.7,1,0,74.8,79.0,Male,Mechanical,Placed
STU_04144,7.61,1,1,0,54.9,65.2,0,1,72.8,61.3,Male,Mechanical,Placed
STU_04145,5.78,2,2,2,82.0,98.2,1,0,95.3,55.2,Female,Computer Science,Placed
STU_04146,5.0,0,0,2,69.8,85.5,0,0,78.3,78.6,Female,Information Technology,Placed
STU_04147,7.69,1,3,1,81.0,72.1,1,1,66.7,60.1,Female,Civil,Placed
STU_04148,7.21,0,0,0,56.8,79.8,1,1,72.1,87.6,Male,Electronics,Placed
STU_04149,6.79,0,2,0,79.7,59.5,1,1,58.4,50.7,Male,Information Technology,Placed
STU_04150,7.54,0,0,0,67.4,85.3,1,1,61.7,66.4,Female,Civil,Placed
STU_04151,7.24,1,1,0,63.1,50.4,0,0,72.7,60.1,Male,Mechanical,Placed
STU_04152,8.43,2,2,1,64.5,84.8,1,1,70.0,67.6,Female,Electronics,Placed
STU_04153,7.39,0,1,0,77.4,63.3,1,1,71.1,65.3,Male,Electronics,Placed
STU_04154,6.55,1,2,0,81.6,52.2,1,1,85.7,87.4,Female,Civil,Placed
STU_04155,8.29,0,3,1,64.5,48.0,1,1,86.7,99.0,Male,Information Technology,Placed
STU_04156,7.08,0,0,1,75.2,66.3,0,0,66.4,61.5,Male,Information Technology,Placed
STU_04157,7.83,1,3,0,75.1,80.5,1,1,96.9,67.4,Male,Information Technology,Placed
STU_04158,6.82,0,0,1,81.1,55.3,1,1,79.0,73.4,Female,Electronics,Placed
STU_04159,6.65,1,0,2,84.8,57.2,0,0,78.1,63.3,Male,Civil,Placed
STU_04160,7.38,0,0,0,97.2,66.1,1,0,70.1,81.1,Male,Computer Science,Placed
STU_04161,7.31,0,4,1,63.0,81.7,0,1,75.0,59.8,Female,Electronics,Placed
STU_04162,7.78,1,1,1,91.9,83.2,0,0,98.3,81.7,Male,Electronics,Placed
STU_04163,7.03,1,3,1,71.8,73.7,0,1,67.2,76.0,Female,Information Technology,Placed
STU_04164,5.46,0,4,0,53.6,83.8,1,0,80.7,83.3,Male,Computer Science,Placed
STU_04165,6.87,1,1,0,60.2,80.3,0,1,72.6,74.9,Male,Computer Science,Not Placed
STU_04166,8.09,2,2,2,77.0,67.0,0,1,59.9,83.1,Male,Mechanical,Placed
STU_04167,7.0,1,2,3,80.9,82.9,0,1,62.6,80.8,Male,Computer Science,Placed
STU_04168,7.05,0,1,2,54.8,56.6,0,1,84.1,73.0,Female,Information Technology,Placed
STU_04169,8.29,1,1,3,58.5,77.8,1,0,60.8,81.1,Female,Mechanical,Placed
STU_04170,6.59,1,1,1,62.0,58.0,0,1,65.7,90.7,Male,Computer Science,Placed
STU_04171,5.76,0,2,2,57.0,73.7,1,1,86.2,55.3,Male,Civil,Placed
STU_04172,7.14,2,2,1,41.8,86.6,0,1,85.0,52.7,Male,Mechanical,Placed
STU_04173,6.82,2,1,2,36.7,74.6,0,1,78.6,89.3,Female,Mechanical,Placed
STU_04174,6.33,2,1,0,64.3,71.8,0,0,66.2,84.9,Male,Information Technology,Placed
STU_04175,7.12,2,3,2,73.8,74.7,1,1,66.2,90.7,Female,Computer Science,Placed
STU_04176,7.79,1,0,0,79.8,80.0,0,1,64.8,73.8,Female,Computer Science,Placed
STU_04177,7.29,1,2,0,49.6,97.6,0,1,76.7,94.3,Female,Electronics,Placed
STU_04178,7.61,1,0,1,49.8,79.8,1,1,84.4,99.0,Female,Information Technology,Placed
STU_04179,9.11,2,3,0,62.1,66.0,0,1,73.8,87.7,Male,Computer Science,Placed
STU_04180,6.96,1,3,0,70.1,69.5,0,1,86.8,81.4,Female,Civil,Placed
STU_04181,7.58,0,1,3,85.1,61.2,0,1,94.1,83.1,Male,Electronics,Placed
STU_04182,6.79,0,0,1,80.8,57.1,0,1,81.9,76.9,Female,Civil,Placed
STU_04183,6.45,2,2,2,64.5,42.8,0,1,65.5,78.5,Male,Mechanical,Placed
STU_04184,6.72,0,1,3,75.4,66.5,0,1,78.9,79.9,Female,Information Technology,Placed
STU_04185,6.82,1,1,0,57.3,55.1,1,1,91.5,99.0,Male,Civil,Placed
STU_04186,7.66,3,2,0,71.1,73.2,1,0,71.7,66.6,Female,Information Technology,Placed
STU_04187,9.65,1,1,0,69.1,65.9,1,0,71.4,72.6,Male,Mechanical,Placed
STU_04188,6.58,3,1,1,91.1,59.0,0,1,89.4,75.0,Female,Mechanical,Placed
STU_04189,6.88,1,2,1,77.4,46.8,0,1,63.6,81.9,Male,Electronics,Placed
STU_04190,7.24,0,2,1,58.4,67.8,0,0,80.0,77.7,Male,Civil,Placed
STU_04191,7.7,2,1,0,58.6,51.0,0,1,71.8,60.8,Male,Mechanical,Placed
STU_04192,7.56,0,2,0,,80.5,0,0,73.7,75.8,Female,Civil,Placed
STU_04193,8.58,0,2,1,46.5,75.1,1,0,95.0,73.8,Male,Information Technology,Placed
STU_04194,5.0,0,2,0,66.5,69.3,1,1,73.2,74.9,Female,Electronics,Placed
STU_04195,5.0,0,1,2,67.8,89.4,1,1,79.2,84.2,Male,Mechanical,Placed
STU_04196,6.8,0,0,0,77.0,72.1,0,0,88.3,88.2,Male,Civil,Placed
STU_04197,8.4,0,3,0,79.2,76.6,0,1,65.2,65.8,Male,Mechanical,Placed
STU_04198,5.73,1,3,0,71.5,80.2,0,0,86.4,96.2,Male,Civil,Placed
STU_04199,5.0,2,2,2,45.6,65.8,1,1,73.5,58.5,Male,Electronics,Placed
STU_04200,7.87,0,0,0,51.7,65.9,1,1,65.2,67.2,Female,Civil,Placed
STU_04201,7.54,0,2,0,60.9,72.5,0,0,73.1,72.6,Male,Electronics,Placed
STU_04202,6.21,1,3,1,79.8,55.8,0,1,78.6,82.7,Male,Information Technology,Placed
STU_04203,6.31,1,1,2,79.3,93.4,0,1,80.4,56.0,Male,Information Technology,Placed
STU_04204,6.33,2,1,2,66.3,73.9,1,1,70.5,99.0,Male,Information Technology,Placed
STU_04205,7.41,0,2,0,100.0,69.6,0,1,75.8,55.2,Female,Mechanical,Placed
STU_04206,6.67,2,3,1,93.4,97.0,0,1,64.1,92.0,Female,Electronics,Placed
STU_04207,7.79,1,0,0,88.6,58.8,0,1,70.9,70.4,Male,Civil,Placed
STU_04208,5.0,1,2,0,80.5,90.4,0,0,64.4,76.0,Male,Computer Science,Not Placed
STU_04209,6.44,0,2,1,76.9,81.8,1,1,77.2,50.6,Male,Information Technology,Placed
STU_04210,6.17,0,2,0,75.8,85.4,0,1,69.6,83.2,Female,Mechanical,Placed
STU_04211,7.04,0,2,2,42.9,69.9,0,1,98.7,73.3,Male,Information Technology,Placed
STU_04212,6.76,0,2,2,54.2,72.7,0,0,81.8,87.9,Female,Information Technology,Placed
STU_04213,8.1,1,0,0,66.7,67.9,0,0,61.7,59.7,Male,Mechanical,Placed
STU_04214,5.44,2,1,0,71.9,84.0,1,1,70.5,90.7,Male,Electronics,Placed
STU_04215,7.35,1,2,1,68.1,76.7,0,0,85.0,56.1,Female,Mechanical,Placed
STU_04216,7.86,1,0,1,74.1,65.3,0,0,80.4,77.8,Female,Information Technology,Placed
STU_04217,9.16,1,2,2,38.5,65.8,1,1,62.3,58.9,Male,Mechanical,Placed
STU_04218,6.82,0,2,2,77.6,71.8,0,1,70.1,96.6,Male,Civil,Placed
STU_04219,7.62,3,1,1,70.9,68.0,1,1,84.4,85.5,Male,Information Technology,Not Placed
STU_04220,5.5,1,2,0,67.2,89.3,0,1,81.7,92.5,Male,Civil,Placed
STU_04221,5.0,0,2,2,83.9,81.7,0,0,83.8,72.1,Male,Civil,Placed
STU_04222,8.14,0,1,0,54.3,81.7,0,0,75.2,71.6,Female,Computer Science,Placed
STU_04223,7.29,1,2,3,66.4,74.8,0,1,69.4,74.6,Male,Computer Science,Placed
STU_04224,8.48,1,3,0,74.3,62.1,0,1,65.2,73.5,Female,Information Technology,Placed
STU_04225,5.93,0,1,1,57.2,80.4,0,1,87.5,70.7,Male,Mechanical,Not Placed
STU_04226,7.82,2,2,0,39.9,46.8,1,1,97.4,72.6,Male,Information Technology,Placed
STU_04227,9.17,1,0,1,52.7,74.1,0,1,80.8,87.9,Male,Civil,Placed
STU_04228,7.72,1,0,1,69.0,62.3,1,0,87.4,85.7,Male,Information Technology,Placed
STU_04229,7.58,0,0,1,66.3,61.3,1,0,70.0,62.1,Female,Electronics,Placed
STU_04230,7.31,0,2,2,69.7,66.4,0,1,77.8,82.8,Male,Mechanical,Placed
STU_04231,5.73,2,1,1,60.1,71.0,0,1,77.4,59.6,Female,Mechanical,Placed
STU_04232,8.66,2,1,0,50.3,71.7,0,1,81.8,91.4,Female,Mechanical,Placed
STU_04233,6.69,0,2,2,72.1,81.5,0,0,78.8,64.5,Male,Civil,Placed
STU_04234,7.8,0,1,2,67.5,69.9,1,0,99.0,83.7,Female,Civil,Placed
STU_04235,5.74,0,1,0,79.6,70.8,0,0,86.0,82.0,Female,Electronics,Placed
STU_04236,6.12,0,1,2,58.8,55.3,0,1,91.0,71.6,Female,Civil,Placed
STU_04237,8.74,1,1,3,39.7,56.8,1,1,80.7,70.8,Female,Information Technology,Placed
STU_04238,6.95,3,2,1,30.9,75.4,1,1,56.7,72.5,Male,Computer Science,Placed
STU_04239,8.75,0,1,0,64.0,79.6,0,1,82.5,80.4,Female,Computer Science,Placed
STU_04240,7.22,0,1,1,71.9,68.9,0,0,89.0,84.3,Male,Electronics,Placed
STU_04241,5.46,2,3,0,66.5,83.2,0,1,91.9,99.0,Female,Mechanical,Placed
STU_04242,8.19,0,3,1,61.5,55.1,0,0,77.3,94.1,Female,Electronics,Placed
STU_04243,6.71,3,3,1,46.1,76.8,0,1,63.6,81.4,Female,Electronics,Placed
STU_04244,8.0,1,3,2,41.7,61.8,1,1,75.1,77.9,Female,Electronics,Placed
STU_04245,7.33,2,2,1,75.5,60.8,0,1,63.5,69.1,Male,Computer Science,Placed
STU_04246,5.76,0,2,0,66.6,62.8,1,0,90.9,82.2,Female,Electronics,Placed
STU_04247,7.46,0,2,1,64.5,71.0,0,1,82.5,90.1,Male,Mechanical,Placed
STU_04248,9.5,1,2,0,46.9,77.3,0,1,72.9,87.7,Male,Civil,Placed
STU_04249,7.79,1,2,0,55.5,76.4,0,1,85.4,78.1,Female,Civil,Placed
STU_04250,7.24,0,0,0,70.7,68.5,0,0,92.7,68.4,Male,Computer Science,Placed
STU_04251,8.38,3,3,0,74.3,79.6,1,1,85.8,76.5,Male,Mechanical,Placed
STU_04252,7.51,2,2,3,67.5,92.2,0,0,98.0,83.0,Male,Civil,Placed
STU_04253,7.51,1,3,1,90.7,70.6,0,1,69.1,88.1,Male,Computer Science,Placed
STU_04254,6.21,0,1,2,61.4,73.1,0,1,87.7,77.6,Female,Electronics,Placed
STU_04255,7.53,1,1,0,89.3,64.7,1,0,63.4,85.5,Female,Civil,Placed
STU_04256,8.34,1,1,1,73.3,67.3,1,1,96.9,86.7,Male,Civil,Placed
STU_04257,6.46,0,2,1,71.6,87.0,1,1,85.3,71.8,Male,Civil,Placed
STU_04258,8.72,2,0,1,84.0,87.1,0,0,74.3,68.7,Female,Electronics,Placed
STU_04259,7.21,0,1,3,60.6,69.6,0,1,66.4,93.6,Male,Computer Science,Placed
STU_04260,6.41,0,1,1,65.1,77.9,0,1,72.6,82.9,Male,Civil,Not Placed
STU_04261,8.3,0,1,1,51.6,83.0,1,1,75.4,81.2,Female,Electronics,Placed
STU_04262,7.01,1,2,0,84.0,66.6,1,0,80.2,69.0,Female,Electronics,Not Placed
STU_04263,8.06,1,3,0,75.0,56.3,0,0,77.8,52.4,Female,Computer Science,Placed
STU_04264,7.01,0,0,2,86.5,80.3,0,0,71.7,80.3,Female,Computer Science,Placed
STU_04265,7.24,0,2,2,73.1,82.8,0,1,89.6,80.3,Male,,Placed
STU_04266,7.79,0,0,1,,81.0,0,1,61.0,82.6,Female,Computer Science,Placed
STU_04267,7.59,0,0,2,58.8,67.5,0,1,83.7,75.0,Male,Electronics,Placed
STU_04268,5.3,1,2,1,84.8,90.3,1,0,79.9,68.8,Female,Information Technology,Placed
STU_04269,6.18,0,2,1,64.0,75.4,0,0,77.9,78.0,Male,Civil,Not Placed
STU_04270,8.23,0,3,0,70.0,58.2,1,1,84.3,88.8,Male,Electronics,Placed
STU_04271,7.17,2,2,1,80.9,52.8,0,0,71.3,81.0,Male,Mechanical,Placed
STU_04272,6.78,1,3,0,100.0,68.4,1,1,70.3,60.2,Male,Information Technology,Placed
STU_04273,5.94,1,1,0,82.3,74.7,1,1,75.1,73.0,Female,Mechanical,Placed
STU_04274,6.22,0,1,3,83.7,68.5,1,0,72.7,67.9,Male,Civil,Not Placed
STU_04275,5.28,0,0,0,61.8,95.9,0,0,75.6,92.6,Male,Mechanical,Placed
STU_04276,7.2,1,2,0,72.4,76.8,1,0,85.2,72.6,Male,Electronics,Placed
STU_04277,6.7,0,1,0,68.6,60.3,1,1,79.1,91.5,Male,Civil,Placed
STU_04278,6.33,0,1,0,91.1,44.8,0,0,78.3,77.5,Male,Electronics,Placed
STU_04279,7.23,2,2,0,67.8,74.8,0,1,80.3,70.5,Female,Mechanical,Placed
STU_04280,7.66,2,0,0,89.9,83.9,1,1,74.7,64.4,Male,Computer Science,Placed
STU_04281,9.39,0,0,1,50.5,94.4,1,0,87.0,71.1,Male,Mechanical,Placed
STU_04282,5.79,0,0,1,91.0,69.6,0,1,83.7,75.1,Male,Mechanical,Placed
STU_04283,8.46,3,0,2,57.1,92.7,0,1,78.1,62.7,Male,Computer Science,Placed
STU_04284,8.27,0,2,3,82.8,55.7,0,1,66.7,82.0,Male,Computer Science,Placed
STU_04285,6.52,1,2,1,57.0,67.9,0,1,91.1,65.7,Female,Computer Science,Placed
STU_04286,7.5,3,1,0,79.3,59.8,1,0,84.6,59.0,Female,Mechanical,Placed
STU_04287,6.84,3,1,0,55.6,81.5,0,1,83.7,60.5,Male,Information Technology,Placed
STU_04288,7.49,1,3,2,85.5,56.4,0,0,95.0,69.7,Female,Civil,Placed
STU_04289,8.81,0,2,1,82.7,76.8,0,1,85.0,81.0,Male,Electronics,Placed
STU_04290,7.91,0,2,0,61.0,57.1,1,1,77.5,93.0,Female,Civil,Placed
STU_04291,7.81,2,2,0,78.7,93.1,1,0,72.9,72.4,Male,Mechanical,Placed
STU_04292,6.87,2,1,2,84.2,67.5,0,1,72.5,78.7,Male,Electronics,Placed
STU_04293,5.82,1,4,1,56.2,76.5,1,1,80.8,74.2,Male,Mechanical,Placed
STU_04294,7.09,1,2,1,54.5,50.5,1,1,87.7,51.6,Male,Information Technology,Placed
STU_04295,8.51,1,0,0,53.9,54.1,0,1,87.8,79.2,Male,Electronics,Placed
STU_04296,5.77,1,1,1,51.8,62.7,0,1,64.2,74.8,Male,Mechanical,Not Placed
STU_04297,6.24,2,1,2,53.9,82.2,0,1,87.2,57.7,Male,Electronics,Placed
STU_04298,7.43,1,1,2,83.9,79.9,0,1,75.0,93.6,Female,Civil,Placed
STU_04299,6.32,1,3,1,78.4,85.0,0,1,72.1,81.6,Female,Civil,Placed
STU_04300,6.51,0,3,1,44.6,53.9,1,1,81.7,56.7,Male,Information Technology,Placed
STU_04301,6.88,1,1,1,62.3,78.1,1,1,85.9,80.8,Female,Information Technology,Not Placed
STU_04302,5.93,1,1,1,52.6,65.3,0,1,65.7,99.0,Male,Information Technology,Placed
STU_04303,6.33,0,2,0,82.9,62.3,0,1,80.2,75.1,Male,Information Technology,Placed
STU_04304,8.0,2,1,2,63.3,65.6,0,0,61.8,82.6,Male,Information Technology,Placed
STU_04305,5.99,1,2,1,46.8,70.6,0,1,85.9,68.8,Male,Information Technology,Placed
STU_04306,5.7,2,2,1,72.6,79.9,0,1,66.9,70.1,Female,Civil,Placed
STU_04307,6.67,0,2,3,79.1,85.5,0,0,79.9,92.2,Male,Information Technology,Placed
STU_04308,8.03,1,2,3,55.7,78.3,0,1,74.3,82.0,Male,Computer Science,Placed
STU_04309,7.1,0,2,1,66.0,79.6,0,1,72.3,86.8,Male,Mechanical,Placed
STU_04310,6.84,2,4,0,56.5,93.9,0,0,58.0,72.4,Female,Civil,Placed
STU_04311,7.34,0,1,0,88.7,80.4,0,1,64.0,80.0,Male,Mechanical,Placed
STU_04312,5.55,1,3,2,63.5,69.4,1,1,77.2,74.2,Female,Civil,Placed
STU_04313,7.79,1,0,0,59.2,79.0,0,1,68.7,81.8,Female,Civil,Placed
STU_04314,7.68,0,1,3,69.2,92.5,0,1,74.8,73.8,Male,Mechanical,Placed
STU_04315,6.89,3,0,0,66.9,61.6,0,0,70.1,94.6,Female,Information Technology,Placed
STU_04316,8.31,2,2,1,80.3,66.8,0,1,75.2,72.4,Male,Civil,Placed
STU_04317,6.17,0,0,1,88.2,89.4,0,1,66.0,79.7,Female,Electronics,Not Placed
STU_04318,8.43,0,3,0,88.4,68.5,0,1,73.2,55.2,Female,Information Technology,Placed
STU_04319,7.45,0,2,2,64.3,81.2,0,0,75.3,88.1,Female,Mechanical,Placed
STU_04320,6.96,0,0,1,74.6,87.5,0,1,78.3,62.1,Male,Mechanical,Placed
STU_04321,7.28,2,2,0,92.3,56.9,1,1,59.8,67.9,Male,Civil,Placed
STU_04322,7.19,3,3,0,92.9,67.1,1,0,78.5,61.4,Male,Civil,Placed
STU_04323,8.52,0,2,1,56.9,86.5,0,0,66.9,59.3,Male,Electronics,Placed
STU_04324,6.22,1,0,0,78.9,70.5,0,1,64.3,85.7,Male,Computer Science,Placed
STU_04325,6.54,1,3,2,76.3,47.8,0,0,90.3,66.3,Male,Electronics,Not Placed
STU_04326,8.34,0,2,0,83.9,65.9,0,1,85.3,58.9,Female,Electronics,Placed
STU_04327,6.7,0,1,0,88.7,81.5,0,1,83.5,58.3,Female,Information Technology,Placed
STU_04328,8.2,0,1,0,54.4,87.3,0,1,75.8,87.2,Male,Electronics,Placed
STU_04329,9.0,1,2,0,59.6,72.6,0,0,72.2,71.0,Male,Computer Science,Placed
STU_04330,6.9,1,3,0,83.6,77.8,1,0,92.9,74.5,Female,Civil,Placed
STU_04331,7.98,1,1,3,72.2,67.6,0,0,79.3,85.1,Female,Mechanical,Placed
STU_04332,6.15,0,0,0,36.6,82.8,0,1,69.0,81.5,Male,Mechanical,Placed
STU_04333,8.05,2,3,0,45.0,89.1,0,0,68.1,77.1,Female,Computer Science,Placed
STU_04334,7.5,1,0,0,79.9,81.2,0,0,81.1,89.0,Female,Civil,Placed
STU_04335,7.77,2,3,1,82.6,70.6,1,1,74.5,60.8,Male,Information Technology,Placed
STU_04336,6.65,0,1,1,49.8,77.2,0,1,88.3,71.6,Male,Civil,Placed
STU_04337,5.64,2,2,2,86.5,83.4,1,1,78.7,85.0,Male,Information Technology,Placed
STU_04338,7.8,2,0,0,67.0,72.3,0,1,66.0,95.3,Female,Information Technology,Placed
STU_04339,5.24,0,3,1,54.7,81.6,1,1,96.6,96.5,Female,Information Technology,Placed
STU_04340,6.98,0,2,1,61.6,76.4,0,0,67.8,61.8,Female,Civil,Placed
STU_04341,8.24,2,3,1,51.7,89.0,0,1,65.8,75.8,Female,Information Technology,Placed
STU_04342,7.49,1,2,0,60.8,80.4,1,0,77.2,80.4,Male,Civil,Placed
STU_04343,9.25,2,1,2,42.0,66.0,1,1,82.7,73.2,Male,Electronics,Placed
STU_04344,8.33,1,1,0,68.9,88.9,1,1,69.0,82.6,Male,Mechanical,Placed
STU_04345,6.65,1,2,0,78.8,77.5,0,1,85.0,99.0,Male,Civil,Placed
STU_04346,7.33,0,2,0,49.8,70.3,1,1,73.1,65.1,Male,Mechanical,Placed
STU_04347,7.25,0,3,1,70.3,55.8,0,1,99.0,61.2,Male,Civil,Placed
STU_04348,5.72,3,1,0,57.9,74.8,0,0,81.3,82.0,Male,Information Technology,Placed
STU_04349,6.36,0,2,1,80.0,94.0,0,1,67.2,69.9,Male,Mechanical,Placed
STU_04350,6.74,0,4,2,35.3,39.2,0,1,71.0,82.4,Male,Information Technology,Placed
STU_04351,5.26,1,1,1,80.7,39.7,0,1,82.9,77.1,Male,Electronics,Placed
STU_04352,7.35,1,3,1,42.7,81.2,0,1,69.9,73.0,Male,Mechanical,Placed
STU_04353,7.05,0,1,2,66.9,74.8,0,1,77.2,67.4,Male,Electronics,Placed
STU_04354,5.63,0,2,1,59.4,80.1,0,0,97.7,76.1,Male,Information Technology,Placed
STU_04355,7.7,1,1,0,64.6,65.7,1,1,84.4,70.7,Female,Computer Science,Placed
STU_04356,8.02,0,1,1,47.1,46.3,0,0,83.9,87.3,Female,Electronics,Placed
STU_04357,7.53,1,0,1,94.9,62.0,0,0,97.8,76.1,Female,Electronics,Placed
STU_04358,6.98,0,4,0,50.7,90.7,0,0,70.4,61.0,Female,Electronics,Placed
STU_04359,7.89,2,3,0,51.9,66.6,0,1,77.8,90.4,Female,Electronics,Placed
STU_04360,7.98,2,0,0,96.9,66.7,1,1,75.0,73.5,Male,Information Technology,Placed
STU_04361,7.61,1,4,3,74.8,40.4,0,1,71.7,97.9,Female,Computer Science,Placed
STU_04362,6.48,0,2,0,51.2,50.3,0,1,75.4,72.0,Male,Civil,Placed
STU_04363,7.58,1,3,0,68.1,85.3,1,0,73.4,66.2,Male,Civil,Placed
STU_04364,8.5,0,0,1,66.5,68.9,1,0,71.4,71.7,Male,Civil,Placed
STU_04365,6.7,0,1,2,44.7,83.9,1,0,75.0,73.9,Male,Information Technology,Placed
STU_04366,9.4,2,2,0,58.6,63.0,1,1,71.5,72.2,Female,Information Technology,Placed
STU_04367,6.77,1,0,2,69.6,54.4,1,0,81.2,68.0,Female,Computer Science,Placed
STU_04368,7.33,2,2,1,89.0,68.9,1,0,68.5,70.0,Male,Civil,Placed
STU_04369,6.63,0,1,1,67.2,65.1,0,1,88.2,93.2,Male,Civil,Placed
STU_04370,7.52,0,1,2,68.3,62.0,1,0,85.3,72.2,Male,Civil,Placed
STU_04371,5.56,3,1,0,57.8,62.3,0,1,82.5,98.6,Male,Mechanical,Placed
STU_04372,6.75,1,4,2,86.4,70.4,1,1,73.4,86.5,Male,Civil,Placed
STU_04373,6.21,1,1,2,83.5,66.1,0,1,78.4,74.3,Male,Mechanical,Placed
STU_04374,7.44,1,1,2,81.8,60.8,0,1,76.7,82.2,Male,Mechanical,Placed
STU_04375,8.29,0,2,2,71.7,93.7,0,1,78.3,69.2,Female,Information Technology,Placed
STU_04376,7.95,1,2,2,46.0,77.5,1,1,64.6,86.7,Female,Computer Science,Placed
STU_04377,5.0,0,2,0,86.3,73.9,0,1,79.0,89.6,Female,Civil,Placed
STU_04378,9.34,1,2,0,70.9,71.2,1,1,81.3,81.6,Male,Mechanical,Placed
STU_04379,7.6,1,0,0,65.4,80.0,0,1,92.4,69.4,Male,Information Technology,Placed
STU_04380,6.52,2,1,0,76.7,78.4,0,0,67.9,81.5,Female,Civil,Placed
STU_04381,7.46,1,2,1,73.4,59.6,0,0,66.1,67.3,Male,Mechanical,Placed
STU_04382,7.48,0,3,0,54.0,53.6,0,1,87.8,59.8,Male,Electronics,Placed
STU_04383,6.63,1,2,0,65.2,44.7,0,1,62.9,77.9,Male,Computer Science,Not Placed
STU_04384,7.5,0,0,2,41.4,93.5,0,1,92.6,57.1,Female,Electronics,Not Placed
STU_04385,6.69,0,1,2,71.3,66.7,0,0,89.8,70.4,Male,Information Technology,Placed
STU_04386,6.9,0,0,2,90.0,79.1,1,1,83.8,79.0,Male,Electronics,Placed
STU_04387,6.61,1,2,2,43.1,74.4,0,1,62.8,92.2,Male,Computer Science,Placed
STU_04388,5.87,0,0,1,71.9,83.0,1,1,76.4,68.0,Male,Civil,Placed
STU_04389,7.45,1,1,2,80.0,71.2,0,0,77.5,63.9,Male,Electronics,Placed
STU_04390,7.89,2,1,1,82.2,56.1,1,0,80.9,83.7,Male,Mechanical,Placed
STU_04391,7.81,1,2,3,58.8,59.6,1,0,83.5,77.4,Male,Civil,Placed
STU_04392,8.12,0,1,0,53.5,67.8,1,1,70.5,75.8,Male,Information Technology,Placed
STU_04393,7.62,0,2,2,61.2,53.0,0,1,88.6,58.6,Female,Civil,Placed
STU_04394,6.77,1,2,1,87.9,61.7,1,0,83.2,87.0,Male,Information Technology,Placed
STU_04395,8.14,2,1,1,44.4,57.6,0,1,83.1,51.8,Female,Civil,Placed
STU_04396,5.94,0,2,1,,68.1,1,1,75.8,77.1,Male,Electronics,Placed
STU_04397,6.4,2,1,2,63.1,66.0,1,0,81.9,88.5,Female,Computer Science,Placed
STU_04398,6.34,1,1,2,55.4,73.4,1,1,56.6,76.3,Male,Mechanical,Not Placed
STU_04399,8.38,1,2,0,69.4,82.3,0,0,82.0,72.3,Male,Civil,Placed
STU_04400,8.24,3,2,0,91.2,69.1,0,1,94.6,63.6,Male,Civil,Placed
STU_04401,7.79,1,2,0,51.9,54.0,0,1,85.8,68.7,Female,Mechanical,Placed
STU_04402,8.37,2,2,0,67.8,47.4,1,0,84.6,99.0,Female,Electronics,Placed
STU_04403,6.42,0,3,0,69.9,73.9,0,1,85.7,69.0,Male,Information Technology,Placed
STU_04404,7.65,1,1,1,65.0,64.0,0,0,90.1,80.0,Female,Electronics,Placed
STU_04405,7.17,1,2,1,46.3,70.1,0,1,76.0,65.8,Female,Electronics,Placed
STU_04406,8.15,0,2,2,60.4,76.0,0,1,87.9,71.7,Female,Civil,Placed
STU_04407,7.18,1,1,1,60.5,89.3,0,1,82.6,57.1,Female,Information Technology,Placed
STU_04408,6.92,0,1,1,79.5,51.0,1,1,78.6,74.5,Female,Computer Science,Placed
STU_04409,7.84,0,2,0,76.3,59.9,0,0,91.5,71.0,Female,Information Technology,Placed
STU_04410,8.18,0,0,2,46.7,71.0,0,1,71.1,89.8,Female,Mechanical,Placed
STU_04411,6.63,1,1,2,64.2,58.3,0,0,71.5,65.7,Male,Information Technology,Placed
STU_04412,7.24,2,2,0,62.5,54.1,1,1,54.4,70.3,Female,Mechanical,Placed
STU_04413,6.24,1,4,0,99.3,87.7,1,1,68.7,84.9,Female,Civil,Placed
STU_04414,5.0,1,3,0,74.4,59.4,1,1,73.6,74.6,Male,Mechanical,Placed
STU_04415,7.5,0,1,2,53.8,56.3,1,1,77.5,73.2,Male,Civil,Placed
STU_04416,7.91,2,2,1,58.3,58.2,1,1,82.5,73.1,Female,Computer Science,Placed
STU_04417,7.56,1,0,1,64.3,85.0,0,0,86.8,64.1,Male,Information Technology,Not Placed
STU_04418,5.35,1,1,0,75.4,63.7,1,1,64.7,70.2,Female,Computer Science,Placed
STU_04419,6.95,1,2,0,77.3,55.4,0,0,79.1,75.9,Female,,Placed
STU_04420,5.08,0,0,0,73.0,61.9,0,0,68.2,62.2,Male,Electronics,Not Placed
STU_04421,8.67,1,1,0,66.9,71.4,0,1,64.7,63.3,Male,Information Technology,Placed
STU_04422,6.21,3,3,0,68.0,82.7,0,1,81.2,88.4,Female,Electronics,Placed
STU_04423,8.56,0,3,0,68.1,81.7,0,1,79.0,80.5,Male,Mechanical,Placed
STU_04424,8.25,1,2,1,43.3,62.7,1,1,82.9,78.3,Male,Civil,Placed
STU_04425,6.4,3,3,0,69.1,65.6,0,1,83.8,69.0,Male,Mechanical,Placed
STU_04426,6.17,0,2,1,61.3,97.2,1,1,73.2,77.4,Male,Electronics,Placed
STU_04427,7.65,2,0,1,45.2,83.9,1,1,88.9,48.6,Male,Mechanical,Placed
STU_04428,6.46,2,2,1,100.0,69.0,0,1,68.8,61.7,Male,Civil,Placed
STU_04429,7.4,1,1,1,74.7,44.5,0,1,67.4,81.9,Female,Civil,Placed
STU_04430,6.82,0,1,0,70.2,66.5,0,1,82.0,67.6,Female,Mechanical,Placed
STU_04431,5.52,0,3,2,64.4,56.1,0,0,80.1,72.7,Male,Information Technology,Placed
STU_04432,5.07,0,2,2,81.0,61.6,1,1,69.9,78.9,Female,Computer Science,Placed
STU_04433,7.53,2,0,0,52.6,60.4,0,1,69.7,66.7,Female,Civil,Placed
STU_04434,6.74,2,1,0,65.3,69.2,0,1,81.8,68.2,Male,Information Technology,Placed
STU_04435,6.75,1,1,2,55.7,72.8,1,1,80.5,71.0,Female,Mechanical,Placed
STU_04436,8.0,0,3,2,80.8,63.2,1,1,67.6,76.7,Male,Computer Science,Placed
STU_04437,8.47,0,2,0,57.6,56.7,0,1,71.6,57.1,Female,Civil,Placed
STU_04438,7.03,1,2,0,86.5,69.9,1,1,68.9,78.3,Male,Computer Science,Placed
STU_04439,6.96,1,2,2,68.5,66.0,0,1,56.8,74.7,Male,Information Technology,Placed
STU_04440,7.8,2,2,0,81.6,49.2,1,0,91.6,76.2,Female,Information Technology,Placed
STU_04441,5.94,1,2,2,76.0,79.3,0,1,80.4,66.9,Male,Information Technology,Not Placed
STU_04442,7.52,2,2,0,85.9,63.3,1,0,89.6,74.4,Male,Electronics,Placed
STU_04443,7.85,1,3,2,56.0,68.8,0,1,74.9,85.5,Female,Civil,Placed
STU_04444,7.98,1,4,0,,69.4,1,0,68.3,82.5,Male,Mechanical,Placed
STU_04445,5.36,0,4,0,42.1,71.8,1,1,69.3,88.5,Female,Mechanical,Not Placed
STU_04446,6.54,2,2,3,70.6,73.8,1,1,69.2,65.1,Female,Civil,Placed
STU_04447,6.42,1,3,0,61.8,56.3,1,0,72.8,82.5,Male,Information Technology,Placed
STU_04448,7.4,0,1,0,48.9,75.7,1,1,62.5,68.1,Female,Information Technology,Placed
STU_04449,7.78,0,3,2,56.6,67.9,1,0,74.1,50.0,Female,Electronics,Placed
STU_04450,8.8,0,3,0,60.4,85.0,1,1,72.3,85.3,Female,Information Technology,Placed
STU_04451,6.81,1,3,0,67.1,81.8,0,0,86.7,83.5,Female,Computer Science,Placed
STU_04452,6.8,0,3,0,62.1,87.9,1,1,83.4,91.3,Male,Electronics,Placed
STU_04453,8.45,0,1,1,71.2,60.7,0,1,74.2,58.9,Male,Information Technology,Placed
STU_04454,7.6,1,1,1,57.5,87.4,1,1,82.8,76.8,Female,Civil,Placed
STU_04455,8.57,0,1,2,62.8,73.1,1,1,67.0,72.5,Female,Mechanical,Placed
STU_04456,7.59,2,2,1,65.7,80.3,1,1,65.4,87.6,Female,Mechanical,Placed
STU_04457,6.14,1,1,0,72.7,80.1,1,1,77.1,59.7,Male,Information Technology,Placed
STU_04458,5.97,1,2,0,82.7,77.5,0,1,79.0,72.2,Female,Information Technology,Placed
STU_04459,5.75,0,2,2,82.8,58.9,1,0,76.6,76.0,Male,Mechanical,Placed
STU_04460,7.96,0,2,1,73.6,83.5,0,0,91.6,83.2,Female,Electronics,Placed
STU_04461,8.49,0,3,2,76.5,76.2,0,1,84.9,79.6,Male,Mechanical,Placed
STU_04462,9.15,2,2,3,74.7,54.3,1,0,88.3,74.6,Female,Computer Science,Placed
STU_04463,8.14,1,2,0,65.3,66.2,1,0,72.5,71.6,Male,Electronics,Placed
STU_04464,8.46,0,2,1,83.5,57.4,1,0,81.3,74.0,Female,Mechanical,Placed
STU_04465,6.72,1,3,1,56.3,54.9,1,1,67.6,83.3,Male,Civil,Placed
STU_04466,6.14,0,1,0,39.3,82.2,0,1,70.7,65.9,Female,Electronics,Placed
STU_04467,8.15,3,1,0,54.4,54.2,0,0,81.3,72.4,Male,Information Technology,Placed
STU_04468,7.72,3,3,2,91.0,56.1,0,0,69.1,72.4,Male,Civil,Placed
STU_04469,7.41,1,2,1,65.6,95.7,0,1,70.1,52.0,Male,Electronics,Placed
STU_04470,7.69,1,2,1,74.1,66.6,0,0,82.3,53.5,Female,Electronics,Placed
STU_04471,7.62,2,2,1,65.9,79.9,1,0,70.4,58.6,Male,Electronics,Placed
STU_04472,8.58,1,1,2,78.4,85.5,0,1,87.6,72.7,Female,Electronics,Placed
STU_04473,8.59,1,2,0,71.1,81.3,1,1,75.9,80.5,Male,Information Technology,Placed
STU_04474,7.84,3,0,1,69.0,73.8,0,0,76.3,68.2,Male,Computer Science,Placed
STU_04475,8.15,1,2,1,79.2,71.6,1,1,80.5,57.1,Male,Information Technology,Placed
STU_04476,7.81,1,2,2,63.0,78.5,0,1,76.7,85.4,Male,Civil,Placed
STU_04477,6.84,2,2,1,75.6,69.3,1,0,80.8,78.1,Female,Computer Science,Placed
STU_04478,8.06,1,2,2,67.4,80.3,0,0,68.8,72.5,Female,Civil,Placed
STU_04479,5.91,1,4,0,68.4,68.9,1,1,50.8,77.7,Female,Computer Science,Placed
STU_04480,8.35,0,2,3,57.7,70.3,1,0,63.9,63.4,Male,Computer Science,Placed
STU_04481,6.11,0,3,2,66.8,94.6,1,1,73.4,86.4,Female,Computer Science,Placed
STU_04482,7.59,0,2,1,61.9,66.2,0,1,82.9,78.5,Female,Electronics,Placed
STU_04483,6.45,1,2,0,86.9,72.2,1,0,99.0,73.4,Male,Mechanical,Placed
STU_04484,7.85,1,0,0,44.7,77.2,1,1,72.1,71.3,Female,Computer Science,Placed
STU_04485,7.27,3,0,2,83.3,77.9,1,1,71.5,75.8,Male,Electronics,Placed
STU_04486,5.71,1,2,1,43.8,75.5,0,1,81.4,80.3,Male,Electronics,Placed
STU_04487,7.72,1,1,1,78.1,57.0,1,1,80.2,55.8,Female,Computer Science,Placed
STU_04488,6.72,0,2,1,57.4,73.9,0,0,80.6,66.4,Female,Mechanical,Placed
STU_04489,8.18,2,2,1,78.5,74.9,0,1,75.4,71.4,Male,Electronics,Placed
STU_04490,7.3,1,3,0,68.2,85.7,1,1,58.2,70.9,Female,Mechanical,Placed
STU_04491,7.7,1,4,0,48.5,80.9,1,1,80.0,67.2,Male,Civil,Placed
STU_04492,6.34,0,0,0,90.4,86.5,0,1,77.5,83.6,Female,Computer Science,Placed
STU_04493,6.71,1,1,0,81.6,60.0,0,1,62.1,67.4,Female,Mechanical,Placed
STU_04494,6.84,1,2,1,77.5,60.0,1,1,83.8,63.2,Male,Civil,Placed
STU_04495,8.16,1,1,2,60.4,75.9,1,1,85.3,69.9,Female,Computer Science,Placed
STU_04496,8.98,2,1,0,82.2,85.6,1,1,83.6,91.6,Female,Electronics,Placed
STU_04497,6.49,2,3,0,50.8,69.6,1,0,73.9,75.1,Female,Computer Science,Placed
STU_04498,8.38,3,4,1,36.6,63.1,0,1,80.2,69.7,Female,Civil,Placed
STU_04499,5.13,1,2,3,46.6,52.8,0,0,69.0,71.4,Male,Information Technology,Not Placed
STU_04500,6.11,3,2,0,56.2,76.4,0,0,64.1,55.7,Female,Information Technology,Placed
STU_04501,6.34,2,1,3,58.7,70.6,0,1,77.0,72.9,Male,Computer Science,Placed
STU_04502,5.95,0,2,0,63.5,66.8,0,1,63.0,77.6,Male,Electronics,Not Placed
STU_04503,5.72,0,2,0,64.1,82.9,0,1,76.7,79.8,Female,Information Technology,Placed
STU_04504,7.71,0,2,1,60.3,71.0,0,0,77.5,73.3,Female,Civil,Placed
STU_04505,7.09,0,1,1,38.3,72.0,1,1,69.8,66.8,Female,Electronics,Placed
STU_04506,7.68,0,3,2,72.9,82.8,0,1,97.4,84.9,Female,Electronics,Placed
STU_04507,7.99,0,2,2,66.0,98.3,0,1,72.0,70.9,Male,Civil,Placed
STU_04508,7.57,1,2,0,59.6,66.7,0,1,80.1,64.2,Male,Mechanical,Placed
STU_04509,7.96,0,3,1,91.0,61.5,0,1,76.1,66.5,Female,Electronics,Placed
STU_04510,7.23,0,1,1,66.4,60.1,1,1,87.4,71.3,Female,Information Technology,Placed
STU_04511,6.11,1,0,2,70.9,77.7,0,0,74.7,71.8,Male,Electronics,Placed
STU_04512,8.36,2,3,1,81.9,58.9,0,0,65.3,69.0,Male,Computer Science,Placed
STU_04513,6.71,3,4,0,47.7,67.5,1,1,82.1,78.4,Female,Civil,Placed
STU_04514,6.36,1,2,1,69.7,68.6,0,1,63.0,74.0,Male,Electronics,Placed
STU_04515,7.12,1,0,3,81.9,90.7,1,1,69.5,84.7,Female,Information Technology,Placed
STU_04516,6.39,0,2,0,68.6,86.3,0,1,72.9,75.9,Male,Civil,Placed
STU_04517,6.88,0,0,0,50.4,53.6,0,1,73.3,71.1,Male,Civil,Placed
STU_04518,7.64,0,2,0,62.8,91.0,0,1,74.5,69.4,Female,Mechanical,Placed
STU_04519,7.65,0,1,2,72.8,57.4,0,1,73.7,70.6,Male,Electronics,Placed
STU_04520,6.4,3,3,0,38.4,73.9,0,1,79.3,63.2,Male,Information Technology,Placed
STU_04521,6.81,0,2,0,49.7,62.0,0,1,71.2,72.4,Female,Information Technology,Placed
STU_04522,,0,3,1,99.6,67.3,0,1,82.3,80.3,Male,Mechanical,Placed
STU_04523,7.8,0,1,0,77.3,60.2,1,1,69.6,83.6,Male,Electronics,Placed
STU_04524,9.38,1,1,0,92.3,92.1,0,0,65.3,77.0,Female,Civil,Placed
STU_04525,8.48,0,3,1,83.0,70.3,0,0,66.7,99.0,Male,Electronics,Placed
STU_04526,8.44,1,1,0,75.9,74.7,1,1,73.9,78.6,Male,Mechanical,Placed
STU_04527,5.91,0,2,0,65.4,59.1,0,1,87.7,55.9,Male,Computer Science,Placed
STU_04528,8.06,0,1,0,75.7,55.0,0,0,77.7,79.6,Male,Electronics,Placed
STU_04529,7.25,0,2,0,91.7,66.7,1,1,73.4,87.4,Male,Computer Science,Placed
STU_04530,6.75,1,0,2,82.4,78.3,0,1,77.6,72.1,Male,Computer Science,Placed
STU_04531,7.47,0,1,1,72.5,70.5,1,0,65.9,58.9,Male,Computer Science,Placed
STU_04532,8.25,1,2,1,67.4,83.7,0,0,60.9,55.1,Female,Electronics,Placed
STU_04533,7.8,1,1,0,77.5,73.5,0,1,68.1,73.9,Female,Electronics,Placed
STU_04534,6.42,1,0,0,62.0,72.1,0,1,67.5,63.8,Male,Information Technology,Placed
STU_04535,8.04,0,2,2,77.5,78.4,1,0,99.0,72.7,Male,Information Technology,Placed
STU_04536,6.66,0,2,0,59.5,73.2,0,1,97.2,70.9,Male,Civil,Placed
STU_04537,7.52,0,0,0,64.7,83.3,0,0,97.1,91.1,Male,Computer Science,Placed
STU_04538,7.0,1,2,2,54.6,78.7,1,1,65.8,84.2,Male,Information Technology,Placed
STU_04539,7.08,1,3,1,63.4,82.9,0,1,95.5,68.8,Male,Mechanical,Placed
STU_04540,8.07,1,0,2,59.7,80.6,1,1,70.9,70.4,Male,Information Technology,Placed
STU_04541,6.26,1,2,1,95.4,88.3,1,1,94.4,85.2,Male,Civil,Placed
STU_04542,9.25,2,2,0,56.6,81.9,0,1,82.4,76.3,Male,Mechanical,Placed
STU_04543,5.48,1,0,3,75.8,93.0,0,1,68.1,78.5,Male,Civil,Not Placed
STU_04544,6.7,0,0,2,55.8,65.5,1,1,94.6,88.0,Male,Mechanical,Placed
STU_04545,7.67,1,2,0,70.7,82.0,1,1,94.1,66.5,Female,Mechanical,Placed
STU_04546,7.88,0,2,2,74.3,55.4,0,1,67.4,85.5,Female,Mechanical,Placed
STU_04547,7.2,1,1,1,42.2,83.4,0,1,81.3,70.7,Female,Civil,Placed
STU_04548,7.24,0,3,1,49.0,72.7,0,1,58.6,50.3,Female,Information Technology,Placed
STU_04549,7.71,0,2,0,55.7,83.2,1,0,74.0,62.2,Male,Information Technology,Placed
STU_04550,7.07,2,1,1,50.5,92.2,0,1,74.1,64.8,Male,Information Technology,Placed
STU_04551,8.69,1,2,0,71.3,81.6,0,1,73.9,89.7,Male,Computer Science,Placed
STU_04552,8.14,0,4,1,73.6,67.0,0,0,94.1,73.6,Male,Civil,Placed
STU_04553,8.17,0,1,0,54.1,58.9,0,1,64.6,71.7,Male,Electronics,Placed
STU_04554,6.33,1,2,1,71.9,78.4,1,1,75.8,91.5,Male,Mechanical,Placed
STU_04555,7.22,2,2,1,63.6,68.6,1,1,85.5,66.4,Female,Information Technology,Placed
STU_04556,7.0,1,0,2,68.5,80.0,0,1,64.8,70.7,Male,Electronics,Placed
STU_04557,6.29,3,0,0,60.6,65.9,0,1,69.2,75.3,Male,Information Technology,Placed
STU_04558,7.66,0,0,2,77.3,60.8,1,1,89.2,74.4,Male,Civil,Placed
STU_04559,6.76,1,1,0,94.5,69.1,1,1,91.4,78.7,Male,Electronics,Placed
STU_04560,7.96,1,0,2,81.6,78.0,1,1,73.7,81.0,Female,Electronics,Placed
STU_04561,6.23,1,3,1,90.9,73.5,0,1,86.6,65.9,Female,Electronics,Placed
STU_04562,9.02,0,4,2,49.0,62.2,0,0,93.6,54.4,Male,Mechanical,Placed
STU_04563,6.4,1,0,1,59.9,93.6,0,1,73.9,79.4,Male,Information Technology,Placed
STU_04564,7.52,1,1,1,78.5,70.3,1,1,85.9,54.6,Female,Information Technology,Placed
STU_04565,8.09,1,0,0,92.6,44.9,0,1,73.8,78.5,Male,Computer Science,Placed
STU_04566,6.73,1,0,3,79.8,83.2,1,0,64.5,83.1,Male,Information Technology,Placed
STU_04567,8.15,1,1,2,54.6,71.9,0,1,78.0,87.4,Male,Mechanical,Placed
STU_04568,6.07,1,1,0,63.5,70.0,0,1,75.6,73.6,Male,Electronics,Placed
STU_04569,8.75,0,3,0,75.0,69.7,0,1,68.7,97.1,Female,Civil,Placed
STU_04570,7.31,0,1,2,67.5,69.8,0,1,74.6,59.7,Male,Civil,Placed
STU_04571,6.7,1,2,3,58.0,92.0,1,1,75.7,91.0,Male,Computer Science,Placed
STU_04572,7.0,3,1,0,65.6,77.6,0,0,80.8,66.6,Female,Computer Science,Not Placed
STU_04573,8.11,0,0,2,69.8,75.1,0,1,88.4,75.4,Male,Electronics,Placed
STU_04574,6.72,1,3,0,53.7,68.8,0,1,88.4,76.7,Male,Mechanical,Placed
STU_04575,6.55,0,0,3,84.8,92.7,0,1,77.1,89.8,Female,Electronics,Placed
STU_04576,7.08,0,4,1,63.4,82.1,0,1,72.5,62.9,Female,Mechanical,Placed
STU_04577,6.12,1,0,0,68.9,83.9,0,0,91.4,98.5,Female,Computer Science,Placed
STU_04578,9.12,1,2,0,85.5,75.3,0,1,77.0,51.4,Male,Mechanical,Placed
STU_04579,6.73,0,4,1,68.1,84.0,0,1,72.0,74.1,Female,Electronics,Placed
STU_04580,8.13,1,0,1,84.7,76.7,1,0,79.7,81.3,Female,Electronics,Placed
STU_04581,7.51,2,1,2,54.6,67.5,0,1,59.7,86.4,Female,Information Technology,Placed
STU_04582,6.32,3,2,2,76.5,76.4,1,1,73.3,59.3,Male,Mechanical,Placed
STU_04583,7.29,0,0,1,82.6,97.2,1,0,72.6,53.3,Male,Computer Science,Placed
STU_04584,8.08,1,2,2,57.6,74.4,1,1,70.1,89.4,Male,Civil,Placed
STU_04585,7.11,0,0,1,67.3,87.2,0,0,81.8,77.7,Male,Information Technology,Placed
STU_04586,8.49,0,1,2,67.6,86.3,0,1,88.8,54.0,Male,Computer Science,Placed
STU_04587,8.32,1,1,2,73.1,78.8,0,1,94.9,69.4,Male,Computer Science,Placed
STU_04588,8.22,1,3,2,,91.9,0,1,73.0,66.9,Female,Computer Science,Placed
STU_04589,6.84,0,1,0,56.3,45.9,0,1,75.2,87.5,Female,Mechanical,Placed
STU_04590,6.22,3,0,1,69.1,50.0,0,1,71.2,71.0,Male,Computer Science,Placed
STU_04591,6.69,2,2,1,93.9,92.7,1,1,83.4,73.0,Male,Civil,Placed
STU_04592,7.5,1,1,1,85.8,64.2,0,0,59.3,72.2,Male,Civil,Placed
STU_04593,7.85,1,1,1,81.9,73.3,1,0,74.1,93.4,Female,Electronics,Placed
STU_04594,5.13,0,0,2,67.1,93.0,0,1,80.9,85.0,Female,Information Technology,Placed
STU_04595,7.29,1,2,0,100.0,74.4,1,1,71.8,82.6,Female,Civil,Placed
STU_04596,7.46,0,2,1,85.4,92.3,1,1,73.7,77.2,Female,Mechanical,Placed
STU_04597,7.02,2,1,0,70.6,67.3,0,1,87.9,77.1,Female,Information Technology,Placed
STU_04598,8.59,0,1,0,73.3,79.4,1,0,77.4,65.0,Female,Mechanical,Placed
STU_04599,7.72,0,2,1,63.1,72.7,0,1,89.9,84.6,Male,Civil,Placed
STU_04600,8.61,1,2,0,75.9,89.9,1,1,94.4,70.9,Female,Information Technology,Placed
STU_04601,7.08,0,1,0,78.9,68.9,0,1,83.3,60.9,Female,Civil,Placed
STU_04602,8.24,0,0,1,80.5,60.4,1,1,75.1,73.4,Male,Computer Science,Placed
STU_04603,8.94,1,1,0,67.3,66.4,0,0,93.8,75.1,Female,Information Technology,Placed
STU_04604,8.61,2,2,0,47.9,66.9,0,0,52.7,89.8,Male,Civil,Placed
STU_04605,6.21,1,4,2,73.6,64.2,0,1,62.5,84.4,Male,Mechanical,Placed
STU_04606,7.05,0,0,2,80.6,63.7,0,0,85.7,64.1,Male,Information Technology,Placed
STU_04607,6.95,0,1,0,55.3,85.5,0,1,99.0,86.4,Female,Information Technology,Placed
STU_04608,7.79,0,0,0,68.6,88.9,1,0,84.8,48.0,Male,Information Technology,Placed
STU_04609,7.99,1,1,2,90.1,76.7,1,1,79.8,79.6,Female,Electronics,Placed
STU_04610,6.46,1,1,0,51.9,64.2,0,0,73.3,67.4,Female,Computer Science,Placed
STU_04611,7.37,0,3,1,65.7,65.0,0,1,83.6,59.6,Female,Information Technology,Placed
STU_04612,5.28,0,0,1,92.3,47.1,0,0,89.6,62.0,Female,Civil,Not Placed
STU_04613,8.74,0,2,2,72.4,76.6,0,1,85.5,91.1,Male,Mechanical,Placed
STU_04614,6.79,0,1,3,62.1,63.8,0,1,78.6,80.0,Female,Civil,Placed
STU_04615,7.36,0,3,0,69.9,89.7,1,1,88.3,79.2,Female,Electronics,Placed
STU_04616,6.99,1,2,1,82.4,55.5,1,0,81.1,85.7,Male,Information Technology,Placed
STU_04617,8.45,0,0,1,66.9,64.9,0,0,83.1,72.4,Male,Computer Science,Placed
STU_04618,5.0,1,3,3,79.0,70.9,1,1,87.7,90.2,Male,Mechanical,Placed
STU_04619,7.28,1,0,2,73.5,77.6,1,1,68.7,72.6,Male,Electronics,Not Placed
STU_04620,7.19,0,2,1,74.8,93.6,1,1,77.8,48.0,Female,Information Technology,Placed
STU_04621,6.85,1,3,2,79.9,55.6,1,0,79.1,92.7,Male,Computer Science,Placed
STU_04622,9.03,1,0,0,65.6,68.4,0,1,66.0,48.0,Female,Mechanical,Placed
STU_04623,6.41,0,2,0,55.8,54.9,0,1,67.1,72.1,Female,Mechanical,Placed
STU_04624,8.07,2,3,0,77.1,81.5,0,0,71.7,83.3,Male,Mechanical,Placed
STU_04625,7.66,0,4,0,68.0,64.2,0,1,88.4,49.1,Female,Mechanical,Placed
STU_04626,,2,2,1,63.3,70.8,1,1,76.0,73.4,Female,Computer Science,Placed
STU_04627,6.63,1,1,2,77.9,69.9,1,1,79.3,73.2,Female,Information Technology,Placed
STU_04628,6.57,1,2,1,89.2,73.4,0,1,81.1,85.1,Male,Information Technology,Placed
STU_04629,8.4,2,2,1,67.7,70.1,0,1,84.3,80.3,Male,Computer Science,Placed
STU_04630,7.73,2,2,0,70.1,60.3,0,0,83.0,60.3,Male,Mechanical,Placed
STU_04631,5.76,1,3,1,52.3,73.0,1,1,78.7,67.9,Male,Civil,Placed
STU_04632,6.76,1,0,1,66.7,62.5,0,0,76.6,63.2,Female,Mechanical,Placed
STU_04633,7.69,0,0,1,73.3,81.8,0,1,88.9,54.6,Female,Information Technology,Placed
STU_04634,8.14,1,2,0,69.7,72.7,0,1,73.1,67.8,Male,Computer Science,Placed
STU_04635,6.62,0,4,1,64.6,59.5,1,1,91.6,91.3,Male,Mechanical,Placed
STU_04636,5.0,0,2,1,80.9,100.0,0,0,72.3,79.9,Female,Computer Science,Placed
STU_04637,7.82,2,4,1,70.9,91.9,1,1,75.2,79.7,Male,Mechanical,Placed
STU_04638,6.08,0,3,0,100.0,100.0,0,1,85.1,61.7,Male,Civil,Placed
STU_04639,5.28,0,3,0,73.1,67.9,1,0,99.0,53.5,Female,Computer Science,Not Placed
STU_04640,5.0,1,3,0,28.8,62.0,0,1,58.6,81.3,Male,Civil,Not Placed
STU_04641,,0,3,1,53.3,81.7,1,1,86.7,86.1,Female,Computer Science,Placed
STU_04642,7.43,0,3,1,78.0,85.3,1,1,82.7,76.8,Male,Mechanical,Placed
STU_04643,7.07,1,2,2,60.4,74.4,0,1,73.5,83.4,Female,Computer Science,Placed
STU_04644,8.69,1,0,1,61.3,46.8,0,1,81.6,71.3,Male,Civil,Placed
STU_04645,7.94,1,0,0,,60.2,0,0,66.0,75.6,Female,Information Technology,Placed
STU_04646,8.92,1,0,2,62.8,77.1,0,0,70.1,67.1,Male,Civil,Placed
STU_04647,5.91,1,0,1,72.9,64.1,1,0,82.3,79.2,Male,Mechanical,Placed
STU_04648,7.27,1,0,0,75.8,55.6,1,0,67.9,73.0,Male,Information Technology,Placed
STU_04649,5.68,1,3,1,54.7,68.9,1,0,79.5,81.7,Male,Information Technology,Placed
STU_04650,7.07,1,2,0,82.1,33.0,0,1,71.4,83.6,Female,Civil,Placed
STU_04651,7.05,2,1,0,52.1,64.8,0,1,73.5,71.1,Female,Information Technology,Placed
STU_04652,7.93,0,2,2,76.6,66.9,1,1,88.8,80.7,Male,Mechanical,Placed
STU_04653,7.35,0,2,2,75.1,75.7,1,1,66.3,67.3,Male,Computer Science,Placed
STU_04654,7.92,0,0,2,56.0,78.6,0,1,77.7,94.8,Male,Civil,Placed
STU_04655,8.0,1,3,0,54.2,76.5,0,0,82.8,90.5,Male,Mechanical,Placed
STU_04656,9.45,0,1,2,75.7,82.8,0,1,80.6,78.2,Female,Mechanical,Placed
STU_04657,6.98,1,2,1,61.6,70.0,0,1,72.1,66.6,Female,Computer Science,Placed
STU_04658,6.36,2,1,2,67.1,54.5,0,0,81.7,77.7,Female,Civil,Placed
STU_04659,7.55,1,2,1,80.3,72.5,0,1,67.7,61.7,Male,Computer Science,Placed
STU_04660,6.5,0,3,1,77.2,61.5,0,1,73.1,79.5,Female,Computer Science,Placed
STU_04661,8.78,1,1,0,56.3,55.7,0,1,93.9,51.6,Female,Civil,Placed
STU_04662,7.02,0,4,1,69.2,78.9,0,1,84.4,63.1,Male,Electronics,Placed
STU_04663,6.73,1,0,1,56.0,55.0,1,1,78.0,79.0,Male,Information Technology,Placed
STU_04664,6.83,1,2,0,83.0,80.2,0,1,82.5,90.3,Male,Electronics,Placed
STU_04665,8.02,0,3,1,93.0,56.5,1,0,69.9,79.0,Female,Civil,Placed
STU_04666,7.14,2,3,1,57.3,68.5,0,0,80.8,71.5,Female,Electronics,Placed
STU_04667,6.66,0,1,1,69.5,65.2,0,1,73.5,64.4,Female,Civil,Placed
STU_04668,8.97,3,0,0,83.8,85.6,1,1,72.2,69.4,Female,Electronics,Placed
STU_04669,6.44,0,2,0,70.4,79.1,1,1,76.8,55.6,Male,Electronics,Not Placed
STU_04670,7.34,0,0,0,78.4,62.1,1,0,72.0,70.6,Male,Mechanical,Placed
STU_04671,7.95,0,2,2,70.8,70.1,1,1,79.4,99.0,Female,Information Technology,Placed
STU_04672,5.67,0,2,0,54.1,88.0,0,0,82.2,76.4,Female,Computer Science,Placed
STU_04673,7.78,1,2,0,71.8,89.9,1,1,75.3,79.6,Female,Mechanical,Placed
STU_04674,6.24,1,1,3,86.9,55.6,0,0,50.0,54.5,Female,Civil,Placed
STU_04675,8.12,1,2,0,74.7,87.8,1,0,69.3,90.5,Female,Civil,Placed
STU_04676,6.34,0,3,1,94.4,86.9,0,1,67.2,91.7,Male,Computer Science,Placed
STU_04677,7.99,0,2,2,43.4,74.1,1,1,81.7,77.4,Female,Mechanical,Placed
STU_04678,8.41,1,2,1,75.7,70.9,1,1,70.7,81.8,Female,Mechanical,Placed
STU_04679,8.16,0,1,2,60.3,65.4,1,1,73.0,67.6,Female,Information Technology,Placed
STU_04680,7.55,1,1,3,56.9,57.0,0,1,86.4,72.0,Male,Mechanical,Placed
STU_04681,7.07,1,1,2,90.0,76.1,0,0,70.2,99.0,Female,Mechanical,Placed
STU_04682,6.72,0,2,1,66.2,70.0,1,1,80.0,69.9,Female,Civil,Not Placed
STU_04683,8.77,1,1,0,64.7,77.2,0,0,71.8,95.1,Male,Information Technology,Placed
STU_04684,6.6,1,2,1,75.2,77.5,0,1,73.3,97.6,Male,Information Technology,Placed
STU_04685,,1,2,2,37.7,100.0,0,1,66.4,79.9,Male,Mechanical,Placed
STU_04686,7.97,0,2,2,90.3,86.4,0,1,72.8,73.7,Male,Mechanical,Placed
STU_04687,6.5,0,1,2,98.6,78.6,1,1,83.1,60.4,Male,Computer Science,Placed
STU_04688,6.35,0,2,1,83.7,46.4,1,1,68.3,80.9,Female,Mechanical,Placed
STU_04689,5.86,0,2,1,76.2,76.7,0,1,70.8,75.2,Male,Electronics,Placed
STU_04690,6.82,0,0,0,66.8,91.0,1,1,99.0,73.8,Female,Civil,Placed
STU_04691,7.22,2,0,0,53.9,66.9,0,1,80.6,69.7,Female,Electronics,Placed
STU_04692,7.54,1,2,2,87.9,98.3,1,1,81.4,78.3,Female,Information Technology,Placed
STU_04693,8.25,1,1,0,83.7,78.5,1,1,71.7,80.1,Female,Civil,Placed
STU_04694,7.83,0,0,0,76.8,75.5,1,0,88.4,74.6,Male,Electronics,Placed
STU_04695,7.11,2,0,2,75.0,60.1,0,1,90.0,87.9,Female,Mechanical,Placed
STU_04696,7.1,0,1,0,74.5,90.0,0,0,72.0,74.8,Male,Electronics,Placed
STU_04697,7.81,1,4,2,62.1,62.0,1,1,88.7,73.3,Male,Electronics,Placed
STU_04698,8.57,3,2,0,100.0,65.2,0,1,91.4,62.6,Male,Mechanical,Placed
STU_04699,7.43,1,2,2,65.7,49.4,0,0,57.3,72.7,Male,Civil,Not Placed
STU_04700,6.83,3,3,1,63.6,82.8,0,1,86.6,74.3,Female,Computer Science,Placed
STU_04701,6.31,1,2,0,86.8,79.1,1,1,70.4,48.0,Male,Mechanical,Placed
STU_04702,5.85,0,2,1,69.6,72.1,1,1,91.3,80.6,Male,Mechanical,Placed
STU_04703,7.97,0,1,2,69.7,80.9,0,1,70.0,85.1,Female,Civil,Placed
STU_04704,7.88,0,2,1,91.2,79.8,1,1,84.1,99.0,Male,Information Technology,Placed
STU_04705,7.88,0,0,1,80.2,67.6,1,1,60.4,64.8,Female,Mechanical,Placed
STU_04706,7.17,1,1,3,80.9,62.6,0,1,89.2,73.8,Male,Computer Science,Placed
STU_04707,8.71,0,0,0,48.7,51.4,0,1,78.7,80.0,Male,Computer Science,Placed
STU_04708,6.82,2,1,2,76.0,69.9,0,1,90.9,74.4,Female,Mechanical,Placed
STU_04709,8.26,0,0,0,54.9,56.3,0,1,70.8,66.8,Male,Mechanical,Placed
STU_04710,7.26,1,1,1,63.2,74.0,0,1,80.1,58.8,Female,Mechanical,Placed
STU_04711,6.69,3,3,0,72.6,70.1,1,1,93.2,75.8,Male,Mechanical,Placed
STU_04712,7.89,0,1,1,69.5,67.2,1,1,77.7,88.5,Male,Information Technology,Placed
STU_04713,7.71,1,3,0,79.8,84.6,1,1,82.3,75.1,Female,Mechanical,Placed
STU_04714,7.66,1,2,0,81.6,60.2,0,0,85.0,74.3,Male,Civil,Placed
STU_04715,7.38,0,2,1,82.7,49.8,1,0,62.5,79.2,Female,Civil,Placed
STU_04716,7.26,1,1,1,49.8,69.3,0,0,72.8,83.3,Male,Information Technology,Placed
STU_04717,9.69,0,3,1,100.0,63.1,1,1,89.4,78.6,Female,Electronics,Placed
STU_04718,8.48,1,0,1,69.6,73.5,1,1,57.5,61.4,Male,Information Technology,Placed
STU_04719,8.02,1,2,0,88.2,61.0,1,0,89.2,80.1,Female,Mechanical,Placed
STU_04720,7.41,1,2,2,32.3,77.0,0,1,72.1,68.1,Female,Electronics,Placed
STU_04721,8.31,1,1,0,66.0,60.3,0,0,98.6,67.1,Male,Electronics,Placed
STU_04722,7.82,0,1,0,48.1,60.2,1,0,82.4,63.1,Female,Computer Science,Placed
STU_04723,7.33,1,1,1,57.1,79.4,0,1,70.0,74.0,Female,Civil,Placed
STU_04724,7.0,2,3,1,70.8,71.4,0,1,87.8,69.1,Female,Information Technology,Placed
STU_04725,7.22,2,3,0,65.0,57.8,0,1,92.3,71.8,Male,Information Technology,Placed
STU_04726,5.0,1,3,0,89.7,60.6,1,0,84.0,64.0,Male,Information Technology,Not Placed
STU_04727,7.51,0,1,2,96.5,67.5,0,1,73.5,84.8,Female,Mechanical,Placed
STU_04728,6.81,3,1,1,55.5,58.3,0,1,92.4,70.7,Female,Mechanical,Placed
STU_04729,8.89,0,0,1,62.7,68.5,0,1,68.7,67.0,Female,Computer Science,Placed
STU_04730,7.32,1,3,2,54.5,69.0,0,1,88.7,56.4,Male,Information Technology,Placed
STU_04731,6.11,0,1,0,87.3,61.0,0,1,53.9,93.5,Female,Electronics,Not Placed
STU_04732,7.25,3,1,1,72.4,79.8,1,0,79.2,57.9,Male,Civil,Placed
STU_04733,6.25,1,3,0,70.5,59.8,1,0,72.4,78.2,Male,Mechanical,Not Placed
STU_04734,7.77,1,2,0,74.7,86.9,1,1,64.3,82.3,Female,Electronics,Placed
STU_04735,7.59,0,2,0,65.3,69.4,0,1,91.0,70.7,Female,Computer Science,Placed
STU_04736,8.26,1,1,1,57.2,64.1,0,1,56.5,79.6,Female,Information Technology,Placed
STU_04737,6.51,1,2,0,70.8,78.5,0,1,91.8,80.5,Male,Computer Science,Placed
STU_04738,7.33,1,3,1,66.0,72.4,0,0,62.7,84.2,Male,Electronics,Placed
STU_04739,5.93,0,2,3,75.2,81.1,0,1,88.5,81.6,Male,Computer Science,Placed
STU_04740,8.0,1,1,2,45.5,48.0,0,0,70.2,71.6,Male,Mechanical,Placed
STU_04741,7.82,0,0,0,72.8,78.2,1,1,58.5,70.6,Male,Electronics,Placed
STU_04742,7.8,1,1,0,59.7,65.8,0,1,73.5,97.5,Male,Electronics,Placed
STU_04743,,0,2,1,72.3,72.5,0,1,83.6,87.0,Male,Civil,Placed
STU_04744,7.71,0,0,0,83.6,70.9,1,0,69.0,67.3,Female,Civil,Placed
STU_04745,8.9,0,2,3,61.7,88.2,0,1,80.6,78.6,Male,Mechanical,Placed
STU_04746,7.01,0,2,3,88.0,49.7,0,1,84.9,79.3,Male,Mechanical,Placed
STU_04747,7.44,0,2,1,43.9,91.4,1,1,92.9,74.8,Male,Mechanical,Placed
STU_04748,6.21,2,0,0,93.2,80.5,0,0,78.6,94.3,Male,Computer Science,Placed
STU_04749,6.43,1,2,2,88.6,73.8,0,0,89.7,73.9,Male,Civil,Placed
STU_04750,7.4,0,2,2,56.7,54.8,0,1,86.5,74.1,Male,Electronics,Placed
STU_04751,8.4,1,1,1,56.8,51.9,0,0,77.1,84.0,Female,Information Technology,Placed
STU_04752,7.04,1,4,0,47.6,65.3,0,1,89.5,64.6,Male,Information Technology,Placed
STU_04753,7.06,2,1,1,83.8,79.6,0,1,86.9,69.2,Female,Computer Science,Placed
STU_04754,6.89,0,2,2,65.0,71.9,1,1,76.3,91.2,Male,Information Technology,Placed
STU_04755,6.77,0,1,0,63.9,78.9,0,1,85.1,74.7,Male,Computer Science,Placed
STU_04756,7.59,3,2,2,53.2,54.4,0,1,80.7,66.2,Female,Mechanical,Placed
STU_04757,5.8,0,2,0,97.2,72.5,1,0,83.5,76.9,Male,Civil,Placed
STU_04758,8.58,0,0,2,55.4,85.1,0,1,96.8,76.6,Male,Mechanical,Placed
STU_04759,6.63,0,2,1,70.4,89.4,0,1,70.0,89.7,Female,Computer Science,Placed
STU_04760,8.02,0,2,0,73.2,57.0,0,0,80.5,87.0,Male,Electronics,Placed
STU_04761,6.03,3,2,0,64.0,67.8,0,0,78.3,77.3,Female,Electronics,Placed
STU_04762,7.97,0,0,1,61.0,67.9,0,1,85.9,93.2,Male,Mechanical,Not Placed
STU_04763,7.97,2,1,0,64.5,64.5,0,0,73.5,89.0,Female,Information Technology,Placed
STU_04764,7.68,3,2,1,78.5,82.9,0,1,72.3,78.9,Female,Electronics,Placed
STU_04765,6.31,1,0,0,64.8,100.0,1,1,77.4,65.7,Female,Computer Science,Placed
STU_04766,7.55,0,2,0,94.4,58.6,0,0,82.8,94.7,Male,Information Technology,Placed
STU_04767,6.12,0,0,1,58.3,77.1,1,1,73.4,89.0,Female,Computer Science,Placed
STU_04768,7.05,1,1,1,81.3,75.5,0,0,51.5,61.7,Female,Mechanical,Placed
STU_04769,8.33,0,3,1,43.7,75.8,0,0,68.5,68.5,Female,Information Technology,Placed
STU_04770,8.1,1,2,1,58.3,88.0,0,1,92.1,60.3,Female,Electronics,Placed
STU_04771,7.32,0,2,1,57.8,76.5,1,1,93.5,63.2,Male,Electronics,Placed
STU_04772,6.33,2,3,1,53.4,46.4,1,0,73.0,89.0,Male,Civil,Placed
STU_04773,7.95,1,2,0,74.3,54.8,0,1,96.0,76.0,Male,Mechanical,Placed
STU_04774,7.32,1,2,0,68.3,59.2,1,1,74.7,67.7,Male,Information Technology,Placed
STU_04775,5.0,2,4,0,35.8,63.0,1,0,62.7,83.3,Male,Civil,Placed
STU_04776,8.08,0,2,1,99.9,70.3,1,1,74.9,84.2,Male,Computer Science,Placed
STU_04777,7.28,0,2,1,72.6,69.4,1,1,85.3,89.7,Male,Mechanical,Placed
STU_04778,8.5,0,1,1,70.0,50.1,0,0,72.3,81.7,Male,Electronics,Placed
STU_04779,6.2,0,3,2,89.7,52.7,1,1,84.0,82.0,Female,Computer Science,Placed
STU_04780,5.0,1,1,0,84.8,46.6,1,0,80.7,65.9,Male,Computer Science,Placed
STU_04781,7.58,0,0,1,65.5,53.4,0,1,75.1,76.1,Female,Computer Science,Placed
STU_04782,7.59,0,1,0,40.7,83.9,1,1,85.8,74.7,Male,Computer Science,Placed
STU_04783,5.61,3,0,1,78.5,68.8,0,1,90.3,49.2,Female,Mechanical,Placed
STU_04784,6.32,0,1,1,55.6,60.6,0,1,79.8,78.9,Male,Civil,Not Placed
STU_04785,10.0,1,3,2,88.6,49.0,0,1,83.9,56.2,Female,Mechanical,Placed
STU_04786,6.99,0,2,2,58.4,59.8,0,0,63.4,82.9,Female,Electronics,Not Placed
STU_04787,8.03,0,1,2,63.2,79.3,1,1,91.9,70.8,Female,Information Technology,Placed
STU_04788,6.65,1,2,2,49.9,77.7,0,1,72.7,70.9,Female,Electronics,Placed
STU_04789,5.21,2,2,0,51.1,69.0,0,1,69.4,69.5,Female,Information Technology,Placed
STU_04790,7.13,0,2,0,68.4,68.8,1,1,86.9,68.3,Female,Electronics,Placed
STU_04791,7.03,0,1,2,67.0,50.7,1,0,74.2,72.5,Male,Civil,Not Placed
STU_04792,6.9,0,3,2,62.9,62.7,0,1,71.1,85.2,Female,Electronics,Placed
STU_04793,7.19,0,1,1,100.0,78.7,0,1,75.1,63.1,Male,Information Technology,Placed
STU_04794,7.56,0,0,0,79.1,63.9,0,1,65.8,75.1,Female,Mechanical,Placed
STU_04795,7.15,1,1,2,,91.5,0,0,71.0,98.2,Male,Information Technology,Placed
STU_04796,6.04,0,2,0,28.6,86.5,1,1,88.2,67.6,Female,Civil,Placed
STU_04797,7.79,1,2,0,82.4,66.6,1,1,89.7,74.8,Male,Information Technology,Placed
STU_04798,5.35,1,1,1,100.0,68.8,0,1,78.7,84.3,Male,Computer Science,Placed
STU_04799,5.25,0,0,0,67.2,98.7,0,0,71.2,99.0,Male,Information Technology,Placed
STU_04800,8.04,0,2,0,57.8,82.2,1,1,82.1,92.1,Male,Information Technology,Placed
STU_04801,7.81,3,2,2,72.4,72.8,0,0,59.0,73.5,Male,Electronics,Placed
STU_04802,7.24,0,1,0,48.5,74.2,0,0,89.7,79.3,Female,Electronics,Placed
STU_04803,5.9,1,3,2,76.9,73.8,1,1,77.3,72.7,Female,Mechanical,Placed
STU_04804,6.59,0,4,3,92.5,71.8,0,1,67.7,87.0,Male,Computer Science,Not Placed
STU_04805,7.04,1,1,2,59.9,59.1,0,0,92.9,73.7,Female,Mechanical,Placed
STU_04806,5.7,0,2,3,60.4,67.2,0,1,78.4,93.7,Male,Computer Science,Placed
STU_04807,6.56,0,0,1,68.8,54.8,1,1,73.7,53.8,Male,Information Technology,Placed
STU_04808,7.95,0,2,1,62.5,80.7,0,0,98.5,81.7,Male,Computer Science,Placed
STU_04809,8.73,0,1,2,47.3,70.4,0,1,72.7,83.2,Male,Civil,Placed
STU_04810,6.88,2,1,1,64.2,81.3,0,1,85.5,48.0,Male,Information Technology,Placed
STU_04811,8.06,1,2,1,61.2,56.7,0,1,84.9,57.0,Male,Computer Science,Placed
STU_04812,5.39,0,3,1,90.5,89.1,0,1,69.5,89.5,Female,Computer Science,Placed
STU_04813,7.96,1,0,1,87.3,87.6,1,1,76.6,80.7,Male,Electronics,Placed
STU_04814,6.5,2,0,2,91.0,53.1,0,1,75.5,83.7,Male,Computer Science,Placed
STU_04815,7.61,1,1,1,82.0,65.9,1,1,60.3,93.5,Female,Mechanical,Placed
STU_04816,7.05,0,2,1,73.1,67.2,0,1,58.4,71.2,Female,Civil,Placed
STU_04817,8.62,2,2,1,56.9,54.7,0,1,56.2,93.4,Female,Electronics,Placed
STU_04818,6.43,0,2,1,89.9,68.9,0,1,73.5,99.0,Female,Information Technology,Placed
STU_04819,7.93,1,2,0,75.2,78.7,0,1,68.1,88.9,Male,Mechanical,Placed
STU_04820,,1,2,2,51.3,66.4,1,1,68.7,79.8,Male,Information Technology,Not Placed
STU_04821,7.14,2,2,0,56.3,51.4,0,1,73.8,74.4,Female,Mechanical,Placed
STU_04822,7.12,2,2,3,51.0,81.3,1,0,78.0,77.3,Female,Electronics,Placed
STU_04823,6.45,2,2,2,39.2,62.5,1,1,74.9,76.9,Female,Information Technology,Placed
STU_04824,7.29,0,3,1,75.8,63.8,0,0,71.0,75.3,Male,Mechanical,Placed
STU_04825,7.24,2,1,3,51.4,92.2,0,1,97.3,62.9,Female,Information Technology,Placed
STU_04826,7.54,0,1,1,58.7,76.8,0,1,76.0,79.7,Male,Mechanical,Placed
STU_04827,7.38,0,0,0,70.6,62.3,0,1,88.0,77.6,Male,Civil,Placed
STU_04828,8.1,1,3,1,67.2,57.7,1,0,65.6,90.0,Female,Electronics,Placed
STU_04829,8.22,1,1,0,59.3,83.6,1,1,91.4,81.3,Female,Civil,Placed
STU_04830,6.25,1,1,0,92.8,82.8,1,1,72.5,67.0,Male,Civil,Placed
STU_04831,8.17,1,4,1,47.1,65.9,0,1,99.0,62.9,Male,Computer Science,Placed
STU_04832,6.11,2,3,2,47.7,56.9,0,1,64.9,74.9,Male,Information Technology,Placed
STU_04833,7.89,0,4,1,76.9,76.6,1,1,67.3,65.4,Female,Civil,Placed
STU_04834,7.92,0,0,1,60.6,79.1,1,0,76.1,76.6,Male,Mechanical,Placed
STU_04835,5.39,2,3,0,60.0,67.5,1,1,74.5,67.6,Female,Electronics,Placed
STU_04836,7.39,0,1,1,53.8,58.8,0,0,66.3,89.1,Male,Computer Science,Placed
STU_04837,6.83,1,0,0,75.1,72.3,0,1,92.7,81.4,Male,Electronics,Placed
STU_04838,6.54,1,1,0,73.4,77.5,1,1,91.7,85.9,Male,Computer Science,Placed
STU_04839,8.65,1,2,2,71.8,66.2,0,0,74.6,73.2,Female,Mechanical,Placed
STU_04840,6.65,1,0,0,61.3,75.1,0,1,88.1,77.2,Female,Civil,Placed
STU_04841,6.49,0,2,0,58.7,76.3,0,0,92.2,85.1,Male,Civil,Placed
STU_04842,7.38,2,3,0,67.6,85.7,0,1,77.9,79.0,Male,Computer Science,Placed
STU_04843,7.99,0,1,1,84.5,67.0,0,0,71.3,82.8,Male,Civil,Placed
STU_04844,7.16,0,1,2,93.5,58.3,0,1,90.8,67.5,Male,Mechanical,Placed
STU_04845,8.47,0,1,3,86.7,71.2,1,1,89.3,84.4,Female,Civil,Placed
STU_04846,7.83,1,3,1,77.6,92.3,0,1,65.5,68.6,Female,Information Technology,Placed
STU_04847,5.12,1,0,1,84.7,50.8,1,1,92.2,97.9,Male,Civil,Placed
STU_04848,6.77,2,1,0,52.3,44.2,0,1,67.8,77.1,Female,Computer Science,Placed
STU_04849,6.74,1,1,0,59.3,70.7,1,0,81.8,87.2,Male,Computer Science,Not Placed
STU_04850,7.78,1,3,1,77.9,67.4,1,1,69.8,70.1,Male,Civil,Placed
STU_04851,5.0,2,0,1,68.2,69.5,0,1,79.6,72.6,Female,Civil,Placed
STU_04852,9.85,1,1,1,75.1,69.1,1,1,79.2,72.1,Male,Mechanical,Placed
STU_04853,7.83,1,1,0,84.7,84.1,0,1,99.0,55.6,Female,Information Technology,Placed
STU_04854,7.45,1,3,0,82.4,71.5,0,1,61.8,48.0,Male,Civil,Placed
STU_04855,8.48,0,1,0,53.6,81.8,0,1,70.3,71.8,Male,Information Technology,Placed
STU_04856,9.64,2,2,2,70.2,42.3,1,1,73.3,54.2,Male,Computer Science,Placed
STU_04857,8.17,0,0,0,56.2,65.7,1,1,81.3,78.1,Female,Mechanical,Placed
STU_04858,8.25,1,4,1,58.3,62.2,0,1,74.9,73.3,Male,Civil,Placed
STU_04859,7.43,1,2,0,44.3,44.6,0,0,56.0,48.0,Female,Electronics,Placed
STU_04860,7.16,2,2,1,72.0,73.2,1,1,85.4,69.1,Male,Electronics,Placed
STU_04861,6.82,2,1,0,43.2,70.8,0,0,91.3,74.7,Male,Computer Science,Placed
STU_04862,6.47,1,1,0,75.9,66.4,0,1,82.3,90.5,Male,Computer Science,Placed
STU_04863,6.61,1,1,0,90.4,70.5,0,1,73.4,70.0,Male,Electronics,Placed
STU_04864,5.95,0,2,0,78.0,73.2,0,1,80.0,56.9,Female,Electronics,Placed
STU_04865,7.22,1,4,0,70.8,84.2,0,0,65.8,55.5,Female,Information Technology,Placed
STU_04866,5.62,2,1,2,93.0,79.7,1,1,88.6,69.3,Male,Computer Science,Placed
STU_04867,7.49,2,3,0,74.9,75.9,1,1,83.0,64.2,Male,Electronics,Placed
STU_04868,7.26,2,0,0,57.1,99.7,0,1,72.7,72.7,Male,Electronics,Placed
STU_04869,7.45,0,3,1,71.9,63.5,1,1,78.8,76.9,Male,Mechanical,Placed
STU_04870,6.78,2,1,1,99.4,55.7,0,1,88.3,80.9,Male,Electronics,Placed
STU_04871,10.0,2,1,0,53.6,86.1,0,1,89.6,81.2,Male,Electronics,Placed
STU_04872,8.66,0,2,1,49.3,94.4,1,0,77.3,68.4,Female,Electronics,Placed
STU_04873,6.06,1,2,2,79.2,64.4,1,0,99.0,81.9,Female,Civil,Placed
STU_04874,7.53,1,2,0,66.6,88.5,0,1,91.7,58.2,Male,Electronics,Placed
STU_04875,6.69,1,2,1,62.0,65.6,1,0,83.3,76.5,Male,Computer Science,Placed
STU_04876,6.29,3,2,0,51.1,79.0,1,1,74.0,77.3,Male,Civil,Placed
STU_04877,5.96,1,0,0,40.7,79.7,0,1,74.3,76.4,Female,Civil,Placed
STU_04878,7.73,1,1,3,48.2,64.4,1,1,80.0,63.6,Female,Mechanical,Placed
STU_04879,6.62,1,1,0,94.2,94.2,1,0,76.9,64.8,Male,Civil,Placed
STU_04880,8.27,1,2,0,69.9,95.5,0,1,95.0,82.1,Male,Electronics,Placed
STU_04881,8.29,2,2,3,40.6,59.7,0,1,68.6,70.4,Male,Mechanical,Placed
STU_04882,8.67,1,2,1,87.8,74.4,1,1,83.1,81.5,Male,Mechanical,Placed
STU_04883,6.45,0,2,1,88.5,83.0,1,1,58.0,68.3,Male,Information Technology,Placed
STU_04884,7.78,0,1,1,88.4,49.4,0,1,81.8,99.0,Male,Civil,Placed
STU_04885,7.93,0,2,1,63.7,72.3,0,1,86.7,71.9,Male,Mechanical,Placed
STU_04886,6.83,1,0,2,66.0,52.2,1,0,92.4,88.1,Female,Information Technology,Placed
STU_04887,6.53,2,2,0,72.1,80.0,0,0,72.1,99.0,Male,Mechanical,Placed
STU_04888,8.91,0,0,1,91.0,73.0,1,1,70.9,87.2,Female,Civil,Placed
STU_04889,7.53,0,2,0,61.7,67.5,1,1,88.2,71.1,Female,Civil,Placed
STU_04890,7.94,0,2,0,58.7,53.2,1,0,89.9,73.9,Male,Computer Science,Placed
STU_04891,6.48,1,1,1,80.4,64.8,0,1,75.7,48.0,Male,Electronics,Placed
STU_04892,6.08,3,2,1,88.1,78.2,1,1,58.4,49.3,Male,Electronics,Placed
STU_04893,6.73,1,0,0,69.2,71.5,1,1,67.4,74.8,Male,Electronics,Not Placed
STU_04894,7.18,1,1,0,80.1,86.3,0,1,77.1,68.6,Male,Computer Science,Placed
STU_04895,6.24,1,2,1,71.7,85.5,0,0,63.8,62.7,Female,Computer Science,Placed
STU_04896,7.29,0,3,1,66.2,85.0,0,1,85.3,75.4,Male,Information Technology,Placed
STU_04897,5.61,1,1,2,57.6,65.5,0,1,70.3,68.5,Male,Electronics,Placed
STU_04898,6.18,1,1,2,52.7,75.5,0,1,77.3,64.3,Male,Information Technology,Placed
STU_04899,7.97,1,2,3,60.8,60.4,0,1,88.9,86.0,Male,Information Technology,Placed
STU_04900,7.9,2,2,1,55.4,56.9,1,1,81.7,60.8,Male,Mechanical,Placed
STU_04901,6.91,1,1,1,74.3,86.2,0,1,97.4,82.7,Male,Electronics,Placed
STU_04902,6.28,1,3,2,88.3,57.8,1,1,92.0,77.6,Male,Computer Science,Placed
STU_04903,6.27,2,2,2,73.1,56.5,1,0,67.6,90.0,Female,Information Technology,Not Placed
STU_04904,6.93,3,0,1,56.2,73.3,1,1,83.9,69.8,Male,Electronics,Placed
STU_04905,7.94,1,1,1,82.8,68.8,1,0,79.5,60.2,Male,Civil,Placed
STU_04906,8.23,0,2,0,74.5,69.8,1,1,89.9,68.0,Male,Electronics,Placed
STU_04907,6.8,1,2,2,77.4,99.7,1,0,83.2,74.5,Male,Information Technology,Placed
STU_04908,6.15,1,1,2,62.2,60.1,1,0,73.0,85.9,Female,Civil,Placed
STU_04909,7.57,0,4,2,,77.9,0,1,82.8,83.9,Male,Electronics,Placed
STU_04910,6.48,0,1,0,86.9,73.0,0,1,74.3,72.6,Female,Civil,Placed
STU_04911,6.78,0,2,0,67.2,84.1,0,0,71.5,74.2,Female,Information Technology,Placed
STU_04912,8.63,1,0,1,80.8,62.6,0,1,76.9,82.7,Male,Mechanical,Placed
STU_04913,8.13,1,3,2,86.5,69.3,0,0,80.5,86.6,Female,Electronics,Placed
STU_04914,7.46,0,2,2,63.0,73.4,1,1,91.0,78.6,Male,Mechanical,Placed
STU_04915,6.03,0,1,0,68.8,54.8,1,1,73.0,78.2,Male,Civil,Not Placed
STU_04916,7.51,1,3,1,71.2,50.3,0,0,58.8,77.6,Male,Electronics,Placed
STU_04917,8.36,0,1,0,53.5,71.8,0,0,76.0,78.0,Female,Computer Science,Placed
STU_04918,6.92,0,2,1,76.6,88.1,1,0,80.6,78.0,Male,Mechanical,Placed
STU_04919,8.65,1,3,1,85.3,67.8,0,0,79.8,64.0,Male,Mechanical,Placed
STU_04920,8.59,1,2,2,67.8,69.4,1,1,75.5,57.2,Male,Civil,Placed
STU_04921,8.96,0,3,2,75.1,85.8,0,0,87.5,65.4,Female,Information Technology,Placed
STU_04922,7.61,1,3,0,91.0,70.2,0,1,81.1,69.9,Male,Computer Science,Placed
STU_04923,7.89,0,4,1,63.9,81.3,0,0,84.0,82.2,Female,Information Technology,Placed
STU_04924,8.71,1,1,1,75.4,100.0,0,1,59.6,72.0,Male,Electronics,Placed
STU_04925,7.75,0,1,0,61.5,65.1,1,1,76.3,77.2,Male,Information Technology,Placed
STU_04926,6.8,0,2,3,61.0,69.9,0,1,76.6,75.8,Female,Mechanical,Not Placed
STU_04927,6.85,1,2,2,75.1,76.8,0,1,94.8,80.5,Male,Computer Science,Placed
STU_04928,7.54,1,2,0,73.6,89.9,1,1,76.9,70.3,Male,Electronics,Placed
STU_04929,6.01,0,0,1,78.3,70.6,0,0,71.4,67.0,Male,Electronics,Placed
STU_04930,7.16,0,3,0,71.1,80.8,0,1,70.8,56.9,Female,Mechanical,Placed
STU_04931,8.4,2,4,1,77.0,76.2,1,0,87.8,78.7,Female,Information Technology,Placed
STU_04932,5.11,1,1,1,95.0,71.1,1,1,72.2,48.0,Female,Electronics,Placed
STU_04933,8.83,0,1,0,85.9,67.0,1,0,69.5,76.8,Male,Electronics,Placed
STU_04934,8.42,1,0,2,75.1,64.7,1,1,87.2,84.8,Male,Electronics,Placed
STU_04935,6.84,0,1,1,77.6,100.0,1,1,81.9,73.4,Female,Computer Science,Placed
STU_04936,7.84,1,2,3,65.5,53.5,0,1,75.6,79.0,Male,Mechanical,Placed
STU_04937,7.3,0,3,0,67.6,54.6,0,1,64.7,70.3,Male,Electronics,Not Placed
STU_04938,8.53,0,0,2,77.4,74.9,0,0,83.5,74.9,Female,Computer Science,Placed
STU_04939,8.28,0,2,2,71.3,74.4,1,1,86.3,73.2,Female,Computer Science,Placed
STU_04940,5.9,1,2,0,81.9,77.1,0,0,68.5,82.6,Female,Civil,Placed
STU_04941,7.89,0,1,0,89.0,61.5,1,0,81.6,71.9,Female,Electronics,Placed
STU_04942,7.09,0,2,2,68.5,59.7,1,0,77.0,61.9,Male,Civil,Placed
STU_04943,7.38,0,2,1,39.9,68.6,0,0,69.2,78.6,Male,Civil,Placed
STU_04944,6.57,0,3,1,100.0,82.9,0,1,73.6,73.6,Male,Computer Science,Placed
STU_04945,9.05,1,2,2,60.2,59.8,1,1,77.5,67.3,Male,Electronics,Placed
STU_04946,8.34,0,2,0,72.9,73.8,1,1,64.8,82.1,Female,Computer Science,Placed
STU_04947,6.56,1,1,1,80.9,65.9,1,1,83.7,97.0,Female,Information Technology,Placed
STU_04948,,0,1,1,91.1,53.7,1,1,70.9,80.2,Male,Electronics,Placed
STU_04949,6.91,0,1,1,97.1,56.6,0,1,71.3,83.8,Female,Information Technology,Placed
STU_04950,,1,1,0,64.5,82.9,1,0,83.1,76.7,Female,Information Technology,Placed
STU_04951,7.54,3,0,1,87.8,64.8,1,1,73.5,90.7,Male,Mechanical,Placed
STU_04952,8.55,0,1,1,73.0,86.9,1,0,75.8,82.2,Male,Information Technology,Placed
STU_04953,8.09,0,2,1,100.0,71.6,0,1,76.9,68.9,Male,Information Technology,Placed
STU_04954,8.27,1,2,1,86.5,55.6,1,0,70.2,81.6,Male,Civil,Placed
STU_04955,7.63,2,0,0,67.3,77.7,1,0,72.8,79.7,Female,Electronics,Placed
STU_04956,5.91,3,1,2,58.1,62.4,0,0,77.8,70.7,Female,Information Technology,Placed
STU_04957,7.1,1,2,1,30.6,67.5,1,1,77.8,88.7,Male,Civil,Placed
STU_04958,8.36,1,1,3,80.1,85.6,0,0,83.3,61.1,Male,Computer Science,Placed
STU_04959,7.25,1,1,0,85.1,56.5,0,1,83.7,79.1,Male,Computer Science,Placed
STU_04960,7.8,1,2,0,81.2,66.6,0,1,90.2,70.3,Female,Electronics,Placed
STU_04961,6.98,1,0,0,34.7,59.0,1,1,62.9,57.3,Female,Information Technology,Placed
STU_04962,6.27,2,1,1,,57.7,0,1,87.1,76.3,Male,Mechanical,Placed
STU_04963,7.18,1,0,0,77.2,66.3,1,1,74.6,70.5,Female,Mechanical,Placed
STU_04964,7.61,1,0,1,96.8,61.7,1,1,84.6,68.6,Male,Information Technology,Placed
STU_04965,6.64,1,4,2,69.2,68.7,0,1,81.4,63.3,Male,Computer Science,Placed
STU_04966,7.06,1,1,0,86.4,79.7,0,0,72.2,97.1,Male,Computer Science,Placed
STU_04967,6.36,1,2,0,54.5,63.0,0,0,93.2,48.0,Male,Civil,Placed
STU_04968,8.42,1,2,2,73.1,54.4,1,0,85.6,51.2,Female,Civil,Placed
STU_04969,7.01,0,0,0,65.9,79.7,0,1,82.2,80.8,Female,Mechanical,Placed
STU_04970,8.75,0,1,1,87.8,62.9,0,1,99.0,80.1,Male,Civil,Placed
STU_04971,8.83,1,3,0,61.9,93.9,0,1,68.3,59.7,Female,Information Technology,Placed
STU_04972,7.22,2,3,1,95.2,67.1,0,0,78.3,68.4,Male,Civil,Placed
STU_04973,6.29,0,1,0,65.4,70.4,1,0,83.6,81.9,Female,Electronics,Not Placed
STU_04974,5.21,1,1,1,54.0,44.4,0,0,67.3,72.0,Male,Mechanical,Placed
STU_04975,5.83,0,2,1,54.5,58.1,0,1,71.4,83.8,Female,Computer Science,Placed
STU_04976,5.93,0,1,2,60.7,44.7,0,1,88.0,74.5,Male,Civil,Placed
STU_04977,8.68,3,0,0,75.6,75.5,0,0,73.0,69.3,Male,Electronics,Placed
STU_04978,7.42,2,1,1,60.9,71.0,1,1,86.7,59.0,Male,Computer Science,Placed
STU_04979,7.69,0,1,0,57.7,79.6,1,0,71.7,74.3,Male,Civil,Placed
STU_04980,5.08,1,0,2,83.3,81.7,1,1,98.2,67.9,Male,Information Technology,Placed
STU_04981,6.1,0,2,1,21.8,83.5,0,0,54.6,85.9,Female,Mechanical,Not Placed
STU_04982,8.19,3,2,0,63.6,69.3,0,1,88.1,85.5,Female,Computer Science,Placed
STU_04983,7.59,0,2,0,50.0,73.0,1,0,80.5,72.3,Male,Computer Science,Placed
STU_04984,7.15,0,0,0,57.0,78.9,0,0,62.7,74.6,Male,Electronics,Placed
STU_04985,7.86,1,1,0,73.7,62.5,0,1,75.8,70.9,Female,Mechanical,Placed
STU_04986,8.94,2,2,1,66.9,60.7,0,0,58.7,69.2,Male,Mechanical,Placed
STU_04987,7.08,0,0,0,65.6,90.5,0,1,81.5,63.2,Male,Electronics,Placed
STU_04988,7.37,1,0,3,87.8,50.3,1,1,72.0,75.7,Female,Civil,Not Placed
STU_04989,7.49,0,1,0,69.8,78.0,0,0,58.5,71.8,Female,Electronics,Placed
STU_04990,9.69,2,1,2,97.1,76.1,0,1,79.7,91.4,Male,Computer Science,Placed
STU_04991,5.2,0,3,0,,58.5,1,1,79.4,71.1,Male,Computer Science,Not Placed
STU_04992,7.98,2,2,0,55.5,64.0,1,1,99.0,99.0,Male,Information Technology,Placed
STU_04993,7.19,1,1,3,99.0,67.7,0,1,86.3,94.9,Male,Mechanical,Placed
STU_04994,,0,2,2,74.2,74.6,0,1,54.1,67.1,Female,Computer Science,Placed
STU_04995,6.64,3,1,1,98.1,76.2,0,1,72.7,74.2,Male,Computer Science,Placed
STU_04996,7.25,3,0,1,66.0,71.6,0,1,89.0,57.9,Male,Mechanical,Placed
STU_04997,8.01,1,1,3,74.1,74.3,0,1,61.7,70.4,Female,Civil,Placed
STU_04998,10.0,0,2,1,76.5,79.9,0,1,70.3,79.1,Female,Mechanical,Placed
STU_04999,8.11,1,0,0,67.5,79.4,0,1,78.0,77.3,Female,Computer Science,Placed
STU_05000,6.45,1,1,0,89.1,90.4,1,1,72.7,66.1,Male,Mechanical,Placed
STU_05001,6.88,1,1,1,99.0,84.5,0,0,93.9,74.2,Female,Civil,Placed
STU_05002,6.85,1,1,1,35.6,72.2,1,0,79.8,80.5,Female,Computer Science,Placed
STU_05003,5.5,0,2,1,82.2,79.7,0,1,78.3,73.6,Male,Civil,Placed
STU_05004,6.97,1,3,0,56.6,77.1,1,1,68.8,89.8,Female,Information Technology,Placed
STU_05005,8.03,1,2,2,31.1,74.0,1,0,67.0,74.0,Male,Civil,Placed
STU_05006,6.03,0,2,1,77.8,61.6,1,0,79.0,57.5,Male,Computer Science,Placed
STU_05007,8.35,1,3,1,77.8,73.9,0,1,77.2,57.4,Male,Mechanical,Placed
STU_05008,7.79,1,0,0,80.2,47.2,0,1,65.8,70.9,Female,Civil,Placed
STU_05009,6.57,1,1,3,75.6,84.9,1,1,80.3,61.9,Male,Mechanical,Placed
STU_05010,7.16,0,1,1,83.1,76.2,0,1,78.6,57.2,Male,Computer Science,Placed
STU_05011,8.9,1,1,1,61.0,70.1,1,0,74.9,70.3,Male,Mechanical,Placed
STU_05012,8.03,0,1,2,74.0,67.0,1,1,89.9,83.8,Male,Computer Science,Placed
STU_05013,7.31,1,1,2,80.5,79.9,1,1,77.9,69.9,Male,Computer Science,Placed
STU_05014,7.06,1,0,0,90.3,94.1,1,1,75.6,78.6,Male,Civil,Placed
STU_05015,7.38,1,2,2,70.7,76.5,1,0,89.3,90.8,Male,Information Technology,Placed
STU_05016,6.79,0,3,1,66.8,94.8,0,1,76.5,79.2,Male,Electronics,Placed
STU_05017,5.2,1,1,0,69.2,81.4,0,0,74.0,64.7,Male,Civil,Placed
STU_05018,9.34,3,0,0,52.1,62.3,0,1,66.3,74.7,Male,Information Technology,Placed
STU_05019,7.46,0,2,1,81.5,77.9,0,0,78.6,70.2,Male,Civil,Placed
STU_05020,7.7,2,1,1,48.1,76.7,0,1,87.3,80.5,Male,Civil,Placed
STU_05021,7.24,1,1,1,75.9,62.3,1,1,73.8,77.1,Male,Computer Science,Placed
STU_05022,6.56,1,1,0,71.3,67.1,0,1,64.7,71.9,Female,Information Technology,Not Placed
STU_05023,7.11,0,2,2,46.7,66.9,1,1,88.1,75.9,Female,Electronics,Not Placed
STU_05024,5.7,0,3,2,47.6,73.2,0,1,88.5,71.5,Female,Mechanical,Placed
STU_05025,9.58,2,2,1,57.2,68.6,1,0,83.8,57.4,Female,Computer Science,Placed
STU_05026,6.07,0,1,2,64.8,75.2,0,1,79.0,53.7,Male,Civil,Placed
STU_05027,6.27,0,1,2,92.2,77.2,0,1,82.2,84.6,Male,Mechanical,Placed
STU_05028,6.86,1,0,0,68.3,87.2,1,1,62.5,86.3,Male,Civil,Placed
STU_05029,8.59,0,3,2,78.2,78.6,1,1,72.2,77.1,Male,Computer Science,Placed
STU_05030,7.31,1,2,3,89.0,63.6,0,0,84.8,85.4,Male,Civil,Placed
STU_05031,6.06,1,0,0,86.1,97.3,0,1,81.4,93.9,Male,Computer Science,Placed
STU_05032,8.55,2,2,3,69.9,63.7,0,1,87.0,70.0,Male,Civil,Placed
STU_05033,8.03,1,1,0,59.4,67.3,0,1,93.3,67.0,Female,Mechanical,Placed
STU_05034,7.84,0,4,1,77.5,79.2,1,1,65.6,83.1,Male,Computer Science,Placed
STU_05035,8.02,0,3,2,59.7,100.0,1,1,82.8,90.4,Female,Information Technology,Placed
STU_05036,9.69,1,1,2,97.2,76.8,0,1,75.4,67.6,Male,Mechanical,Placed
STU_05037,9.49,0,2,1,83.0,64.3,0,0,73.5,91.2,Male,Computer Science,Placed
STU_05038,6.61,3,2,1,73.1,52.3,0,1,99.0,70.8,Female,Computer Science,Placed
STU_05039,8.92,1,1,1,77.7,51.5,1,0,62.3,77.5,Male,Information Technology,Placed
STU_05040,7.68,0,2,1,72.7,72.1,1,1,76.2,71.0,Male,Civil,Placed
STU_05041,7.8,2,2,1,64.5,78.5,1,1,75.6,77.7,Male,Electronics,Placed
STU_05042,5.61,0,0,1,77.5,55.0,0,1,78.5,63.4,Male,Computer Science,Placed
STU_05043,7.13,0,2,2,66.4,74.7,0,1,58.3,86.3,Female,Mechanical,Placed
STU_05044,6.49,1,2,0,99.1,56.2,1,1,68.2,57.0,Female,Civil,Placed
STU_05045,8.13,2,0,1,59.6,60.9,0,1,78.5,64.7,Female,Mechanical,Placed
STU_05046,8.37,1,1,0,77.6,79.6,0,1,64.0,89.3,Female,Computer Science,Placed
STU_05047,5.23,0,2,1,58.3,63.0,0,1,87.5,99.0,Male,Information Technology,Placed
STU_05048,7.28,0,0,0,58.1,87.7,0,1,83.8,69.2,Male,Information Technology,Placed
STU_05049,8.42,0,3,1,43.2,65.0,1,1,62.1,91.9,Female,Information Technology,Placed
STU_05050,7.11,0,0,0,76.2,85.3,0,1,75.7,89.2,Female,Civil,Placed
STU_05051,8.03,0,0,0,62.0,99.2,1,0,81.8,79.5,Female,Information Technology,Placed
STU_05052,7.65,1,0,1,86.3,63.1,0,1,64.2,69.7,Male,Civil,Placed
STU_05053,7.64,2,2,1,76.2,100.0,0,1,62.2,90.4,Female,Computer Science,Placed
STU_05054,7.03,0,2,1,72.2,72.2,1,1,68.4,72.9,Male,Computer Science,Not Placed
STU_05055,6.08,0,1,0,48.8,64.4,1,0,99.0,80.1,Female,Electronics,Placed
STU_05056,6.18,2,1,2,78.8,68.4,0,1,88.9,51.2,Male,Mechanical,Placed
STU_05057,8.01,1,3,0,60.1,67.2,1,0,71.9,70.6,Female,Computer Science,Placed
STU_05058,7.32,2,0,2,48.5,88.8,1,1,64.7,68.3,Female,Civil,Placed
STU_05059,7.16,0,1,1,76.5,87.8,1,0,69.7,76.4,Male,Civil,Placed
STU_05060,6.88,0,0,0,51.1,87.7,0,1,93.2,71.6,Female,Civil,Placed
STU_05061,6.99,1,0,1,38.6,56.4,0,1,98.3,69.4,Female,Information Technology,Placed
STU_05062,8.35,1,1,3,89.5,74.3,1,1,69.9,75.0,Female,Mechanical,Placed
STU_05063,6.96,1,1,1,61.6,53.4,1,1,81.1,66.5,Female,Electronics,Not Placed
STU_05064,5.96,1,1,0,43.8,84.1,0,1,75.4,56.8,Male,Mechanical,Placed
STU_05065,8.04,0,3,1,55.6,66.2,0,1,90.7,70.1,Female,Mechanical,Placed
STU_05066,7.1,1,1,1,59.2,78.0,1,1,67.1,72.5,Male,Computer Science,Placed
STU_05067,7.33,1,2,2,87.2,66.0,0,0,87.8,83.3,Male,Information Technology,Placed
STU_05068,8.91,0,2,2,45.1,50.9,0,1,64.6,72.7,Male,Computer Science,Placed
STU_05069,7.28,1,1,0,49.9,82.6,1,0,87.5,79.3,Male,Information Technology,Placed
STU_05070,7.59,1,2,0,84.7,83.5,1,0,69.5,67.0,Female,Electronics,Placed
STU_05071,6.12,0,1,0,63.3,73.7,0,0,74.9,74.8,Male,Computer Science,Placed
STU_05072,7.08,0,0,3,73.4,46.7,1,0,71.5,56.0,Female,Information Technology,Placed
STU_05073,7.91,0,3,1,62.6,81.0,0,1,97.6,68.1,Male,Information Technology,Placed
STU_05074,5.74,0,2,2,100.0,63.1,0,1,87.9,48.0,Female,Civil,Placed
STU_05075,7.5,1,3,1,50.7,78.2,1,1,73.9,61.9,Female,Computer Science,Placed
STU_05076,7.4,2,3,1,74.2,66.1,0,1,69.8,61.0,Male,Information Technology,Placed
STU_05077,7.34,0,0,0,92.5,67.3,0,1,91.1,81.8,Male,Civil,Placed
STU_05078,8.34,0,1,2,64.4,78.0,0,0,50.0,78.9,Female,Civil,Placed
STU_05079,7.63,3,0,1,58.7,62.1,0,0,82.8,86.8,Female,Civil,Placed
STU_05080,8.78,0,3,2,81.5,70.0,0,1,68.4,60.5,Female,Computer Science,Placed
STU_05081,6.31,0,3,0,85.1,78.1,1,0,99.0,84.0,Female,Electronics,Placed
STU_05082,7.44,0,2,1,58.0,98.0,0,1,99.0,68.7,Female,Mechanical,Placed
STU_05083,7.38,1,0,1,91.9,71.1,0,1,78.3,94.7,Male,Civil,Placed
STU_05084,6.23,0,0,0,70.8,82.1,1,1,74.3,73.0,Female,Computer Science,Placed
STU_05085,8.26,1,3,1,77.6,57.9,0,1,78.7,92.7,Female,Information Technology,Placed
STU_05086,9.62,0,3,1,92.3,92.3,1,0,71.8,99.0,Male,Information Technology,Placed
STU_05087,7.28,0,1,0,81.5,62.3,0,1,70.1,79.7,Male,Mechanical,Placed
STU_05088,7.81,0,0,0,70.0,70.4,1,0,80.3,94.6,Female,Computer Science,Placed
STU_05089,7.38,1,1,1,59.9,78.1,0,0,84.2,71.4,Female,Information Technology,Placed
STU_05090,6.59,1,0,0,100.0,62.6,1,1,79.3,89.4,Female,Mechanical,Placed
STU_05091,5.48,0,3,1,58.2,85.0,1,1,80.9,74.3,Male,Civil,Placed
STU_05092,6.59,0,2,1,74.8,64.1,0,0,71.7,81.2,Female,Mechanical,Placed
STU_05093,5.91,1,2,0,77.6,82.0,1,1,68.7,80.6,Female,Electronics,Placed
STU_05094,9.0,2,1,0,78.4,84.8,1,1,68.6,73.1,Female,Civil,Placed
STU_05095,7.18,0,1,2,100.0,78.9,1,0,85.7,58.7,Male,Information Technology,Placed
STU_05096,6.95,1,1,0,70.7,80.5,1,1,78.8,60.1,Female,,Placed
STU_05097,8.19,0,2,1,68.6,100.0,0,1,80.0,87.8,Female,Computer Science,Placed
STU_05098,6.18,0,2,1,93.3,77.0,0,0,81.4,77.1,Female,Computer Science,Placed
STU_05099,6.53,0,1,3,68.0,73.3,1,1,77.4,85.7,Female,Information Technology,Placed
STU_05100,7.37,1,1,0,83.1,76.0,0,0,79.1,69.5,Male,Civil,Placed
STU_05101,8.33,0,0,2,72.9,87.3,1,0,91.0,71.2,Female,Mechanical,Placed
STU_05102,7.8,2,0,1,83.8,100.0,0,0,85.8,71.1,Male,Electronics,Placed
STU_05103,7.55,1,2,0,80.9,70.0,1,0,76.3,56.6,Female,Civil,Placed
STU_05104,7.38,2,2,0,64.0,61.1,1,0,73.3,71.2,Male,Electronics,Placed
STU_05105,7.7,0,1,1,42.3,86.0,1,1,88.3,71.5,Male,Mechanical,Placed
STU_05106,7.5,0,3,0,44.9,55.6,1,1,81.3,74.9,Male,Computer Science,Not Placed
STU_05107,6.27,3,2,0,42.4,75.1,0,1,74.9,72.2,Male,Computer Science,Placed
STU_05108,7.35,1,1,2,68.6,75.7,0,1,65.1,90.0,Male,Computer Science,Placed
STU_05109,6.23,2,1,0,34.7,70.7,0,1,94.9,68.6,Male,Computer Science,Placed
STU_05110,7.38,0,3,1,67.6,71.4,1,1,66.7,84.2,Male,Information Technology,Placed
STU_05111,6.82,0,2,2,72.0,52.2,1,1,80.8,78.3,Male,Civil,Placed
STU_05112,9.84,1,0,2,82.8,61.6,1,1,96.3,75.3,Male,Mechanical,Placed
STU_05113,7.26,0,2,0,77.6,83.2,1,1,74.6,83.3,Male,Civil,Placed
STU_05114,5.9,1,1,1,83.5,47.5,1,0,77.5,71.3,Male,Information Technology,Placed
STU_05115,7.17,0,3,1,76.2,71.0,1,0,86.5,69.2,Female,Computer Science,Not Placed
STU_05116,7.82,0,3,0,65.1,68.2,0,0,66.1,71.0,Male,Civil,Placed
STU_05117,8.97,0,2,0,68.4,48.1,0,1,61.3,77.3,Male,Information Technology,Placed
STU_05118,6.71,0,2,0,57.2,92.3,1,1,74.4,54.8,Male,Mechanical,Placed
STU_05119,5.72,0,0,0,73.4,59.6,1,0,78.8,73.2,Male,Civil,Placed
STU_05120,8.12,1,2,0,46.2,78.6,1,1,78.7,82.6,Female,Electronics,Placed
STU_05121,5.92,0,2,0,86.0,66.4,1,0,92.2,74.7,Male,Civil,Placed
STU_05122,6.86,0,2,1,55.7,61.9,0,1,68.5,76.3,Male,Information Technology,Placed
STU_05123,7.04,2,2,1,72.3,69.2,1,1,76.6,80.1,Male,Electronics,Placed
STU_05124,7.23,1,3,1,74.8,67.7,1,1,93.1,76.0,Female,Computer Science,Placed
STU_05125,7.99,0,1,1,87.4,69.8,0,1,75.2,57.1,Male,Electronics,Placed
STU_05126,6.62,1,0,2,44.8,62.6,0,1,97.9,91.0,Female,Computer Science,Placed
STU_05127,7.03,2,2,2,65.1,59.8,0,1,75.7,99.0,Male,Computer Science,Placed
STU_05128,7.29,0,3,2,78.2,84.1,0,1,71.1,91.8,Female,Computer Science,Placed
STU_05129,7.45,0,3,0,96.3,72.1,1,1,77.6,72.6,Male,Information Technology,Placed
STU_05130,7.4,1,2,0,69.4,71.3,1,0,80.6,65.3,Male,Civil,Placed
STU_05131,7.74,0,3,1,61.1,61.3,0,1,73.9,91.7,Female,Computer Science,Not Placed
STU_05132,8.14,1,2,0,100.0,90.9,0,1,82.0,76.6,Male,Information Technology,Placed
STU_05133,7.69,3,0,0,82.0,71.0,0,1,76.5,85.2,Male,Civil,Placed
STU_05134,7.75,2,2,0,90.6,49.3,1,1,90.7,64.1,Male,Computer Science,Placed
STU_05135,5.72,0,1,3,51.9,75.3,1,1,83.1,80.6,Female,Computer Science,Placed
STU_05136,7.35,0,1,0,77.8,62.8,0,1,78.1,79.3,Female,Computer Science,Placed
STU_05137,7.78,3,1,1,53.8,82.9,0,1,74.8,90.2,Female,Electronics,Placed
STU_05138,8.03,1,1,0,50.4,84.5,1,1,86.0,84.0,Female,Information Technology,Placed
STU_05139,6.61,0,1,1,78.7,83.1,0,1,78.3,76.8,Male,Computer Science,Placed
STU_05140,6.64,1,1,1,79.8,66.5,0,1,73.5,95.8,Male,Mechanical,Placed
STU_05141,6.73,0,1,0,62.8,70.6,0,1,70.8,72.0,Male,Civil,Placed
STU_05142,7.84,0,0,3,91.5,75.0,1,0,85.0,91.9,Male,Computer Science,Placed
STU_05143,8.33,2,2,2,64.5,82.7,0,1,73.3,81.2,Male,Mechanical,Placed
STU_05144,6.89,0,2,1,66.0,59.5,0,1,75.0,83.2,Male,Civil,Placed
STU_05145,8.21,0,3,3,69.5,73.1,1,0,83.5,99.0,Male,Computer Science,Placed
STU_05146,7.42,0,3,1,66.4,94.4,0,0,88.7,51.4,Male,Computer Science,Placed
STU_05147,7.18,1,1,1,89.2,65.6,1,1,84.0,59.7,Female,Civil,Placed
STU_05148,7.09,0,2,0,54.4,71.7,0,0,86.5,87.9,Female,Computer Science,Placed
STU_05149,8.05,1,1,1,58.7,100.0,1,1,85.1,85.1,Female,Mechanical,Placed
STU_05150,7.63,1,0,0,,69.1,0,1,78.1,76.4,Male,Civil,Placed
STU_05151,9.58,2,2,0,98.3,53.5,1,0,81.9,87.3,Female,Information Technology,Placed
STU_05152,6.45,0,2,1,65.1,71.3,0,1,96.3,62.7,Male,Computer Science,Placed
STU_05153,7.82,2,3,0,58.5,92.1,1,1,76.0,96.5,Female,Mechanical,Placed
STU_05154,6.77,0,2,1,65.7,84.7,1,1,67.1,90.3,Female,Civil,Placed
STU_05155,6.43,1,1,1,82.7,60.2,1,1,52.7,93.5,Male,Information Technology,Placed
STU_05156,7.29,0,3,1,80.0,77.0,0,1,97.4,57.7,Male,Mechanical,Placed
STU_05157,7.44,0,2,0,61.4,69.9,1,1,97.8,86.7,Male,Mechanical,Placed
STU_05158,10.0,1,3,0,64.0,81.7,1,1,68.1,75.0,Male,Electronics,Placed
STU_05159,7.12,0,2,1,48.2,64.6,0,1,90.9,99.0,Male,Information Technology,Placed
STU_05160,6.17,0,1,1,72.1,77.9,0,1,88.3,77.9,Male,Civil,Placed
STU_05161,7.57,0,0,0,89.2,94.9,1,1,84.4,65.2,Female,Civil,Placed
STU_05162,5.23,1,1,1,61.3,40.7,0,0,83.0,81.4,Female,Computer Science,Placed
STU_05163,7.21,0,0,2,79.5,79.1,0,0,70.6,56.4,Male,Computer Science,Placed
STU_05164,7.32,0,1,0,61.3,87.8,0,1,79.3,86.6,Male,Civil,Placed
STU_05165,8.09,0,2,1,53.6,53.3,1,1,81.5,70.3,Female,,Placed
STU_05166,8.27,1,3,0,80.2,63.4,0,0,78.7,73.0,Female,Information Technology,Placed
STU_05167,6.8,0,3,2,100.0,67.3,0,1,77.5,77.7,Female,Civil,Placed
STU_05168,7.15,0,2,0,78.2,63.2,0,0,91.0,71.6,Male,Mechanical,Placed
STU_05169,6.53,0,0,0,63.8,62.3,1,1,88.2,92.9,Male,Mechanical,Placed
STU_05170,6.17,0,1,2,64.8,67.5,0,1,86.7,71.9,Female,Mechanical,Placed
STU_05171,7.61,1,2,0,98.6,82.2,0,1,87.3,80.7,Male,Electronics,Placed
STU_05172,6.03,1,0,1,74.6,89.9,1,1,80.3,81.2,Male,Information Technology,Placed
STU_05173,6.89,2,3,0,58.5,87.6,0,1,89.7,75.5,Male,Civil,Placed
STU_05174,6.3,0,3,3,69.1,83.9,1,1,66.0,66.3,Female,Computer Science,Placed
STU_05175,7.85,3,1,2,73.2,94.0,0,1,78.7,49.9,Male,Electronics,Placed
STU_05176,9.1,0,2,1,77.0,96.4,0,1,85.1,87.2,Male,Information Technology,Placed
STU_05177,6.0,3,0,0,92.7,74.0,1,0,83.4,63.6,Female,Computer Science,Placed
STU_05178,5.45,0,2,0,89.1,89.2,1,1,81.7,97.1,Female,Mechanical,Placed
STU_05179,7.18,1,0,1,73.0,77.1,1,1,87.3,68.2,Female,Electronics,Placed
STU_05180,7.32,0,1,0,69.4,69.4,1,1,92.4,89.0,Male,Information Technology,Placed
STU_05181,7.52,0,2,1,75.9,71.4,1,1,67.4,76.4,Female,Mechanical,Placed
STU_05182,6.85,2,2,1,60.9,84.2,0,0,81.0,92.4,Female,Information Technology,Placed
STU_05183,7.1,1,2,2,84.7,89.6,1,0,70.8,79.2,Male,Computer Science,Placed
STU_05184,7.67,3,2,0,66.9,79.0,0,1,88.7,80.3,Female,Mechanical,Placed
STU_05185,8.34,1,2,1,77.4,67.2,1,1,85.2,62.3,Female,Civil,Placed
STU_05186,5.34,1,2,2,95.7,66.1,0,1,68.3,83.4,Male,Civil,Placed
STU_05187,6.93,0,4,1,78.3,49.8,0,1,77.9,85.2,Male,Civil,Placed
STU_05188,7.51,3,3,2,73.5,76.3,1,1,63.0,76.9,Female,Mechanical,Placed
STU_05189,6.38,1,2,0,62.2,75.5,1,1,87.5,87.1,Female,Information Technology,Placed
STU_05190,9.03,1,2,1,68.8,59.5,0,0,72.6,79.5,Female,Civil,Placed
STU_05191,6.66,0,2,2,53.0,77.7,0,1,66.7,88.4,Male,Civil,Placed
STU_05192,7.26,1,0,0,78.0,77.5,1,1,74.5,76.3,Female,Electronics,Placed
STU_05193,7.86,2,1,0,38.0,54.2,0,1,83.8,87.2,Male,Mechanical,Placed
STU_05194,6.71,0,3,0,84.5,68.1,0,1,80.9,77.9,Female,Electronics,Placed
STU_05195,5.45,0,3,1,81.0,88.9,0,0,73.1,97.6,Male,Computer Science,Placed
STU_05196,6.87,0,2,1,71.5,64.4,0,0,77.0,71.3,Male,Electronics,Placed
STU_05197,8.33,1,1,0,62.0,72.2,1,1,75.1,74.0,Male,Mechanical,Placed
STU_05198,6.96,0,0,2,69.8,73.9,0,1,68.7,67.7,Female,Electronics,Placed
STU_05199,6.45,0,1,2,43.4,71.7,1,0,59.3,70.7,Male,Civil,Placed
STU_05200,8.23,0,1,2,82.4,80.3,0,1,77.9,69.3,Female,Electronics,Placed
STU_05201,6.97,1,2,1,67.5,83.2,1,0,83.9,97.7,Female,Civil,Placed
STU_05202,6.79,0,3,1,92.7,87.2,0,1,77.8,98.0,Male,Computer Science,Placed
STU_05203,,0,0,2,75.9,68.2,0,1,98.5,73.7,Male,Electronics,Placed
STU_05204,8.07,3,2,0,73.5,78.3,0,1,72.0,90.6,Male,Mechanical,Placed
STU_05205,9.68,3,1,1,76.0,82.1,0,1,77.6,73.2,Male,Electronics,Placed
STU_05206,8.13,0,4,1,55.4,70.6,0,1,82.9,79.8,Male,Computer Science,Placed
STU_05207,8.46,1,3,0,63.2,63.4,0,0,82.4,91.9,Male,Electronics,Placed
STU_05208,6.79,1,1,0,72.0,73.7,0,1,75.4,72.4,Male,Civil,Placed
STU_05209,6.27,0,4,0,65.5,64.7,1,0,77.5,64.0,Male,Information Technology,Placed
STU_05210,7.36,0,2,1,61.4,63.5,0,0,77.2,80.2,Male,Mechanical,Placed
STU_05211,7.41,1,1,1,65.8,74.6,0,1,84.8,66.1,Male,Computer Science,Placed
STU_05212,6.22,0,2,2,70.7,69.7,1,0,71.1,75.4,Female,Mechanical,Placed
STU_05213,7.12,0,1,1,100.0,74.1,1,1,53.7,78.6,Female,Electronics,Placed
STU_05214,7.7,2,2,0,65.1,53.4,0,0,74.6,82.5,Male,Civil,Placed
STU_05215,7.66,1,3,1,59.8,69.9,0,1,94.9,82.6,Female,Information Technology,Placed
STU_05216,7.8,1,2,0,67.7,44.9,0,1,86.0,78.4,Male,Information Technology,Placed
STU_05217,7.59,0,1,0,92.5,59.5,0,0,62.3,84.5,Female,Civil,Placed
STU_05218,6.79,1,1,0,93.6,70.9,1,1,84.8,92.2,Male,Electronics,Placed
STU_05219,6.79,0,0,0,99.2,86.6,1,1,80.1,84.4,Male,Civil,Placed
STU_05220,6.1,1,1,0,70.9,78.4,1,1,74.3,86.6,Male,Mechanical,Placed
STU_05221,9.08,1,0,0,79.6,73.1,1,1,67.2,65.2,Female,Mechanical,Placed
STU_05222,7.31,1,2,2,54.2,67.5,0,0,69.9,77.5,Male,Electronics,Not Placed
STU_05223,7.08,0,2,0,64.7,69.0,0,1,72.4,79.6,Male,Civil,Placed
STU_05224,6.37,1,2,0,53.3,87.7,1,1,96.4,99.0,Female,Civil,Placed
STU_05225,10.0,2,0,2,77.1,58.7,0,1,84.4,50.9,Female,Computer Science,Placed
STU_05226,6.23,1,1,1,70.6,63.3,0,1,70.9,84.8,Female,Information Technology,Placed
STU_05227,6.87,0,1,0,73.4,84.8,0,0,72.6,81.1,Female,Computer Science,Placed
STU_05228,7.72,1,0,0,57.3,67.9,0,0,77.6,83.1,Male,Electronics,Placed
STU_05229,7.9,0,1,1,82.8,95.3,0,0,73.7,60.1,Male,Information Technology,Placed
STU_05230,8.26,2,1,1,33.9,80.3,0,0,78.2,77.2,Female,Electronics,Placed
STU_05231,9.11,1,2,0,66.2,85.9,0,1,76.5,95.7,Male,Civil,Placed
STU_05232,7.81,0,3,0,68.4,52.5,0,0,79.0,62.4,Male,Computer Science,Placed
STU_05233,6.24,0,2,2,39.7,84.7,0,1,58.0,82.9,Male,Electronics,Placed
STU_05234,7.04,0,2,1,75.8,61.8,0,0,86.0,68.6,Male,Computer Science,Placed
STU_05235,7.61,2,0,1,67.4,80.6,0,1,72.4,93.5,Female,Civil,Placed
STU_05236,9.37,0,3,0,78.4,67.6,0,1,87.1,84.3,Female,Electronics,Placed
STU_05237,5.9,1,1,0,100.0,74.7,1,1,99.0,80.2,Male,Civil,Not Placed
STU_05238,8.5,2,1,1,74.9,58.7,1,1,63.5,66.8,Female,Electronics,Placed
STU_05239,7.48,0,0,2,84.6,51.4,1,1,79.0,73.4,Male,Civil,Placed
STU_05240,8.14,0,1,0,90.7,73.8,1,0,73.8,71.0,Male,Information Technology,Placed
STU_05241,7.2,1,2,3,77.4,68.5,1,0,81.9,65.4,Female,Information Technology,Placed
STU_05242,6.46,1,4,0,57.0,61.3,1,0,56.9,73.4,Male,Electronics,Placed
STU_05243,8.05,0,2,1,45.4,51.8,1,1,74.4,53.6,Female,Electronics,Placed
STU_05244,7.95,0,1,0,75.6,39.9,1,1,69.8,83.0,Male,Information Technology,Not Placed
STU_05245,8.27,1,2,1,64.0,78.3,0,1,94.3,70.4,Male,Electronics,Placed
STU_05246,7.29,2,2,1,89.3,68.9,0,0,96.6,67.3,Male,Computer Science,Placed
STU_05247,6.7,0,3,1,62.9,64.8,0,1,75.1,59.2,Female,Mechanical,Placed
STU_05248,5.74,0,2,1,69.8,74.6,1,0,66.5,79.6,Female,Mechanical,Placed
STU_05249,8.12,0,2,0,52.6,84.2,0,1,69.6,96.2,Female,Information Technology,Placed
STU_05250,7.72,2,2,1,64.8,75.2,1,0,78.4,71.7,Female,Computer Science,Placed
STU_05251,6.33,0,2,0,55.9,66.7,0,1,64.0,90.1,Male,Mechanical,Placed
STU_05252,6.76,2,0,1,57.2,97.6,0,1,83.2,81.4,Female,Civil,Placed
STU_05253,6.83,0,1,0,69.2,64.4,0,1,76.0,73.3,Female,Computer Science,Placed
STU_05254,5.82,2,2,1,60.9,55.1,1,0,81.6,96.4,Male,Computer Science,Placed
STU_05255,6.48,1,3,2,100.0,73.2,0,1,81.9,56.0,Male,Information Technology,Placed
STU_05256,6.17,1,1,0,82.5,68.9,0,1,91.8,76.6,Male,Mechanical,Placed
STU_05257,6.89,0,4,2,86.3,83.4,1,1,84.4,71.1,Female,Civil,Placed
STU_05258,6.56,1,1,2,68.3,65.7,1,0,80.9,78.5,Male,Electronics,Placed
STU_05259,5.67,0,1,1,71.6,70.0,0,1,80.5,62.3,Female,Electronics,Not Placed
STU_05260,9.32,0,1,0,63.6,61.6,0,0,58.2,83.9,Female,Information Technology,Placed
STU_05261,8.55,0,3,2,100.0,81.7,1,0,79.8,57.1,Male,Computer Science,Placed
STU_05262,6.52,2,1,2,68.4,73.7,1,1,84.1,82.1,Male,Civil,Placed
STU_05263,7.57,1,2,0,60.9,68.7,0,1,76.8,69.5,Male,Electronics,Placed
STU_05264,7.72,1,1,2,58.7,70.2,0,0,94.6,80.1,Female,Electronics,Placed
STU_05265,8.49,1,2,2,75.0,71.7,1,0,63.1,67.2,Male,Information Technology,Placed
STU_05266,6.48,0,3,1,91.3,54.8,1,1,70.6,65.6,Female,Computer Science,Placed
STU_05267,8.39,2,1,2,86.3,86.0,0,1,71.6,92.5,Male,Electronics,Placed
STU_05268,6.75,1,3,1,58.7,85.2,0,1,78.1,93.7,Male,Civil,Placed
STU_05269,5.96,1,3,1,58.3,72.5,0,1,71.5,62.4,Male,Electronics,Placed
STU_05270,8.02,1,0,0,88.7,71.2,1,1,65.6,76.7,Male,Information Technology,Placed
STU_05271,8.59,3,2,0,100.0,60.0,0,1,74.4,83.5,Male,Mechanical,Placed
STU_05272,9.89,2,1,1,67.8,92.7,0,1,88.1,74.3,Male,Electronics,Placed
STU_05273,,1,1,0,88.1,89.8,0,1,85.5,74.6,Female,Information Technology,Placed
STU_05274,8.0,0,2,1,48.0,76.7,1,1,71.1,83.0,Male,Electronics,Placed
STU_05275,6.89,1,2,2,57.3,81.8,0,0,74.3,81.0,Male,Computer Science,Placed
STU_05276,8.08,1,1,0,54.9,86.8,0,0,70.2,70.1,Female,Information Technology,Placed
STU_05277,5.83,0,0,0,76.2,84.3,1,1,65.4,80.8,Female,Mechanical,Placed
STU_05278,6.04,0,3,1,67.3,61.7,1,1,82.3,72.1,Male,Electronics,Placed
STU_05279,6.52,0,2,0,73.6,68.3,1,1,65.2,71.1,Male,Electronics,Placed
STU_05280,7.38,1,1,2,88.3,77.6,0,1,84.6,66.9,Male,Computer Science,Placed
STU_05281,6.66,0,2,0,60.2,74.4,1,0,96.2,66.9,Female,Information Technology,Placed
STU_05282,7.96,0,0,1,71.4,81.0,1,1,81.8,77.8,Male,Information Technology,Placed
STU_05283,8.33,1,1,0,49.9,79.7,1,1,84.2,58.2,Female,Electronics,Placed
STU_05284,7.9,1,2,0,87.5,75.0,0,1,83.9,57.9,Female,Electronics,Placed
STU_05285,8.92,0,2,0,86.4,40.8,0,1,73.1,73.2,Male,Mechanical,Placed
STU_05286,7.72,0,1,0,75.4,86.1,1,1,81.7,75.0,Male,Electronics,Placed
STU_05287,6.08,2,2,1,71.8,82.1,0,1,81.1,63.5,Female,Information Technology,Placed
STU_05288,8.66,1,1,1,62.4,96.8,1,1,71.7,94.3,Male,Information Technology,Placed
STU_05289,6.69,0,2,0,49.1,66.3,1,1,52.8,66.8,Male,Mechanical,Placed
STU_05290,8.21,2,1,0,74.6,49.9,1,1,67.5,67.8,Female,Electronics,Placed
STU_05291,8.87,0,1,1,81.3,69.8,1,1,68.6,66.9,Female,Civil,Placed
STU_05292,7.76,3,1,2,100.0,77.5,0,0,83.0,85.4,Female,Computer Science,Placed
STU_05293,5.8,0,2,1,64.1,66.7,0,1,63.2,93.7,Male,,Placed
STU_05294,6.38,0,1,0,74.1,88.5,1,1,96.7,64.4,Female,Information Technology,Placed
STU_05295,8.62,0,0,2,86.7,64.1,1,1,94.3,84.2,Male,Electronics,Placed
STU_05296,7.13,0,0,2,87.2,70.8,0,0,88.5,77.9,Male,Mechanical,Placed
STU_05297,7.38,1,2,0,60.7,69.0,0,1,72.9,66.6,Male,Electronics,Placed
STU_05298,8.06,1,1,1,65.8,100.0,0,0,57.2,77.9,Male,Mechanical,Placed
STU_05299,8.0,2,2,1,62.1,61.1,1,1,86.3,60.5,Male,Mechanical,Placed
STU_05300,7.58,0,1,2,56.5,79.0,0,1,70.5,72.2,Female,Mechanical,Placed
STU_05301,7.09,0,2,1,92.1,57.6,0,1,85.9,64.0,Male,Information Technology,Placed
STU_05302,6.99,0,4,3,70.9,76.1,0,1,84.0,71.3,Male,Electronics,Placed
STU_05303,8.16,0,2,0,68.9,60.5,1,0,73.6,75.8,Male,Mechanical,Placed
STU_05304,7.85,1,2,0,73.7,85.2,0,1,65.8,91.4,Male,Information Technology,Placed
STU_05305,7.04,0,2,2,70.8,82.9,0,1,79.9,75.6,Female,Electronics,Placed
STU_05306,8.38,1,3,2,66.7,75.3,0,1,62.3,64.0,Male,Electronics,Placed
STU_05307,7.17,1,1,1,58.6,55.3,1,1,80.8,75.2,Male,Information Technology,Placed
STU_05308,6.45,0,3,2,93.5,71.4,0,0,82.7,52.2,Male,Computer Science,Placed
STU_05309,6.54,1,3,1,61.4,68.4,0,1,71.4,84.4,Male,Information Technology,Placed
STU_05310,6.32,0,1,1,56.0,82.0,0,1,63.0,66.1,Male,Information Technology,Placed
STU_05311,7.03,0,1,1,68.8,61.2,0,1,94.3,95.9,Female,Civil,Placed
STU_05312,8.53,1,4,1,100.0,85.9,1,1,72.7,85.1,Male,Mechanical,Placed
STU_05313,6.49,1,2,1,57.7,83.6,0,0,75.9,76.2,Female,Mechanical,Placed
STU_05314,7.49,0,1,1,80.6,55.5,1,1,88.9,71.7,Female,Information Technology,Placed
STU_05315,6.64,1,2,1,66.3,69.4,1,1,72.3,70.3,Male,Mechanical,Placed
STU_05316,7.04,0,1,0,73.7,71.4,1,1,70.4,71.0,Male,Information Technology,Placed
STU_05317,5.79,1,1,0,,84.1,0,0,98.1,74.9,Male,Information Technology,Placed
STU_05318,7.08,1,2,2,44.2,63.8,0,0,70.7,70.6,Male,Electronics,Placed
STU_05319,7.11,1,2,0,56.6,74.5,1,1,90.2,81.1,Female,Computer Science,Placed
STU_05320,7.84,2,3,0,83.6,85.2,0,1,79.5,91.2,Male,Electronics,Placed
STU_05321,7.52,1,2,1,71.5,75.0,0,0,79.3,76.1,Male,Computer Science,Placed
STU_05322,6.1,0,3,0,73.2,49.7,0,0,72.9,87.2,Female,Information Technology,Placed
STU_05323,8.38,0,1,1,80.7,66.1,0,1,76.0,60.4,Female,Information Technology,Placed
STU_05324,,2,2,0,56.7,82.9,0,1,95.9,78.9,Female,Mechanical,Placed
STU_05325,7.5,0,1,0,85.8,81.4,0,1,86.6,75.9,Male,Mechanical,Placed
STU_05326,7.29,1,1,2,82.3,45.0,0,0,64.4,59.7,Male,Electronics,Placed
STU_05327,6.78,1,3,2,73.6,74.4,1,1,68.1,72.2,Male,Information Technology,Placed
STU_05328,7.52,1,1,0,77.0,83.4,1,1,81.8,84.4,Male,Electronics,Placed
STU_05329,7.78,1,3,1,87.5,78.5,0,0,84.4,48.0,Female,Computer Science,Placed
STU_05330,5.55,1,1,1,61.1,79.8,1,0,85.7,72.8,Male,Information Technology,Placed
STU_05331,6.76,1,0,1,79.9,96.7,1,1,77.2,70.0,Male,Mechanical,Placed
STU_05332,7.05,2,0,1,96.2,71.5,1,1,69.5,78.0,Female,Civil,Placed
STU_05333,7.56,1,2,0,79.6,75.7,1,1,69.9,85.0,Male,Information Technology,Placed
STU_05334,8.49,0,1,1,66.7,60.7,0,1,55.0,82.7,Male,Electronics,Placed
STU_05335,6.53,1,2,0,100.0,64.4,1,1,94.3,85.7,Male,Mechanical,Placed
STU_05336,6.8,1,2,0,73.5,68.0,0,0,51.7,88.0,Female,Computer Science,Placed
STU_05337,6.79,2,1,1,91.0,82.2,1,0,75.6,71.0,Female,Computer Science,Placed
STU_05338,6.5,0,2,2,63.7,63.0,0,0,60.3,48.3,Male,Computer Science,Not Placed
STU_05339,6.95,0,1,1,86.0,86.8,0,1,72.2,82.4,Female,Mechanical,Placed
STU_05340,8.07,2,3,0,61.8,58.9,0,1,83.8,63.9,Female,Electronics,Placed
STU_05341,6.25,1,1,2,74.9,79.7,0,0,55.1,78.1,Male,Information Technology,Placed
STU_05342,7.73,0,1,2,60.9,78.6,1,0,81.5,59.4,Female,Mechanical,Placed
STU_05343,5.6,1,1,1,98.5,75.1,1,1,86.7,66.8,Male,Civil,Placed
STU_05344,6.74,3,2,0,66.7,83.8,0,0,73.8,81.4,Female,Information Technology,Placed
STU_05345,6.97,2,2,1,53.4,63.1,1,0,99.0,70.1,Male,Mechanical,Placed
STU_05346,8.97,1,3,0,71.4,66.4,1,0,55.6,56.6,Female,Information Technology,Placed
STU_05347,7.03,0,3,1,78.1,60.4,0,1,60.9,60.1,Female,Electronics,Placed
STU_05348,5.1,2,1,2,69.6,72.1,1,1,75.0,87.4,Female,Civil,Placed
STU_05349,5.3,1,2,0,57.8,70.6,0,0,75.2,71.1,Female,Information Technology,Placed
STU_05350,7.33,2,2,0,85.6,82.3,1,1,79.1,71.4,Male,Civil,Placed
STU_05351,7.91,0,3,0,88.9,76.6,1,0,87.3,68.3,Male,Electronics,Not Placed
STU_05352,7.68,0,1,1,45.3,80.3,0,1,65.4,58.3,Male,Information Technology,Placed
STU_05353,7.47,1,1,0,56.8,69.6,1,0,64.4,72.1,Male,Civil,Placed
STU_05354,8.46,0,3,1,67.6,76.9,1,1,71.1,88.6,Male,Computer Science,Placed
STU_05355,6.76,1,1,0,62.0,93.8,1,1,88.3,66.4,Male,Information Technology,Placed
STU_05356,8.19,3,2,0,77.9,55.9,0,0,86.1,54.2,Female,Civil,Placed
STU_05357,5.67,1,3,1,97.6,49.9,1,0,77.3,83.5,Female,Electronics,Placed
STU_05358,6.4,2,3,1,64.3,79.6,1,0,72.9,75.9,Male,Computer Science,Placed
STU_05359,5.49,1,1,1,93.7,61.8,0,1,76.5,77.1,Male,Electronics,Placed
STU_05360,,1,1,0,48.0,55.4,0,1,81.6,79.2,Female,Mechanical,Placed
STU_05361,7.25,2,1,0,76.8,78.4,1,1,79.0,55.8,Male,Mechanical,Placed
STU_05362,7.41,1,3,2,61.1,59.9,0,1,63.9,73.8,Male,Electronics,Not Placed
STU_05363,7.36,1,4,1,77.2,90.5,1,1,63.2,77.7,Female,Civil,Placed
STU_05364,6.37,1,2,2,43.6,73.9,0,1,75.4,74.5,Male,Mechanical,Placed
STU_05365,7.11,1,2,0,50.7,69.6,1,1,85.2,74.4,Female,Electronics,Placed
STU_05366,5.8,0,0,0,77.1,62.1,0,1,67.4,87.7,Male,Information Technology,Placed
STU_05367,8.66,2,2,1,60.5,74.6,1,1,82.1,79.8,Male,Computer Science,Placed
STU_05368,7.0,3,1,2,65.2,52.9,1,1,60.1,81.9,Female,Mechanical,Placed
STU_05369,6.81,1,2,2,97.5,42.4,0,1,78.7,73.3,Male,Information Technology,Placed
STU_05370,8.89,1,2,2,72.1,53.4,1,1,70.2,48.0,Female,Mechanical,Placed
STU_05371,6.06,1,2,0,83.5,85.6,0,1,57.1,71.4,Female,Computer Science,Placed
STU_05372,6.17,1,3,2,58.6,60.9,0,1,72.5,74.7,Male,Information Technology,Placed
STU_05373,6.2,1,0,2,49.9,54.8,0,0,65.4,72.9,Female,Mechanical,Placed
STU_05374,7.23,2,2,0,68.8,70.9,0,0,75.2,74.2,Male,Computer Science,Placed
STU_05375,7.73,0,1,1,47.6,98.7,1,1,82.1,77.3,Male,Electronics,Placed
STU_05376,8.04,0,2,1,59.5,85.1,0,1,82.6,85.4,Female,Civil,Placed
STU_05377,9.87,2,2,0,73.6,62.4,0,0,58.2,65.6,Male,Civil,Placed
STU_05378,5.05,1,0,1,68.3,62.2,0,1,83.8,72.7,Female,Electronics,Placed
STU_05379,7.91,2,1,2,75.0,62.4,1,1,82.1,91.9,Male,Mechanical,Placed
STU_05380,6.74,0,1,2,79.0,61.1,0,1,73.8,57.2,Female,Civil,Placed
STU_05381,6.71,0,1,2,52.1,78.5,0,0,65.3,72.0,Female,Mechanical,Placed
STU_05382,6.68,2,2,1,55.9,68.0,1,1,73.9,51.0,Female,Electronics,Placed
STU_05383,6.39,0,1,1,37.3,58.6,1,1,94.1,72.2,Female,Mechanical,Placed
STU_05384,8.98,2,2,1,64.4,56.0,1,1,84.0,76.1,Female,Electronics,Placed
STU_05385,8.14,2,1,1,81.1,99.6,1,1,87.7,55.0,Male,Information Technology,Placed
STU_05386,7.32,1,2,0,92.4,80.9,0,0,68.1,77.3,Male,Civil,Placed
STU_05387,8.65,0,2,1,72.9,61.7,1,0,72.7,67.5,Female,Civil,Placed
STU_05388,5.79,1,1,0,90.6,86.5,1,1,65.0,86.9,Male,Civil,Placed
STU_05389,5.97,2,2,0,75.8,58.2,1,1,71.3,80.2,Male,Information Technology,Placed
STU_05390,5.12,0,3,0,71.6,70.4,0,0,91.6,69.0,Male,Computer Science,Not Placed
STU_05391,6.6,0,0,2,60.8,69.0,0,1,73.5,72.7,Female,Civil,Placed
STU_05392,7.46,0,2,0,34.2,74.2,0,1,71.1,92.1,Male,Mechanical,Placed
STU_05393,7.4,0,1,1,88.3,60.7,1,1,80.4,73.7,Female,Civil,Placed
STU_05394,7.45,2,0,3,69.2,73.5,1,1,72.3,60.2,Female,Electronics,Placed
STU_05395,5.89,2,2,1,90.8,51.0,0,1,78.9,62.4,Female,Information Technology,Placed
STU_05396,8.1,3,1,0,55.8,67.5,0,1,72.3,72.9,Female,Computer Science,Placed
STU_05397,7.54,1,3,1,100.0,88.0,1,1,79.9,87.4,Male,Civil,Placed
STU_05398,8.03,1,0,0,66.3,84.3,0,1,74.2,69.6,Male,Information Technology,Placed
STU_05399,5.41,0,0,0,59.6,63.6,1,1,66.8,63.0,Male,Civil,Not Placed
STU_05400,7.61,1,2,2,66.8,53.7,0,1,88.5,75.1,Male,Mechanical,Placed
STU_05401,6.11,1,2,0,72.6,45.8,1,1,96.2,78.6,Female,Civil,Placed
STU_05402,6.9,2,2,1,69.0,79.4,0,1,83.0,80.7,Male,Civil,Placed
STU_05403,7.83,2,1,1,62.3,75.3,1,0,63.0,56.3,Male,Information Technology,Placed
STU_05404,7.39,2,3,0,42.9,76.6,1,0,75.7,78.5,Male,Mechanical,Placed
STU_05405,6.45,2,4,1,57.9,92.3,1,1,80.4,77.9,Male,Electronics,Placed
STU_05406,7.31,2,2,0,86.1,73.8,0,0,61.1,70.2,Female,Electronics,Placed
STU_05407,5.77,0,2,0,56.8,74.7,1,0,72.6,87.5,Male,Civil,Placed
STU_05408,8.45,2,2,1,44.2,55.2,0,1,64.0,80.0,Male,Information Technology,Placed
STU_05409,7.09,1,0,0,54.2,91.5,1,1,67.7,65.6,Female,Information Technology,Not Placed
STU_05410,8.42,0,1,1,68.7,70.0,0,1,81.4,80.2,Female,Information Technology,Placed
STU_05411,6.77,0,0,0,58.6,62.2,1,1,77.5,54.2,Male,Civil,Placed
STU_05412,6.78,1,4,1,65.8,74.5,0,0,67.0,69.7,Male,Mechanical,Placed
STU_05413,6.54,0,1,1,58.0,96.0,0,0,77.3,70.5,Female,Mechanical,Placed
STU_05414,8.18,1,2,1,85.1,97.6,0,1,74.4,82.3,Male,Civil,Placed
STU_05415,6.59,1,1,2,77.4,60.4,0,1,86.8,99.0,Female,Information Technology,Placed
STU_05416,7.94,2,2,1,100.0,86.1,0,1,57.3,71.8,Female,Electronics,Placed
STU_05417,6.92,2,1,3,64.3,76.0,0,1,70.6,91.1,Female,Mechanical,Placed
STU_05418,5.32,1,2,0,65.7,83.9,0,0,93.2,89.9,Female,Civil,Placed
STU_05419,6.73,0,0,2,87.8,75.3,0,1,66.4,60.4,Male,Mechanical,Placed
STU_05420,6.12,0,3,1,75.9,79.4,0,1,67.2,89.7,Male,Information Technology,Placed
STU_05421,7.33,0,3,1,55.9,87.9,0,1,72.8,67.2,Male,Civil,Placed
STU_05422,6.11,0,2,2,78.3,51.0,1,1,90.7,75.1,Male,Computer Science,Placed
STU_05423,8.23,3,0,1,75.9,76.3,1,1,82.0,99.0,Male,Electronics,Placed
STU_05424,7.21,1,1,2,43.1,58.0,0,1,67.4,80.7,Male,Electronics,Placed
STU_05425,7.12,0,3,1,60.2,66.4,1,1,77.2,67.9,Female,Electronics,Placed
STU_05426,7.96,0,0,1,72.9,72.0,1,1,74.5,79.9,Male,Civil,Placed
STU_05427,8.26,1,1,1,91.7,59.9,0,1,82.5,58.2,Male,Computer Science,Placed
STU_05428,7.28,1,2,0,80.5,65.0,1,1,77.6,86.7,Male,Computer Science,Placed
STU_05429,6.53,0,1,1,61.5,55.2,1,0,80.0,67.9,Male,Information Technology,Not Placed
STU_05430,5.53,3,1,3,59.4,64.9,0,1,74.8,48.0,Male,Computer Science,Placed
STU_05431,6.61,0,2,2,82.0,78.1,0,1,91.2,71.0,Male,Computer Science,Placed
STU_05432,6.68,0,1,1,33.6,82.4,0,1,77.6,69.3,Female,Computer Science,Placed
STU_05433,7.41,0,0,1,57.9,62.8,0,1,71.7,80.5,Female,Information Technology,Not Placed
STU_05434,6.95,1,2,0,91.1,87.9,1,1,88.6,62.3,Male,Civil,Placed
STU_05435,7.99,0,1,0,74.5,78.9,1,1,83.9,78.8,Male,Civil,Placed
STU_05436,6.69,0,2,0,58.6,89.2,0,1,68.9,67.5,Female,Civil,Placed
STU_05437,7.24,0,0,0,52.0,50.8,0,0,50.0,74.2,Male,Mechanical,Placed
STU_05438,8.48,1,2,1,82.6,75.7,0,1,83.4,86.7,Male,Information Technology,Placed
STU_05439,7.64,0,1,2,71.2,79.3,0,0,73.6,87.1,Female,Civil,Placed
STU_05440,7.24,0,1,0,66.7,51.4,0,0,78.4,89.0,Male,Civil,Placed
STU_05441,6.7,0,1,0,75.6,100.0,0,1,89.8,66.6,Female,Civil,Placed
STU_05442,6.67,0,0,0,72.5,64.4,0,1,68.5,78.3,Male,Computer Science,Placed
STU_05443,6.45,1,3,0,71.3,78.5,0,1,66.8,78.7,Male,Electronics,Placed
STU_05444,6.76,0,1,1,50.1,83.1,0,1,64.0,88.8,Female,Electronics,Placed
STU_05445,8.06,0,2,0,54.6,73.2,1,1,99.0,71.4,Female,Electronics,Placed
STU_05446,7.08,1,3,0,81.2,88.6,1,1,89.9,58.6,Male,Civil,Placed
STU_05447,5.95,0,2,2,78.4,95.9,1,1,84.7,84.3,Female,Computer Science,Placed
STU_05448,9.07,0,1,0,75.7,58.7,1,1,58.7,89.8,Male,Information Technology,Placed
STU_05449,7.62,0,1,2,61.2,73.4,1,1,63.8,78.5,Male,Information Technology,Placed
STU_05450,5.89,2,3,1,81.5,83.0,0,1,85.0,63.0,Female,Electronics,Placed
STU_05451,6.86,1,2,0,64.4,52.4,0,1,82.0,98.8,Female,Civil,Placed
STU_05452,7.41,2,2,2,89.5,84.8,0,1,75.3,76.3,Male,Information Technology,Placed
STU_05453,9.0,2,1,1,58.8,92.5,0,1,64.5,67.7,Female,Mechanical,Placed
STU_05454,6.19,3,3,0,62.1,87.4,0,1,88.6,87.1,Male,Information Technology,Placed
STU_05455,8.28,1,2,0,67.7,77.3,0,1,95.9,93.3,Male,Civil,Placed
STU_05456,8.7,1,1,2,82.7,90.5,0,1,82.4,57.3,Female,Information Technology,Placed
STU_05457,6.67,0,2,1,69.5,76.3,1,1,70.4,80.9,Male,Civil,Placed
STU_05458,7.02,0,1,1,70.6,56.2,0,1,93.2,89.3,Female,Computer Science,Placed
STU_05459,6.26,1,0,0,64.1,65.7,0,1,79.7,73.9,Male,Information Technology,Placed
STU_05460,7.1,3,3,0,74.0,68.9,1,1,94.3,76.6,Male,Information Technology,Placed
STU_05461,7.26,1,0,2,68.9,71.2,0,1,74.4,73.6,Male,Electronics,Placed
STU_05462,7.96,1,2,2,58.2,70.9,0,0,98.6,91.9,Female,Civil,Placed
STU_05463,8.39,1,1,1,71.9,67.9,0,1,73.5,62.9,Female,Computer Science,Placed
STU_05464,6.55,0,1,0,72.3,74.6,1,1,71.4,72.2,Female,Computer Science,Placed
STU_05465,5.33,0,2,2,100.0,90.1,0,1,86.3,98.6,Female,Electronics,Placed
STU_05466,7.28,1,4,1,60.8,74.6,1,1,77.3,68.2,Male,Civil,Placed
STU_05467,7.59,0,1,2,57.4,79.5,0,1,81.9,58.0,Male,Electronics,Placed
STU_05468,7.55,1,1,0,74.2,45.7,0,0,67.8,74.9,Male,Electronics,Placed
STU_05469,6.97,2,2,1,55.1,73.5,0,1,68.0,86.9,Male,Civil,Placed
STU_05470,7.42,2,1,2,53.9,85.0,0,0,74.2,74.6,Male,Electronics,Placed
STU_05471,8.82,0,0,0,48.4,87.0,1,1,81.6,69.7,Female,Information Technology,Placed
STU_05472,7.68,2,0,1,58.4,85.7,0,1,70.2,80.5,Female,Civil,Not Placed
STU_05473,6.93,0,0,1,58.8,75.6,0,1,88.7,99.0,Male,Mechanical,Not Placed
STU_05474,6.8,0,1,0,50.8,77.0,0,1,76.9,72.2,Male,Civil,Placed
STU_05475,7.13,1,1,2,66.2,63.9,1,0,95.1,97.8,Female,Computer Science,Placed
STU_05476,8.94,0,1,0,34.5,82.1,0,1,67.5,79.5,Female,Information Technology,Placed
STU_05477,7.12,0,2,1,77.4,64.0,1,0,81.4,65.5,Male,Information Technology,Placed
STU_05478,7.28,0,0,3,61.6,80.2,0,0,82.6,93.3,Male,Mechanical,Not Placed
STU_05479,6.82,1,3,3,63.9,72.5,1,1,80.7,71.2,Male,Information Technology,Placed
STU_05480,8.4,0,2,2,78.8,72.2,1,1,77.5,57.9,Male,Information Technology,Placed
STU_05481,9.26,1,0,1,75.6,84.0,0,0,86.5,78.2,Female,Information Technology,Placed
STU_05482,7.75,1,4,1,60.6,78.7,1,0,65.6,69.9,Male,Mechanical,Placed
STU_05483,7.38,1,1,1,76.8,75.4,1,1,80.8,95.0,Male,Mechanical,Placed
STU_05484,7.34,2,1,0,93.2,66.0,1,1,68.1,79.5,Male,Mechanical,Placed
STU_05485,5.0,0,1,0,54.8,91.2,1,1,72.2,69.1,Male,Information Technology,Placed
STU_05486,8.05,0,2,1,81.3,76.0,1,0,80.7,84.6,Female,Civil,Placed
STU_05487,7.43,0,2,0,53.3,81.0,1,1,87.5,75.0,Male,Civil,Placed
STU_05488,7.73,0,0,2,87.6,73.0,0,0,64.3,78.6,Male,Computer Science,Placed
STU_05489,6.59,1,0,1,59.3,63.7,0,1,94.5,48.8,Male,Civil,Placed
STU_05490,6.92,0,2,0,58.7,76.3,0,1,88.0,62.3,Male,Electronics,Placed
STU_05491,6.89,0,1,0,87.2,64.9,0,1,78.4,77.5,Male,Civil,Placed
STU_05492,8.32,1,0,2,80.8,77.3,1,1,67.3,60.9,Female,Mechanical,Placed
STU_05493,6.92,1,2,2,59.8,32.8,0,1,93.3,68.5,Female,Electronics,Placed
STU_05494,9.38,1,3,0,71.9,67.2,0,0,82.6,85.2,Female,Information Technology,Placed
STU_05495,7.73,2,1,2,59.4,71.8,0,0,82.6,80.7,Male,Mechanical,Placed
STU_05496,6.02,1,1,1,46.1,60.5,1,1,71.2,87.8,Female,Civil,Placed
STU_05497,7.17,1,3,1,72.8,76.4,1,1,79.9,75.1,Male,Information Technology,Not Placed
STU_05498,6.65,0,0,2,64.7,66.9,1,1,71.7,67.5,Male,Computer Science,Placed
STU_05499,5.11,3,2,0,55.8,71.9,1,1,90.2,90.5,Female,Mechanical,Placed
STU_05500,8.9,1,4,1,89.6,65.4,0,0,90.4,75.5,Female,Electronics,Placed
STU_05501,8.0,0,3,0,56.3,83.7,1,1,76.5,63.2,Female,Mechanical,Placed
STU_05502,7.83,0,0,0,72.2,78.6,0,1,72.1,93.0,Male,Electronics,Placed
STU_05503,7.47,1,1,0,86.2,75.6,0,1,85.9,75.7,Female,Electronics,Placed
STU_05504,5.92,2,0,0,66.2,72.7,1,0,84.5,85.8,Male,Computer Science,Not Placed
STU_05505,6.82,0,3,1,59.0,100.0,0,1,66.3,78.3,Female,Electronics,Placed
STU_05506,8.14,0,4,0,74.5,70.1,1,1,75.1,85.7,Male,Information Technology,Placed
STU_05507,6.25,2,1,1,76.8,63.6,0,0,99.0,82.1,Male,Electronics,Placed
STU_05508,5.0,2,2,1,83.1,57.9,0,1,77.9,71.7,Male,Electronics,Placed
STU_05509,7.07,0,3,2,98.1,82.9,0,0,80.4,71.0,Male,Electronics,Placed
STU_05510,7.16,0,1,1,63.1,91.6,1,1,83.5,82.8,Male,Mechanical,Placed
STU_05511,7.44,1,1,3,72.9,61.8,0,1,72.4,76.3,Male,Electronics,Placed
STU_05512,8.03,0,0,0,51.0,68.6,0,1,85.7,74.9,Female,Mechanical,Placed
STU_05513,7.94,2,1,1,80.0,67.7,1,1,81.8,70.2,Female,Mechanical,Placed
STU_05514,7.56,0,3,0,72.8,70.5,1,1,89.3,72.1,Male,Civil,Placed
STU_05515,8.5,0,3,1,67.3,50.8,0,1,61.1,58.4,Male,Computer Science,Placed
STU_05516,5.78,0,0,0,60.7,81.7,0,1,81.5,80.6,Male,Computer Science,Not Placed
STU_05517,7.8,0,1,1,64.8,86.3,1,0,80.1,68.0,Male,Computer Science,Placed
STU_05518,7.93,0,1,0,73.5,49.1,0,0,63.8,76.2,Female,Electronics,Placed
STU_05519,6.06,0,2,0,55.5,93.1,1,0,75.3,74.3,Male,Civil,Placed
STU_05520,5.8,1,2,1,65.4,91.4,0,1,81.9,77.2,Male,Civil,Placed
STU_05521,6.55,0,2,2,70.3,35.2,0,1,78.5,75.4,Male,Computer Science,Placed
STU_05522,6.64,2,2,0,46.9,45.9,0,0,77.8,80.0,Female,Computer Science,Placed
STU_05523,8.05,0,0,2,54.2,70.4,0,1,77.9,65.3,Female,Computer Science,Placed
STU_05524,6.69,1,2,0,60.1,87.8,1,1,73.3,74.2,Male,Mechanical,Not Placed
STU_05525,6.44,0,4,1,93.5,75.5,1,0,98.1,75.3,Male,Mechanical,Placed
STU_05526,6.69,0,0,3,57.5,72.3,0,1,81.3,65.5,Female,Electronics,Placed
STU_05527,8.42,1,2,0,69.2,78.9,1,0,81.1,64.2,Male,Information Technology,Placed
STU_05528,7.31,1,1,1,54.4,62.3,1,0,64.7,68.8,Male,Mechanical,Placed
STU_05529,7.12,1,2,0,58.4,87.3,0,0,74.8,76.9,Male,Civil,Placed
STU_05530,7.19,1,2,0,48.4,70.8,0,0,72.7,63.0,Male,Mechanical,Placed
STU_05531,8.59,1,2,2,80.1,52.4,0,0,77.7,85.4,Male,Civil,Placed
STU_05532,6.55,0,3,1,50.1,62.5,1,1,74.8,68.3,Male,Civil,Placed
STU_05533,8.62,2,1,3,83.6,76.4,1,1,71.8,74.9,Female,Mechanical,Placed
STU_05534,7.51,1,2,0,77.0,68.5,0,0,75.7,82.4,Female,Mechanical,Placed
STU_05535,7.14,3,0,1,68.9,67.3,1,1,67.2,58.8,Female,Computer Science,Placed
STU_05536,9.8,2,2,1,84.1,74.4,1,0,84.0,90.0,Female,Civil,Placed
STU_05537,6.24,0,1,2,100.0,76.3,1,1,86.1,65.3,Female,Electronics,Placed
STU_05538,6.95,0,3,0,77.2,57.2,1,1,83.0,89.6,Female,Information Technology,Placed
STU_05539,6.07,1,1,3,53.2,86.7,0,1,86.6,80.7,Female,Mechanical,Placed
STU_05540,8.25,1,0,1,92.3,70.4,0,1,85.9,55.1,Male,Computer Science,Placed
STU_05541,8.99,1,1,1,72.8,77.0,1,1,65.2,73.3,Female,Information Technology,Placed
STU_05542,8.97,1,4,0,100.0,73.2,1,1,92.9,66.4,Female,Electronics,Placed
STU_05543,8.52,0,1,2,62.4,67.1,1,0,86.7,93.1,Female,Mechanical,Placed
STU_05544,7.1,0,0,1,89.2,82.9,0,1,58.9,77.3,Female,Computer Science,Placed
STU_05545,6.93,0,0,1,70.0,73.0,1,1,70.4,53.7,Male,Computer Science,Placed
STU_05546,5.63,1,1,1,100.0,72.9,1,1,65.7,88.9,Male,Mechanical,Placed
STU_05547,9.34,1,0,0,65.8,42.1,0,1,82.3,81.0,Female,Civil,Not Placed
STU_05548,,0,2,0,100.0,81.8,1,0,72.7,79.6,Male,Mechanical,Placed
STU_05549,6.81,1,1,2,76.6,70.0,1,1,78.2,75.3,Male,Computer Science,Placed
STU_05550,8.63,0,2,0,82.7,81.1,0,1,95.3,59.4,Female,Electronics,Placed
STU_05551,6.33,0,0,2,95.5,91.7,0,0,92.4,92.4,Female,Electronics,Placed
STU_05552,7.71,1,1,1,58.2,81.9,1,1,68.4,72.4,Male,Electronics,Placed
STU_05553,7.13,0,2,0,84.5,72.6,0,0,82.6,90.8,Male,Computer Science,Placed
STU_05554,7.94,1,0,1,65.6,68.6,1,1,96.3,75.2,Male,Mechanical,Placed
STU_05555,7.24,2,1,1,72.3,100.0,0,0,68.9,72.9,Female,Mechanical,Placed
STU_05556,5.85,2,1,1,71.2,77.8,1,1,87.7,56.0,Female,Mechanical,Placed
STU_05557,7.38,0,1,2,78.6,74.5,1,0,76.3,67.2,Male,Civil,Placed
STU_05558,8.35,1,2,0,78.0,69.8,1,0,68.6,89.5,Male,Civil,Placed
STU_05559,7.27,1,2,2,61.4,61.2,1,1,93.1,82.9,Female,Mechanical,Placed
STU_05560,8.08,1,2,1,71.9,48.6,0,0,73.7,80.8,Female,Civil,Placed
STU_05561,6.25,1,1,2,35.0,90.3,0,1,76.5,81.5,Male,Civil,Placed
STU_05562,7.27,0,1,0,84.9,62.6,1,1,74.5,75.0,Male,Mechanical,Placed
STU_05563,6.68,0,1,0,95.4,69.7,1,1,88.5,69.8,Female,Mechanical,Placed
STU_05564,8.05,1,2,1,72.9,70.7,0,1,87.8,66.2,Male,Computer Science,Placed
STU_05565,7.33,1,2,0,45.9,89.2,1,1,70.6,70.0,Male,Mechanical,Placed
STU_05566,7.99,0,1,3,81.1,62.8,0,0,79.2,76.6,Female,Mechanical,Placed
STU_05567,8.39,0,2,0,58.5,75.1,0,1,81.7,66.5,Female,Mechanical,Placed
STU_05568,7.99,1,0,0,72.7,78.1,0,0,87.8,75.2,Female,Mechanical,Placed
STU_05569,7.57,0,4,0,80.3,55.4,0,0,71.9,75.9,Female,Information Technology,Placed
STU_05570,6.3,0,0,0,78.2,54.3,0,0,91.8,73.0,Male,Information Technology,Not Placed
STU_05571,7.3,0,2,1,86.2,63.4,1,1,86.1,56.9,Female,Electronics,Placed
STU_05572,6.77,0,1,1,72.2,74.9,1,0,68.5,63.4,Male,Mechanical,Placed
STU_05573,6.96,1,3,0,72.6,73.4,0,0,82.8,73.2,Male,Civil,Placed
STU_05574,6.93,0,0,0,81.1,70.6,0,1,82.9,51.5,Male,Information Technology,Placed
STU_05575,6.32,0,1,0,68.9,79.8,0,1,70.9,86.3,Male,Information Technology,Placed
STU_05576,5.34,0,1,0,59.7,61.7,0,0,82.3,89.3,Male,Computer Science,Not Placed
STU_05577,6.63,0,4,1,76.8,70.0,1,1,78.0,84.4,Male,Civil,Placed
STU_05578,7.49,1,4,2,53.1,70.6,1,1,62.7,78.1,Male,Civil,Placed
STU_05579,5.95,0,1,2,68.8,62.0,1,1,50.0,61.4,Female,Information Technology,Not Placed
STU_05580,7.32,1,2,3,49.3,99.6,0,1,98.5,78.4,Male,Computer Science,Placed
STU_05581,9.2,0,2,2,61.7,46.1,1,1,76.8,90.5,Female,Electronics,Placed
STU_05582,8.32,0,1,1,62.3,86.9,0,1,79.1,62.5,Female,Mechanical,Placed
STU_05583,8.94,0,1,1,55.2,81.6,0,0,67.7,99.0,Female,Civil,Placed
STU_05584,7.69,0,4,2,86.5,81.7,1,0,72.0,84.0,Female,Mechanical,Placed
STU_05585,8.47,1,2,1,85.3,73.2,0,1,99.0,63.3,Male,Mechanical,Placed
STU_05586,6.58,1,0,0,89.7,88.0,0,1,99.0,63.9,Female,Mechanical,Placed
STU_05587,6.66,2,1,1,67.2,66.6,0,1,59.4,69.4,Male,Electronics,Placed
STU_05588,5.0,0,1,3,63.5,76.7,0,1,78.6,74.4,Male,Mechanical,Placed
STU_05589,8.49,0,2,2,82.1,72.9,0,1,96.7,70.9,Male,Electronics,Placed
STU_05590,,0,1,0,71.9,69.2,1,0,80.0,48.0,Male,Information Technology,Placed
STU_05591,6.75,1,2,3,71.9,73.5,0,1,84.8,60.7,Male,Information Technology,Placed
STU_05592,7.05,0,1,3,31.8,60.6,0,1,76.3,74.9,Female,Computer Science,Placed
STU_05593,6.55,0,1,0,81.3,64.0,1,0,83.2,77.1,Female,Civil,Placed
STU_05594,7.68,0,0,2,79.4,91.0,1,1,92.5,84.9,Male,Computer Science,Placed
STU_05595,8.42,0,3,2,69.9,100.0,1,1,83.2,67.7,Male,Civil,Not Placed
STU_05596,5.56,2,1,0,82.2,78.2,0,1,65.8,76.6,Male,Civil,Placed
STU_05597,7.71,1,2,1,,82.0,1,1,71.7,75.1,Female,Information Technology,Placed
STU_05598,7.02,1,1,0,59.5,75.0,1,1,85.7,65.8,Male,Computer Science,Placed
STU_05599,7.41,1,2,1,66.7,77.5,0,1,77.3,81.8,Female,Electronics,Placed
STU_05600,7.76,1,1,2,54.9,78.5,0,1,72.5,80.3,Male,Electronics,Placed
STU_05601,7.11,0,2,1,91.9,84.4,1,0,67.1,99.0,Male,Civil,Placed
STU_05602,7.2,1,3,1,84.7,90.4,1,1,68.0,86.7,Male,Electronics,Placed
STU_05603,7.09,0,1,2,57.8,61.4,1,0,70.8,58.0,Female,Information Technology,Placed
STU_05604,8.27,0,1,3,79.3,100.0,1,1,82.6,85.3,Female,Computer Science,Placed
STU_05605,7.72,1,2,0,74.2,73.7,1,1,72.8,59.3,Male,Electronics,Placed
STU_05606,7.52,1,1,2,59.7,73.7,0,1,79.8,91.2,Female,Civil,Placed
STU_05607,6.03,1,2,0,71.9,67.0,0,0,79.6,71.8,Female,Computer Science,Placed
STU_05608,6.92,1,0,0,82.9,67.1,0,1,85.7,78.5,Female,Electronics,Placed
STU_05609,8.2,0,2,2,84.1,79.4,0,1,69.8,89.5,Male,Electronics,Placed
STU_05610,7.34,0,2,2,100.0,79.6,1,0,94.2,80.2,Male,Mechanical,Placed
STU_05611,7.96,0,0,1,71.4,78.8,0,0,60.4,83.9,Male,Computer Science,Placed
STU_05612,9.07,1,2,0,66.4,66.5,1,0,74.7,67.9,Male,Civil,Placed
STU_05613,8.34,3,1,0,78.4,39.6,1,0,73.8,64.8,Male,Computer Science,Placed
STU_05614,7.39,0,1,2,67.3,50.5,0,1,70.1,75.3,Male,Civil,Placed
STU_05615,6.79,0,1,0,61.2,72.2,0,1,56.0,82.3,Female,Civil,Not Placed
STU_05616,5.0,1,2,0,56.1,76.0,0,1,90.1,73.9,Female,Civil,Placed
STU_05617,7.13,2,0,2,20.0,67.0,0,1,86.3,93.1,Male,Information Technology,Placed
STU_05618,6.97,1,4,1,81.0,63.7,0,0,83.0,81.2,Male,Electronics,Placed
STU_05619,7.69,0,2,0,45.4,75.6,0,0,70.7,71.7,Female,Electronics,Placed
STU_05620,7.15,3,0,0,56.8,70.7,1,0,72.9,73.3,Male,Electronics,Placed
STU_05621,6.98,2,3,2,74.4,66.3,0,1,74.6,68.9,Male,Information Technology,Placed
STU_05622,5.52,0,1,3,65.2,52.6,0,0,75.6,80.2,Male,Electronics,Not Placed
STU_05623,6.36,2,2,0,100.0,61.9,1,1,86.0,70.7,Male,Mechanical,Placed
STU_05624,7.78,1,1,1,47.4,83.2,0,1,73.1,77.2,Male,Information Technology,Placed
STU_05625,9.02,0,2,0,100.0,60.4,0,1,69.4,91.8,Female,Information Technology,Not Placed
STU_05626,7.2,1,2,2,90.7,80.0,1,0,79.5,80.0,Male,Electronics,Placed
STU_05627,7.63,2,2,0,83.6,88.6,0,0,78.4,74.4,Male,Mechanical,Placed
STU_05628,8.25,1,1,1,91.6,62.5,0,0,83.0,72.6,Female,Civil,Placed
STU_05629,6.49,0,1,1,76.1,66.7,1,0,91.9,89.5,Female,Civil,Placed
STU_05630,7.67,3,1,1,44.5,83.8,0,1,73.9,79.3,Female,Electronics,Not Placed
STU_05631,6.56,0,0,2,77.7,86.8,1,1,87.3,83.3,Female,Computer Science,Placed
STU_05632,8.16,1,1,1,47.8,64.3,0,1,79.4,68.6,Female,Electronics,Placed
STU_05633,7.45,1,2,2,,52.5,1,1,88.2,60.4,Male,Electronics,Not Placed
STU_05634,7.6,0,3,0,68.8,87.1,1,1,90.3,89.1,Male,,Placed
STU_05635,6.52,0,1,0,56.3,79.0,0,0,70.4,86.7,Male,Civil,Placed
STU_05636,8.01,2,1,1,84.2,76.8,1,1,97.8,63.4,Male,Electronics,Placed
STU_05637,9.38,0,3,1,66.8,83.0,1,1,79.8,84.2,Male,Mechanical,Placed
STU_05638,6.29,1,3,1,76.1,57.8,1,1,66.5,90.1,Male,Computer Science,Not Placed
STU_05639,6.96,1,1,2,69.9,76.7,1,0,66.6,70.7,Female,Electronics,Placed
STU_05640,7.53,1,0,1,71.9,68.6,0,1,92.7,74.5,Male,Computer Science,Placed
STU_05641,8.09,1,2,2,56.7,79.2,0,1,91.1,96.0,Female,Information Technology,Placed
STU_05642,6.74,0,2,1,52.4,81.6,0,0,89.0,88.9,Female,Computer Science,Placed
STU_05643,5.0,0,0,0,67.7,83.7,1,1,72.6,66.9,Female,Civil,Placed
STU_05644,8.66,2,2,0,55.5,79.2,0,0,74.3,67.9,Male,Civil,Placed
STU_05645,8.06,1,2,2,90.9,75.0,1,0,62.2,72.5,Female,Civil,Placed
STU_05646,5.56,0,1,0,49.4,75.4,0,0,75.1,77.9,Male,Computer Science,Placed
STU_05647,6.69,2,2,0,100.0,76.4,0,1,79.7,80.8,Male,Electronics,Placed
STU_05648,8.87,1,1,0,74.5,64.5,0,0,93.0,61.2,Female,Electronics,Placed
STU_05649,8.75,0,2,1,71.0,67.6,0,1,75.2,68.3,Female,Mechanical,Placed
STU_05650,8.24,3,2,1,61.9,76.8,0,0,74.7,54.4,Male,Electronics,Placed
STU_05651,7.12,1,1,0,79.9,79.8,0,0,80.9,83.4,Male,Civil,Placed
STU_05652,7.38,0,2,1,66.9,64.2,0,1,86.5,75.6,Male,Electronics,Placed
STU_05653,7.17,0,2,0,74.5,59.1,0,1,93.5,72.6,Female,Information Technology,Not Placed
STU_05654,,1,4,2,82.6,51.9,0,1,71.0,70.3,Male,Information Technology,Placed
STU_05655,6.42,1,1,2,80.0,56.9,0,0,76.3,73.2,Female,Mechanical,Not Placed
STU_05656,6.49,0,0,1,88.6,65.5,1,1,79.4,79.5,Male,Information Technology,Placed
STU_05657,8.31,0,4,1,78.1,66.6,0,1,75.3,61.9,Female,Information Technology,Placed
STU_05658,7.26,0,2,0,55.7,68.6,0,1,71.8,66.9,Female,Civil,Placed
STU_05659,8.68,1,3,2,38.8,57.5,0,0,75.4,63.8,Female,Mechanical,Placed
STU_05660,6.63,0,0,0,73.2,50.2,0,1,65.8,48.0,Male,Mechanical,Placed
STU_05661,7.25,0,1,0,73.4,73.5,0,0,71.9,94.6,Female,Computer Science,Placed
STU_05662,6.38,1,0,2,98.9,73.5,1,0,65.7,82.5,Male,Computer Science,Placed
STU_05663,7.31,1,3,3,68.3,79.5,0,1,78.1,66.1,Male,Mechanical,Placed
STU_05664,5.82,1,3,2,75.6,81.8,0,0,74.1,77.6,Male,Computer Science,Placed
STU_05665,6.81,0,2,3,81.7,76.7,0,1,72.5,62.2,Male,Electronics,Placed
STU_05666,5.86,0,1,2,77.7,73.4,0,1,78.2,80.5,Male,Electronics,Placed
STU_05667,7.99,0,0,1,82.7,82.5,0,0,53.3,99.0,Female,Information Technology,Placed
STU_05668,8.02,3,2,0,57.7,89.1,0,1,74.8,85.5,Male,Electronics,Placed
STU_05669,5.57,1,2,3,55.4,63.9,0,1,79.9,53.2,Female,Civil,Placed
STU_05670,8.63,0,2,2,65.8,81.2,0,1,87.7,58.1,Male,Computer Science,Placed
STU_05671,9.8,0,1,0,37.4,64.5,0,1,84.1,58.6,Male,Civil,Placed
STU_05672,7.35,1,1,1,69.4,74.6,1,1,90.7,70.4,Male,Civil,Placed
STU_05673,6.66,1,0,0,60.1,84.8,1,0,63.7,74.3,Female,Mechanical,Placed
STU_05674,10.0,1,2,3,74.8,68.7,0,1,88.5,90.5,Male,Information Technology,Placed
STU_05675,5.98,2,1,1,66.0,60.6,0,0,81.0,60.1,Male,Information Technology,Placed
STU_05676,7.32,1,3,0,54.8,66.5,0,1,72.6,75.2,Female,Civil,Placed
STU_05677,7.48,1,2,0,89.7,60.6,0,1,79.1,48.0,Female,Information Technology,Placed
STU_05678,8.65,2,1,3,71.2,59.1,1,1,99.0,63.7,Male,Electronics,Placed
STU_05679,7.66,1,1,1,82.9,86.5,0,1,79.5,60.2,Female,Civil,Placed
STU_05680,6.8,1,3,1,72.8,78.4,1,1,78.8,51.5,Male,Computer Science,Placed
STU_05681,6.35,3,0,1,77.0,63.4,0,0,86.6,83.3,Male,Information Technology,Placed
STU_05682,6.96,0,1,0,49.6,60.2,0,1,75.8,67.8,Male,Computer Science,Placed
STU_05683,6.29,0,3,0,89.2,61.0,1,1,70.1,77.0,Male,Electronics,Not Placed
STU_05684,7.35,2,2,1,83.2,63.4,0,1,92.0,59.8,Female,Information Technology,Placed
STU_05685,6.74,1,2,1,69.7,85.8,0,1,63.6,87.9,Male,Mechanical,Placed
STU_05686,5.81,2,1,0,74.3,70.7,1,1,78.4,64.5,Female,Electronics,Placed
STU_05687,8.56,0,3,1,85.0,97.6,1,0,77.4,87.2,Female,Electronics,Placed
STU_05688,6.8,1,1,0,64.4,71.5,1,1,69.7,86.8,Female,Mechanical,Placed
STU_05689,6.03,0,1,2,46.3,65.1,0,1,64.8,77.8,Male,Computer Science,Placed
STU_05690,7.13,1,1,0,64.7,83.1,0,1,76.7,78.9,Male,Computer Science,Placed
STU_05691,7.37,0,1,0,72.3,52.0,0,1,81.7,63.9,Female,Electronics,Not Placed
STU_05692,5.55,0,4,0,69.5,74.3,1,1,88.5,57.2,Male,Electronics,Placed
STU_05693,7.63,0,2,0,89.8,57.5,0,1,70.3,77.1,Male,Information Technology,Placed
STU_05694,6.25,1,2,0,55.6,45.8,0,1,70.2,77.4,Female,Information Technology,Placed
STU_05695,9.01,0,4,1,57.5,70.6,1,1,93.3,70.9,Female,Electronics,Placed
STU_05696,7.82,0,1,1,54.1,82.0,1,1,73.3,66.0,Female,Information Technology,Placed
STU_05697,6.9,0,0,0,76.4,74.6,1,1,74.7,65.5,Female,Mechanical,Placed
STU_05698,6.55,0,2,1,47.1,73.1,0,1,90.2,58.7,Male,Information Technology,Not Placed
STU_05699,7.2,2,2,2,81.2,40.8,0,1,61.5,85.5,Female,Electronics,Placed
STU_05700,7.91,0,2,0,56.0,70.1,1,0,66.0,67.3,Female,Computer Science,Placed
STU_05701,7.27,0,0,2,58.4,70.3,1,1,91.9,64.6,Male,Computer Science,Placed
STU_05702,7.08,2,2,0,96.6,79.5,0,1,72.0,81.9,Female,Mechanical,Placed
STU_05703,7.36,1,1,0,88.5,59.3,0,1,72.7,69.2,Male,Computer Science,Placed
STU_05704,6.7,1,1,1,71.8,82.0,0,1,73.5,68.4,Female,Computer Science,Placed
STU_05705,6.96,1,1,0,50.3,65.9,0,1,74.8,87.4,Female,Electronics,Not Placed
STU_05706,5.21,2,1,2,100.0,68.4,0,1,73.4,62.3,Male,Electronics,Placed
STU_05707,8.27,0,1,0,67.1,78.3,0,1,79.4,63.0,Female,Electronics,Placed
STU_05708,7.6,3,1,1,73.7,57.7,0,1,90.5,54.2,Female,Electronics,Placed
STU_05709,6.53,2,4,1,83.7,81.9,0,1,70.0,74.7,Male,Electronics,Placed
STU_05710,9.2,1,3,0,40.6,55.7,0,1,72.1,68.5,Male,Information Technology,Placed
STU_05711,7.39,1,2,1,60.4,79.9,0,1,78.3,95.5,Female,Mechanical,Placed
STU_05712,6.26,1,4,1,69.0,69.2,1,1,93.7,68.5,Male,Electronics,Placed
STU_05713,8.16,0,4,1,72.0,70.2,0,0,75.0,82.1,Female,Information Technology,Placed
STU_05714,7.7,0,1,2,50.4,35.2,1,1,69.0,65.4,Female,Civil,Not Placed
STU_05715,7.69,3,1,0,74.9,64.9,1,0,57.8,84.0,Female,Electronics,Placed
STU_05716,6.87,1,4,1,70.5,69.5,0,1,70.4,91.0,Male,Mechanical,Placed
STU_05717,7.75,0,2,0,95.0,90.6,0,1,69.3,69.2,Female,Mechanical,Placed
STU_05718,7.04,1,1,0,85.0,71.6,0,1,66.1,73.1,Male,Mechanical,Placed
STU_05719,7.86,1,2,0,66.0,64.2,0,0,78.7,72.6,Female,Electronics,Placed
STU_05720,5.4,0,1,3,67.1,82.0,0,1,75.4,78.0,Male,Computer Science,Placed
STU_05721,6.87,1,1,1,85.2,65.9,0,1,92.3,85.9,Male,Computer Science,Placed
STU_05722,9.02,1,1,0,74.3,84.4,0,1,80.2,68.1,Male,Civil,Placed
STU_05723,6.53,0,1,0,49.4,75.1,1,1,88.1,86.5,Male,Civil,Placed
STU_05724,6.7,3,0,0,100.0,61.2,0,1,76.3,77.2,Female,Civil,Placed
STU_05725,6.85,0,3,0,55.2,83.3,1,1,69.2,92.3,Male,Electronics,Not Placed
STU_05726,6.09,1,1,0,100.0,79.2,0,0,84.2,78.7,Female,Information Technology,Placed
STU_05727,5.09,0,0,0,76.4,82.7,1,1,66.7,59.5,Male,Civil,Placed
STU_05728,7.07,1,0,0,60.5,69.8,0,1,89.6,82.8,Female,Civil,Placed
STU_05729,7.44,0,2,1,,79.2,0,1,70.5,75.1,Female,Information Technology,Placed
STU_05730,7.25,0,4,2,81.7,95.0,0,0,85.4,71.9,Male,Civil,Placed
STU_05731,7.16,2,0,1,46.7,74.1,0,0,81.8,80.7,Male,Civil,Not Placed
STU_05732,7.34,0,0,2,75.4,67.2,0,1,68.3,66.4,Female,Information Technology,Placed
STU_05733,8.32,1,1,0,99.0,90.5,0,1,90.1,72.9,Male,Mechanical,Placed
STU_05734,7.11,1,2,2,52.9,80.0,0,0,97.2,69.3,Male,Electronics,Placed
STU_05735,6.73,3,1,0,81.1,66.6,1,1,70.5,82.5,Female,Electronics,Placed
STU_05736,7.02,1,1,2,57.8,92.8,0,1,71.5,71.4,Male,Information Technology,Placed
STU_05737,7.88,0,1,2,87.0,57.6,1,1,78.7,76.6,Female,Civil,Placed
STU_05738,8.71,0,1,2,71.0,78.3,0,1,86.7,76.8,Male,Mechanical,Placed
STU_05739,6.67,2,3,2,69.7,85.8,0,1,90.2,80.4,Male,Information Technology,Placed
STU_05740,7.4,2,0,1,88.1,84.9,0,0,74.4,69.8,Male,Computer Science,Placed
STU_05741,7.64,0,1,0,79.4,61.2,0,1,79.4,88.3,Male,Civil,Placed
STU_05742,6.31,1,3,1,57.9,57.1,1,1,74.5,86.4,Male,Computer Science,Placed
STU_05743,7.32,1,3,1,96.8,74.8,0,1,73.9,95.7,Male,Mechanical,Placed
STU_05744,5.83,3,0,0,47.0,80.5,0,1,72.7,65.1,Male,Mechanical,Placed
STU_05745,5.53,2,4,1,74.1,59.1,1,1,64.4,77.0,Male,Computer Science,Placed
STU_05746,7.67,3,2,1,57.7,75.6,1,0,86.6,57.6,Female,Civil,Placed
STU_05747,6.92,2,1,0,47.7,54.5,0,0,79.0,62.6,Male,Computer Science,Placed
STU_05748,7.5,2,2,1,53.0,84.7,1,1,93.3,83.2,Male,Information Technology,Placed
STU_05749,7.28,0,1,1,69.3,65.1,0,1,86.2,73.7,Female,Civil,Placed
STU_05750,6.32,2,1,0,75.2,70.0,0,0,74.0,64.4,Male,Electronics,Placed
STU_05751,7.25,1,1,1,85.9,82.4,1,1,66.6,83.6,Male,Computer Science,Placed
STU_05752,6.07,3,2,3,92.1,81.3,1,0,96.7,78.7,Female,Electronics,Placed
STU_05753,8.69,1,3,2,74.2,77.7,1,0,61.0,48.7,Male,Computer Science,Not Placed
STU_05754,5.94,0,1,1,63.4,84.4,0,1,74.6,87.2,Male,Computer Science,Placed
STU_05755,7.1,1,1,0,85.6,76.9,0,1,74.7,75.7,Male,Civil,Placed
STU_05756,6.26,1,2,0,60.8,89.4,1,0,71.5,69.0,Male,Electronics,Placed
STU_05757,7.87,0,2,0,46.1,51.5,0,0,69.5,60.2,Female,Information Technology,Placed
STU_05758,6.97,0,2,0,84.1,71.3,1,1,65.8,80.1,Male,Mechanical,Placed
STU_05759,6.78,1,1,2,89.9,70.8,0,0,70.7,69.7,Female,Information Technology,Placed
STU_05760,8.15,0,2,3,57.7,69.4,0,0,77.5,73.4,Male,Electronics,Placed
STU_05761,7.33,0,1,2,99.4,78.0,0,1,81.1,75.6,Female,Mechanical,Placed
STU_05762,7.82,0,2,0,78.7,74.6,1,1,72.8,80.8,Female,Electronics,Placed
STU_05763,6.32,2,1,0,76.5,81.9,0,1,72.7,78.2,Male,Mechanical,Placed
STU_05764,5.9,1,1,1,62.2,57.8,0,0,67.6,91.7,Female,Electronics,Placed
STU_05765,7.41,0,1,1,85.3,99.5,0,0,79.7,55.5,Female,Electronics,Placed
STU_05766,6.98,1,3,1,47.1,67.3,0,1,78.5,68.7,Male,Mechanical,Placed
STU_05767,7.93,1,2,1,64.9,75.4,1,1,81.8,86.9,Male,Electronics,Placed
STU_05768,7.22,0,4,1,59.0,69.5,1,1,72.6,97.7,Female,Mechanical,Placed
STU_05769,7.51,0,0,2,50.4,73.0,1,0,68.9,87.8,Male,Electronics,Placed
STU_05770,5.68,1,2,1,82.9,65.6,0,1,77.8,80.6,Female,Electronics,Placed
STU_05771,9.19,1,1,2,75.1,74.5,0,0,83.2,84.6,Female,Electronics,Placed
STU_05772,7.14,1,2,0,82.1,79.0,1,1,69.1,84.3,Female,Civil,Placed
STU_05773,8.0,0,3,1,65.8,43.2,1,1,71.7,68.7,Female,Civil,Placed
STU_05774,6.46,0,3,0,84.8,68.1,1,1,65.8,81.7,Female,Mechanical,Placed
STU_05775,7.61,3,2,0,71.2,67.6,0,1,66.3,64.4,Female,Computer Science,Placed
STU_05776,6.0,0,2,0,62.9,99.9,0,1,72.5,76.5,Male,Computer Science,Placed
STU_05777,7.75,1,3,0,60.4,82.3,1,1,69.6,69.7,Female,Civil,Placed
STU_05778,6.94,0,1,3,40.3,90.0,1,1,86.0,80.3,Male,Computer Science,Placed
STU_05779,7.33,0,3,1,87.5,78.7,1,1,78.3,69.2,Female,Civil,Placed
STU_05780,8.0,0,3,2,85.8,73.0,1,1,90.7,75.8,Male,Information Technology,Placed
STU_05781,6.07,0,2,0,100.0,76.4,0,1,90.8,64.0,Male,Mechanical,Placed
STU_05782,6.62,0,2,0,65.0,85.5,0,1,78.2,71.0,Male,Mechanical,Placed
STU_05783,7.76,0,1,1,60.0,93.0,1,1,58.0,87.8,Male,Civil,Not Placed
STU_05784,9.4,1,1,0,44.5,75.6,0,1,82.0,54.6,Male,Electronics,Placed
STU_05785,7.16,1,2,1,84.4,64.5,1,1,89.4,75.7,Female,Civil,Placed
STU_05786,7.89,0,1,1,80.9,83.1,0,1,84.3,90.5,Female,Electronics,Placed
STU_05787,7.19,2,2,2,93.3,61.8,0,1,81.5,84.8,Male,,Placed
STU_05788,9.24,0,3,1,56.3,76.7,0,1,75.5,75.9,Male,Civil,Placed
STU_05789,5.55,0,0,1,80.7,80.2,0,1,66.2,83.3,Female,Mechanical,Not Placed
STU_05790,7.39,1,0,0,62.2,70.7,1,0,84.3,66.9,Female,Electronics,Placed
STU_05791,5.67,1,2,1,90.2,61.1,1,1,76.0,83.1,Female,Civil,Placed
STU_05792,5.0,1,1,1,78.0,66.5,0,1,81.1,88.5,Female,Information Technology,Placed
STU_05793,7.6,0,1,0,46.7,68.2,1,1,72.1,77.6,Female,Mechanical,Not Placed
STU_05794,7.44,2,1,0,68.0,59.4,0,1,98.0,86.0,Female,Information Technology,Placed
STU_05795,7.02,1,0,1,40.8,67.4,0,0,80.4,63.8,Male,Mechanical,Placed
STU_05796,7.19,0,0,2,52.6,54.6,0,1,74.2,62.2,Male,Civil,Placed
STU_05797,10.0,0,3,0,53.5,79.1,1,1,66.6,83.6,Male,Civil,Placed
STU_05798,7.04,2,1,2,60.4,76.0,1,0,64.0,99.0,Female,Electronics,Placed
STU_05799,7.81,1,1,1,66.1,75.2,0,1,84.2,76.0,Male,Information Technology,Placed
STU_05800,6.65,0,4,1,72.5,67.4,0,1,72.2,84.7,Female,Information Technology,Placed
STU_05801,7.6,0,3,3,71.7,69.0,1,1,73.5,48.0,Male,Computer Science,Placed
STU_05802,7.06,0,0,1,69.6,62.1,0,1,72.6,81.7,Male,Electronics,Placed
STU_05803,6.89,1,2,2,75.0,78.1,0,0,67.1,69.6,Male,Civil,Placed
STU_05804,9.12,2,2,1,51.3,55.7,1,1,75.1,97.0,Male,Computer Science,Placed
STU_05805,8.48,0,2,0,71.1,73.0,0,1,78.6,83.5,Male,Information Technology,Placed
STU_05806,7.44,0,2,1,91.5,64.4,0,1,67.9,75.9,Female,Civil,Placed
STU_05807,5.0,2,2,2,67.5,93.1,0,0,81.3,69.0,Female,Civil,Placed
STU_05808,6.94,1,1,2,77.4,78.3,1,1,65.8,89.1,Male,Mechanical,Placed
STU_05809,10.0,1,2,0,76.0,72.0,1,1,73.6,89.4,Female,,Placed
STU_05810,7.07,0,2,0,82.9,58.7,0,1,81.6,66.1,Male,Computer Science,Placed
STU_05811,8.4,1,2,1,74.3,55.6,0,1,77.9,87.9,Male,Electronics,Placed
STU_05812,8.74,1,0,1,82.7,77.9,1,1,61.6,86.2,Female,Information Technology,Placed
STU_05813,7.52,0,0,0,77.6,93.6,0,1,50.1,78.0,Female,Mechanical,Placed
STU_05814,6.46,3,4,0,79.9,76.9,0,1,83.7,84.1,Female,Mechanical,Placed
STU_05815,5.0,2,1,2,76.6,74.1,0,0,84.9,81.2,Male,Mechanical,Placed
STU_05816,7.98,1,1,1,54.9,74.3,1,1,82.4,63.6,Female,Computer Science,Placed
STU_05817,6.49,1,2,2,52.4,73.2,1,0,75.7,78.9,Female,Electronics,Placed
STU_05818,7.48,1,1,2,64.7,74.4,0,1,75.5,73.6,Female,Information Technology,Placed
STU_05819,6.05,0,1,0,93.3,63.8,0,1,76.9,63.0,Male,Mechanical,Placed
STU_05820,7.03,0,2,2,67.4,60.3,1,0,83.9,66.4,Male,Computer Science,Placed
STU_05821,7.33,1,2,1,74.6,73.3,0,1,76.7,56.8,Female,Information Technology,Placed
STU_05822,7.57,1,2,3,40.5,89.9,0,1,81.7,55.9,Female,Civil,Placed
STU_05823,6.19,2,3,0,72.9,81.3,1,1,91.1,68.7,Female,Civil,Placed
STU_05824,8.5,0,1,0,71.3,57.2,0,1,68.3,87.2,Male,Mechanical,Not Placed
STU_05825,6.7,1,2,1,29.9,68.9,1,0,76.1,60.8,Female,Computer Science,Placed
STU_05826,5.63,1,0,2,74.4,80.7,0,1,69.4,61.8,Male,Information Technology,Not Placed
STU_05827,7.19,1,1,2,45.2,90.2,0,0,74.1,96.1,Male,Electronics,Placed
STU_05828,7.33,2,2,1,59.1,93.5,0,1,77.0,64.5,Male,Electronics,Placed
STU_05829,7.46,3,1,0,84.9,69.5,1,1,69.2,75.3,Male,Information Technology,Placed
STU_05830,8.66,0,2,1,72.4,81.9,1,1,61.8,80.5,Female,Civil,Placed
STU_05831,7.06,0,1,2,63.3,75.0,1,1,64.9,72.8,Female,Mechanical,Placed
STU_05832,7.18,0,0,2,62.0,70.6,0,1,82.4,74.5,Male,Electronics,Placed
STU_05833,6.2,1,2,1,63.7,72.7,1,0,71.3,66.2,Male,Computer Science,Placed
STU_05834,8.12,0,2,0,72.4,72.9,0,1,75.8,67.9,Male,Computer Science,Placed
STU_05835,7.48,1,0,1,52.0,86.1,1,0,78.5,78.6,Female,Computer Science,Placed
STU_05836,6.88,0,3,1,86.9,55.1,0,0,87.1,61.8,Female,Computer Science,Placed
STU_05837,5.4,1,1,3,52.8,77.6,0,1,75.2,90.7,Male,Information Technology,Placed
STU_05838,8.74,1,0,1,44.1,90.5,0,1,80.5,55.3,Female,Information Technology,Placed
STU_05839,6.07,1,1,1,84.9,89.2,0,1,66.7,77.4,Female,Information Technology,Placed
STU_05840,6.71,1,1,3,63.4,78.8,0,0,76.4,63.3,Female,Information Technology,Placed
STU_05841,7.66,0,0,0,71.1,62.9,0,1,68.2,80.2,Female,Electronics,Placed
STU_05842,6.1,0,2,0,79.8,81.3,0,1,76.6,64.3,Female,Mechanical,Placed
STU_05843,5.81,1,2,1,59.2,87.9,0,0,79.3,81.5,Male,Electronics,Placed
STU_05844,5.18,1,1,0,72.1,65.8,0,1,75.7,84.0,Female,Mechanical,Placed
STU_05845,8.02,2,4,0,79.7,76.3,0,1,73.8,84.9,Male,Computer Science,Placed
STU_05846,6.75,2,1,2,,69.5,0,1,80.7,69.6,Male,Electronics,Placed
STU_05847,10.0,2,1,1,62.3,64.6,1,1,74.0,91.6,Female,Electronics,Placed
STU_05848,6.31,0,1,0,63.1,68.2,1,1,73.9,75.6,Male,Civil,Placed
STU_05849,6.38,1,1,0,78.4,73.5,0,0,67.5,74.5,Female,Mechanical,Placed
STU_05850,6.73,0,2,0,73.1,61.0,1,0,83.1,81.1,Female,Computer Science,Not Placed
STU_05851,7.54,0,1,1,67.9,59.0,0,1,77.6,57.0,Male,Information Technology,Placed
STU_05852,6.83,0,2,0,93.9,61.3,1,1,73.2,72.5,Male,Computer Science,Placed
STU_05853,7.91,0,2,2,44.8,75.9,1,1,67.6,79.0,Male,Mechanical,Placed
STU_05854,6.32,0,2,1,48.7,54.4,0,0,99.0,68.6,Female,Electronics,Placed
STU_05855,5.92,1,2,0,44.9,45.4,1,1,50.0,74.6,Male,Computer Science,Placed
STU_05856,5.5,3,1,0,88.0,88.5,1,0,70.4,93.4,Female,Computer Science,Placed
STU_05857,5.08,0,0,1,77.7,59.8,1,1,73.2,66.2,Female,Information Technology,Placed
STU_05858,6.78,2,2,0,49.4,69.7,1,1,87.2,83.8,Male,Civil,Placed
STU_05859,7.0,0,1,1,68.2,83.1,1,1,74.9,68.1,Male,Computer Science,Placed
STU_05860,6.67,0,0,2,69.6,54.7,0,1,79.8,75.9,Female,Electronics,Placed
STU_05861,8.54,1,2,0,36.9,54.7,0,1,73.6,80.9,Male,Information Technology,Placed
STU_05862,,1,1,0,72.8,64.4,0,1,96.4,84.1,Male,Civil,Placed
STU_05863,6.97,0,2,2,52.3,83.5,0,1,82.0,79.1,Male,Information Technology,Not Placed
STU_05864,5.51,0,1,0,80.6,71.7,0,1,71.5,83.2,Male,Mechanical,Placed
STU_05865,6.73,1,4,0,52.8,71.9,1,0,85.0,73.1,Male,Computer Science,Placed
STU_05866,6.7,0,2,0,73.3,68.5,0,1,75.5,70.3,Female,Mechanical,Placed
STU_05867,6.64,1,0,2,89.4,78.7,1,1,96.3,86.4,Male,Information Technology,Placed
STU_05868,6.6,1,2,2,84.6,89.2,1,1,91.5,54.8,Female,Mechanical,Placed
STU_05869,6.65,0,2,0,77.6,100.0,1,0,80.9,70.6,Male,Computer Science,Placed
STU_05870,6.91,2,2,1,68.8,70.2,1,0,75.6,72.3,Female,Civil,Placed
STU_05871,6.66,0,2,0,47.5,90.3,1,1,71.7,77.0,Female,Information Technology,Placed
STU_05872,7.51,1,2,1,63.4,84.0,1,1,86.8,84.9,Female,Mechanical,Placed
STU_05873,7.66,1,1,0,66.6,75.2,0,1,92.5,77.3,Female,Mechanical,Placed
STU_05874,6.39,3,1,0,65.5,45.5,1,1,75.1,72.6,Female,Mechanical,Placed
STU_05875,8.57,1,3,2,47.0,67.5,0,1,82.5,84.2,Male,Civil,Placed
STU_05876,6.32,1,1,0,76.5,67.9,1,1,83.1,78.1,Female,Information Technology,Placed
STU_05877,5.68,0,0,0,52.3,76.3,0,1,86.9,76.4,Male,Information Technology,Placed
STU_05878,7.68,1,1,2,93.2,69.6,1,0,70.2,92.6,Male,Mechanical,Placed
STU_05879,6.48,1,3,2,72.2,65.2,1,1,82.4,85.7,Male,Information Technology,Placed
STU_05880,7.62,0,2,1,84.7,96.4,0,0,99.0,99.0,Male,Information Technology,Placed
STU_05881,5.0,2,2,2,84.4,87.7,0,1,79.0,53.5,Male,Civil,Placed
STU_05882,8.69,0,3,1,100.0,47.7,1,1,82.5,89.2,Male,Civil,Placed
STU_05883,7.97,2,3,0,72.7,68.6,0,0,81.8,91.3,Male,Computer Science,Placed
STU_05884,5.8,2,2,0,64.1,79.6,0,0,83.5,67.5,Male,Civil,Placed
STU_05885,5.82,1,1,0,64.4,88.0,0,1,66.4,73.7,Female,Civil,Placed
STU_05886,8.97,1,0,0,92.4,67.0,1,1,98.5,76.0,Female,Information Technology,Placed
STU_05887,6.56,0,2,1,50.2,69.4,0,1,79.0,70.1,Male,Computer Science,Not Placed
STU_05888,6.47,3,1,0,56.8,73.1,0,1,83.4,71.3,Female,Civil,Placed
STU_05889,5.03,0,2,1,73.6,79.9,0,1,78.9,99.0,Female,Mechanical,Placed
STU_05890,6.95,1,2,0,67.7,53.6,0,0,87.4,75.0,Female,Mechanical,Placed
STU_05891,7.07,1,2,0,84.5,47.8,1,1,73.0,81.5,Female,Information Technology,Placed
STU_05892,8.02,2,0,1,49.9,87.1,0,0,64.9,79.1,Male,Mechanical,Placed
STU_05893,5.9,1,0,0,69.0,60.1,0,0,76.8,76.0,Female,Civil,Placed
STU_05894,5.78,1,2,0,67.2,97.5,1,1,82.8,62.6,Male,Information Technology,Placed
STU_05895,7.75,0,1,3,53.9,61.6,1,1,74.5,85.6,Female,Computer Science,Placed
STU_05896,8.31,0,2,1,83.2,69.8,1,0,71.3,74.5,Female,Civil,Placed
STU_05897,5.73,0,2,1,68.6,76.4,0,0,81.5,57.9,Male,Computer Science,Placed
STU_05898,8.38,2,4,1,68.0,46.4,0,0,68.7,76.8,Male,Electronics,Placed
STU_05899,7.34,1,3,1,57.6,100.0,1,1,87.8,78.4,Male,Electronics,Placed
STU_05900,8.39,1,1,0,64.5,67.3,0,1,74.9,87.8,Female,Information Technology,Placed
STU_05901,7.23,1,2,0,54.7,61.9,1,1,83.0,60.2,Female,Information Technology,Placed
STU_05902,5.0,1,0,1,83.0,58.0,0,0,66.4,73.7,Male,Computer Science,Placed
STU_05903,7.15,0,1,0,85.5,76.3,0,1,91.5,67.5,Male,Civil,Placed
STU_05904,8.36,0,2,0,95.2,75.5,1,1,82.7,65.8,Male,Computer Science,Placed
STU_05905,6.41,0,2,0,76.5,58.4,0,1,84.1,77.5,Male,Mechanical,Placed
STU_05906,6.91,1,2,0,64.9,55.5,0,0,65.1,70.1,Male,Civil,Placed
STU_05907,7.12,0,1,2,63.0,84.7,0,0,70.5,80.5,Female,Computer Science,Placed
STU_05908,5.0,1,3,0,77.4,64.1,0,1,80.0,65.2,Female,Information Technology,Placed
STU_05909,8.97,1,1,0,73.0,51.3,0,1,67.2,73.4,Female,Mechanical,Placed
STU_05910,6.4,1,3,1,67.4,70.2,1,1,71.7,78.2,Male,Civil,Placed
STU_05911,7.81,0,2,1,66.1,67.2,1,0,85.6,79.6,Female,Civil,Placed
STU_05912,7.21,0,1,1,87.6,95.4,0,0,71.9,77.1,Female,Civil,Placed
STU_05913,8.56,0,0,1,63.5,65.7,0,1,81.7,74.5,Male,Electronics,Placed
STU_05914,7.71,1,1,1,90.2,68.3,1,0,69.7,68.6,Male,Computer Science,Placed
STU_05915,7.07,0,3,2,72.7,74.6,0,1,84.0,92.5,Male,Computer Science,Placed
STU_05916,6.41,2,3,0,64.5,65.1,0,1,66.8,77.4,Female,Mechanical,Placed
STU_05917,8.1,1,2,0,58.2,77.3,0,0,83.9,62.5,Female,Civil,Placed
STU_05918,5.43,0,2,3,67.7,59.8,0,1,99.0,53.4,Male,Electronics,Placed
STU_05919,7.95,1,2,0,,69.1,0,1,72.7,88.2,Male,Computer Science,Placed
STU_05920,6.2,1,2,0,64.3,76.9,1,1,71.4,60.8,Male,Mechanical,Placed
STU_05921,8.55,1,2,0,82.8,85.7,0,1,89.4,77.0,Male,Civil,Placed
STU_05922,7.46,0,1,0,63.6,65.0,1,1,78.6,61.9,Male,Civil,Placed
STU_05923,7.94,0,3,0,68.1,64.8,1,1,66.3,76.6,Male,Information Technology,Placed
STU_05924,7.38,0,2,0,50.7,90.5,0,0,81.4,78.4,Male,Civil,Placed
STU_05925,5.55,0,1,0,78.4,65.4,1,0,80.2,83.8,Male,Mechanical,Placed
STU_05926,6.44,1,3,0,66.0,71.3,0,1,71.7,74.0,Female,Mechanical,Placed
STU_05927,7.97,1,2,0,93.7,92.6,1,0,71.3,74.0,Male,Mechanical,Placed
STU_05928,7.47,2,1,2,80.6,72.8,0,1,86.7,63.3,Male,Mechanical,Placed
STU_05929,8.48,0,0,2,71.3,69.0,1,1,68.1,72.2,Female,Computer Science,Placed
STU_05930,7.7,0,2,1,88.4,69.9,1,1,64.3,75.4,Male,Mechanical,Placed
STU_05931,6.33,1,3,3,76.1,63.1,0,1,70.2,75.5,Male,Civil,Placed
STU_05932,6.5,0,3,1,85.1,77.4,0,1,86.7,73.2,Male,Electronics,Placed
STU_05933,7.4,0,2,1,57.1,60.9,0,1,75.4,63.2,Female,Electronics,Placed
STU_05934,5.0,1,0,0,76.9,81.3,0,1,72.4,60.7,Male,Civil,Placed
STU_05935,8.97,0,0,2,77.5,72.2,1,1,77.3,91.6,Female,Information Technology,Placed
STU_05936,7.74,1,1,2,46.8,74.8,0,0,82.9,81.5,Female,Mechanical,Placed
STU_05937,8.53,0,3,0,92.6,92.8,1,1,93.3,99.0,Female,Information Technology,Placed
STU_05938,5.72,1,4,1,52.6,54.6,0,1,81.5,79.4,Male,Computer Science,Placed
STU_05939,8.54,2,1,1,50.5,72.3,0,1,97.6,82.3,Male,Mechanical,Placed
STU_05940,9.53,0,2,0,27.3,79.7,1,1,85.3,65.0,Male,Computer Science,Placed
STU_05941,5.98,2,2,1,77.1,64.6,1,1,75.0,91.2,Male,Information Technology,Placed
STU_05942,8.07,1,0,0,45.4,83.4,0,1,86.9,54.7,Male,Electronics,Placed
STU_05943,7.3,2,2,0,62.2,65.5,0,1,84.4,82.1,Male,Information Technology,Placed
STU_05944,5.76,0,3,0,82.6,75.5,0,1,89.6,76.2,Male,Mechanical,Placed
STU_05945,7.79,1,1,1,72.9,70.5,0,1,85.4,91.0,Female,Electronics,Placed
STU_05946,8.13,0,3,1,60.6,73.9,1,0,79.1,73.6,Male,Electronics,Placed
STU_05947,6.7,1,1,2,46.1,72.9,0,0,73.2,75.4,Female,Mechanical,Placed
STU_05948,8.47,1,0,1,68.4,71.6,1,1,79.3,53.7,Male,Electronics,Placed
STU_05949,5.63,1,1,0,82.8,66.3,0,1,63.2,54.2,Female,Civil,Placed
STU_05950,5.81,2,3,0,80.5,64.0,0,1,76.4,79.1,Female,Electronics,Placed
STU_05951,7.44,0,1,2,96.8,75.8,0,1,66.2,87.5,Female,Mechanical,Placed
STU_05952,7.33,0,2,1,60.2,72.6,0,1,82.6,78.2,Female,,Placed
STU_05953,6.58,1,2,1,50.2,63.7,1,1,86.3,73.5,Male,Computer Science,Placed
STU_05954,8.11,1,2,0,74.6,76.1,1,1,81.2,78.4,Male,Computer Science,Placed
STU_05955,7.83,0,3,1,73.2,66.4,0,0,76.4,77.2,Female,Information Technology,Placed
STU_05956,8.16,1,1,0,69.9,90.7,0,1,75.1,82.3,Male,Electronics,Placed
STU_05957,7.18,3,3,0,58.8,100.0,1,1,90.0,64.4,Male,Information Technology,Placed
STU_05958,7.9,1,0,2,30.2,88.7,0,0,87.9,77.8,Male,Electronics,Not Placed
STU_05959,6.85,0,2,1,54.9,88.0,1,0,67.4,63.9,Female,Information Technology,Placed
STU_05960,9.35,0,2,0,78.4,81.8,0,0,80.6,87.1,Female,Electronics,Placed
STU_05961,6.49,3,3,2,74.3,69.5,0,0,81.3,63.0,Male,Mechanical,Placed
STU_05962,9.41,1,1,1,84.5,49.2,0,1,75.9,72.5,Female,Civil,Placed
STU_05963,7.33,2,2,0,75.2,59.7,1,1,64.3,81.6,Male,Information Technology,Placed
STU_05964,5.92,0,1,2,81.0,63.9,1,1,57.5,60.5,Male,Civil,Placed
STU_05965,8.67,1,1,0,81.5,86.5,0,1,79.7,66.0,Male,Electronics,Placed
STU_05966,7.43,1,0,2,70.3,75.1,0,0,61.1,99.0,Female,Information Technology,Placed
STU_05967,8.15,0,0,2,70.4,64.1,1,1,72.8,85.3,Male,Information Technology,Placed
STU_05968,8.52,1,3,0,26.4,49.9,0,1,84.8,78.7,Male,Civil,Placed
STU_05969,7.64,1,2,1,60.2,99.8,1,1,82.2,82.1,Female,Mechanical,Placed
STU_05970,6.71,1,1,0,60.8,78.4,0,0,72.0,56.3,Male,Civil,Placed
STU_05971,8.28,2,3,0,68.4,82.9,1,1,87.0,81.9,Male,Electronics,Placed
STU_05972,7.3,2,0,1,56.0,65.6,0,1,83.3,96.5,Male,Mechanical,Placed
STU_05973,7.99,2,2,0,84.1,70.3,0,1,73.1,69.6,Male,Civil,Placed
STU_05974,5.15,2,3,0,56.8,67.9,0,0,93.2,95.1,Male,Computer Science,Placed
STU_05975,7.75,1,3,1,86.5,72.8,1,1,82.9,69.9,Female,Computer Science,Placed
STU_05976,6.66,0,1,1,55.6,94.1,0,1,70.2,76.3,Male,Computer Science,Placed
STU_05977,8.95,2,2,1,60.9,57.5,1,0,57.5,60.3,Male,Electronics,Placed
STU_05978,7.92,1,1,2,59.8,71.5,0,0,80.2,79.8,Male,Electronics,Placed
STU_05979,7.54,0,3,1,62.6,76.3,1,0,73.0,76.6,Male,Civil,Placed
STU_05980,7.79,1,2,2,87.7,70.6,1,0,78.2,72.6,Female,Information Technology,Placed
STU_05981,6.3,0,2,0,65.1,83.9,0,0,75.6,65.5,Male,Mechanical,Placed
STU_05982,8.92,1,0,1,65.5,51.2,1,1,56.0,77.5,Female,Civil,Placed
STU_05983,9.29,0,2,0,58.9,94.6,1,1,75.1,68.1,Female,Computer Science,Placed
STU_05984,7.69,0,2,3,66.1,55.6,0,1,67.0,87.2,Female,Electronics,Placed
STU_05985,8.89,3,2,1,73.2,58.4,1,1,72.9,77.9,Female,Computer Science,Placed
STU_05986,6.73,1,2,3,66.8,66.6,1,0,72.2,69.7,Female,Electronics,Not Placed
STU_05987,6.5,1,3,2,67.7,64.2,0,0,78.6,86.0,Male,Information Technology,Placed
STU_05988,7.34,1,2,1,85.2,77.1,0,1,81.0,70.3,Male,Civil,Placed
STU_05989,7.73,2,1,1,74.1,75.7,0,1,82.6,85.7,Male,Civil,Placed
STU_05990,6.91,1,3,1,52.7,73.4,0,0,54.0,76.3,Male,Electronics,Placed
STU_05991,7.84,1,0,1,68.7,55.0,0,0,92.2,54.0,Female,Computer Science,Placed
STU_05992,7.61,3,2,0,61.9,70.3,1,1,61.7,81.5,Male,Mechanical,Placed
STU_05993,6.3,0,3,2,77.8,72.2,0,1,77.9,74.4,Male,Computer Science,Placed
STU_05994,7.82,2,0,2,71.5,86.8,1,1,69.7,81.1,Male,Electronics,Placed
STU_05995,8.16,0,3,2,87.0,74.4,0,1,81.0,77.4,Male,Civil,Placed
STU_05996,7.47,1,2,1,58.9,76.6,0,1,59.7,77.4,Female,Mechanical,Placed
STU_05997,8.45,0,2,0,67.1,95.5,0,0,93.5,75.5,Female,Civil,Placed
STU_05998,6.08,1,1,1,54.0,58.1,1,1,74.4,99.0,Male,Civil,Placed
STU_05999,7.77,1,1,0,69.4,67.3,1,0,83.0,80.8,Female,Electronics,Placed
STU_06000,6.13,3,4,2,47.0,58.4,0,1,70.0,55.5,Male,Electronics,Placed
STU_06001,6.19,3,1,2,74.8,91.3,0,1,94.6,58.4,Male,Electronics,Placed
STU_06002,6.67,3,2,0,69.2,92.1,1,0,64.3,79.8,Male,Computer Science,Placed
STU_06003,6.36,0,0,1,72.3,90.3,0,1,51.7,68.7,Female,Electronics,Not Placed
STU_06004,6.75,3,1,1,81.8,78.6,1,1,91.6,86.8,Female,Information Technology,Placed
STU_06005,7.09,1,2,1,73.4,76.6,0,0,66.2,78.6,Male,Computer Science,Placed
STU_06006,8.14,2,1,1,50.8,66.5,1,1,77.3,79.1,Male,Civil,Placed
STU_06007,6.98,0,4,0,61.7,81.2,1,1,93.6,64.9,Male,Mechanical,Placed
STU_06008,5.71,1,2,0,68.8,56.6,0,0,73.9,81.3,Female,Computer Science,Placed
STU_06009,8.44,3,2,2,65.1,56.6,1,0,80.6,76.9,Male,Electronics,Placed
STU_06010,6.46,2,0,0,66.9,67.0,1,0,86.1,64.7,Female,Information Technology,Placed
STU_06011,7.24,1,4,2,94.3,94.6,0,1,78.3,64.7,Male,Computer Science,Placed
STU_06012,7.75,1,1,1,71.5,65.8,1,1,91.0,93.2,Female,Mechanical,Placed
STU_06013,7.5,0,2,2,75.7,67.5,1,1,85.1,81.2,Male,Computer Science,Placed
STU_06014,8.39,1,1,3,39.9,75.5,0,1,69.1,70.8,Male,Civil,Placed
STU_06015,7.78,1,1,1,81.2,82.8,0,1,85.3,69.0,Female,Electronics,Placed
STU_06016,6.44,0,2,1,100.0,87.0,0,1,77.7,75.1,Male,Computer Science,Placed
STU_06017,9.48,0,2,1,90.2,58.6,0,1,77.7,78.2,Female,Information Technology,Placed
STU_06018,7.49,0,1,0,63.4,70.8,0,0,81.3,60.2,Male,Electronics,Placed
STU_06019,7.15,1,2,0,100.0,74.7,1,1,87.2,73.6,Female,Mechanical,Placed
STU_06020,8.26,0,2,1,70.4,75.9,1,1,68.4,52.5,Male,Electronics,Placed
STU_06021,7.55,1,1,2,74.6,82.4,1,1,91.1,74.7,Female,Computer Science,Placed
STU_06022,7.7,0,1,0,66.0,81.8,0,0,90.4,91.0,Female,Civil,Placed
STU_06023,9.79,1,1,1,65.6,72.3,0,1,71.7,60.7,Male,Electronics,Placed
STU_06024,7.02,1,1,1,36.3,85.8,0,0,95.6,73.5,Female,Computer Science,Not Placed
STU_06025,6.98,1,0,2,81.8,83.6,1,1,76.3,72.6,Male,Computer Science,Placed
STU_06026,7.42,1,1,0,65.5,82.7,0,1,83.7,62.6,Male,Civil,Placed
STU_06027,8.37,1,2,0,67.2,65.7,0,1,73.4,70.0,Female,Computer Science,Placed
STU_06028,5.79,0,0,2,74.1,80.6,1,1,86.2,60.5,Male,Mechanical,Not Placed
STU_06029,5.33,2,2,0,63.8,86.4,1,1,73.6,64.4,Female,Civil,Placed
STU_06030,6.71,0,4,1,74.0,65.8,1,0,79.6,76.8,Male,Mechanical,Placed
STU_06031,5.67,0,4,1,88.0,73.6,0,1,51.8,79.3,Female,Mechanical,Placed
STU_06032,6.88,1,3,0,76.1,90.8,0,1,73.3,71.4,Female,Computer Science,Placed
STU_06033,7.8,0,1,1,67.7,76.8,0,0,72.3,89.8,Male,Electronics,Not Placed
STU_06034,,2,0,2,68.1,70.9,1,1,59.1,83.0,Female,Mechanical,Placed
STU_06035,5.87,0,3,0,73.0,89.5,0,0,85.7,96.6,Male,Mechanical,Placed
STU_06036,7.37,1,0,0,57.5,66.4,1,1,74.1,73.7,Female,Electronics,Placed
STU_06037,8.16,0,1,1,73.1,51.6,0,0,59.8,63.5,Male,Information Technology,Placed
STU_06038,5.61,0,2,1,80.3,62.6,1,1,84.0,72.9,Male,Information Technology,Placed
STU_06039,8.12,0,1,1,71.3,85.6,0,0,88.9,97.2,Male,Civil,Placed
STU_06040,8.12,2,3,2,63.6,78.2,0,1,76.7,64.0,Female,Civil,Placed
STU_06041,8.25,3,2,2,65.7,72.8,0,1,62.9,84.3,Male,Mechanical,Placed
STU_06042,8.52,1,2,0,79.8,84.7,0,0,59.2,63.7,Female,Electronics,Placed
STU_06043,9.5,2,3,0,53.5,74.0,0,1,65.8,71.0,Male,Electronics,Placed
STU_06044,6.94,1,1,0,57.8,69.3,0,1,69.7,69.5,Male,Information Technology,Placed
STU_06045,7.41,3,2,2,45.9,82.0,0,1,95.1,64.9,Female,Computer Science,Placed
STU_06046,6.88,2,1,0,70.5,67.4,0,0,76.0,83.6,Male,Computer Science,Placed
STU_06047,7.3,0,2,1,82.9,77.9,0,0,65.3,90.8,Female,Information Technology,Placed
STU_06048,8.83,1,0,2,90.0,62.5,0,0,71.9,84.9,Male,Information Technology,Placed
STU_06049,5.95,1,2,1,93.2,59.3,0,0,88.7,75.3,Male,Civil,Placed
STU_06050,6.44,0,4,0,59.6,61.6,1,1,83.6,58.6,Female,Computer Science,Placed
STU_06051,8.68,0,0,1,73.8,71.7,0,1,78.5,76.4,Male,Civil,Placed
STU_06052,8.32,2,0,1,64.0,64.2,0,1,76.3,81.9,Female,Information Technology,Placed
STU_06053,6.94,2,0,1,94.7,64.6,1,1,78.0,74.0,Male,Information Technology,Placed
STU_06054,8.15,1,1,1,89.6,70.2,0,1,79.6,89.6,Male,Information Technology,Placed
STU_06055,7.64,3,1,0,72.5,71.1,0,1,76.1,72.8,Male,Electronics,Placed
STU_06056,8.8,2,3,0,60.7,53.4,1,1,79.0,68.4,Female,Information Technology,Placed
STU_06057,7.37,0,2,1,20.0,41.7,0,1,75.0,85.9,Male,Computer Science,Placed
STU_06058,8.33,0,2,2,48.5,76.8,0,1,69.4,84.5,Male,Computer Science,Placed
STU_06059,9.94,0,2,0,42.2,73.7,1,0,75.4,91.5,Male,Information Technology,Placed
STU_06060,7.9,0,1,0,48.3,55.6,1,1,81.3,80.7,Female,Civil,Placed
STU_06061,7.35,0,1,1,,77.2,0,1,70.7,66.1,Female,Civil,Placed
STU_06062,8.02,1,2,1,50.6,77.2,0,1,82.2,48.0,Female,Electronics,Placed
STU_06063,6.93,2,2,0,54.1,68.4,0,1,86.3,56.1,Female,Information Technology,Placed
STU_06064,9.69,2,0,1,56.2,95.5,0,0,81.4,68.6,Female,Mechanical,Placed
STU_06065,7.48,1,0,3,100.0,87.2,0,0,72.4,89.6,Female,Computer Science,Placed
STU_06066,7.03,2,1,1,69.1,67.2,0,1,79.0,88.5,Female,Civil,Placed
STU_06067,6.46,1,1,1,84.9,67.4,0,1,79.5,70.6,Female,Civil,Not Placed
STU_06068,8.4,2,1,2,72.6,54.5,1,1,80.0,83.9,Male,Computer Science,Placed
STU_06069,8.17,1,2,0,40.2,86.7,0,1,92.9,59.9,Female,Civil,Placed
STU_06070,6.8,0,3,1,93.0,75.0,0,1,66.4,88.7,Male,Mechanical,Placed
STU_06071,7.88,2,1,1,76.0,81.9,1,1,80.1,71.9,Male,Computer Science,Placed
STU_06072,5.79,0,2,1,68.2,46.4,0,1,74.0,82.1,Male,Mechanical,Placed
STU_06073,7.48,1,1,2,96.4,81.3,1,1,65.5,80.9,Female,Computer Science,Placed
STU_06074,7.75,0,2,0,64.8,65.9,0,1,65.4,80.1,Male,Information Technology,Placed
STU_06075,9.01,1,2,0,67.8,79.0,0,0,86.8,61.8,Male,Civil,Placed
STU_06076,6.53,3,3,2,64.8,78.3,1,1,64.0,68.5,Female,Computer Science,Placed
STU_06077,6.02,0,1,0,86.1,71.8,0,1,81.0,86.6,Male,Electronics,Placed
STU_06078,,2,0,0,82.2,63.6,0,1,79.3,80.6,Male,Computer Science,Placed
STU_06079,5.96,0,2,1,74.2,76.8,1,0,69.4,63.1,Female,Information Technology,Placed
STU_06080,8.64,0,1,3,54.2,62.0,0,1,86.4,79.1,Female,Computer Science,Placed
STU_06081,8.85,0,1,1,64.4,84.6,0,0,66.2,63.5,Female,Computer Science,Placed
STU_06082,7.62,1,0,1,54.2,63.3,1,1,72.5,61.1,Female,Mechanical,Placed
STU_06083,8.52,0,2,1,87.4,72.3,1,0,67.1,68.2,Male,Civil,Placed
STU_06084,7.43,1,1,3,46.4,63.1,0,1,85.6,73.9,Male,Mechanical,Placed
STU_06085,7.2,0,4,2,93.9,73.9,0,1,89.8,61.8,Male,Civil,Placed
STU_06086,6.97,0,1,0,89.3,59.6,0,1,80.5,84.8,Male,Electronics,Placed
STU_06087,6.99,1,1,2,56.2,62.3,0,1,99.0,67.2,Female,Electronics,Placed
STU_06088,5.75,0,2,2,63.8,99.5,0,0,82.5,74.6,Male,Mechanical,Placed
STU_06089,7.56,0,1,1,59.3,82.1,0,1,84.3,79.9,Female,Civil,Placed
STU_06090,7.26,0,2,1,76.5,76.4,0,0,88.1,95.3,Female,Information Technology,Placed
STU_06091,8.05,1,2,1,91.2,78.2,1,0,71.3,81.5,Female,Mechanical,Placed
STU_06092,7.39,1,2,1,87.8,75.7,0,1,82.1,71.6,Female,Computer Science,Placed
STU_06093,7.14,0,2,1,63.5,70.9,1,0,68.3,64.1,Female,Mechanical,Placed
STU_06094,6.43,0,1,0,88.8,81.1,1,1,64.8,61.2,Female,Computer Science,Placed
STU_06095,7.37,0,3,0,87.6,62.1,1,1,88.9,64.2,Male,Mechanical,Placed
STU_06096,8.04,0,2,0,67.2,91.1,0,0,69.5,73.4,Male,Civil,Placed
STU_06097,6.16,2,1,2,69.9,73.4,1,1,79.8,88.3,Male,Information Technology,Placed
STU_06098,7.39,1,1,1,93.1,81.6,0,1,94.3,73.6,Female,Information Technology,Placed
STU_06099,7.53,1,1,1,85.9,90.9,0,1,59.9,68.8,Male,Computer Science,Not Placed
STU_06100,6.58,0,1,2,88.4,77.9,0,0,84.5,76.3,Female,Information Technology,Placed
STU_06101,6.71,1,2,1,100.0,62.3,0,1,77.8,93.1,Male,Computer Science,Placed
STU_06102,7.53,2,0,2,78.2,86.6,0,1,77.3,66.7,Male,Civil,Not Placed
STU_06103,6.17,1,3,0,74.9,92.4,0,1,78.6,80.0,Male,Information Technology,Placed
STU_06104,7.65,1,0,1,90.4,48.6,0,1,78.2,71.0,Female,Information Technology,Placed
STU_06105,6.4,1,1,1,99.8,70.8,1,1,83.2,77.2,Male,Information Technology,Placed
STU_06106,8.36,1,0,0,60.8,75.5,1,0,67.5,82.0,Female,Civil,Placed
STU_06107,9.64,0,1,0,67.0,68.8,0,1,83.0,90.1,Male,Computer Science,Placed
STU_06108,6.44,1,3,1,54.7,57.0,0,1,66.7,74.4,Male,Civil,Not Placed
STU_06109,7.83,0,2,2,75.1,61.4,1,1,99.0,87.5,Male,Mechanical,Placed
STU_06110,6.57,1,1,1,83.3,49.8,1,1,77.0,79.5,Female,Information Technology,Placed
STU_06111,8.34,2,3,1,55.8,83.5,0,1,79.8,60.7,Female,Computer Science,Placed
STU_06112,6.03,2,3,1,87.0,88.5,1,0,95.7,72.8,Female,Computer Science,Placed
STU_06113,7.78,1,2,0,63.2,88.3,1,1,70.3,99.0,Female,Information Technology,Placed
STU_06114,6.43,0,3,2,62.0,71.6,0,1,77.9,73.7,Male,Mechanical,Placed
STU_06115,7.09,0,2,0,86.9,75.3,1,1,63.9,71.5,Male,Computer Science,Placed
STU_06116,6.27,1,2,1,60.6,84.8,1,1,68.3,71.5,Female,Mechanical,Placed
STU_06117,8.12,2,1,0,48.9,69.2,1,1,63.8,69.9,Female,Mechanical,Placed
STU_06118,6.46,1,1,1,81.2,60.6,1,1,86.0,59.9,Male,Electronics,Placed
STU_06119,7.85,0,2,2,68.0,65.2,0,1,83.7,49.7,Male,Electronics,Placed
STU_06120,6.96,2,3,3,88.0,74.1,1,0,73.6,66.5,Male,Electronics,Placed
STU_06121,7.19,3,2,0,82.5,63.4,0,1,72.9,71.1,Male,Computer Science,Placed
STU_06122,7.45,0,3,0,43.8,77.7,0,1,87.7,81.1,Female,Civil,Placed
STU_06123,6.54,1,1,0,89.7,55.7,1,1,77.9,70.9,Male,Computer Science,Placed
STU_06124,7.51,1,2,0,98.5,69.1,1,1,69.3,76.4,Female,Mechanical,Placed
STU_06125,8.83,1,2,1,85.5,76.9,1,1,88.7,62.0,Male,Civil,Placed
STU_06126,6.52,3,2,1,86.1,73.6,0,1,76.6,56.1,Male,Computer Science,Placed
STU_06127,8.47,0,2,2,66.3,63.2,0,1,84.8,78.8,Female,Electronics,Placed
STU_06128,8.8,1,1,1,62.8,80.8,1,1,78.7,82.2,Female,Electronics,Placed
STU_06129,6.48,1,0,0,73.2,75.1,0,1,98.8,85.8,Male,Computer Science,Placed
STU_06130,5.84,2,4,2,83.8,46.9,1,1,75.9,88.2,Male,Civil,Placed
STU_06131,7.6,2,0,2,83.4,77.5,1,1,57.9,89.5,Male,Mechanical,Placed
STU_06132,6.75,3,2,1,,66.9,0,0,75.7,82.6,Female,Information Technology,Placed
STU_06133,9.17,1,1,2,61.9,65.7,0,1,80.7,68.7,Male,Civil,Placed
STU_06134,7.33,2,1,2,47.6,62.0,0,1,82.6,78.1,Female,Mechanical,Placed
STU_06135,6.5,0,2,1,79.7,60.0,1,0,86.1,71.5,Male,Mechanical,Placed
STU_06136,6.15,0,2,2,64.2,74.5,0,0,72.2,72.5,Female,Electronics,Placed
STU_06137,8.39,0,3,1,65.5,78.6,1,1,93.6,79.3,Female,Computer Science,Placed
STU_06138,6.73,2,1,1,95.9,73.8,1,1,87.6,88.9,Male,Computer Science,Placed
STU_06139,7.34,3,2,0,79.0,83.4,0,0,79.3,83.4,Male,Civil,Placed
STU_06140,8.26,0,3,2,74.8,79.0,0,1,71.1,74.9,Female,Information Technology,Placed
STU_06141,6.82,0,4,0,82.5,47.9,1,1,97.3,76.1,Female,Computer Science,Placed
STU_06142,7.25,2,4,1,91.3,61.0,0,1,85.3,79.0,Female,Computer Science,Placed
STU_06143,7.28,1,2,1,45.7,86.3,0,0,73.1,88.0,Female,Electronics,Placed
STU_06144,7.98,3,0,1,61.5,56.8,1,1,92.0,95.4,Male,Information Technology,Placed
STU_06145,7.89,0,0,1,66.5,39.2,1,0,80.2,76.4,Female,Computer Science,Placed
STU_06146,7.08,0,3,1,55.3,94.0,0,0,93.1,72.8,Female,Information Technology,Placed
STU_06147,7.36,1,3,0,66.0,75.6,1,0,69.6,76.7,Male,Mechanical,Placed
STU_06148,6.93,0,2,2,46.7,63.8,0,0,76.0,86.3,Female,Mechanical,Not Placed
STU_06149,5.82,0,1,1,83.8,61.8,1,0,91.8,80.7,Male,Computer Science,Placed
STU_06150,7.56,0,2,2,62.2,79.6,1,0,71.3,69.4,Female,Information Technology,Placed
STU_06151,9.19,0,1,0,,77.7,0,0,75.5,75.1,Male,Information Technology,Placed
STU_06152,6.42,0,2,1,70.8,75.9,1,1,50.6,75.2,Female,Computer Science,Placed
STU_06153,6.53,3,1,1,78.4,69.7,1,1,82.1,67.9,Male,Computer Science,Placed
STU_06154,6.43,0,3,0,33.1,56.6,0,1,89.5,67.8,Male,Electronics,Placed
STU_06155,8.02,0,1,2,76.8,71.6,0,0,68.8,61.7,Male,Civil,Placed
STU_06156,7.75,2,2,0,65.9,84.8,1,1,82.5,73.4,Male,Computer Science,Placed
STU_06157,7.14,1,1,1,76.1,65.5,0,1,72.6,87.4,Male,Information Technology,Placed
STU_06158,6.38,1,2,1,52.3,79.2,0,1,62.9,86.2,Male,Information Technology,Placed
STU_06159,7.39,1,2,1,76.2,67.1,0,1,74.7,74.7,Male,Mechanical,Placed
STU_06160,5.74,2,3,1,89.5,81.6,0,0,72.3,94.6,Male,Computer Science,Placed
STU_06161,7.44,2,0,0,72.8,60.2,0,0,79.3,74.4,Female,Electronics,Placed
STU_06162,8.17,1,1,1,59.2,72.2,1,1,74.9,71.3,Male,Electronics,Placed
STU_06163,6.05,2,2,0,59.9,77.5,1,1,91.4,53.2,Male,Civil,Not Placed
STU_06164,5.77,1,1,1,78.6,63.9,0,1,72.4,77.2,Female,,Placed
STU_06165,8.88,0,1,0,78.5,76.4,0,1,76.7,65.1,Male,Civil,Placed
STU_06166,6.69,2,2,1,75.3,71.6,1,1,80.4,91.0,Male,Computer Science,Placed
STU_06167,8.44,1,2,1,69.4,71.5,1,1,77.5,61.3,Male,Information Technology,Placed
STU_06168,7.15,2,0,2,73.0,63.9,1,0,72.6,89.2,Male,Computer Science,Placed
STU_06169,7.14,0,1,1,69.0,84.0,0,0,78.5,77.3,Female,Civil,Placed
STU_06170,7.74,0,3,0,64.3,60.7,0,1,83.2,62.4,Male,Information Technology,Placed
STU_06171,6.42,2,2,1,81.4,75.4,1,1,87.0,56.7,Female,Computer Science,Placed
STU_06172,7.43,0,0,1,74.7,61.8,1,1,56.8,79.1,Male,Computer Science,Placed
STU_06173,6.92,2,1,0,89.4,71.2,1,1,83.1,64.9,Male,Mechanical,Placed
STU_06174,5.98,3,2,1,86.8,79.7,1,1,71.3,53.3,Female,Civil,Placed
STU_06175,7.64,2,1,1,74.2,68.5,0,1,89.6,96.8,Female,,Placed
STU_06176,7.04,1,3,0,78.9,35.1,0,1,87.3,84.6,Male,Electronics,Placed
STU_06177,7.14,1,2,0,55.6,55.9,0,1,87.3,62.4,Male,Mechanical,Placed
STU_06178,6.09,2,2,0,68.8,46.1,0,0,72.2,55.0,Female,Mechanical,Placed
STU_06179,8.89,1,3,0,75.1,72.8,1,1,64.1,88.0,Male,Computer Science,Placed
STU_06180,8.18,1,1,0,46.3,71.9,1,1,90.7,60.1,Male,Information Technology,Placed
STU_06181,8.26,3,1,1,76.4,67.8,0,1,89.7,76.1,Female,Information Technology,Placed
STU_06182,6.99,1,2,0,55.6,64.5,0,1,58.0,79.8,Male,Mechanical,Placed
STU_06183,5.57,3,2,0,57.3,74.7,1,1,91.8,69.3,Male,Electronics,Placed
STU_06184,9.25,0,1,0,62.1,54.6,0,1,81.5,64.3,Male,Mechanical,Placed
STU_06185,7.24,0,1,1,,83.5,1,1,79.3,54.1,Female,Computer Science,Placed
STU_06186,6.55,1,1,2,50.1,72.9,1,0,69.8,80.0,Female,Electronics,Not Placed
STU_06187,7.72,0,1,1,82.8,60.7,0,0,88.1,99.0,Male,Civil,Placed
STU_06188,8.47,1,2,1,72.7,67.0,0,1,73.4,62.4,Male,Information Technology,Placed
STU_06189,7.28,0,2,1,98.9,70.4,1,1,73.4,64.0,Male,Information Technology,Placed
STU_06190,8.58,3,1,0,74.5,55.4,1,1,56.6,83.5,Female,Civil,Placed
STU_06191,8.38,0,1,0,78.6,80.1,0,0,70.6,48.2,Male,Civil,Placed
STU_06192,6.22,0,1,0,57.2,83.6,0,1,68.1,66.3,Male,Electronics,Placed
STU_06193,6.63,0,1,0,52.3,73.4,0,1,57.2,77.3,Female,Information Technology,Placed
STU_06194,8.26,1,0,0,79.3,83.3,1,1,93.6,65.9,Female,Computer Science,Placed
STU_06195,5.0,0,1,1,53.6,100.0,0,1,76.8,80.7,Male,Information Technology,Placed
STU_06196,7.15,0,1,0,79.6,49.5,1,1,63.7,79.5,Male,Electronics,Not Placed
STU_06197,5.87,1,2,2,95.6,72.6,1,1,68.4,76.3,Female,Mechanical,Placed
STU_06198,6.82,0,2,2,84.2,55.9,0,1,72.2,66.7,Male,Electronics,Placed
STU_06199,7.0,0,1,3,78.6,90.7,0,1,72.0,70.5,Female,Civil,Not Placed
STU_06200,6.94,1,3,0,74.0,75.0,0,1,86.0,75.9,Male,Electronics,Placed
STU_06201,6.75,0,3,2,64.2,63.6,0,1,75.3,77.3,Male,Mechanical,Placed
STU_06202,6.2,0,4,2,68.3,68.9,0,0,79.0,90.7,Male,Electronics,Placed
STU_06203,9.59,0,3,2,61.5,88.0,0,1,75.4,83.0,Male,Computer Science,Placed
STU_06204,9.17,0,2,1,50.3,77.4,0,0,89.6,70.9,Female,Civil,Placed
STU_06205,6.14,1,2,2,70.5,78.9,0,0,91.8,81.2,Female,Mechanical,Placed
STU_06206,8.88,0,0,0,86.6,89.9,0,1,76.7,82.0,Female,Electronics,Placed
STU_06207,6.9,2,2,0,50.7,83.5,1,0,68.5,67.8,Male,Computer Science,Placed
STU_06208,7.43,2,2,0,91.0,85.5,0,1,76.9,81.4,Female,Information Technology,Placed
STU_06209,7.24,0,2,2,88.3,70.5,1,1,50.0,72.4,Male,Electronics,Not Placed
STU_06210,6.64,3,2,0,76.0,45.0,0,1,81.1,78.2,Male,Electronics,Placed
STU_06211,8.28,0,1,0,76.1,73.2,0,1,64.4,86.1,Female,Information Technology,Placed
STU_06212,7.43,0,2,2,67.2,64.0,1,0,75.8,86.3,Male,Information Technology,Placed
STU_06213,6.82,0,1,0,70.6,81.5,0,0,82.7,65.4,Male,Computer Science,Placed
STU_06214,6.0,0,2,2,63.0,50.8,1,1,72.3,62.8,Female,Mechanical,Placed
STU_06215,6.41,1,3,2,70.5,81.9,1,0,73.6,94.6,Male,Electronics,Not Placed
STU_06216,5.66,0,3,0,72.1,74.3,0,1,80.6,94.6,Male,Civil,Placed
STU_06217,7.31,2,2,0,98.2,76.2,0,1,72.4,83.1,Female,Electronics,Placed
STU_06218,6.1,1,0,1,78.5,79.4,1,0,87.2,71.7,Male,Mechanical,Not Placed
STU_06219,7.03,0,3,3,66.9,71.7,1,1,85.7,71.8,Male,Information Technology,Placed
STU_06220,8.67,1,1,2,68.5,68.0,0,1,83.7,64.2,Female,Computer Science,Placed
STU_06221,8.5,2,3,0,59.3,85.6,1,0,71.7,77.4,Female,Electronics,Placed
STU_06222,7.27,0,1,0,61.8,79.1,1,1,83.7,73.7,Female,Information Technology,Placed
STU_06223,7.21,0,1,0,83.7,80.3,1,1,70.6,74.0,Female,Mechanical,Placed
STU_06224,9.18,1,2,1,62.6,71.0,1,1,77.1,62.3,Female,Civil,Placed
STU_06225,7.82,1,2,0,60.7,73.3,0,0,51.6,85.5,Female,Civil,Placed
STU_06226,6.97,1,1,0,61.1,71.8,1,1,89.6,79.9,Female,Civil,Placed
STU_06227,5.87,0,2,1,59.1,51.1,1,1,95.3,80.0,Male,Information Technology,Placed
STU_06228,7.69,1,2,1,86.9,55.4,0,1,80.2,55.4,Male,Electronics,Placed
STU_06229,8.13,1,1,0,72.1,70.5,0,1,62.2,58.3,Male,Information Technology,Placed
STU_06230,6.67,1,2,2,65.8,49.5,0,1,75.8,62.9,Male,Mechanical,Placed
STU_06231,7.59,0,1,1,70.4,70.7,0,1,78.7,83.5,Female,Mechanical,Placed
STU_06232,,1,2,1,73.3,61.3,1,1,78.2,69.6,Male,Electronics,Placed
STU_06233,7.12,0,0,1,58.8,71.1,0,1,99.0,63.6,Female,Civil,Placed
STU_06234,5.0,1,2,1,49.2,74.0,1,1,75.6,82.2,Male,Mechanical,Placed
STU_06235,7.08,2,1,1,90.1,49.7,0,1,72.2,71.4,Male,Civil,Placed
STU_06236,8.27,1,1,2,84.8,75.9,0,0,79.6,79.1,Male,Computer Science,Placed
STU_06237,6.67,0,2,1,75.7,66.6,0,1,76.6,63.8,Female,Civil,Placed
STU_06238,7.35,0,2,1,83.8,44.1,1,1,70.5,74.7,Male,Information Technology,Placed
STU_06239,6.54,2,4,1,98.7,66.5,0,1,60.4,89.7,Male,Information Technology,Placed
STU_06240,7.66,1,3,1,62.0,76.6,1,1,85.3,88.6,Female,Computer Science,Placed
STU_06241,7.08,1,2,0,53.2,67.1,1,1,69.4,66.3,Male,Electronics,Placed
STU_06242,6.36,0,2,0,79.9,66.4,0,0,67.9,72.0,Male,Computer Science,Placed
STU_06243,8.63,1,1,1,48.0,73.8,0,0,69.9,83.9,Male,Information Technology,Placed
STU_06244,8.23,1,0,1,70.6,66.2,0,0,63.4,76.0,Male,Information Technology,Not Placed
STU_06245,6.7,3,1,1,65.5,68.8,1,0,84.6,78.9,Male,Information Technology,Placed
STU_06246,7.8,1,3,2,80.1,56.1,0,1,83.2,90.2,Female,Electronics,Placed
STU_06247,7.84,1,1,0,62.8,65.8,0,1,79.9,77.4,Male,Electronics,Placed
STU_06248,7.94,1,2,1,88.0,94.6,1,1,85.1,68.5,Male,Civil,Placed
STU_06249,5.61,0,1,1,58.8,74.1,0,0,82.3,88.8,Male,Mechanical,Not Placed
STU_06250,8.31,2,1,0,80.6,75.2,0,1,83.9,66.0,Male,Mechanical,Placed
STU_06251,6.73,1,0,0,60.0,64.3,1,1,96.2,74.8,Male,Information Technology,Placed
STU_06252,6.94,3,2,0,78.2,67.3,0,1,87.8,68.6,Female,Mechanical,Placed
STU_06253,,1,1,0,54.8,69.3,0,0,79.8,61.9,Male,Mechanical,Placed
STU_06254,7.6,0,2,0,69.6,82.5,1,1,68.7,73.9,Male,Computer Science,Placed
STU_06255,6.91,1,2,1,89.8,86.4,1,0,62.0,75.7,Male,Electronics,Placed
STU_06256,5.09,0,2,1,71.7,66.5,0,1,60.4,72.2,Female,Mechanical,Placed
STU_06257,8.69,0,2,1,87.7,71.7,0,1,87.5,86.0,Male,Computer Science,Placed
STU_06258,5.95,0,2,2,69.6,69.2,1,0,72.4,66.6,Male,Civil,Placed
STU_06259,6.3,1,2,1,62.4,81.1,1,1,78.8,79.0,Female,Civil,Placed
STU_06260,6.97,1,1,0,72.6,77.6,0,0,68.5,61.7,Male,Civil,Placed
STU_06261,8.72,0,3,0,79.3,70.9,0,1,99.0,99.0,Female,Civil,Placed
STU_06262,8.07,1,0,0,41.4,84.1,0,1,60.0,67.8,Female,Mechanical,Placed
STU_06263,7.14,0,1,2,77.8,78.2,0,0,79.4,57.2,Male,Electronics,Placed
STU_06264,7.61,2,1,2,55.9,62.7,1,1,74.4,72.4,Female,Information Technology,Placed
STU_06265,6.7,1,2,0,52.2,72.1,0,1,78.2,77.5,Female,Information Technology,Placed
STU_06266,7.44,1,0,1,78.1,69.9,0,1,74.8,84.7,Male,Information Technology,Placed
STU_06267,7.37,0,2,3,90.1,60.1,0,1,69.1,86.8,Male,Computer Science,Placed
STU_06268,8.27,1,2,1,73.2,69.3,0,1,66.8,81.9,Male,Computer Science,Placed
STU_06269,8.27,1,2,1,49.7,85.7,0,1,98.5,84.3,Male,Civil,Placed
STU_06270,7.79,2,1,0,59.9,85.1,1,1,75.0,87.1,Male,Computer Science,Placed
STU_06271,6.94,0,2,0,63.7,83.0,0,1,81.4,77.7,Female,Mechanical,Placed
STU_06272,8.04,0,1,1,72.9,81.3,1,1,62.1,66.6,Male,Electronics,Placed
STU_06273,7.21,1,0,2,68.9,74.5,1,1,56.8,76.0,Male,Electronics,Placed
STU_06274,6.22,0,1,1,77.4,64.8,1,1,71.2,67.1,Female,Computer Science,Placed
STU_06275,6.9,0,2,0,85.0,78.8,0,1,86.7,86.5,Male,Civil,Placed
STU_06276,7.38,2,2,2,75.2,52.2,0,1,78.3,88.2,Female,Electronics,Placed
STU_06277,8.21,0,2,2,83.5,63.9,0,1,72.6,88.9,Female,Information Technology,Placed
STU_06278,7.12,3,2,0,66.0,85.3,0,1,82.3,62.3,Female,Mechanical,Placed
STU_06279,6.09,0,2,0,100.0,66.1,0,1,72.5,86.7,Female,Computer Science,Placed
STU_06280,7.36,1,1,1,78.3,79.7,0,0,91.8,68.7,Female,Computer Science,Placed
STU_06281,7.41,1,0,0,80.3,67.6,0,0,92.2,79.1,Male,Computer Science,Not Placed
STU_06282,7.49,1,3,0,96.4,78.6,0,1,72.2,84.1,Female,Mechanical,Placed
STU_06283,8.22,3,2,0,71.3,53.5,0,1,70.2,59.2,Male,Mechanical,Placed
STU_06284,8.32,0,2,3,60.3,87.3,0,1,77.3,84.5,Female,Computer Science,Placed
STU_06285,6.71,2,2,2,89.6,58.6,0,0,82.3,58.0,Male,Mechanical,Placed
STU_06286,6.68,1,2,0,90.5,55.7,1,1,75.3,72.8,Female,Information Technology,Placed
STU_06287,6.26,0,2,2,72.3,86.6,0,1,88.5,85.7,Male,Electronics,Not Placed
STU_06288,8.0,2,0,1,96.4,72.0,1,1,80.7,89.6,Female,Civil,Placed
STU_06289,8.75,0,3,0,68.8,68.3,0,1,88.9,83.9,Female,Mechanical,Placed
STU_06290,6.98,2,1,2,84.0,90.8,1,1,66.8,68.8,Female,Information Technology,Placed
STU_06291,7.06,0,0,1,92.7,80.8,0,1,72.1,68.4,Female,Information Technology,Placed
STU_06292,8.77,2,0,2,71.5,66.6,1,1,83.3,73.4,Male,Computer Science,Placed
STU_06293,7.81,1,2,1,76.9,70.4,0,0,78.5,75.6,Female,Civil,Placed
STU_06294,7.74,0,2,1,85.4,84.9,1,1,76.1,84.6,Male,Electronics,Placed
STU_06295,6.11,1,2,0,64.5,60.4,0,0,72.8,74.3,Male,Mechanical,Placed
STU_06296,7.98,0,3,0,57.8,89.3,1,0,78.9,69.9,Male,Mechanical,Placed
STU_06297,6.37,0,1,1,90.0,66.7,0,1,92.3,71.1,Male,Computer Science,Placed
STU_06298,6.17,0,2,2,74.6,61.5,0,1,57.9,87.5,Male,Information Technology,Placed
STU_06299,6.95,0,2,1,62.4,85.0,0,1,76.5,75.6,Male,Civil,Placed
STU_06300,6.71,0,4,0,71.4,80.8,1,1,76.9,91.8,Male,Electronics,Not Placed
STU_06301,7.08,1,1,0,77.6,50.7,0,0,67.1,85.5,Male,Information Technology,Placed
STU_06302,5.86,1,4,2,46.5,70.7,0,1,76.4,69.2,Female,Electronics,Placed
STU_06303,8.26,1,0,0,,58.7,1,1,61.6,70.1,Male,,Placed
STU_06304,8.43,0,2,0,76.1,81.6,0,1,72.2,73.8,Male,Civil,Placed
STU_06305,5.35,1,2,2,94.8,92.6,0,1,75.3,73.5,Female,Information Technology,Placed
STU_06306,8.28,1,3,2,66.7,78.5,1,1,77.9,87.7,Male,Civil,Placed
STU_06307,6.49,0,0,1,90.7,62.9,0,0,96.8,69.1,Male,Computer Science,Placed
STU_06308,8.16,2,0,0,69.3,82.7,1,1,69.8,76.2,Female,Computer Science,Placed
STU_06309,7.23,1,0,0,72.1,71.4,0,1,64.8,78.7,Male,,Placed
STU_06310,7.33,1,2,2,74.2,71.1,0,1,87.9,82.8,Male,Electronics,Placed
STU_06311,7.11,0,2,2,100.0,66.2,0,1,50.0,80.2,Female,Information Technology,Placed
STU_06312,8.51,0,3,3,,73.3,1,1,71.8,79.4,Male,Mechanical,Placed
STU_06313,6.06,2,2,1,77.4,71.1,1,1,74.7,69.7,Female,Mechanical,Placed
STU_06314,7.91,2,0,2,70.6,43.1,0,1,68.6,70.8,Male,Computer Science,Placed
STU_06315,8.4,0,1,0,69.6,72.3,0,1,77.1,77.7,Male,Computer Science,Placed
STU_06316,8.02,0,0,0,78.7,70.3,1,1,71.5,72.9,Male,Mechanical,Placed
STU_06317,9.62,1,2,0,86.6,76.2,1,0,60.6,64.7,Female,Computer Science,Placed
STU_06318,6.77,1,3,3,78.0,47.9,0,0,84.2,70.2,Male,Computer Science,Placed
STU_06319,8.26,2,4,0,88.5,78.1,0,1,84.6,76.9,Male,Computer Science,Placed
STU_06320,7.19,0,1,0,66.2,72.3,1,0,68.1,88.1,Male,Computer Science,Placed
STU_06321,8.53,0,0,2,69.3,77.9,1,1,72.6,64.6,Male,Electronics,Placed
STU_06322,7.29,0,1,0,55.0,52.5,0,0,96.6,62.9,Female,Computer Science,Not Placed
STU_06323,6.91,0,2,0,99.7,57.2,0,1,82.5,83.4,Male,Mechanical,Placed
STU_06324,8.61,0,4,1,67.2,49.5,1,0,78.0,70.5,Female,Information Technology,Placed
STU_06325,6.81,2,0,1,65.5,73.8,0,1,94.2,65.7,Female,Civil,Placed
STU_06326,5.89,1,0,1,79.1,67.9,0,1,61.8,74.8,Female,Mechanical,Placed
STU_06327,6.78,2,2,2,86.6,70.3,1,1,57.7,65.1,Female,Information Technology,Placed
STU_06328,7.92,0,2,0,59.6,55.3,0,0,79.7,99.0,Male,Mechanical,Placed
STU_06329,8.69,0,1,2,87.8,57.5,0,1,86.4,66.5,Female,Computer Science,Placed
STU_06330,7.41,0,3,2,65.5,42.0,1,1,60.9,77.1,Female,Mechanical,Placed
STU_06331,8.62,0,0,0,91.5,55.9,0,1,65.0,80.7,Male,Computer Science,Placed
STU_06332,5.94,2,3,2,61.9,64.2,0,1,85.9,85.4,Female,Civil,Placed
STU_06333,6.86,0,1,0,81.0,64.8,0,0,66.5,63.1,Male,Mechanical,Placed
STU_06334,7.01,0,0,0,70.6,71.2,0,0,75.4,80.0,Female,Mechanical,Placed
STU_06335,7.19,0,1,2,53.1,81.1,0,0,80.1,56.9,Female,Civil,Placed
STU_06336,7.38,0,1,0,48.8,63.7,1,0,87.5,78.4,Male,Electronics,Placed
STU_06337,7.99,1,2,0,58.9,77.9,0,0,74.9,74.4,Male,Information Technology,Placed
STU_06338,6.86,0,2,0,84.9,81.3,1,1,82.9,83.3,Female,Civil,Placed
STU_06339,7.44,1,2,0,40.9,85.8,1,0,65.6,77.9,Male,Mechanical,Placed
STU_06340,7.25,1,2,2,75.0,77.9,0,0,83.9,73.8,Male,Computer Science,Placed
STU_06341,,0,1,2,73.7,72.9,0,1,68.9,74.6,Female,Information Technology,Placed
STU_06342,7.19,0,0,1,44.8,59.0,0,1,64.2,59.0,Female,Civil,Not Placed
STU_06343,7.16,1,4,1,58.0,75.3,0,1,98.7,66.0,Male,Mechanical,Placed
STU_06344,7.13,1,3,1,58.0,67.5,0,1,96.3,91.7,Male,Electronics,Placed
STU_06345,7.33,0,0,0,70.8,88.5,1,0,79.5,77.3,Female,Information Technology,Placed
STU_06346,7.38,0,1,0,92.0,73.1,1,0,93.5,82.5,Female,Information Technology,Placed
STU_06347,6.87,0,2,0,86.1,70.1,0,1,74.7,68.2,Female,Mechanical,Placed
STU_06348,8.57,0,1,1,,89.0,0,0,76.6,84.6,Male,Civil,Placed
STU_06349,6.13,0,2,1,57.6,66.2,0,1,76.2,71.9,Male,Information Technology,Placed
STU_06350,6.58,0,2,2,46.6,72.0,0,1,68.9,59.2,Female,Civil,Placed
STU_06351,10.0,0,1,1,64.3,96.1,0,0,54.6,74.1,Male,Mechanical,Placed
STU_06352,6.26,0,0,1,56.5,75.2,0,1,74.9,89.2,Male,Information Technology,Placed
STU_06353,5.95,0,2,0,69.5,85.5,0,1,91.0,52.3,Male,Information Technology,Placed
STU_06354,8.03,2,1,2,70.0,90.0,0,1,80.8,83.1,Female,Information Technology,Placed
STU_06355,5.22,1,1,2,62.9,65.4,0,1,86.1,76.7,Male,Computer Science,Placed
STU_06356,7.06,2,2,2,63.2,82.9,1,1,81.9,99.0,Female,Electronics,Placed
STU_06357,9.45,0,2,0,59.6,68.0,0,1,69.5,99.0,Male,Mechanical,Placed
STU_06358,5.76,1,1,1,62.3,96.5,1,1,80.5,55.6,Female,Mechanical,Placed
STU_06359,5.32,0,3,1,91.5,89.3,1,1,74.7,90.2,Male,Computer Science,Placed
STU_06360,5.8,1,2,0,77.8,80.9,0,1,67.4,70.7,Male,Information Technology,Placed
STU_06361,8.2,0,1,3,78.0,84.5,0,1,87.2,72.9,Male,Civil,Placed
STU_06362,8.42,0,1,0,85.2,63.7,1,1,64.9,68.7,Female,Computer Science,Placed
STU_06363,6.79,2,2,0,83.9,92.6,0,1,71.4,67.3,Female,Information Technology,Placed
STU_06364,,1,1,1,91.4,61.1,1,1,99.0,89.5,Female,Computer Science,Placed
STU_06365,8.69,2,2,0,78.8,76.9,1,1,85.0,49.1,Female,Electronics,Placed
STU_06366,9.09,0,2,2,73.1,63.4,1,0,80.5,67.7,Female,Computer Science,Placed
STU_06367,7.05,0,2,1,61.1,82.3,0,1,56.3,82.4,Male,Computer Science,Placed
STU_06368,5.0,0,2,1,57.6,92.9,1,0,76.8,52.6,Male,Information Technology,Placed
STU_06369,6.48,1,2,1,83.2,77.4,1,1,66.4,72.5,Male,Information Technology,Placed
STU_06370,6.87,1,1,0,68.3,75.8,0,1,77.2,61.7,Male,Mechanical,Placed
STU_06371,7.04,2,1,2,49.6,70.6,1,1,76.1,77.6,Male,Electronics,Placed
STU_06372,7.11,0,2,2,38.6,73.2,0,1,69.4,75.5,Male,Electronics,Placed
STU_06373,8.42,1,2,1,100.0,68.0,0,0,89.7,85.3,Female,Mechanical,Placed
STU_06374,8.57,0,2,3,55.2,91.6,0,1,87.5,49.5,Female,Mechanical,Placed
STU_06375,7.13,0,1,1,59.7,81.5,1,0,66.7,79.7,Female,Mechanical,Not Placed
STU_06376,8.4,1,4,1,88.4,67.8,0,0,93.7,66.8,Male,Information Technology,Placed
STU_06377,7.66,1,0,2,51.9,72.7,1,0,66.5,91.0,Male,Electronics,Placed
STU_06378,7.36,0,1,1,,100.0,1,1,94.6,70.1,Male,Computer Science,Placed
STU_06379,8.21,0,1,1,97.3,75.3,0,1,75.9,66.0,Female,Information Technology,Placed
STU_06380,7.37,0,1,0,100.0,89.4,1,1,74.0,69.0,Male,Computer Science,Placed
STU_06381,9.36,0,2,1,63.3,65.1,0,0,92.9,81.2,Female,Civil,Placed
STU_06382,5.86,0,0,3,69.8,77.7,0,1,76.4,82.7,Female,Information Technology,Placed
STU_06383,6.78,0,1,1,64.1,64.5,0,0,89.0,74.7,Male,Civil,Placed
STU_06384,7.17,0,1,0,69.7,65.6,0,1,65.0,64.2,Female,Computer Science,Placed
STU_06385,7.74,3,2,1,89.5,81.5,1,1,78.3,62.0,Female,Electronics,Placed
STU_06386,8.57,2,3,1,49.0,61.3,0,1,82.7,82.5,Male,Information Technology,Placed
STU_06387,7.28,1,2,0,79.7,57.7,0,1,90.0,80.8,Male,Electronics,Not Placed
STU_06388,5.88,3,1,2,67.1,80.2,1,1,85.1,79.5,Female,Civil,Placed
STU_06389,8.14,1,2,2,90.5,66.1,1,1,78.4,92.4,Female,Mechanical,Placed
STU_06390,8.05,0,0,1,89.7,68.6,0,1,82.7,66.3,Male,Electronics,Placed
STU_06391,5.36,0,1,0,63.9,50.4,0,1,70.7,96.8,Male,Information Technology,Not Placed
STU_06392,7.3,2,3,1,68.3,56.8,0,0,84.0,78.7,Female,Mechanical,Placed
STU_06393,5.71,1,2,0,83.4,74.6,0,0,82.8,69.4,Male,Electronics,Placed
STU_06394,6.64,2,0,1,84.7,69.2,0,1,70.2,74.4,Male,Information Technology,Not Placed
STU_06395,6.4,2,1,0,32.9,82.9,0,1,79.2,61.9,Female,Mechanical,Placed
STU_06396,8.11,0,1,1,83.3,61.2,0,1,85.7,63.8,Female,Civil,Placed
STU_06397,7.42,0,1,0,94.7,70.0,1,1,99.0,73.8,Female,Civil,Placed
STU_06398,6.01,0,2,2,73.8,72.6,1,1,89.9,83.5,Male,Electronics,Placed
STU_06399,8.18,0,1,2,84.3,69.6,1,0,80.3,67.3,Male,Computer Science,Placed
STU_06400,5.87,0,3,3,89.2,79.2,0,1,80.8,98.6,Female,Information Technology,Placed
STU_06401,7.63,0,2,0,73.3,59.0,1,0,76.5,74.5,Female,Electronics,Placed
STU_06402,6.49,0,3,0,82.2,78.1,0,1,79.1,68.4,Male,Electronics,Placed
STU_06403,6.93,0,2,1,70.2,85.7,0,0,85.8,60.9,Male,Computer Science,Placed
STU_06404,7.8,0,2,0,69.2,62.1,0,1,85.5,69.3,Male,Electronics,Placed
STU_06405,7.82,0,2,0,60.1,76.8,0,1,77.1,90.9,Male,Mechanical,Placed
STU_06406,8.64,1,0,1,72.6,76.3,1,0,67.0,94.0,Female,Mechanical,Not Placed
STU_06407,7.22,0,2,1,98.3,79.1,1,1,75.9,81.8,Male,Civil,Placed
STU_06408,7.61,1,1,0,56.5,72.0,1,1,69.6,75.6,Male,Computer Science,Placed
STU_06409,6.86,2,0,1,79.3,89.0,0,0,65.8,59.2,Female,Civil,Placed
STU_06410,7.48,0,1,1,74.8,97.3,1,1,84.1,48.0,Male,Mechanical,Placed
STU_06411,7.74,0,2,0,92.1,79.5,1,1,81.5,77.1,Male,Mechanical,Placed
STU_06412,7.2,2,4,2,94.9,75.8,1,0,68.8,70.6,Male,Civil,Placed
STU_06413,5.5,1,1,0,56.1,72.2,1,1,74.8,69.0,Male,Electronics,Placed
STU_06414,7.63,1,2,0,61.4,56.2,1,1,81.1,79.4,Male,Civil,Placed
STU_06415,7.66,0,3,0,62.2,54.9,0,1,80.6,60.3,Male,Information Technology,Placed
STU_06416,6.62,2,1,0,62.7,58.2,1,0,82.4,91.1,Male,Civil,Placed
STU_06417,6.02,2,0,2,64.0,75.2,0,1,70.4,95.5,Male,Mechanical,Placed
STU_06418,8.78,1,1,0,75.2,69.7,0,1,81.6,82.6,Female,Mechanical,Placed
STU_06419,7.79,0,3,1,57.2,90.3,1,0,77.5,71.7,Male,Mechanical,Placed
STU_06420,7.07,2,1,1,59.3,41.9,0,1,85.7,68.4,Male,Information Technology,Placed
STU_06421,6.16,1,1,1,58.1,72.5,1,1,88.7,71.6,Female,Computer Science,Not Placed
STU_06422,6.48,1,2,2,77.4,77.2,0,1,99.0,78.5,Female,Electronics,Placed
STU_06423,8.6,0,3,2,69.0,82.8,0,1,91.1,86.1,Female,Civil,Placed
STU_06424,7.44,1,3,0,66.4,73.7,0,1,79.3,80.0,Male,Electronics,Placed
STU_06425,6.75,0,1,2,57.4,76.4,1,1,77.6,88.9,Male,Information Technology,Placed
STU_06426,7.81,0,3,1,45.9,74.1,0,1,68.6,81.1,Female,Civil,Placed
STU_06427,6.49,1,1,0,94.5,77.3,1,0,68.9,86.4,Female,Computer Science,Placed
STU_06428,8.8,0,1,1,65.7,71.8,1,1,80.7,74.7,Female,Mechanical,Placed
STU_06429,8.65,1,3,3,100.0,97.4,0,0,81.0,62.4,Male,Mechanical,Placed
STU_06430,6.83,1,2,0,81.6,78.9,0,1,99.0,89.2,Female,Information Technology,Placed
STU_06431,6.67,0,1,2,97.4,74.4,0,1,70.7,99.0,Male,Civil,Placed
STU_06432,5.0,1,2,0,84.9,63.1,0,0,69.7,78.2,Female,Information Technology,Placed
STU_06433,5.82,2,2,0,72.4,67.9,0,1,80.5,69.0,Male,Mechanical,Placed
STU_06434,5.96,0,3,2,61.0,90.1,0,1,73.0,80.2,Male,Computer Science,Placed
STU_06435,7.44,1,3,1,55.3,42.2,1,0,81.9,71.1,Male,Civil,Placed
STU_06436,6.97,0,2,0,86.8,72.7,1,0,73.3,75.3,Female,Electronics,Placed
STU_06437,5.95,1,3,1,74.0,71.7,0,1,75.1,75.9,Male,Computer Science,Placed
STU_06438,7.02,0,2,2,79.2,78.0,1,1,82.3,66.7,Female,Computer Science,Placed
STU_06439,7.81,0,2,1,82.2,75.2,0,0,72.3,67.1,Male,Information Technology,Placed
STU_06440,7.83,0,2,0,75.3,90.2,1,1,74.4,74.2,Female,Information Technology,Placed
STU_06441,5.4,3,1,1,62.9,73.2,0,0,83.3,72.8,Male,Electronics,Placed
STU_06442,7.17,1,0,2,85.2,71.2,0,0,78.5,81.3,Male,Civil,Placed
STU_06443,5.92,1,1,1,67.0,83.4,0,0,71.6,78.0,Male,Mechanical,Placed
STU_06444,8.2,0,2,1,71.4,90.4,0,1,73.2,81.7,Male,Mechanical,Placed
STU_06445,8.08,1,1,2,80.8,80.2,1,0,88.4,73.4,Male,Information Technology,Placed
STU_06446,6.4,0,0,0,69.1,84.1,0,1,81.1,66.1,Male,Mechanical,Placed
STU_06447,6.53,0,1,1,42.7,69.4,0,0,74.4,63.5,Male,Computer Science,Not Placed
STU_06448,6.84,1,0,0,85.6,73.5,0,1,86.7,85.9,Male,Computer Science,Placed
STU_06449,5.05,0,2,0,88.8,89.8,0,1,82.4,69.7,Male,Civil,Placed
STU_06450,7.64,0,1,0,42.5,78.3,0,1,91.5,68.0,Male,Civil,Placed
STU_06451,7.03,1,0,2,54.4,69.1,1,1,86.9,89.1,Female,Computer Science,Placed
STU_06452,8.27,2,2,0,100.0,72.4,0,1,89.7,70.7,Male,Civil,Placed
STU_06453,6.2,0,3,0,73.5,84.4,1,1,74.6,51.0,Male,Mechanical,Placed
STU_06454,6.68,0,0,0,70.1,85.5,0,1,69.1,77.4,Male,Electronics,Placed
STU_06455,5.79,0,1,0,63.6,61.9,0,1,85.7,69.0,Female,Computer Science,Placed
STU_06456,6.3,3,3,1,54.5,76.4,0,1,85.8,67.1,Female,Information Technology,Placed
STU_06457,6.12,2,1,2,67.1,71.9,0,0,77.0,73.5,Female,Civil,Placed
STU_06458,8.3,1,3,0,84.6,71.2,0,1,67.6,52.5,Male,Computer Science,Placed
STU_06459,6.6,2,1,0,69.8,88.0,0,1,81.1,54.5,Female,Electronics,Placed
STU_06460,7.42,0,1,1,79.2,69.1,0,1,81.9,69.9,Male,Information Technology,Placed
STU_06461,6.92,3,1,1,96.5,65.1,1,1,64.4,81.2,Male,Mechanical,Placed
STU_06462,6.03,0,0,1,61.3,62.2,1,0,81.7,72.1,Female,Mechanical,Placed
STU_06463,7.13,0,3,0,74.5,69.9,0,0,89.5,71.6,Male,Mechanical,Placed
STU_06464,7.9,1,4,2,85.1,63.2,0,1,64.9,75.0,Female,Mechanical,Placed
STU_06465,6.09,0,4,1,56.0,61.6,0,0,83.3,84.8,Male,Information Technology,Placed
STU_06466,8.11,1,3,1,72.7,61.3,1,0,91.1,75.4,Male,Electronics,Placed
STU_06467,6.45,0,3,0,98.1,62.0,0,1,91.7,74.4,Female,Civil,Placed
STU_06468,6.82,1,2,0,64.9,62.9,1,0,59.3,68.9,Male,Electronics,Placed
STU_06469,7.83,0,3,2,86.0,76.8,0,1,88.9,70.7,Male,Information Technology,Placed
STU_06470,6.64,0,1,0,67.9,48.5,1,1,74.9,77.0,Female,Information Technology,Placed
STU_06471,7.34,2,1,0,97.0,63.6,1,1,73.7,89.5,Female,Mechanical,Placed
STU_06472,6.99,2,2,1,45.3,70.8,0,1,99.0,77.6,Male,Mechanical,Placed
STU_06473,7.43,3,3,1,71.0,85.8,1,0,80.2,66.0,Male,Civil,Placed
STU_06474,5.0,1,2,1,47.8,69.0,1,1,74.2,71.7,Male,Electronics,Placed
STU_06475,5.47,1,3,1,59.5,70.2,0,1,86.0,87.2,Male,Civil,Placed
STU_06476,7.92,1,2,1,59.4,70.9,0,0,94.9,75.9,Female,Civil,Placed
STU_06477,8.34,0,2,1,66.0,50.1,1,1,79.7,59.8,Male,Computer Science,Placed
STU_06478,6.39,0,4,2,52.2,79.9,1,0,72.7,79.8,Female,Computer Science,Placed
STU_06479,7.06,0,1,1,68.9,79.4,1,1,78.9,67.9,Female,Computer Science,Not Placed
STU_06480,7.59,2,3,1,76.9,81.8,1,1,88.9,62.4,Female,Electronics,Placed
STU_06481,7.99,0,2,0,47.0,100.0,1,1,74.9,75.9,Female,Mechanical,Placed
STU_06482,5.27,2,2,2,60.5,56.4,0,1,88.9,65.7,Female,Electronics,Placed
STU_06483,6.41,1,3,0,100.0,54.1,0,1,76.6,83.9,Female,Computer Science,Placed
STU_06484,6.97,1,1,1,74.9,80.5,0,1,59.5,76.0,Male,Information Technology,Placed
STU_06485,8.0,0,1,0,42.7,68.0,0,1,93.2,89.8,Female,Mechanical,Placed
STU_06486,9.8,0,2,1,49.0,60.2,1,0,81.4,78.8,Male,Electronics,Placed
STU_06487,7.07,3,0,0,73.4,68.6,1,0,88.5,69.5,Male,Computer Science,Placed
STU_06488,5.89,0,2,1,71.5,64.6,1,1,81.0,69.4,Female,Computer Science,Placed
STU_06489,7.7,0,1,0,61.2,92.7,0,1,78.4,71.0,Male,Information Technology,Placed
STU_06490,8.62,0,3,1,100.0,99.1,1,1,85.4,80.4,Male,Mechanical,Placed
STU_06491,7.41,0,0,2,100.0,52.4,0,1,76.5,59.1,Male,Computer Science,Placed
STU_06492,6.39,0,2,0,66.0,54.3,1,1,96.1,78.0,Male,Information Technology,Placed
STU_06493,8.26,1,3,0,83.1,62.9,0,0,77.7,64.9,Female,Information Technology,Placed
STU_06494,7.96,1,3,1,83.8,63.7,0,1,96.2,99.0,Female,Mechanical,Placed
STU_06495,6.27,1,2,3,85.8,62.7,0,1,84.0,81.1,Female,Computer Science,Placed
STU_06496,7.68,0,2,0,60.4,69.7,0,1,54.2,82.2,Male,Computer Science,Placed
STU_06497,8.3,2,1,0,99.1,66.6,1,1,68.1,75.8,Male,Mechanical,Placed
STU_06498,8.48,1,1,1,69.0,55.8,1,0,86.5,57.5,Male,Mechanical,Placed
STU_06499,7.23,0,0,0,76.3,59.7,1,1,68.8,75.2,Male,Civil,Placed
STU_06500,6.94,0,2,1,70.0,90.6,0,1,64.4,79.3,Male,Information Technology,Placed
STU_06501,8.53,0,1,2,67.9,67.7,0,1,90.8,68.7,Male,Mechanical,Placed
STU_06502,6.09,1,2,0,74.2,67.1,0,1,62.1,74.2,Female,Mechanical,Placed
STU_06503,7.74,1,1,1,52.2,53.8,1,1,85.8,81.9,Female,Mechanical,Placed
STU_06504,5.93,2,2,1,40.4,66.4,0,0,74.4,76.2,Male,Information Technology,Placed
STU_06505,8.37,0,2,2,66.8,83.5,0,0,85.0,78.0,Female,Mechanical,Placed
STU_06506,7.04,1,3,3,56.8,79.1,0,1,80.7,80.8,Female,Information Technology,Placed
STU_06507,8.57,0,1,1,78.2,81.7,0,1,57.3,88.6,Male,Information Technology,Placed
STU_06508,7.79,0,1,1,76.5,57.6,1,0,74.9,65.8,Male,Electronics,Placed
STU_06509,6.08,1,0,1,70.2,57.4,0,0,75.6,96.3,Female,Civil,Not Placed
STU_06510,8.72,0,0,0,92.2,85.6,0,1,82.1,96.3,Male,Civil,Placed
STU_06511,8.85,1,2,0,69.9,81.9,0,1,81.2,68.9,Male,Civil,Placed
STU_06512,8.18,1,1,3,48.1,68.9,0,1,75.5,82.4,Female,Mechanical,Placed
STU_06513,6.54,2,0,1,66.6,82.2,0,1,66.7,95.0,Female,Civil,Placed
STU_06514,6.99,0,3,0,87.6,57.6,0,1,82.8,90.8,Female,Electronics,Placed
STU_06515,7.45,2,2,2,41.7,57.1,0,1,86.7,56.1,Male,Information Technology,Placed
STU_06516,6.6,3,0,1,68.6,52.6,1,1,81.3,73.3,Male,Mechanical,Placed
STU_06517,8.99,2,0,0,78.6,76.3,0,0,75.8,69.5,Male,Mechanical,Placed
STU_06518,7.44,1,0,0,100.0,74.6,0,1,74.3,84.4,Male,Electronics,Placed
STU_06519,5.0,2,2,0,88.1,65.7,0,1,68.8,85.4,Female,Information Technology,Placed
STU_06520,7.64,1,2,2,72.0,62.6,0,0,80.5,62.0,Female,Civil,Placed
STU_06521,6.95,0,2,2,77.8,100.0,0,1,79.9,67.2,Male,Information Technology,Not Placed
STU_06522,7.23,1,0,0,41.5,68.9,0,0,86.4,57.7,Male,Information Technology,Placed
STU_06523,6.93,1,2,2,54.3,88.7,0,0,71.8,74.0,Male,Computer Science,Placed
STU_06524,8.11,3,1,1,79.8,70.2,1,1,79.2,71.8,Male,Civil,Placed
STU_06525,8.42,1,2,1,72.4,66.0,0,0,64.8,80.1,Female,Mechanical,Placed
STU_06526,7.58,0,3,0,74.3,89.0,0,1,74.6,94.9,Male,Electronics,Placed
STU_06527,6.96,1,1,1,70.5,81.5,1,1,72.4,77.9,Male,Information Technology,Placed
STU_06528,7.26,3,0,0,69.9,71.7,1,1,88.6,71.7,Female,Computer Science,Placed
STU_06529,7.32,0,3,0,71.5,85.6,0,1,95.1,83.8,Male,Mechanical,Placed
STU_06530,6.5,0,1,0,54.2,100.0,1,1,66.2,71.1,Male,Electronics,Placed
STU_06531,7.88,1,1,0,66.6,63.2,0,1,87.1,73.0,Male,Civil,Placed
STU_06532,7.76,0,2,3,51.3,77.7,0,1,84.8,76.9,Female,Mechanical,Placed
STU_06533,8.84,0,2,3,60.7,67.1,0,1,72.5,61.9,Male,Civil,Placed
STU_06534,8.56,0,3,2,87.9,60.8,1,0,70.5,71.6,Male,Civil,Placed
STU_06535,6.61,2,1,0,67.3,60.5,1,1,70.4,66.2,Female,Computer Science,Placed
STU_06536,8.12,0,1,1,78.9,91.1,0,1,74.2,83.9,Female,Information Technology,Not Placed
STU_06537,6.35,0,0,1,71.7,50.1,0,0,74.4,63.7,Male,Civil,Placed
STU_06538,8.0,1,2,0,64.2,78.1,1,1,76.5,64.7,Male,Computer Science,Placed
STU_06539,6.78,3,1,0,54.9,62.1,0,1,72.9,67.2,Female,Computer Science,Placed
STU_06540,6.28,3,2,1,64.0,93.3,0,1,86.1,66.4,Male,Electronics,Not Placed
STU_06541,7.58,0,0,0,72.7,68.7,0,1,83.1,93.4,Male,Computer Science,Placed
STU_06542,5.0,3,0,2,78.7,67.6,0,0,76.3,86.9,Male,Mechanical,Not Placed
STU_06543,5.55,0,1,1,71.8,90.8,0,1,72.6,80.4,Male,Civil,Placed
STU_06544,7.12,1,4,0,79.7,82.5,1,1,72.3,70.5,Male,Computer Science,Placed
STU_06545,7.38,1,3,1,47.2,78.7,0,1,82.4,74.3,Male,Civil,Placed
STU_06546,6.93,0,4,0,83.0,81.7,1,1,78.6,92.4,Male,Civil,Placed
STU_06547,5.72,1,1,0,53.1,59.0,0,1,80.0,71.6,Female,Information Technology,Placed
STU_06548,6.48,0,0,0,84.8,80.9,1,1,86.6,63.2,Female,Mechanical,Not Placed
STU_06549,7.69,2,1,2,77.5,69.6,1,1,77.5,84.0,Male,Computer Science,Placed
STU_06550,7.88,0,2,0,41.9,76.3,0,1,91.7,72.4,Male,Civil,Placed
STU_06551,7.28,1,0,1,81.1,77.8,1,1,58.0,73.1,Male,Mechanical,Placed
STU_06552,8.46,0,1,0,84.9,58.7,1,1,64.8,72.5,Male,Information Technology,Placed
STU_06553,7.7,0,0,0,88.9,79.1,1,1,96.1,73.3,Male,Electronics,Placed
STU_06554,6.55,3,2,0,58.5,69.8,0,1,74.0,80.5,Male,Information Technology,Placed
STU_06555,7.02,1,1,1,72.7,57.1,0,1,81.0,71.6,Female,Computer Science,Placed
STU_06556,5.9,3,0,1,80.4,70.2,0,0,90.5,78.4,Male,Computer Science,Placed
STU_06557,7.19,0,1,1,81.0,72.2,0,1,81.4,86.5,Female,Civil,Placed
STU_06558,8.41,0,1,0,76.1,79.1,1,1,87.1,91.3,Female,Mechanical,Placed
STU_06559,7.99,1,2,0,63.6,43.3,0,1,84.2,65.1,Male,Information Technology,Placed
STU_06560,8.7,1,2,1,84.8,76.7,1,1,87.8,86.2,Male,Mechanical,Placed
STU_06561,7.0,0,0,0,84.9,65.9,1,1,82.9,87.5,Female,Civil,Placed
STU_06562,8.65,1,2,0,67.7,81.7,0,1,85.3,88.9,Male,Electronics,Placed
STU_06563,7.11,0,0,0,58.2,72.0,1,0,72.2,75.5,Female,Computer Science,Not Placed
STU_06564,8.77,0,1,1,59.1,68.0,1,1,83.2,72.4,Male,Mechanical,Placed
STU_06565,7.28,0,2,1,90.5,69.9,0,1,77.6,58.0,Male,Computer Science,Placed
STU_06566,8.01,1,4,0,84.3,76.0,0,0,77.1,76.1,Female,Civil,Placed
STU_06567,8.78,1,2,1,69.7,82.9,0,1,61.2,94.6,Male,Electronics,Placed
STU_06568,7.11,1,1,1,67.0,61.3,0,1,73.8,78.5,Male,Information Technology,Placed
STU_06569,7.52,1,2,0,43.5,67.9,0,1,76.7,72.6,Male,Mechanical,Placed
STU_06570,8.59,0,1,0,68.7,89.6,1,1,93.6,81.4,Male,Computer Science,Placed
STU_06571,7.17,2,2,1,52.1,67.7,0,1,75.2,61.9,Female,Electronics,Placed
STU_06572,5.98,2,1,1,72.4,76.4,1,0,80.8,72.0,Male,Computer Science,Placed
STU_06573,9.44,1,2,0,87.8,57.2,0,1,91.8,84.0,Male,Computer Science,Placed
STU_06574,6.83,0,1,1,55.3,51.4,0,1,65.6,81.1,Female,Civil,Placed
STU_06575,7.46,1,2,1,73.6,59.5,0,1,74.2,69.5,Female,Electronics,Placed
STU_06576,8.46,1,2,2,85.0,63.7,1,1,86.8,94.6,Male,Civil,Placed
STU_06577,6.69,3,0,0,73.3,84.5,0,1,99.0,58.9,Female,Civil,Placed
STU_06578,6.29,3,3,0,62.1,85.8,1,1,58.1,78.4,Female,Mechanical,Placed
STU_06579,7.55,2,2,1,70.2,48.9,0,1,76.8,84.3,Female,Information Technology,Placed
STU_06580,5.51,0,1,1,84.4,65.5,0,1,84.3,88.6,Male,Information Technology,Placed
STU_06581,7.01,3,0,0,73.9,80.4,1,1,86.4,76.3,Male,Civil,Placed
STU_06582,7.55,1,2,1,69.9,70.7,1,1,99.0,83.4,Male,Civil,Placed
STU_06583,7.03,2,1,1,87.3,90.1,1,1,71.5,75.0,Male,Computer Science,Placed
STU_06584,5.76,0,3,1,77.7,80.1,1,1,75.6,93.4,Male,Computer Science,Not Placed
STU_06585,8.89,0,0,0,52.0,68.8,0,0,61.7,78.6,Male,Electronics,Placed
STU_06586,7.4,1,0,1,79.5,69.9,0,1,79.3,87.8,Female,Mechanical,Placed
STU_06587,8.73,0,3,1,84.2,71.3,0,1,83.1,62.3,Male,Civil,Placed
STU_06588,7.04,0,4,0,51.4,61.8,0,1,98.9,73.7,Male,Computer Science,Placed
STU_06589,6.42,2,0,0,36.0,83.3,0,1,95.0,80.9,Male,Information Technology,Placed
STU_06590,7.57,0,2,0,54.4,80.9,0,1,93.2,80.8,Female,Civil,Placed
STU_06591,,0,1,1,68.5,77.5,0,1,71.0,68.7,Male,Mechanical,Placed
STU_06592,6.12,0,2,0,85.1,74.9,1,1,82.3,54.5,Male,Mechanical,Not Placed
STU_06593,8.77,0,3,3,56.6,59.8,0,0,81.9,55.6,Male,Civil,Placed
STU_06594,6.68,3,0,2,78.3,78.1,0,1,82.7,64.6,Male,Computer Science,Placed
STU_06595,5.46,0,1,2,26.6,73.5,0,1,77.6,99.0,Female,Information Technology,Not Placed
STU_06596,8.63,0,0,1,72.7,96.0,1,1,89.3,48.0,Female,Computer Science,Placed
STU_06597,6.8,2,0,2,63.9,56.5,0,1,74.4,73.2,Male,Civil,Placed
STU_06598,6.69,2,0,0,100.0,63.3,0,1,81.3,71.8,Male,Computer Science,Placed
STU_06599,5.53,0,3,1,41.6,53.0,0,0,92.5,75.5,Male,Electronics,Placed
STU_06600,9.04,1,1,0,69.8,69.4,0,0,99.0,74.1,Male,Electronics,Placed
STU_06601,6.01,1,2,0,41.5,51.1,0,1,69.7,64.2,Female,Computer Science,Placed
STU_06602,7.36,1,2,0,61.8,86.2,0,1,83.5,86.2,Male,Electronics,Placed
STU_06603,8.21,1,2,1,44.5,85.1,0,0,82.5,57.1,Male,Computer Science,Placed
STU_06604,7.72,3,1,0,100.0,70.1,0,1,90.2,95.6,Female,Electronics,Placed
STU_06605,7.24,0,0,1,64.7,59.8,0,0,94.3,80.0,Male,Mechanical,Not Placed
STU_06606,5.6,0,2,2,66.8,53.7,0,0,74.7,65.0,Female,Information Technology,Not Placed
STU_06607,6.49,0,0,0,69.4,63.6,0,1,77.2,67.4,Female,Electronics,Not Placed
STU_06608,7.49,0,2,1,53.0,79.5,0,1,78.7,87.6,Female,Information Technology,Placed
STU_06609,6.51,2,1,1,85.8,62.6,0,0,82.8,60.2,Female,Mechanical,Placed
STU_06610,7.5,1,2,0,79.6,94.9,1,0,86.3,75.5,Female,Information Technology,Placed
STU_06611,7.98,0,2,2,83.8,89.9,1,0,74.2,74.7,Female,Computer Science,Placed
STU_06612,8.26,0,2,2,51.7,72.0,0,1,96.6,74.4,Male,Mechanical,Placed
STU_06613,6.07,0,1,0,87.0,66.5,0,0,59.7,81.0,Male,Mechanical,Placed
STU_06614,9.5,3,1,0,85.3,65.2,1,1,66.1,82.1,Male,Civil,Placed
STU_06615,8.07,1,3,3,66.5,91.2,1,0,84.1,79.5,Female,Computer Science,Placed
STU_06616,7.3,1,0,3,83.4,64.1,0,1,76.4,87.3,Male,Computer Science,Placed
STU_06617,8.39,1,1,1,74.1,83.2,0,1,72.3,77.8,Male,Electronics,Placed
STU_06618,9.67,1,2,0,46.1,72.3,1,0,87.6,69.5,Male,Information Technology,Placed
STU_06619,5.86,1,3,1,67.3,80.6,0,1,86.1,62.6,Male,Information Technology,Placed
STU_06620,7.07,0,1,0,,62.2,0,0,90.5,75.7,Male,Electronics,Placed
STU_06621,5.0,2,2,2,71.3,68.0,1,1,67.6,79.3,Female,Information Technology,Placed
STU_06622,7.49,1,2,2,85.3,71.7,0,1,86.1,55.6,Male,Electronics,Placed
STU_06623,7.67,1,0,1,45.4,64.4,0,1,86.0,79.9,Male,Mechanical,Placed
STU_06624,7.26,3,2,0,63.3,87.0,0,0,67.9,65.4,Male,Mechanical,Placed
STU_06625,6.65,2,3,1,57.7,62.8,1,0,78.4,65.1,Male,Electronics,Placed
STU_06626,5.25,2,4,0,58.3,65.1,0,1,87.7,76.7,Male,Civil,Placed
STU_06627,7.67,3,0,0,57.7,88.3,1,1,91.4,51.9,Male,Computer Science,Placed
STU_06628,8.76,0,2,1,71.0,86.0,0,1,76.5,90.9,Female,Mechanical,Placed
STU_06629,6.71,1,1,1,77.8,91.1,1,1,67.0,85.0,Female,Computer Science,Placed
STU_06630,7.74,1,0,2,75.2,49.1,0,0,93.3,61.9,Male,Civil,Not Placed
STU_06631,,0,2,2,72.8,74.4,1,1,78.4,72.9,Male,Mechanical,Placed
STU_06632,7.76,2,0,0,79.3,73.1,0,0,59.1,76.7,Male,Computer Science,Placed
STU_06633,6.91,1,1,1,100.0,65.3,0,1,75.6,66.8,Female,Electronics,Placed
STU_06634,6.54,1,1,1,72.0,75.9,1,0,89.3,69.5,Male,Electronics,Placed
STU_06635,6.54,3,1,0,85.3,68.1,1,0,65.8,73.7,Male,Mechanical,Placed
STU_06636,6.91,0,2,1,84.5,73.9,0,1,79.2,74.9,Male,Information Technology,Placed
STU_06637,7.68,1,1,1,96.7,100.0,1,0,74.7,73.5,Female,Civil,Placed
STU_06638,5.99,1,2,2,78.4,75.8,1,1,77.6,75.6,Female,Civil,Placed
STU_06639,6.9,0,1,1,57.3,76.3,0,1,73.6,79.1,Female,Mechanical,Placed
STU_06640,7.26,0,2,0,74.6,81.9,1,1,83.0,71.3,Female,Information Technology,Placed
STU_06641,6.2,2,3,0,73.8,74.2,0,1,75.8,79.8,Male,Civil,Placed
STU_06642,9.1,1,1,0,82.2,58.8,0,1,84.6,87.9,Female,Information Technology,Placed
STU_06643,6.45,2,2,0,56.9,52.2,0,0,74.3,80.0,Female,Information Technology,Placed
STU_06644,6.63,1,2,1,89.0,71.6,1,1,89.2,94.2,Male,Mechanical,Placed
STU_06645,6.32,0,2,0,70.1,68.8,0,1,78.1,59.6,Male,Computer Science,Placed
STU_06646,9.1,0,1,3,82.6,48.4,1,1,65.9,68.6,Male,Civil,Placed
STU_06647,7.85,0,2,0,74.6,91.6,1,1,69.4,79.0,Female,Information Technology,Placed
STU_06648,6.36,3,0,1,71.8,73.3,0,1,66.4,77.7,Female,Electronics,Placed
STU_06649,8.41,0,1,0,73.5,89.3,0,1,67.0,70.8,Female,Civil,Placed
STU_06650,7.5,3,2,1,80.1,45.2,0,0,64.9,81.7,Male,Mechanical,Placed
STU_06651,7.56,3,0,0,99.4,89.5,0,0,67.1,77.3,Female,Civil,Placed
STU_06652,6.96,3,2,0,39.7,66.2,1,1,77.9,87.9,Female,Mechanical,Placed
STU_06653,6.55,1,2,1,78.1,87.1,1,1,85.4,63.3,Male,Civil,Placed
STU_06654,7.64,3,2,1,70.7,74.6,1,1,64.5,75.6,Female,Electronics,Placed
STU_06655,6.75,0,0,1,67.3,77.4,0,1,70.0,70.1,Female,Computer Science,Not Placed
STU_06656,9.12,0,4,1,34.6,77.5,1,0,86.0,84.4,Male,Mechanical,Placed
STU_06657,6.03,0,2,2,78.7,66.9,1,1,76.4,81.0,Male,Civil,Placed
STU_06658,8.84,2,1,2,68.1,64.2,1,1,60.9,69.7,Male,Mechanical,Placed
STU_06659,7.19,0,1,1,57.5,67.7,0,0,78.4,86.0,Male,Electronics,Placed
STU_06660,7.6,1,2,0,70.6,54.3,0,1,81.6,74.8,Male,Information Technology,Not Placed
STU_06661,8.13,0,3,3,65.6,66.2,1,1,81.1,61.3,Male,Civil,Placed
STU_06662,6.67,0,2,2,43.9,63.6,1,0,99.0,72.2,Female,Information Technology,Not Placed
STU_06663,8.16,0,2,1,71.3,54.0,1,1,70.5,99.0,Male,Mechanical,Placed
STU_06664,5.0,2,1,1,78.7,77.5,0,1,89.0,72.9,Female,Computer Science,Placed
STU_06665,6.58,1,1,0,61.8,72.1,0,1,77.8,77.6,Female,Computer Science,Placed
STU_06666,6.38,2,1,2,73.9,75.0,1,1,82.7,78.2,Male,Computer Science,Placed
STU_06667,6.05,1,2,2,71.6,80.4,0,1,71.5,74.5,Male,Mechanical,Placed
STU_06668,7.09,3,1,1,85.7,69.1,0,1,71.3,91.9,Female,Civil,Placed
STU_06669,7.69,1,1,1,68.4,60.7,0,1,65.5,83.1,Male,Electronics,Placed
STU_06670,8.0,1,1,0,82.0,75.6,0,1,63.3,82.2,Female,Computer Science,Placed
STU_06671,7.54,1,3,0,65.3,36.9,0,1,84.7,72.0,Female,Civil,Placed
STU_06672,6.63,1,2,1,99.5,70.7,0,0,72.6,82.6,Male,Electronics,Placed
STU_06673,7.67,2,1,0,63.4,81.2,0,0,99.0,71.6,Male,Electronics,Placed
STU_06674,7.42,1,3,1,59.7,84.6,0,1,73.3,79.7,Male,Information Technology,Placed
STU_06675,8.24,2,0,2,68.5,65.6,1,1,84.7,97.7,Male,Electronics,Placed
STU_06676,8.08,1,0,0,59.1,45.1,1,1,78.6,92.2,Female,Civil,Placed
STU_06677,7.33,0,0,0,51.3,40.4,0,1,59.7,73.7,Male,Electronics,Placed
STU_06678,6.4,1,0,2,80.9,79.7,0,0,64.5,77.5,Female,Mechanical,Placed
STU_06679,6.65,0,0,0,24.1,67.8,1,1,62.9,62.9,Male,Information Technology,Placed
STU_06680,6.75,1,2,0,59.2,96.2,0,0,92.7,72.3,Male,Electronics,Placed
STU_06681,6.98,1,2,1,49.9,55.1,0,1,91.0,50.5,Male,Electronics,Placed
STU_06682,7.57,3,2,2,72.1,76.1,1,1,97.3,85.1,Male,Computer Science,Placed
STU_06683,8.02,0,2,2,37.2,91.9,0,0,55.8,66.8,Female,Information Technology,Placed
STU_06684,7.25,0,2,1,78.2,74.5,1,1,64.3,73.9,Male,Electronics,Placed
STU_06685,7.32,0,1,1,79.8,52.9,0,1,84.0,70.0,Male,Computer Science,Placed
STU_06686,7.44,0,2,2,45.5,100.0,0,1,70.3,86.3,Male,Information Technology,Placed
STU_06687,6.78,2,2,1,72.9,91.0,0,1,84.9,90.1,Male,Mechanical,Placed
STU_06688,,2,3,1,77.7,69.3,1,0,73.5,90.5,Male,Electronics,Placed
STU_06689,5.54,1,1,1,84.1,81.8,0,1,72.5,61.0,Male,Computer Science,Placed
STU_06690,6.6,2,0,0,48.0,82.0,1,1,59.8,82.2,Male,Civil,Placed
STU_06691,7.77,0,2,1,45.9,79.7,1,1,72.2,65.4,Male,Mechanical,Not Placed
STU_06692,6.6,0,2,0,92.5,55.4,0,1,81.7,76.6,Male,Electronics,Placed
STU_06693,7.06,0,1,0,57.7,75.9,1,1,68.1,85.6,Male,Information Technology,Placed
STU_06694,7.77,2,2,3,62.1,89.5,1,1,78.7,72.1,Female,Information Technology,Placed
STU_06695,7.82,1,0,0,79.5,78.1,0,1,67.5,77.4,Male,Computer Science,Placed
STU_06696,6.22,1,4,0,52.5,76.8,0,1,70.3,68.2,Male,Information Technology,Placed
STU_06697,8.3,0,0,0,66.0,65.6,0,0,71.0,87.0,Female,Electronics,Placed
STU_06698,8.43,0,0,1,83.4,61.2,0,1,82.6,72.6,Male,Computer Science,Placed
STU_06699,6.17,3,0,2,48.7,53.1,1,1,86.6,69.1,Female,Civil,Placed
STU_06700,6.48,0,1,2,62.5,81.1,1,1,96.4,78.7,Female,Computer Science,Placed
STU_06701,8.49,1,0,2,53.1,69.3,0,1,85.8,85.1,Male,Electronics,Placed
STU_06702,7.15,0,2,2,58.4,55.9,1,1,81.6,59.7,Female,Electronics,Placed
STU_06703,5.08,0,3,2,87.8,83.7,1,1,95.7,80.0,Female,Information Technology,Placed
STU_06704,5.9,1,1,0,91.1,65.0,0,1,80.7,69.5,Female,Mechanical,Placed
STU_06705,7.05,0,2,1,73.9,61.7,1,1,84.1,82.3,Female,Computer Science,Placed
STU_06706,6.14,1,0,0,78.0,66.0,0,1,87.6,69.3,Male,Computer Science,Not Placed
STU_06707,6.89,1,1,0,77.6,69.7,0,1,79.7,65.5,Male,Mechanical,Placed
STU_06708,7.33,1,1,1,59.9,77.5,1,1,77.3,67.2,Male,Mechanical,Placed
STU_06709,8.76,1,1,1,73.6,61.5,0,1,76.3,76.8,Male,Information Technology,Placed
STU_06710,7.01,1,2,1,50.6,84.1,0,1,72.3,80.9,Male,Electronics,Placed
STU_06711,8.37,0,0,0,55.6,77.8,0,1,73.0,68.1,Male,Civil,Placed
STU_06712,8.73,1,3,0,68.7,65.8,1,1,88.6,75.6,Male,Civil,Placed
STU_06713,8.73,1,2,0,54.1,70.1,0,1,67.0,67.9,Female,Civil,Placed
STU_06714,7.58,0,2,2,50.9,66.9,0,0,79.4,70.9,Male,Electronics,Placed
STU_06715,5.34,2,3,1,59.3,72.8,1,1,77.8,69.6,Male,Mechanical,Placed
STU_06716,7.76,1,3,3,87.2,90.2,1,0,63.7,67.2,Male,Electronics,Placed
STU_06717,8.35,2,2,2,93.4,66.8,0,0,86.4,61.6,Female,Mechanical,Placed
STU_06718,7.22,2,2,1,69.5,74.3,0,1,64.6,74.2,Male,Civil,Placed
STU_06719,9.04,0,1,0,78.7,63.6,0,1,70.5,87.5,Male,Computer Science,Placed
STU_06720,8.16,1,2,1,61.5,78.4,0,0,77.1,75.9,Male,Computer Science,Placed
STU_06721,7.87,0,2,1,39.0,75.3,1,1,92.9,71.7,Female,Computer Science,Placed
STU_06722,8.39,0,3,1,56.6,88.0,0,1,83.2,83.9,Male,Computer Science,Placed
STU_06723,7.63,2,1,0,65.4,62.0,0,1,81.1,69.6,Female,Computer Science,Placed
STU_06724,5.0,1,1,1,72.1,80.3,1,1,91.5,77.1,Male,Electronics,Placed
STU_06725,6.8,0,1,0,68.5,87.2,1,1,75.4,57.9,Female,Information Technology,Placed
STU_06726,8.5,1,3,2,65.8,66.7,1,0,98.0,75.0,Male,Mechanical,Placed
STU_06727,6.49,3,0,1,61.4,70.5,1,1,83.0,71.3,Male,Civil,Placed
STU_06728,7.08,1,2,0,75.2,74.3,1,0,79.3,54.5,Female,Computer Science,Placed
STU_06729,6.26,1,1,0,49.5,69.2,0,1,60.0,70.1,Male,Civil,Placed
STU_06730,9.08,1,0,1,82.0,74.1,0,1,87.8,49.2,Male,Computer Science,Placed
STU_06731,8.98,0,1,1,61.2,80.1,1,1,83.4,68.5,Male,Mechanical,Placed
STU_06732,6.42,0,2,1,100.0,70.6,0,1,75.8,80.4,Male,Information Technology,Placed
STU_06733,7.45,1,0,1,65.3,70.5,1,1,73.0,65.0,Male,Computer Science,Placed
STU_06734,6.62,1,2,1,62.8,75.2,0,1,98.1,67.2,Male,Mechanical,Placed
STU_06735,7.91,1,4,0,61.6,67.2,0,1,70.0,58.3,Female,Information Technology,Placed
STU_06736,7.81,1,4,2,62.9,67.8,1,1,81.5,78.2,Male,Mechanical,Placed
STU_06737,8.11,1,2,1,79.1,61.2,0,1,78.3,70.1,Female,Mechanical,Placed
STU_06738,7.63,0,2,0,69.4,71.5,1,1,84.9,74.6,Male,Civil,Placed
STU_06739,10.0,0,1,0,84.8,77.4,0,1,58.8,87.6,Male,Computer Science,Placed
STU_06740,6.27,0,4,0,77.0,68.8,0,1,84.7,64.0,Male,Electronics,Placed
STU_06741,5.59,1,1,0,70.5,62.7,0,1,94.0,88.9,Male,Electronics,Placed
STU_06742,6.91,0,2,1,75.6,70.8,0,1,59.0,72.2,Female,Computer Science,Placed
STU_06743,5.73,1,0,0,87.9,76.8,0,1,68.5,86.6,Female,Mechanical,Not Placed
STU_06744,5.81,0,1,2,79.9,73.5,0,1,83.7,73.8,Female,Computer Science,Placed
STU_06745,6.3,1,0,1,74.2,98.8,0,1,76.7,57.0,Male,Computer Science,Placed
STU_06746,6.38,0,2,0,76.3,64.1,0,1,84.8,61.3,Female,Information Technology,Placed
STU_06747,6.35,1,2,0,52.7,70.2,1,1,85.4,72.1,Female,Information Technology,Placed
STU_06748,7.82,0,2,1,100.0,81.4,1,1,80.3,56.7,Male,Computer Science,Placed
STU_06749,6.79,0,1,0,77.9,63.7,1,0,95.6,80.8,Male,Civil,Placed
STU_06750,7.12,2,3,0,79.4,95.1,1,1,85.5,84.0,Male,Civil,Placed
STU_06751,8.19,0,0,0,69.6,72.1,0,1,64.7,58.7,Female,Information Technology,Placed
STU_06752,6.53,1,1,0,35.5,78.7,1,0,85.0,71.9,Male,Mechanical,Placed
STU_06753,7.04,2,2,0,66.0,72.2,0,1,77.7,74.0,Male,Information Technology,Placed
STU_06754,7.67,1,3,0,71.1,84.2,0,1,83.5,82.6,Female,Civil,Placed
STU_06755,5.36,2,1,2,,59.2,0,1,89.7,79.5,Female,Electronics,Not Placed
STU_06756,5.0,0,2,0,57.5,90.9,1,1,94.2,70.4,Female,Civil,Not Placed
STU_06757,7.65,1,2,1,64.9,74.8,1,1,78.8,59.4,Male,Computer Science,Placed
STU_06758,7.79,1,3,0,81.6,79.9,0,1,86.4,75.0,Female,Computer Science,Placed
STU_06759,9.36,0,0,0,88.8,63.1,0,1,67.2,73.6,Male,Mechanical,Placed
STU_06760,7.46,0,1,1,72.6,76.0,0,1,73.4,66.0,Male,Electronics,Placed
STU_06761,8.12,0,1,0,61.5,60.4,1,1,72.4,98.3,Male,Computer Science,Placed
STU_06762,7.1,1,0,0,64.6,86.1,0,1,88.3,76.9,Female,Civil,Placed
STU_06763,7.6,2,0,1,71.5,56.5,0,1,95.3,67.9,Male,Electronics,Placed
STU_06764,8.97,0,4,0,73.3,73.9,0,1,99.0,68.8,Female,Computer Science,Placed
STU_06765,5.18,0,1,1,76.5,67.3,0,0,86.6,84.2,Female,Electronics,Placed
STU_06766,7.71,0,3,0,63.4,53.2,0,1,89.2,88.1,Female,Information Technology,Placed
STU_06767,9.44,1,1,0,77.9,60.8,0,1,60.7,81.8,Female,Electronics,Placed
STU_06768,7.58,1,3,0,76.8,77.4,0,1,60.1,86.2,Female,Electronics,Placed
STU_06769,8.95,0,2,3,64.1,61.2,0,1,69.3,61.4,Female,Civil,Placed
STU_06770,6.67,0,0,1,44.2,64.0,0,1,65.5,74.5,Male,Civil,Placed
STU_06771,7.27,1,2,1,56.7,76.5,0,1,83.1,62.3,Female,Computer Science,Placed
STU_06772,7.33,2,1,1,93.5,83.0,0,0,95.4,83.8,Female,Information Technology,Placed
STU_06773,5.08,1,1,2,,79.9,0,1,78.1,84.9,Male,Information Technology,Placed
STU_06774,6.13,1,1,1,89.8,71.4,1,1,71.4,64.1,Male,Electronics,Placed
STU_06775,6.2,0,1,2,44.1,74.6,1,1,81.1,68.4,Male,Electronics,Placed
STU_06776,8.12,0,2,1,58.4,73.4,0,0,70.8,64.4,Male,Information Technology,Placed
STU_06777,8.17,0,2,0,64.4,59.6,0,1,72.6,77.5,Female,Computer Science,Placed
STU_06778,7.62,0,1,2,96.7,75.4,0,1,76.1,73.9,Male,Electronics,Placed
STU_06779,8.12,2,3,2,70.4,59.5,1,0,81.9,75.4,Male,Mechanical,Placed
STU_06780,7.14,1,3,0,66.8,79.4,1,0,61.3,71.4,Male,Civil,Placed
STU_06781,8.5,0,0,1,56.0,73.6,0,1,57.7,95.2,Female,Civil,Placed
STU_06782,7.31,0,0,1,77.8,46.0,1,1,69.4,85.6,Male,Information Technology,Placed
STU_06783,7.36,0,1,0,62.3,83.7,0,1,83.2,73.4,Female,Civil,Placed
STU_06784,7.03,1,2,2,66.6,65.7,1,1,65.3,58.2,Male,Computer Science,Placed
STU_06785,7.98,0,1,1,64.6,64.7,0,1,96.3,56.4,Male,Civil,Placed
STU_06786,6.88,0,1,1,80.8,83.5,0,1,86.5,57.2,Male,Computer Science,Placed
STU_06787,8.28,1,2,0,81.4,70.0,0,1,84.7,79.8,Female,Information Technology,Placed
STU_06788,6.17,0,2,0,56.6,79.2,0,1,86.6,73.2,Female,Computer Science,Placed
STU_06789,6.2,0,1,0,60.6,64.2,0,1,82.3,88.6,Male,Information Technology,Placed
STU_06790,7.99,0,3,0,59.1,81.6,0,0,83.1,82.9,Male,Computer Science,Placed
STU_06791,7.21,0,2,1,72.8,74.4,0,0,90.4,50.5,Male,Mechanical,Placed
STU_06792,6.85,0,1,2,83.6,76.9,0,1,88.0,66.0,Male,Information Technology,Placed
STU_06793,8.19,0,2,1,72.9,69.9,0,1,81.0,56.5,Male,Information Technology,Placed
STU_06794,6.69,1,0,0,37.1,91.6,1,0,97.2,70.6,Male,Electronics,Placed
STU_06795,7.1,1,2,0,81.4,94.4,0,1,78.8,78.4,Male,Computer Science,Placed
STU_06796,8.7,1,1,1,49.8,45.6,1,1,73.4,75.8,Male,Information Technology,Placed
STU_06797,8.84,2,0,1,59.3,83.1,0,0,63.2,74.8,Male,Computer Science,Placed
STU_06798,8.87,0,1,3,73.0,59.0,0,1,70.8,62.1,Male,Information Technology,Placed
STU_06799,7.02,2,1,2,68.7,78.1,0,1,90.0,99.0,Female,Computer Science,Placed
STU_06800,8.53,0,2,2,83.1,50.7,0,1,77.7,76.7,Male,Information Technology,Placed
STU_06801,6.35,0,2,0,60.8,76.8,1,0,82.8,92.3,Male,Mechanical,Not Placed
STU_06802,6.39,0,0,2,55.5,62.0,0,1,78.8,84.0,Male,Electronics,Placed
STU_06803,5.0,0,0,0,65.3,66.5,0,1,66.0,81.7,Male,Electronics,Placed
STU_06804,8.97,3,2,1,84.7,66.8,0,1,75.1,81.7,Female,Civil,Placed
STU_06805,6.44,0,0,1,79.4,63.2,1,0,69.7,68.9,Male,Mechanical,Placed
STU_06806,7.17,0,1,1,71.3,63.5,1,1,73.6,68.5,Female,Computer Science,Not Placed
STU_06807,6.39,0,2,0,89.9,67.2,1,1,69.1,73.9,Male,Mechanical,Placed
STU_06808,8.0,0,3,1,87.2,70.2,0,0,82.8,73.2,Male,Computer Science,Placed
STU_06809,6.92,0,3,0,81.8,75.9,1,1,86.1,48.0,Female,Information Technology,Placed
STU_06810,6.0,0,2,0,52.3,94.3,1,1,78.4,74.8,Male,Electronics,Placed
STU_06811,7.74,0,1,1,81.7,60.6,0,0,58.1,81.3,Female,Civil,Not Placed
STU_06812,5.87,2,2,3,67.0,73.5,0,1,64.5,60.7,Male,Mechanical,Placed
STU_06813,6.46,0,1,2,64.1,81.3,1,0,84.5,63.2,Male,Electronics,Placed
STU_06814,5.19,0,1,1,59.8,63.5,1,1,70.4,75.7,Male,Mechanical,Placed
STU_06815,5.88,1,2,0,67.4,44.9,0,0,70.5,79.5,Female,Electronics,Placed
STU_06816,7.48,3,2,0,60.6,49.1,0,1,78.7,73.2,Female,Electronics,Placed
STU_06817,5.34,0,0,0,72.5,45.4,0,0,70.1,78.8,Male,Electronics,Placed
STU_06818,5.82,0,0,3,67.4,90.5,1,0,56.8,76.5,Female,Mechanical,Placed
STU_06819,7.3,3,2,0,73.3,79.4,1,1,68.8,70.8,Female,Computer Science,Placed
STU_06820,6.76,0,3,2,78.3,81.1,0,1,74.0,74.6,Male,Civil,Placed
STU_06821,9.29,1,2,1,65.6,83.8,1,1,72.5,74.7,Male,Electronics,Placed
STU_06822,9.13,0,1,1,58.9,65.1,1,0,85.0,75.2,Male,Mechanical,Placed
STU_06823,6.43,2,3,2,39.9,99.6,0,1,78.9,73.4,Male,Computer Science,Placed
STU_06824,7.86,3,2,0,81.6,76.0,0,1,78.2,78.8,Female,Electronics,Placed
STU_06825,8.05,2,2,1,71.2,71.1,0,0,89.6,85.4,Male,Computer Science,Placed
STU_06826,6.7,0,1,2,67.4,85.3,0,1,62.4,79.8,Male,Computer Science,Placed
STU_06827,5.8,0,1,1,87.6,80.0,1,1,93.6,49.6,Male,Information Technology,Placed
STU_06828,7.29,0,1,0,50.7,88.0,0,0,94.5,59.7,Male,Information Technology,Placed
STU_06829,7.13,2,1,0,70.8,88.7,1,1,76.8,81.5,Female,Civil,Placed
STU_06830,6.86,2,1,2,55.5,67.8,0,0,74.1,66.0,Male,Mechanical,Placed
STU_06831,7.74,0,2,0,79.8,74.2,0,1,91.4,87.9,Male,Computer Science,Placed
STU_06832,6.55,1,1,2,36.6,61.1,0,1,75.4,58.7,Male,Computer Science,Placed
STU_06833,6.15,0,3,0,82.1,52.5,0,1,81.5,84.1,Male,Mechanical,Placed
STU_06834,7.41,0,0,1,81.4,82.0,0,1,80.8,65.4,Female,Electronics,Placed
STU_06835,7.69,1,2,1,56.2,83.5,0,1,82.9,87.3,Male,Mechanical,Placed
STU_06836,6.12,0,2,1,71.0,48.2,0,1,67.0,66.9,Male,Civil,Placed
STU_06837,8.23,0,2,1,56.5,63.4,0,1,82.4,64.4,Male,Civil,Placed
STU_06838,5.53,0,1,2,76.4,72.7,1,0,69.2,75.9,Male,Civil,Placed
STU_06839,6.72,2,2,1,82.3,73.8,0,1,72.0,58.9,Female,Mechanical,Placed
STU_06840,7.04,2,3,2,54.9,96.5,1,1,87.3,64.6,Female,Mechanical,Placed
STU_06841,6.66,3,4,0,50.5,64.5,0,1,73.0,84.6,Female,Information Technology,Placed
STU_06842,6.73,1,2,0,,69.9,0,0,71.6,91.0,Male,Electronics,Placed
STU_06843,9.17,1,2,0,99.1,79.8,1,1,80.0,72.5,Female,Information Technology,Placed
STU_06844,6.45,0,0,0,77.4,67.8,0,1,91.5,69.6,Male,Civil,Placed
STU_06845,9.74,3,3,1,78.5,65.9,1,1,99.0,58.2,Male,Mechanical,Placed
STU_06846,7.74,1,4,1,65.0,65.0,0,1,89.4,82.0,Male,Civil,Placed
STU_06847,7.39,1,2,2,72.7,74.8,0,0,89.3,70.1,Male,Mechanical,Placed
STU_06848,7.78,1,2,0,75.3,69.9,1,1,77.8,61.7,Male,Information Technology,Placed
STU_06849,9.83,2,2,0,67.3,80.2,1,0,99.0,78.1,Male,Electronics,Placed
STU_06850,6.31,0,1,2,90.2,76.3,1,1,80.0,60.5,Female,Electronics,Placed
STU_06851,6.18,0,3,2,72.7,37.0,0,1,77.6,76.7,Female,Electronics,Placed
STU_06852,6.55,1,2,2,74.6,51.0,0,0,81.8,70.7,Male,Information Technology,Placed
STU_06853,7.33,2,2,2,67.6,66.0,0,1,80.6,77.1,Female,Information Technology,Placed
STU_06854,5.57,1,2,1,69.1,83.8,1,0,64.9,59.0,Male,Mechanical,Not Placed
STU_06855,7.32,0,3,2,88.3,64.2,1,1,71.0,77.2,Male,Civil,Placed
STU_06856,8.99,0,2,1,72.2,76.5,0,1,81.8,55.5,Male,Information Technology,Placed
STU_06857,7.45,1,1,3,72.5,79.2,0,0,70.1,78.0,Male,Civil,Placed
STU_06858,7.01,1,2,0,72.7,78.5,0,1,84.5,74.0,Female,Civil,Placed
STU_06859,6.68,1,4,2,64.5,65.4,1,0,78.4,54.4,Male,Civil,Placed
STU_06860,8.2,0,2,1,48.9,58.2,1,0,87.4,74.9,Female,Civil,Placed
STU_06861,6.47,2,3,0,93.6,56.3,0,1,76.8,82.7,Male,Computer Science,Placed
STU_06862,9.15,1,3,0,86.0,100.0,0,1,82.8,70.1,Female,Computer Science,Placed
STU_06863,9.23,1,2,2,88.7,77.5,0,1,59.9,60.7,Male,Computer Science,Placed
STU_06864,7.56,0,1,1,53.9,94.1,0,1,61.9,70.3,Female,Civil,Placed
STU_06865,7.29,0,1,3,91.7,62.0,0,0,70.0,50.1,Male,Electronics,Placed
STU_06866,8.33,2,2,0,99.5,87.0,0,0,81.1,78.5,Male,Computer Science,Placed
STU_06867,8.39,0,1,1,85.7,66.3,0,0,70.2,83.3,Female,Electronics,Placed
STU_06868,6.49,1,2,0,94.7,71.7,1,1,85.3,69.8,Male,Computer Science,Placed
STU_06869,6.77,1,2,1,82.0,68.6,0,0,81.9,72.2,Male,Computer Science,Not Placed
STU_06870,5.98,1,1,1,57.3,61.4,1,0,73.4,87.2,Female,Civil,Not Placed
STU_06871,7.71,0,2,1,77.6,61.6,0,0,80.2,91.9,Male,Computer Science,Placed
STU_06872,7.97,0,2,0,54.7,71.5,0,1,73.6,83.0,Female,Mechanical,Placed
STU_06873,5.95,2,1,0,61.0,65.0,0,1,81.2,63.8,Male,Electronics,Placed
STU_06874,6.84,1,1,0,74.7,73.5,0,0,72.9,88.6,Male,Electronics,Placed
STU_06875,5.95,0,3,2,72.7,61.9,0,1,82.0,81.8,Male,Mechanical,Placed
STU_06876,6.4,0,1,0,76.9,80.5,1,1,91.6,77.6,Male,Civil,Placed
STU_06877,7.85,3,1,0,43.1,66.5,1,1,65.6,78.4,Male,Mechanical,Placed
STU_06878,6.57,0,1,1,67.7,91.6,0,1,71.1,86.7,Female,Electronics,Placed
STU_06879,7.0,1,1,2,78.2,71.4,0,0,71.5,54.5,Male,Mechanical,Placed
STU_06880,5.67,0,2,0,81.2,70.8,1,1,81.1,73.3,Male,Computer Science,Placed
STU_06881,7.49,2,0,0,82.2,91.2,0,1,86.4,62.5,Male,Information Technology,Placed
STU_06882,7.26,1,3,1,73.8,66.1,0,0,60.6,79.5,Female,Computer Science,Placed
STU_06883,6.57,1,1,3,64.3,67.1,0,1,76.2,66.0,Female,Civil,Placed
STU_06884,7.11,0,2,1,77.5,63.6,0,1,78.3,99.0,Male,Civil,Placed
STU_06885,7.48,2,0,0,65.5,74.5,0,1,86.8,83.3,Male,Mechanical,Placed
STU_06886,6.49,0,4,1,83.5,63.2,0,1,69.0,62.2,Female,Computer Science,Placed
STU_06887,5.82,2,2,3,76.4,81.3,0,0,85.3,85.5,Male,Mechanical,Placed
STU_06888,9.11,1,3,1,69.1,71.4,0,1,80.9,70.5,Female,Information Technology,Placed
STU_06889,6.67,1,2,0,58.5,82.1,0,1,95.7,76.0,Male,Computer Science,Placed
STU_06890,7.2,0,2,0,86.8,80.7,0,0,99.0,73.4,Female,Computer Science,Placed
STU_06891,8.31,1,3,3,78.4,65.9,1,1,86.0,54.9,Male,Civil,Placed
STU_06892,10.0,0,0,1,100.0,63.2,1,1,75.4,68.4,Female,Information Technology,Placed
STU_06893,6.06,0,2,1,77.9,68.1,1,1,82.9,62.6,Male,Information Technology,Placed
STU_06894,7.75,0,1,0,79.1,72.1,0,0,83.8,48.5,Female,Civil,Placed
STU_06895,6.59,0,2,1,48.0,76.0,1,1,83.3,69.2,Male,Computer Science,Placed
STU_06896,6.76,0,4,0,74.7,77.3,1,1,82.2,72.1,Male,Information Technology,Placed
STU_06897,6.58,0,3,0,65.3,71.6,1,1,83.3,58.8,Male,Electronics,Placed
STU_06898,6.17,2,0,2,82.4,63.8,1,0,88.5,86.9,Female,Information Technology,Placed
STU_06899,7.26,0,1,0,75.0,65.0,0,1,99.0,79.1,Male,Civil,Placed
STU_06900,5.83,1,1,0,84.8,78.2,0,1,59.9,76.1,Male,Information Technology,Placed
STU_06901,8.25,0,0,2,100.0,64.2,0,0,91.0,80.7,Male,Information Technology,Placed
STU_06902,7.36,1,0,0,58.0,78.7,1,1,79.4,81.0,Female,Civil,Placed
STU_06903,7.72,1,1,1,84.2,79.1,0,0,70.1,77.9,Female,Civil,Placed
STU_06904,6.83,3,4,1,80.3,90.4,1,1,64.5,92.0,Male,Electronics,Placed
STU_06905,6.93,2,2,2,99.7,66.2,1,1,81.1,52.0,Female,Computer Science,Placed
STU_06906,7.59,1,2,2,80.6,68.1,0,1,78.4,80.9,Female,Electronics,Placed
STU_06907,6.14,1,2,1,,44.2,1,1,67.2,70.9,Male,Electronics,Placed
STU_06908,6.94,0,2,0,82.8,60.7,1,0,77.7,90.4,Female,Computer Science,Not Placed
STU_06909,6.44,1,4,1,83.8,60.5,1,1,88.4,79.1,Female,Computer Science,Not Placed
STU_06910,6.41,0,2,2,91.8,78.1,1,0,93.5,73.7,Male,Civil,Placed
STU_06911,5.19,0,0,0,57.7,93.7,0,1,79.3,90.9,Male,Mechanical,Placed
STU_06912,8.64,0,2,2,64.1,79.0,0,1,79.2,73.0,Male,Information Technology,Placed
STU_06913,6.61,1,4,0,96.0,83.9,0,0,84.2,79.6,Female,Electronics,Placed
STU_06914,8.46,1,1,0,40.6,63.5,1,1,89.7,68.1,Male,Civil,Placed
STU_06915,8.37,1,2,0,68.7,57.6,1,0,79.8,76.4,Male,Information Technology,Placed
STU_06916,6.01,1,0,0,72.2,69.1,0,1,81.5,97.7,Male,Mechanical,Placed
STU_06917,6.21,0,0,3,67.3,64.5,1,0,74.0,84.5,Male,Mechanical,Placed
STU_06918,9.86,1,3,2,93.7,61.7,0,1,76.4,79.7,Male,Mechanical,Placed
STU_06919,9.05,2,1,1,77.1,74.6,1,1,71.6,59.9,Female,Computer Science,Placed
STU_06920,7.27,2,1,1,64.2,57.8,1,1,67.7,99.0,Male,Civil,Not Placed
STU_06921,7.56,1,1,1,60.5,81.9,0,1,66.0,61.6,Male,Information Technology,Placed
STU_06922,6.67,1,4,2,74.2,67.2,0,1,69.4,75.8,Female,Computer Science,Placed
STU_06923,7.73,1,0,2,87.5,71.5,0,1,68.7,80.1,Male,Electronics,Placed
STU_06924,6.58,0,3,0,72.1,73.2,1,1,81.0,81.9,Female,Electronics,Not Placed
STU_06925,5.27,0,1,1,68.0,66.4,0,1,82.5,67.2,Female,Mechanical,Placed
STU_06926,5.98,0,3,1,59.6,87.2,0,1,73.8,82.4,Male,Computer Science,Placed
STU_06927,7.32,0,4,3,75.6,52.7,1,1,69.6,61.5,Male,Computer Science,Placed
STU_06928,6.17,1,1,1,74.8,87.4,0,0,99.0,93.2,Female,Electronics,Placed
STU_06929,7.23,3,0,2,59.1,67.8,1,1,73.6,60.9,Female,Mechanical,Placed
STU_06930,6.23,0,0,2,85.4,83.0,0,0,72.1,69.3,Female,Mechanical,Placed
STU_06931,6.52,1,2,1,95.6,74.4,0,0,62.3,81.3,Female,Information Technology,Placed
STU_06932,8.15,1,0,2,70.7,82.2,1,0,83.2,73.1,Male,Civil,Placed
STU_06933,7.55,0,1,0,74.5,70.6,0,1,96.2,91.7,Male,Civil,Placed
STU_06934,7.29,0,1,0,53.4,74.9,0,1,76.1,88.8,Male,Information Technology,Placed
STU_06935,8.18,1,1,2,81.1,85.2,0,0,74.5,80.4,Male,Electronics,Placed
STU_06936,7.78,1,0,0,77.0,73.2,0,1,80.8,67.1,Male,Mechanical,Placed
STU_06937,8.75,3,3,0,65.1,88.0,1,0,81.1,73.6,Male,Electronics,Placed
STU_06938,6.84,0,3,1,58.8,76.2,0,1,53.0,58.9,Male,Electronics,Placed
STU_06939,6.87,2,1,1,97.7,63.2,0,1,84.5,65.7,Male,Computer Science,Placed
STU_06940,6.0,0,2,2,75.7,67.7,1,0,96.8,72.3,Male,Mechanical,Placed
STU_06941,6.87,1,2,3,56.2,82.7,0,0,78.6,84.7,Male,Mechanical,Placed
STU_06942,8.26,1,2,1,82.8,57.1,1,0,76.9,79.7,Male,Mechanical,Placed
STU_06943,8.6,0,2,1,73.4,81.5,1,1,85.9,72.0,Male,Computer Science,Placed
STU_06944,8.26,0,2,1,70.9,67.6,0,0,84.8,66.7,Male,Electronics,Placed
STU_06945,5.51,0,2,1,84.7,56.5,0,1,79.7,83.4,Female,Information Technology,Placed
STU_06946,8.38,0,2,0,30.8,74.5,1,1,85.7,68.6,Male,Computer Science,Placed
STU_06947,5.46,1,1,1,42.9,63.6,0,0,86.2,82.5,Female,,Placed
STU_06948,8.2,0,1,1,90.7,65.1,0,0,66.3,80.7,Male,Civil,Placed
STU_06949,6.93,1,1,0,68.1,64.5,1,1,66.5,86.7,Female,Computer Science,Placed
STU_06950,8.0,0,2,2,63.6,73.4,1,1,65.1,65.6,Female,Information Technology,Placed
STU_06951,5.97,1,1,1,49.9,67.3,1,1,62.9,70.1,Female,Civil,Placed
STU_06952,8.47,1,2,0,72.9,76.7,0,1,86.1,75.0,Male,Computer Science,Placed
STU_06953,5.84,1,1,1,74.8,84.1,0,1,86.1,71.6,Male,Civil,Placed
STU_06954,6.63,1,3,0,91.6,78.5,1,0,82.5,67.6,Male,Electronics,Placed
STU_06955,6.3,0,0,0,75.6,93.7,1,0,94.6,67.5,Female,Electronics,Placed
STU_06956,5.55,2,2,2,65.5,96.6,1,1,74.9,60.9,Female,Electronics,Placed
STU_06957,7.39,0,2,2,76.1,68.5,0,1,71.1,66.5,Female,Electronics,Placed
STU_06958,9.11,0,1,0,86.6,58.2,0,0,79.2,82.7,Female,Electronics,Placed
STU_06959,9.97,0,1,2,83.4,68.5,0,0,89.4,84.8,Female,Information Technology,Placed
STU_06960,7.4,1,3,0,79.3,73.4,1,0,72.1,78.2,Male,Information Technology,Placed
STU_06961,8.42,1,1,0,74.1,98.7,1,1,97.4,72.3,Male,Mechanical,Placed
STU_06962,7.53,1,3,0,61.3,67.5,1,1,77.3,73.8,Female,Computer Science,Placed
STU_06963,7.8,0,3,0,54.5,75.3,0,1,83.1,90.5,Female,Information Technology,Placed
STU_06964,6.96,0,2,0,52.1,63.8,0,1,79.6,84.4,Male,Civil,Not Placed
STU_06965,7.5,2,2,2,75.9,67.8,1,1,74.0,48.0,Male,Information Technology,Placed
STU_06966,7.84,1,2,0,77.5,57.4,1,0,87.1,65.6,Male,Civil,Placed
STU_06967,6.72,0,2,0,86.4,54.4,0,1,50.0,69.3,Male,Electronics,Placed
STU_06968,7.22,1,4,1,78.4,88.3,0,1,74.6,91.8,Female,Computer Science,Placed
STU_06969,7.24,0,1,0,85.8,84.8,0,1,86.0,82.0,Female,Computer Science,Placed
STU_06970,8.13,0,1,1,68.0,67.6,0,0,63.5,59.2,Male,Electronics,Placed
STU_06971,6.23,0,1,1,81.6,84.8,1,0,71.0,82.6,Male,Mechanical,Placed
STU_06972,7.25,0,2,0,55.0,56.3,1,1,73.1,99.0,Female,Mechanical,Placed
STU_06973,9.21,0,1,1,69.1,69.9,1,1,74.7,84.1,Female,Civil,Placed
STU_06974,8.46,2,3,0,42.5,74.1,0,1,72.0,65.4,Female,Computer Science,Placed
STU_06975,8.65,1,1,0,70.5,87.2,1,1,67.8,91.5,Male,Information Technology,Placed
STU_06976,7.32,1,3,0,88.4,74.4,1,1,77.3,78.7,Female,Mechanical,Placed
STU_06977,7.62,1,1,1,71.1,78.5,1,0,86.1,67.6,Female,Information Technology,Placed
STU_06978,8.3,3,1,1,80.8,66.4,0,1,81.8,75.5,Male,Mechanical,Placed
STU_06979,8.86,0,0,1,74.1,75.2,0,0,88.3,72.3,Female,Civil,Placed
STU_06980,5.35,2,1,1,61.4,87.2,1,1,76.0,67.3,Female,Computer Science,Placed
STU_06981,5.98,1,2,1,67.2,52.6,0,1,90.6,61.6,Male,Information Technology,Placed
STU_06982,8.61,0,3,0,87.7,85.6,1,1,65.2,68.4,Male,Civil,Placed
STU_06983,7.02,0,1,2,80.8,69.5,1,1,91.1,74.4,Male,Information Technology,Placed
STU_06984,6.63,1,2,3,60.7,55.1,0,1,88.9,83.7,Female,Computer Science,Placed
STU_06985,6.05,1,1,1,49.2,68.8,0,1,62.2,61.0,Female,Civil,Placed
STU_06986,6.74,0,0,0,73.1,87.5,0,0,82.7,59.8,Male,Computer Science,Placed
STU_06987,5.9,1,2,1,61.3,66.2,1,0,76.7,76.2,Female,Computer Science,Placed
STU_06988,9.39,1,0,0,67.3,75.6,1,1,76.9,71.4,Male,Electronics,Placed
STU_06989,7.28,0,3,1,48.2,52.6,0,1,78.7,70.7,Male,Computer Science,Placed
STU_06990,7.24,2,2,0,85.6,50.1,0,1,71.8,64.9,Male,Mechanical,Placed
STU_06991,7.89,2,1,1,68.5,59.1,0,1,87.4,65.4,Female,Mechanical,Placed
STU_06992,8.26,1,2,0,70.8,84.2,0,1,78.0,62.7,Male,Information Technology,Placed
STU_06993,8.25,3,0,3,57.5,71.4,0,1,66.8,55.3,Male,Computer Science,Placed
STU_06994,8.37,0,2,0,65.8,85.2,0,0,77.6,78.7,Female,Civil,Placed
STU_06995,6.67,0,3,1,71.8,85.9,0,1,73.3,80.4,Female,Information Technology,Placed
STU_06996,7.0,0,3,2,60.8,62.9,1,1,84.2,93.3,Female,Electronics,Placed
STU_06997,8.07,1,1,0,66.8,90.8,0,1,64.8,81.5,Female,Computer Science,Placed
STU_06998,6.77,1,1,2,90.8,65.5,1,1,98.0,74.6,Male,Information Technology,Placed
STU_06999,7.29,1,2,0,43.7,84.0,0,1,79.2,80.2,Male,Information Technology,Placed
STU_07000,7.7,0,4,3,72.8,83.5,0,1,65.6,70.9,Male,Computer Science,Placed
STU_07001,8.09,0,3,3,58.2,72.8,0,1,76.0,65.6,Male,Computer Science,Placed
STU_07002,5.52,2,1,0,90.0,72.8,1,0,73.2,82.1,Male,Civil,Placed
STU_07003,8.01,2,2,2,67.3,75.8,0,1,70.0,78.5,Female,Mechanical,Placed
STU_07004,7.07,1,3,0,54.3,73.4,1,1,82.3,61.0,Female,Electronics,Placed
STU_07005,8.01,1,1,0,66.8,67.3,0,1,99.0,74.6,Female,Computer Science,Placed
STU_07006,8.08,1,3,0,75.2,66.3,1,1,96.7,65.8,Male,Computer Science,Placed
STU_07007,8.91,0,1,0,100.0,67.4,0,0,80.0,85.1,Male,Mechanical,Placed
STU_07008,8.65,0,1,1,38.4,86.6,1,1,70.2,70.3,Female,Computer Science,Placed
STU_07009,8.65,1,1,1,52.0,52.9,1,1,80.8,93.8,Male,Mechanical,Placed
STU_07010,8.74,1,2,2,89.6,66.0,1,0,85.4,88.0,Male,Mechanical,Placed
STU_07011,7.59,0,3,0,47.4,68.1,1,1,80.0,63.0,Male,Mechanical,Placed
STU_07012,7.33,3,2,3,70.1,69.3,0,0,85.5,67.7,Female,Computer Science,Not Placed
STU_07013,8.17,2,0,0,62.7,75.6,1,1,82.4,82.4,Male,Civil,Placed
STU_07014,8.03,0,1,0,60.4,55.8,0,1,80.8,75.6,Female,Civil,Placed
STU_07015,6.99,1,2,1,67.4,84.3,0,0,65.8,71.9,Female,Computer Science,Placed
STU_07016,7.7,2,2,2,65.0,82.6,0,0,76.7,75.6,Female,Mechanical,Placed
STU_07017,7.26,0,2,2,85.9,80.1,1,1,97.1,73.6,Male,Mechanical,Placed
STU_07018,6.45,1,0,1,89.9,69.5,0,1,82.9,86.1,Male,Civil,Placed
STU_07019,8.59,1,2,0,76.4,63.1,0,1,89.7,71.9,Male,Information Technology,Placed
STU_07020,7.36,0,3,0,66.5,68.1,0,0,98.1,80.2,Male,Electronics,Placed
STU_07021,9.35,2,2,1,73.9,72.7,1,0,66.2,80.1,Female,Mechanical,Placed
STU_07022,5.67,0,2,1,82.1,80.0,1,1,99.0,88.7,Male,Computer Science,Placed
STU_07023,6.74,0,3,0,85.0,71.0,0,1,87.7,74.2,Male,Civil,Placed
STU_07024,7.33,0,2,1,75.6,76.3,0,1,89.6,76.7,Male,Information Technology,Placed
STU_07025,8.44,0,2,1,92.9,66.8,1,1,71.3,79.1,Female,Electronics,Placed
STU_07026,7.7,0,2,1,60.8,75.4,0,1,85.2,67.9,Female,Computer Science,Placed
STU_07027,7.61,1,1,0,87.1,69.0,0,1,70.0,73.3,Male,Information Technology,Placed
STU_07028,6.17,0,2,1,80.6,75.2,0,1,79.5,65.0,Male,Mechanical,Placed
STU_07029,6.14,1,3,0,60.8,50.8,1,0,81.4,82.6,Male,Computer Science,Placed
STU_07030,7.62,1,1,0,73.5,77.8,0,1,75.6,92.2,Male,Civil,Placed
STU_07031,5.94,0,3,2,74.5,78.5,0,1,89.5,54.0,Female,Computer Science,Placed
STU_07032,6.77,1,2,1,67.9,78.3,0,0,72.8,86.0,Female,Computer Science,Placed
STU_07033,7.8,1,1,2,67.7,60.2,1,1,57.9,74.5,Male,Information Technology,Placed
STU_07034,6.32,1,2,0,47.1,63.5,1,1,75.6,88.9,Male,Information Technology,Placed
STU_07035,8.91,0,1,2,59.7,61.6,0,1,90.5,77.9,Female,Mechanical,Placed
STU_07036,8.52,1,3,0,66.4,76.0,1,1,99.0,85.7,Male,Civil,Placed
STU_07037,5.73,3,2,2,61.4,79.9,0,0,91.2,73.8,Female,Civil,Placed
STU_07038,6.37,0,3,0,57.2,63.6,0,1,88.7,75.5,Female,Civil,Placed
STU_07039,5.01,0,2,0,85.9,87.8,0,1,74.2,85.6,Female,Electronics,Placed
STU_07040,6.52,1,2,0,68.4,87.6,1,1,99.0,99.0,Female,Civil,Placed
STU_07041,8.07,0,4,0,100.0,73.7,0,1,84.8,69.2,Male,Computer Science,Placed
STU_07042,6.89,1,0,1,73.3,76.5,0,1,85.2,76.3,Male,Computer Science,Placed
STU_07043,7.76,0,2,2,85.6,51.8,1,1,84.3,67.0,Male,Computer Science,Placed
STU_07044,5.78,0,0,0,66.9,65.7,1,1,66.4,72.4,Female,Electronics,Placed
STU_07045,8.1,1,3,1,60.1,57.0,0,1,81.8,69.4,Female,Computer Science,Placed
STU_07046,6.74,0,2,2,73.9,61.1,0,1,63.5,64.0,Female,Information Technology,Placed
STU_07047,7.31,0,3,1,89.4,78.2,1,1,86.3,80.6,Male,Electronics,Placed
STU_07048,7.21,0,3,0,68.7,81.1,0,1,81.4,77.2,Female,Information Technology,Placed
STU_07049,6.03,0,0,3,76.7,81.6,0,1,71.7,65.2,Male,Electronics,Placed
STU_07050,6.15,2,0,0,73.9,74.9,0,0,89.3,62.2,Male,Computer Science,Placed
STU_07051,8.27,2,2,1,68.5,78.3,0,1,74.4,84.5,Male,Mechanical,Placed
STU_07052,,0,2,2,69.3,52.9,0,1,74.7,69.6,Male,Civil,Placed
STU_07053,8.35,1,1,0,55.0,56.5,1,1,83.3,99.0,Male,Civil,Placed
STU_07054,7.62,0,0,1,69.8,69.5,0,1,77.8,74.1,Female,Civil,Placed
STU_07055,7.44,1,2,0,79.8,79.2,1,1,80.3,75.5,Male,Civil,Placed
STU_07056,5.57,0,0,0,74.4,66.6,1,1,88.3,72.5,Male,Information Technology,Placed
STU_07057,7.03,0,3,0,72.8,55.7,0,1,70.6,59.5,Male,Civil,Placed
STU_07058,7.27,1,3,3,80.9,63.7,0,1,69.8,59.5,Male,Civil,Placed
STU_07059,9.25,0,2,2,72.9,60.8,0,1,75.7,90.3,Male,Mechanical,Placed
STU_07060,7.99,0,0,0,70.2,51.3,0,1,77.4,89.7,Male,Information Technology,Placed
STU_07061,8.84,1,0,0,81.0,98.7,0,1,84.4,64.2,Female,Civil,Placed
STU_07062,7.9,1,2,0,72.0,86.8,0,1,97.4,80.5,Female,Electronics,Placed
STU_07063,6.59,1,4,1,66.5,48.3,0,1,77.6,89.7,Male,Information Technology,Placed
STU_07064,7.42,1,1,2,77.0,48.9,0,0,78.4,60.4,Male,Electronics,Placed
STU_07065,7.54,1,1,3,69.5,62.3,1,1,71.5,74.9,Female,Information Technology,Placed
STU_07066,6.36,0,0,2,65.8,54.1,0,1,70.3,69.2,Female,Civil,Not Placed
STU_07067,6.92,0,2,1,72.3,100.0,0,1,84.8,76.8,Male,Computer Science,Placed
STU_07068,7.09,1,2,0,72.5,62.4,0,1,78.4,88.6,Male,Information Technology,Placed
STU_07069,8.91,1,0,0,53.4,76.3,0,1,90.5,79.4,Male,Civil,Placed
STU_07070,5.22,1,2,1,75.0,65.9,1,0,89.4,81.5,Male,Information Technology,Placed
STU_07071,8.51,1,2,1,97.7,58.0,0,1,86.7,50.6,Male,Information Technology,Placed
STU_07072,6.36,0,2,2,55.3,84.6,0,1,63.4,82.7,Male,Electronics,Placed
STU_07073,5.93,0,2,0,62.5,79.9,1,1,84.8,74.6,Male,Electronics,Placed
STU_07074,8.48,0,3,0,100.0,71.3,0,1,68.7,98.8,Male,Mechanical,Placed
STU_07075,8.03,1,2,1,57.7,100.0,0,1,59.2,81.6,Male,Electronics,Placed
STU_07076,8.55,1,2,3,89.3,74.8,0,0,80.2,71.4,Female,Information Technology,Placed
STU_07077,8.1,2,3,2,66.6,66.5,0,0,91.6,95.8,Female,Computer Science,Placed
STU_07078,9.36,1,3,0,70.9,95.0,1,0,85.1,74.2,Male,Electronics,Placed
STU_07079,7.86,2,1,2,68.0,76.8,0,0,69.2,78.0,Female,Electronics,Placed
STU_07080,7.14,1,1,1,76.4,91.5,1,1,99.0,59.8,Female,Computer Science,Placed
STU_07081,7.64,3,3,0,46.3,71.5,0,1,86.2,68.1,Male,Mechanical,Placed
STU_07082,8.54,1,1,0,72.8,35.8,0,0,69.6,67.1,Female,Mechanical,Placed
STU_07083,6.52,3,3,1,63.9,53.3,1,1,57.5,73.0,Female,Civil,Placed
STU_07084,6.65,0,0,1,42.1,85.0,0,1,76.0,61.6,Male,Electronics,Placed
STU_07085,6.99,0,3,1,86.8,64.9,0,0,58.4,56.1,Male,Mechanical,Placed
STU_07086,5.2,1,2,1,38.4,75.0,1,1,67.7,76.2,Female,Civil,Not Placed
STU_07087,7.44,3,2,0,100.0,85.6,0,0,61.0,58.9,Male,Mechanical,Placed
STU_07088,5.41,0,1,0,79.3,74.2,0,1,70.5,83.0,Male,Computer Science,Placed
STU_07089,7.35,0,4,2,49.6,61.7,0,0,72.7,96.7,Male,Information Technology,Placed
STU_07090,8.17,1,1,1,90.1,71.9,0,1,69.3,77.5,Male,Computer Science,Placed
STU_07091,6.82,1,1,1,58.7,73.3,1,0,99.0,77.9,Female,Computer Science,Placed
STU_07092,8.98,0,0,0,59.4,67.1,1,0,76.1,50.6,Female,Computer Science,Placed
STU_07093,5.84,1,3,0,43.0,55.4,1,1,91.3,81.9,Male,Computer Science,Placed
STU_07094,8.49,3,2,0,57.0,67.7,1,1,83.7,74.2,Male,Information Technology,Placed
STU_07095,7.98,2,2,0,58.8,70.9,0,1,75.9,80.3,Male,Information Technology,Placed
STU_07096,5.58,0,2,1,82.3,54.7,1,0,73.2,62.1,Female,Civil,Placed
STU_07097,10.0,0,3,2,87.5,61.0,1,1,91.5,72.1,Female,Mechanical,Placed
STU_07098,7.24,0,2,0,51.4,63.4,0,0,67.6,88.5,Female,Electronics,Placed
STU_07099,6.42,0,2,2,74.1,49.7,0,1,71.7,66.6,Male,Information Technology,Not Placed
STU_07100,5.89,0,2,1,42.4,73.5,1,1,71.6,71.4,Female,Mechanical,Placed
STU_07101,7.08,1,2,0,74.1,74.8,0,1,78.7,84.9,Female,Civil,Placed
STU_07102,7.17,0,1,1,100.0,65.5,1,1,68.9,82.7,Female,Mechanical,Placed
STU_07103,7.4,2,0,0,43.3,55.6,0,0,87.4,86.6,Female,Electronics,Not Placed
STU_07104,7.0,2,0,1,54.8,76.9,1,1,88.7,67.1,Male,Computer Science,Placed
STU_07105,7.93,0,1,0,80.9,78.6,0,0,70.8,73.3,Male,Electronics,Placed
STU_07106,6.91,3,2,0,82.7,73.2,1,0,83.3,65.1,Male,Electronics,Placed
STU_07107,5.37,1,2,1,55.9,72.5,1,1,69.6,64.5,Female,Information Technology,Placed
STU_07108,7.15,1,4,0,92.1,79.1,0,1,79.8,64.5,Male,Information Technology,Placed
STU_07109,5.0,0,1,0,57.8,70.9,0,1,89.7,74.6,Female,Electronics,Placed
STU_07110,7.65,1,2,0,95.1,61.0,0,1,79.0,92.5,Female,Computer Science,Placed
STU_07111,6.32,0,2,1,77.0,71.2,0,1,76.9,89.0,Male,Computer Science,Placed
STU_07112,7.46,1,1,2,89.1,67.3,0,1,99.0,80.9,Female,Information Technology,Placed
STU_07113,8.61,0,2,0,75.6,71.2,0,1,81.6,65.0,Male,Computer Science,Placed
STU_07114,6.35,1,4,0,79.9,82.6,1,1,69.6,63.8,Male,Electronics,Placed
STU_07115,8.36,0,0,1,80.7,57.6,0,0,68.8,71.8,Male,Electronics,Placed
STU_07116,6.87,0,2,0,87.2,74.1,0,0,99.0,79.5,Female,Civil,Placed
STU_07117,9.05,1,0,1,69.5,57.0,1,1,70.6,81.1,Female,Civil,Placed
STU_07118,6.93,1,1,0,56.5,61.0,1,1,71.0,77.6,Male,Electronics,Placed
STU_07119,6.46,0,2,2,68.8,90.9,0,0,78.3,74.0,Male,Electronics,Placed
STU_07120,7.99,0,3,1,60.0,77.5,0,1,85.3,77.4,Male,Information Technology,Placed
STU_07121,6.86,2,2,0,61.0,73.9,0,0,65.6,68.9,Male,Mechanical,Placed
STU_07122,6.46,1,2,1,94.8,52.1,1,1,75.2,59.1,Male,Civil,Placed
STU_07123,6.82,0,3,1,79.3,69.2,1,1,64.6,71.8,Female,Computer Science,Not Placed
STU_07124,7.26,1,1,0,78.7,47.1,1,0,76.5,77.0,Male,Electronics,Placed
STU_07125,8.64,1,2,0,86.1,72.4,1,1,86.2,73.6,Female,Mechanical,Placed
STU_07126,5.37,0,2,0,79.3,57.0,1,1,75.5,58.2,Female,Mechanical,Placed
STU_07127,7.32,1,3,1,98.0,78.7,0,0,97.7,72.7,Male,Civil,Placed
STU_07128,7.92,2,2,0,38.6,73.9,0,1,69.5,68.3,Male,Information Technology,Placed
STU_07129,7.49,1,3,1,55.0,57.4,1,1,80.2,89.7,Female,Electronics,Placed
STU_07130,8.61,0,1,1,59.5,76.6,0,0,91.1,81.2,Female,Electronics,Placed
STU_07131,7.23,2,2,2,49.4,97.1,0,1,88.1,48.0,Male,Mechanical,Placed
STU_07132,7.12,0,2,1,71.7,69.6,0,1,99.0,75.6,Male,Information Technology,Placed
STU_07133,7.89,2,2,1,72.4,82.6,0,0,81.2,62.5,Male,Mechanical,Placed
STU_07134,7.4,0,2,1,99.6,46.8,0,0,69.1,59.0,Male,Computer Science,Placed
STU_07135,6.91,1,0,3,83.6,77.6,0,0,78.8,49.8,Male,Computer Science,Placed
STU_07136,7.82,1,1,0,62.4,65.2,1,0,69.6,84.6,Female,Electronics,Placed
STU_07137,6.65,0,1,0,77.4,68.8,1,0,79.2,86.1,Male,Civil,Placed
STU_07138,6.69,1,3,0,42.6,79.1,1,1,90.3,58.5,Female,Mechanical,Placed
STU_07139,6.77,1,3,1,72.1,69.1,0,1,85.0,87.3,Male,Electronics,Placed
STU_07140,8.65,0,0,0,71.3,52.6,0,1,77.0,98.1,Male,Computer Science,Placed
STU_07141,5.0,1,3,0,56.5,90.3,0,0,71.1,72.7,Female,Mechanical,Placed
STU_07142,7.7,1,1,1,67.0,54.6,0,0,81.3,65.1,Female,Electronics,Placed
STU_07143,7.33,0,1,3,59.6,61.9,0,1,83.3,74.2,Female,Civil,Placed
STU_07144,5.62,3,1,3,56.0,73.5,0,0,65.5,87.9,Female,Electronics,Placed
STU_07145,7.61,2,3,1,,73.6,0,1,67.8,89.5,Male,Computer Science,Placed
STU_07146,7.78,0,2,0,85.5,77.1,1,1,75.1,74.6,Female,Information Technology,Placed
STU_07147,7.89,1,1,2,77.6,73.6,0,1,64.7,64.9,Male,Electronics,Not Placed
STU_07148,5.0,0,2,2,63.4,85.8,0,0,59.9,77.7,Female,Information Technology,Placed
STU_07149,8.67,1,1,2,60.1,77.9,0,1,67.7,73.9,Female,Information Technology,Placed
STU_07150,6.56,2,1,1,63.9,57.8,0,1,81.8,76.3,Female,Electronics,Placed
STU_07151,7.99,0,1,0,66.7,40.8,0,0,79.0,70.7,Female,Computer Science,Placed
STU_07152,8.04,2,1,0,56.9,73.8,0,0,73.6,77.1,Male,Information Technology,Not Placed
STU_07153,6.42,1,3,2,85.8,89.6,1,1,68.6,54.5,Male,Information Technology,Placed
STU_07154,7.96,0,2,0,67.0,57.0,1,1,81.7,78.9,Male,Electronics,Placed
STU_07155,6.91,2,1,0,81.5,59.4,0,1,81.2,87.5,Female,Computer Science,Placed
STU_07156,5.23,1,1,1,49.0,76.3,1,1,90.4,72.9,Female,Mechanical,Placed
STU_07157,8.47,1,0,0,59.7,77.8,0,1,52.9,76.4,Male,Mechanical,Placed
STU_07158,6.52,1,1,2,82.9,85.5,1,1,60.5,57.3,Male,Civil,Placed
STU_07159,6.45,0,2,0,83.1,91.7,1,0,87.4,80.7,Female,Electronics,Placed
STU_07160,6.9,0,1,0,52.0,74.8,1,1,82.7,85.2,Male,Information Technology,Not Placed
STU_07161,7.57,2,2,3,74.5,60.9,1,1,87.3,93.0,Male,Computer Science,Placed
STU_07162,7.24,1,1,0,74.9,61.2,1,1,69.1,48.9,Female,Information Technology,Placed
STU_07163,7.85,2,1,2,59.4,65.5,0,1,74.1,80.8,Male,Mechanical,Placed
STU_07164,5.96,0,3,1,75.4,84.4,0,0,65.2,55.9,Female,Computer Science,Placed
STU_07165,6.56,1,1,1,46.3,66.0,0,1,54.6,79.3,Male,Computer Science,Not Placed
STU_07166,7.18,3,1,0,56.1,83.5,0,1,79.4,68.9,Female,Electronics,Placed
STU_07167,9.2,0,1,1,79.0,53.7,0,1,92.2,80.5,Male,Electronics,Not Placed
STU_07168,7.19,0,1,0,70.4,75.4,0,0,76.3,79.7,Female,Civil,Placed
STU_07169,8.39,1,1,3,71.2,63.0,1,1,70.8,75.9,Female,Electronics,Placed
STU_07170,7.34,0,1,0,67.4,78.3,1,1,66.8,70.0,Female,Information Technology,Placed
STU_07171,6.82,0,3,0,78.1,68.9,1,1,89.1,76.8,Male,Computer Science,Placed
STU_07172,7.05,2,2,2,78.8,81.6,0,1,78.8,85.3,Female,Information Technology,Placed
STU_07173,7.13,3,2,1,81.9,66.8,0,1,79.2,77.9,Female,Civil,Placed
STU_07174,7.9,1,2,1,71.9,71.7,1,0,63.6,83.7,Male,Computer Science,Placed
STU_07175,8.67,1,2,1,64.2,81.7,1,1,68.8,59.7,Male,Civil,Placed
STU_07176,7.66,2,1,0,61.6,70.8,0,1,85.3,75.7,Male,Computer Science,Placed
STU_07177,8.49,1,0,0,54.1,72.7,1,1,72.7,69.7,Male,Electronics,Placed
STU_07178,6.34,0,1,2,64.0,81.1,0,1,71.5,83.6,Male,Electronics,Placed
STU_07179,6.89,0,2,0,60.9,71.1,1,1,99.0,80.8,Male,Mechanical,Placed
STU_07180,6.58,0,0,0,94.0,53.0,0,0,78.7,69.3,Male,Mechanical,Placed
STU_07181,7.61,0,0,1,54.3,65.1,1,1,76.3,76.7,Female,Mechanical,Placed
STU_07182,6.94,0,1,0,85.6,48.9,1,0,76.6,73.5,Male,Mechanical,Placed
STU_07183,8.03,0,1,1,66.0,69.0,0,0,71.2,79.3,Female,Electronics,Placed
STU_07184,6.37,0,1,1,66.9,77.7,0,1,77.3,78.8,Male,Civil,Placed
STU_07185,7.34,0,0,2,76.0,73.5,1,0,97.4,75.8,Female,Information Technology,Placed
STU_07186,7.99,1,1,0,48.7,88.7,0,1,82.1,60.3,Female,Mechanical,Placed
STU_07187,5.23,0,1,0,58.0,87.4,0,1,62.0,91.3,Male,Civil,Placed
STU_07188,9.42,1,0,2,51.4,75.1,0,1,73.6,86.6,Male,Mechanical,Placed
STU_07189,7.02,0,1,0,64.3,43.3,1,0,79.0,76.0,Female,Mechanical,Placed
STU_07190,5.27,2,0,1,56.4,80.1,0,0,62.9,80.7,Male,Electronics,Placed
STU_07191,7.46,3,2,2,89.8,62.7,1,1,73.3,81.6,Male,Civil,Placed
STU_07192,7.33,1,1,1,61.2,82.6,0,1,68.4,67.4,Female,Mechanical,Placed
STU_07193,7.22,1,1,1,34.3,75.8,0,1,74.0,88.7,Male,Electronics,Placed
STU_07194,8.29,2,0,0,65.0,79.9,0,0,78.7,52.6,Male,Computer Science,Placed
STU_07195,8.05,0,1,2,82.1,78.0,0,1,85.0,56.3,Male,Mechanical,Placed
STU_07196,7.6,3,1,0,94.5,100.0,0,1,66.5,67.1,Male,Computer Science,Placed
STU_07197,7.75,1,4,2,66.6,78.3,1,1,77.1,78.7,Female,Information Technology,Placed
STU_07198,7.2,1,3,0,62.2,56.6,1,1,74.7,76.5,Male,Electronics,Placed
STU_07199,9.08,0,0,2,69.8,84.9,0,1,75.8,75.8,Male,Computer Science,Placed
STU_07200,5.82,1,2,1,76.2,66.8,1,0,69.8,74.2,Female,Civil,Placed
STU_07201,7.44,1,1,0,53.1,88.1,0,1,77.5,71.5,Female,Civil,Not Placed
STU_07202,7.37,1,0,1,66.3,90.5,1,0,82.9,61.0,Male,Electronics,Placed
STU_07203,8.11,1,2,0,69.3,79.5,0,0,64.1,59.9,Male,Information Technology,Placed
STU_07204,6.46,0,0,0,70.7,56.7,0,0,95.3,60.9,Male,Mechanical,Placed
STU_07205,5.56,0,1,0,67.8,66.5,1,0,87.4,63.0,Male,Computer Science,Not Placed
STU_07206,7.46,0,2,2,,88.1,0,1,62.3,59.4,Male,Civil,Placed
STU_07207,7.58,0,2,0,75.1,96.0,1,0,92.5,59.2,Female,Computer Science,Placed
STU_07208,8.79,0,4,3,69.3,72.7,0,0,93.1,72.0,Female,,Not Placed
STU_07209,6.03,0,2,0,69.3,68.7,1,1,73.0,86.6,Male,Civil,Placed
STU_07210,8.45,0,2,1,53.8,57.8,1,1,80.1,79.8,Female,Computer Science,Placed
STU_07211,9.67,1,1,2,79.6,58.0,0,1,78.9,64.8,Female,Electronics,Placed
STU_07212,6.92,0,0,2,55.8,74.8,1,1,64.2,67.4,Female,Electronics,Placed
STU_07213,6.01,2,2,0,94.2,80.4,0,0,88.3,95.9,Female,Computer Science,Placed
STU_07214,6.89,1,4,1,52.3,54.2,0,1,59.2,69.5,Male,Mechanical,Placed
STU_07215,7.31,1,1,0,81.4,82.0,1,0,80.9,63.0,Male,Information Technology,Placed
STU_07216,7.86,0,4,0,41.4,88.5,0,1,93.7,71.8,Male,Electronics,Placed
STU_07217,6.71,1,0,1,36.1,79.6,0,0,61.1,68.7,Male,Civil,Not Placed
STU_07218,8.86,1,1,0,61.7,91.8,1,1,75.1,65.6,Female,Civil,Placed
STU_07219,6.19,3,1,0,36.1,76.3,0,1,89.4,75.4,Female,Mechanical,Placed
STU_07220,5.56,1,2,0,80.9,76.4,1,1,82.0,88.9,Male,Computer Science,Not Placed
STU_07221,8.41,1,2,0,69.7,76.2,1,0,86.3,60.5,Male,Mechanical,Placed
STU_07222,5.03,2,1,0,91.0,88.3,1,1,71.1,79.3,Female,Computer Science,Not Placed
STU_07223,7.1,0,3,2,67.5,78.5,0,0,68.6,85.9,Female,,Placed
STU_07224,10.0,0,2,0,73.6,65.6,0,0,76.0,80.0,Female,Mechanical,Placed
STU_07225,7.29,1,2,1,66.0,77.1,0,0,80.7,86.4,Female,Electronics,Placed
STU_07226,6.18,0,2,2,56.9,77.2,0,1,84.0,80.9,Male,Computer Science,Placed
STU_07227,7.24,0,0,1,63.9,69.5,0,1,82.4,67.3,Female,Computer Science,Placed
STU_07228,7.25,1,2,1,51.9,84.3,0,0,87.8,94.8,Female,Electronics,Placed
STU_07229,7.46,0,1,1,75.8,73.1,0,1,79.2,80.7,Female,Civil,Placed
STU_07230,7.96,1,1,1,65.4,80.5,1,1,67.5,99.0,Male,Information Technology,Placed
STU_07231,6.26,2,2,0,68.5,78.1,1,1,64.4,54.5,Female,Civil,Placed
STU_07232,,0,3,2,100.0,63.3,1,1,85.6,99.0,Female,Electronics,Placed
STU_07233,7.55,0,2,3,64.0,60.2,1,0,88.1,84.5,Female,Electronics,Placed
STU_07234,8.03,0,2,1,74.7,63.4,0,1,97.7,80.2,Female,Computer Science,Placed
STU_07235,6.67,0,2,0,69.2,71.0,0,0,99.0,64.9,Male,Mechanical,Placed
STU_07236,8.59,0,1,1,87.4,91.1,0,1,87.7,83.2,Female,Civil,Placed
STU_07237,7.04,0,3,1,73.6,71.4,0,1,81.7,88.2,Male,Computer Science,Placed
STU_07238,7.58,0,1,2,65.9,76.5,0,1,73.8,55.7,Male,Information Technology,Placed
STU_07239,6.37,0,1,1,100.0,82.5,1,1,69.3,81.3,Female,Electronics,Placed
STU_07240,6.3,1,1,1,57.1,67.7,0,0,78.7,67.9,Male,Computer Science,Placed
STU_07241,7.99,2,1,1,67.1,67.0,0,1,77.0,81.4,Female,Civil,Placed
STU_07242,6.86,1,1,0,83.7,84.6,1,0,97.1,63.7,Female,Mechanical,Placed
STU_07243,6.45,1,1,2,57.7,78.8,1,1,83.9,89.0,Female,Electronics,Not Placed
STU_07244,6.66,0,1,0,81.5,65.2,0,1,75.7,74.1,Female,Mechanical,Placed
STU_07245,8.0,1,2,1,62.8,67.1,0,1,69.2,83.2,Male,Civil,Placed
STU_07246,6.67,0,2,0,85.0,73.0,1,1,83.3,85.6,Male,Electronics,Placed
STU_07247,7.18,0,2,0,84.7,76.0,0,0,79.4,78.3,Female,Mechanical,Placed
STU_07248,7.32,2,1,0,68.6,86.9,0,0,73.5,65.4,Female,Electronics,Placed
STU_07249,5.38,0,2,2,55.0,78.4,1,1,71.1,82.0,Female,Information Technology,Placed
STU_07250,5.83,0,0,1,64.1,60.2,0,0,83.5,73.9,Female,Electronics,Placed
STU_07251,7.64,2,2,0,69.8,62.6,0,1,73.9,77.1,Female,Electronics,Placed
STU_07252,6.56,2,1,2,83.3,75.7,0,1,74.8,71.0,Male,Electronics,Placed
STU_07253,8.36,0,2,1,74.8,73.7,0,1,73.2,55.3,Male,Electronics,Placed
STU_07254,8.27,0,1,1,78.1,61.9,0,1,99.0,75.6,Male,Information Technology,Placed
STU_07255,8.02,1,2,1,75.2,84.6,1,1,79.6,68.4,Female,Information Technology,Placed
STU_07256,9.12,1,3,0,82.7,45.0,1,1,69.8,78.3,Male,Electronics,Placed
STU_07257,7.22,0,2,0,67.0,76.0,1,1,52.3,74.6,Female,Electronics,Placed
STU_07258,7.95,1,1,0,72.5,53.4,1,0,61.6,69.2,Male,Civil,Placed
STU_07259,6.72,3,1,1,70.4,82.6,0,1,75.1,98.5,Male,Civil,Placed
STU_07260,9.75,0,3,0,63.4,68.8,1,0,95.0,71.6,Male,Civil,Placed
STU_07261,9.28,2,1,1,85.2,81.0,1,1,99.0,75.9,Male,Electronics,Placed
STU_07262,7.31,3,3,0,84.9,67.3,1,1,75.6,95.7,Male,Civil,Placed
STU_07263,7.69,0,1,0,88.1,87.9,1,1,81.6,63.9,Male,Computer Science,Placed
STU_07264,8.66,1,4,3,58.5,49.6,0,1,76.3,84.2,Male,Information Technology,Placed
STU_07265,7.15,0,3,2,75.3,82.6,0,0,82.6,66.8,Male,Mechanical,Placed
STU_07266,6.64,1,2,0,86.4,64.7,0,1,75.6,72.5,Female,Electronics,Placed
STU_07267,8.17,1,0,2,92.5,76.5,0,1,72.4,79.4,Male,Information Technology,Placed
STU_07268,7.38,0,1,1,47.4,77.0,0,1,71.4,87.6,Male,Information Technology,Placed
STU_07269,7.48,1,3,2,70.0,55.3,0,0,85.1,63.8,Male,Mechanical,Placed
STU_07270,6.47,2,3,0,67.2,84.0,1,1,91.0,77.8,Female,Mechanical,Placed
STU_07271,5.58,0,1,0,93.9,76.7,0,1,73.5,66.8,Male,Computer Science,Placed
STU_07272,7.54,0,1,2,36.9,73.4,1,1,85.3,82.1,Male,Computer Science,Not Placed
STU_07273,8.2,0,3,2,54.3,76.6,1,0,79.6,85.7,Female,Computer Science,Placed
STU_07274,7.07,1,2,1,91.5,73.5,1,1,74.2,82.3,Female,Mechanical,Placed
STU_07275,8.74,3,3,2,63.0,82.0,1,1,84.8,66.1,Female,Civil,Placed
STU_07276,6.6,2,3,1,50.5,66.3,0,1,91.5,62.9,Male,Electronics,Placed
STU_07277,6.25,0,3,0,92.7,82.0,0,1,69.8,73.1,Male,Information Technology,Placed
STU_07278,7.23,1,0,0,48.5,78.9,1,0,74.8,61.5,Male,Computer Science,Placed
STU_07279,7.22,0,0,0,85.3,69.9,0,1,92.7,80.7,Male,Civil,Placed
STU_07280,8.07,0,0,2,46.6,94.2,0,1,77.6,90.5,Female,Civil,Placed
STU_07281,6.53,1,3,3,48.4,77.4,0,1,70.1,66.3,Female,Mechanical,Placed
STU_07282,8.67,1,2,1,73.0,74.3,0,1,79.7,80.8,Male,Information Technology,Placed
STU_07283,9.27,1,0,1,57.3,78.9,1,1,78.1,66.3,Male,Civil,Placed
STU_07284,7.26,3,1,1,74.1,70.7,0,1,88.6,88.8,Male,Electronics,Placed
STU_07285,8.55,1,1,0,97.0,86.4,0,1,77.6,86.1,Male,Computer Science,Placed
STU_07286,6.24,1,3,0,67.7,71.7,0,0,77.9,74.1,Male,Computer Science,Placed
STU_07287,8.38,0,2,1,94.4,81.8,1,0,77.5,83.4,Male,Mechanical,Placed
STU_07288,8.35,3,2,1,74.9,59.2,1,0,79.7,84.2,Male,Civil,Placed
STU_07289,8.16,1,0,2,84.3,50.5,0,1,93.2,61.9,Male,Electronics,Placed
STU_07290,7.28,2,3,0,34.7,76.8,0,1,85.2,80.4,Male,Civil,Placed
STU_07291,5.0,0,1,1,79.5,67.4,0,0,67.6,68.2,Male,Mechanical,Placed
STU_07292,6.66,1,2,2,77.2,69.7,0,0,80.8,76.4,Female,Mechanical,Placed
STU_07293,6.67,1,0,0,64.6,43.9,1,0,81.5,71.2,Female,Computer Science,Not Placed
STU_07294,6.32,0,0,1,98.4,92.4,0,1,81.8,75.3,Female,Mechanical,Not Placed
STU_07295,7.42,1,0,0,62.6,73.3,1,0,63.2,85.1,Female,Computer Science,Placed
STU_07296,6.88,2,2,1,45.9,88.0,0,0,79.5,62.4,Male,Information Technology,Placed
STU_07297,6.48,0,2,2,81.7,55.3,0,0,72.3,55.8,Male,,Placed
STU_07298,6.24,0,0,0,48.6,73.2,1,1,63.0,70.1,Female,Mechanical,Placed
STU_07299,6.58,1,1,2,71.1,76.9,0,0,90.1,87.2,Male,Mechanical,Placed
STU_07300,8.42,0,3,0,90.1,73.6,1,1,75.2,65.1,Female,Mechanical,Placed
STU_07301,6.64,1,0,0,77.5,74.8,0,1,75.3,69.3,Female,Civil,Placed
STU_07302,6.79,1,1,1,66.3,55.3,1,1,86.8,87.8,Female,Computer Science,Placed
STU_07303,6.84,0,1,2,64.7,75.8,1,1,88.2,90.2,Male,Electronics,Placed
STU_07304,7.64,2,3,0,89.0,61.9,1,1,75.5,82.6,Male,Information Technology,Placed
STU_07305,7.76,1,1,0,51.7,64.6,0,1,78.3,79.5,Female,,Placed
STU_07306,5.0,2,4,1,81.6,72.2,1,1,67.9,86.0,Male,Electronics,Placed
STU_07307,8.32,1,1,0,100.0,67.8,0,1,68.6,70.4,Female,Civil,Placed
STU_07308,8.74,2,1,0,78.2,68.5,1,1,91.0,82.6,Male,Electronics,Placed
STU_07309,6.25,0,0,0,66.4,85.5,0,1,78.5,66.2,Female,Information Technology,Placed
STU_07310,6.33,0,2,2,67.6,70.1,0,1,87.7,92.8,Male,Information Technology,Placed
STU_07311,6.85,0,1,3,62.8,67.2,1,1,76.3,86.5,Female,Civil,Placed
STU_07312,6.54,0,2,0,60.2,70.5,1,1,82.2,82.2,Male,Electronics,Placed
STU_07313,7.52,2,1,1,71.8,58.7,1,1,60.6,71.2,Male,Computer Science,Placed
STU_07314,5.35,1,1,0,80.2,74.0,0,0,86.6,82.6,Male,Computer Science,Placed
STU_07315,6.18,2,3,1,94.2,80.7,0,0,77.7,74.8,Female,Mechanical,Placed
STU_07316,8.84,0,2,0,40.7,75.8,0,1,73.3,68.9,Female,Mechanical,Placed
STU_07317,6.37,0,1,0,33.4,72.4,0,1,84.3,81.4,Male,Electronics,Not Placed
STU_07318,8.54,2,2,2,94.5,79.2,0,1,87.9,54.1,Male,Information Technology,Placed
STU_07319,7.66,0,2,0,70.9,65.4,1,1,73.9,84.8,Male,Mechanical,Placed
STU_07320,5.49,1,0,0,71.6,72.5,0,0,66.0,63.7,Male,Mechanical,Placed
STU_07321,7.94,0,2,3,77.5,88.8,0,1,94.7,83.1,Female,Computer Science,Placed
STU_07322,7.18,2,1,3,67.2,68.5,1,1,75.8,58.6,Female,Mechanical,Placed
STU_07323,6.84,1,2,0,99.6,79.3,1,0,58.8,70.5,Female,Computer Science,Placed
STU_07324,7.54,1,2,1,77.4,79.6,1,1,73.8,80.0,Male,Computer Science,Placed
STU_07325,7.77,0,1,1,63.3,62.9,1,0,82.5,84.6,Male,Computer Science,Placed
STU_07326,8.01,1,0,1,64.6,80.3,0,0,77.2,67.4,Male,Electronics,Placed
STU_07327,8.48,2,1,2,67.8,64.7,0,1,76.7,64.8,Male,Computer Science,Placed
STU_07328,7.71,2,4,2,58.3,77.1,0,0,74.5,86.2,Male,Computer Science,Placed
STU_07329,5.92,0,2,2,95.3,64.5,0,1,73.8,95.9,Female,Electronics,Placed
STU_07330,6.83,0,0,0,71.9,75.4,1,1,65.2,65.0,Male,Mechanical,Placed
STU_07331,10.0,0,1,1,52.4,73.6,1,0,65.0,48.0,Male,Computer Science,Placed
STU_07332,8.02,0,1,1,76.1,73.3,1,1,81.6,91.7,Male,Computer Science,Placed
STU_07333,9.67,1,2,0,91.6,75.3,0,0,90.3,73.4,Male,Computer Science,Placed
STU_07334,8.7,0,2,0,85.9,65.6,0,1,75.2,65.0,Male,Electronics,Placed
STU_07335,7.54,0,4,0,58.6,58.0,0,1,91.9,75.6,Male,Computer Science,Placed
STU_07336,7.6,1,1,0,53.4,73.0,0,1,89.0,96.4,Female,Civil,Placed
STU_07337,7.26,1,2,0,91.4,85.2,1,0,76.7,82.2,Female,Computer Science,Placed
STU_07338,5.56,1,2,0,45.6,79.0,0,0,84.4,83.6,Male,Computer Science,Not Placed
STU_07339,7.32,3,3,0,75.6,77.4,1,0,82.9,76.8,Female,Mechanical,Placed
STU_07340,8.51,0,1,1,61.5,65.9,0,1,73.0,80.2,Male,Mechanical,Placed
STU_07341,6.7,1,2,1,89.7,74.2,1,0,56.4,93.7,Male,Mechanical,Placed
STU_07342,7.71,0,1,0,54.2,62.0,0,1,79.4,65.1,Male,Information Technology,Not Placed
STU_07343,8.15,0,1,2,58.1,66.9,0,1,85.0,83.4,Female,Mechanical,Placed
STU_07344,6.39,0,3,1,79.3,76.3,1,0,72.5,74.6,Female,Mechanical,Not Placed
STU_07345,6.85,0,3,2,81.9,50.2,0,1,98.1,74.3,Female,Mechanical,Placed
STU_07346,6.28,0,2,2,90.4,92.8,1,1,88.3,62.4,Female,Mechanical,Placed
STU_07347,6.48,0,1,0,77.1,56.0,0,1,63.3,79.6,Male,Mechanical,Placed
STU_07348,6.01,2,3,1,75.2,94.7,1,1,76.1,81.4,Male,Mechanical,Placed
STU_07349,6.4,1,0,1,85.7,61.9,1,0,69.6,72.9,Female,Information Technology,Placed
STU_07350,8.72,3,0,0,49.4,61.8,1,1,74.3,90.9,Male,Computer Science,Placed
STU_07351,6.38,1,2,0,56.8,67.2,0,1,84.5,75.9,Female,Information Technology,Placed
STU_07352,7.43,0,1,2,50.7,66.7,0,0,75.5,51.6,Male,Information Technology,Placed
STU_07353,6.8,0,4,0,29.7,64.7,0,1,72.3,81.0,Male,Civil,Placed
STU_07354,8.48,0,1,3,82.6,67.6,0,1,78.9,62.2,Female,Civil,Placed
STU_07355,8.61,0,1,2,91.4,73.1,0,1,85.6,90.7,Male,Electronics,Placed
STU_07356,8.16,1,2,1,78.3,61.2,0,1,85.5,95.6,Male,Computer Science,Placed
STU_07357,7.61,1,2,0,75.7,82.1,0,1,84.2,86.1,Male,Mechanical,Placed
STU_07358,7.07,0,2,1,71.3,88.9,0,0,91.7,75.0,Male,Mechanical,Placed
STU_07359,6.11,0,1,0,70.8,48.7,1,0,77.1,81.6,Female,Electronics,Not Placed
STU_07360,9.24,0,2,0,95.4,94.3,0,1,74.4,66.8,Female,Mechanical,Placed
STU_07361,6.54,0,1,2,93.2,81.3,1,0,76.4,81.7,Female,Electronics,Placed
STU_07362,7.96,0,1,0,61.2,75.1,0,0,69.9,66.3,Male,Computer Science,Placed
STU_07363,8.36,1,2,1,86.6,65.1,0,0,69.7,95.7,Male,Mechanical,Placed
STU_07364,6.74,0,0,2,88.4,74.0,0,1,85.4,64.2,Male,Information Technology,Placed
STU_07365,8.34,1,4,0,,82.8,1,0,86.3,57.0,Male,Electronics,Placed
STU_07366,8.06,0,2,1,75.8,100.0,0,0,51.5,73.2,Female,Mechanical,Placed
STU_07367,9.03,0,4,1,75.3,98.3,0,1,87.4,81.5,Female,Computer Science,Placed
STU_07368,6.83,2,1,1,,53.7,0,1,73.9,99.0,Male,Information Technology,Placed
STU_07369,6.01,1,4,2,46.4,69.5,1,0,71.7,67.0,Male,Electronics,Placed
STU_07370,6.79,0,0,2,81.7,72.9,0,1,74.7,75.7,Male,Civil,Placed
STU_07371,7.51,2,0,1,53.5,88.1,0,0,65.4,75.0,Male,Civil,Placed
STU_07372,7.36,0,0,1,49.2,71.0,1,1,76.3,63.4,Male,Civil,Placed
STU_07373,6.91,0,2,1,38.9,62.9,0,0,97.1,64.0,Male,Information Technology,Placed
STU_07374,5.39,1,0,1,62.9,72.6,0,0,62.5,54.3,Female,Mechanical,Placed
STU_07375,7.77,1,2,1,75.6,67.4,0,1,84.2,91.8,Male,Mechanical,Placed
STU_07376,9.27,0,1,0,76.8,83.8,0,1,87.7,66.3,Male,Mechanical,Placed
STU_07377,7.76,0,1,0,82.8,100.0,0,1,83.8,52.1,Female,Computer Science,Placed
STU_07378,7.91,2,2,2,64.1,82.9,0,1,93.3,70.7,Female,Electronics,Placed
STU_07379,7.87,0,1,0,71.6,83.4,1,0,87.8,88.4,Male,Computer Science,Placed
STU_07380,7.7,0,2,1,82.7,86.8,0,1,84.7,80.7,Female,Information Technology,Placed
STU_07381,8.23,1,2,2,77.0,77.5,1,0,88.4,80.6,Female,Computer Science,Placed
STU_07382,7.7,2,3,0,61.2,67.2,0,1,87.9,92.8,Male,Electronics,Placed
STU_07383,6.99,0,1,1,74.5,68.4,1,0,74.5,86.5,Female,Mechanical,Placed
STU_07384,6.5,1,4,0,40.2,85.2,0,1,84.3,48.0,Male,Information Technology,Placed
STU_07385,7.05,1,2,3,70.0,75.5,1,1,75.3,69.7,Male,Information Technology,Placed
STU_07386,7.61,0,4,0,60.7,60.2,1,1,64.7,79.8,Male,Civil,Placed
STU_07387,6.98,1,0,1,92.8,87.7,0,1,96.4,77.1,Male,Information Technology,Placed
STU_07388,7.61,3,2,1,55.3,62.7,1,0,72.5,81.1,Female,Computer Science,Placed
STU_07389,7.74,0,3,2,71.8,58.5,0,0,89.0,99.0,Male,Information Technology,Placed
STU_07390,8.13,0,0,0,63.6,61.5,0,1,83.3,64.3,Female,Information Technology,Placed
STU_07391,8.58,2,2,1,61.6,75.7,1,1,69.0,50.3,Female,Electronics,Placed
STU_07392,7.38,1,3,0,75.7,83.7,0,1,70.2,48.2,Male,Mechanical,Placed
STU_07393,5.99,0,2,0,63.7,75.1,1,0,82.0,85.1,Male,Information Technology,Placed
STU_07394,6.95,1,0,2,97.8,65.3,0,0,82.0,73.2,Female,Information Technology,Placed
STU_07395,7.34,1,2,0,40.4,62.3,1,1,74.2,58.6,Male,Computer Science,Placed
STU_07396,5.46,1,0,1,79.5,81.3,1,1,62.2,72.4,Male,Computer Science,Placed
STU_07397,8.69,2,3,2,68.7,70.9,0,1,86.0,69.7,Male,Civil,Placed
STU_07398,7.44,0,0,2,69.2,76.1,0,1,50.0,71.1,Female,Computer Science,Placed
STU_07399,7.68,0,0,1,74.5,70.3,0,0,81.5,54.0,Male,Information Technology,Placed
STU_07400,8.67,1,1,0,85.0,75.6,1,0,89.3,81.5,Female,Computer Science,Placed
STU_07401,6.67,0,2,1,74.0,76.7,0,1,59.5,82.9,Female,Mechanical,Placed
STU_07402,7.87,1,4,3,85.0,100.0,0,1,79.6,76.4,Female,Electronics,Placed
STU_07403,7.19,0,0,2,70.7,76.8,0,1,74.2,74.2,Male,Electronics,Placed
STU_07404,7.12,0,0,1,54.5,67.4,0,1,79.9,77.0,Male,Civil,Placed
STU_07405,6.53,1,1,2,68.7,74.1,0,1,87.8,75.5,Male,,Placed
STU_07406,8.97,1,3,2,87.3,60.6,1,1,64.5,55.5,Male,Civil,Placed
STU_07407,6.92,1,2,2,63.8,60.5,0,1,75.8,65.8,Male,Electronics,Placed
STU_07408,8.0,1,1,1,53.8,87.0,0,1,76.4,77.4,Male,Mechanical,Placed
STU_07409,5.42,0,2,2,79.3,75.6,0,1,58.5,66.9,Male,Information Technology,Not Placed
STU_07410,8.48,0,1,2,75.0,85.4,0,1,83.7,84.7,Female,Mechanical,Placed
STU_07411,8.35,1,1,0,58.4,52.5,0,1,94.3,60.1,Female,Information Technology,Placed
STU_07412,7.4,0,1,3,66.5,60.3,0,0,84.7,99.0,Male,Computer Science,Placed
STU_07413,7.07,1,3,0,67.3,75.6,0,0,79.3,97.8,Female,Electronics,Placed
STU_07414,7.7,1,3,1,70.1,62.1,1,1,86.9,71.9,Male,Electronics,Placed
STU_07415,9.59,0,2,2,79.7,54.9,0,1,72.1,58.5,Female,Civil,Placed
STU_07416,5.54,1,1,1,63.9,59.1,1,0,69.2,69.1,Male,Electronics,Placed
STU_07417,8.08,0,2,2,80.5,68.1,0,0,83.1,88.4,Female,Computer Science,Placed
STU_07418,6.39,1,0,1,62.0,77.0,1,0,80.3,71.3,Female,Mechanical,Placed
STU_07419,7.28,0,2,0,95.0,92.6,0,0,81.1,79.3,Female,Computer Science,Placed
STU_07420,7.05,0,2,0,95.3,59.4,0,1,69.4,75.6,Female,Mechanical,Placed
STU_07421,6.87,1,3,1,57.2,60.0,1,1,63.0,81.3,Female,Civil,Placed
STU_07422,7.29,1,1,1,51.6,54.6,0,0,67.6,80.5,Male,Mechanical,Not Placed
STU_07423,6.17,1,2,0,84.7,78.9,1,1,69.5,71.7,Female,Mechanical,Placed
STU_07424,8.33,1,2,1,73.9,73.5,1,1,57.6,91.0,Male,Mechanical,Placed
STU_07425,5.51,1,1,0,78.3,60.4,0,1,82.8,80.6,Female,Civil,Placed
STU_07426,7.84,0,2,2,60.2,62.0,0,1,65.1,88.0,Female,Electronics,Placed
STU_07427,6.97,1,3,0,68.0,70.5,1,0,64.6,72.3,Male,Electronics,Placed
STU_07428,6.13,1,3,1,64.8,71.2,0,1,75.4,73.2,Female,Electronics,Placed
STU_07429,7.5,0,2,0,74.6,59.5,0,1,68.9,99.0,Female,Information Technology,Placed
STU_07430,5.74,1,0,0,51.3,74.1,1,0,62.2,74.6,Male,Information Technology,Placed
STU_07431,7.34,2,3,2,68.5,55.5,0,0,63.3,88.8,Male,Information Technology,Placed
STU_07432,5.88,0,2,1,51.2,72.6,0,1,83.4,59.0,Male,Computer Science,Placed
STU_07433,7.76,2,1,1,62.3,69.9,0,0,74.6,78.9,Male,Electronics,Placed
STU_07434,6.38,0,1,1,68.5,76.8,0,0,62.9,70.5,Female,Mechanical,Placed
STU_07435,6.85,0,0,1,77.6,86.5,0,1,92.6,91.9,Female,Civil,Not Placed
STU_07436,7.59,0,0,1,78.9,67.6,1,1,70.9,67.6,Female,Civil,Placed
STU_07437,6.53,1,2,2,81.4,72.0,0,1,83.3,70.3,Female,Information Technology,Placed
STU_07438,7.24,0,1,1,47.8,48.2,1,1,76.9,81.4,Male,Computer Science,Placed
STU_07439,,2,0,0,89.0,95.7,1,0,79.0,63.4,Female,Information Technology,Placed
STU_07440,7.93,2,1,0,60.3,49.7,0,0,78.2,76.4,Female,Information Technology,Placed
STU_07441,9.06,1,2,2,61.4,71.0,1,1,64.2,68.4,Female,Mechanical,Placed
STU_07442,10.0,1,1,3,74.0,41.4,0,0,99.0,76.5,Male,Electronics,Placed
STU_07443,7.39,2,0,0,64.9,62.1,0,1,70.4,74.0,Male,Information Technology,Placed
STU_07444,8.09,2,1,0,75.4,92.8,0,0,86.3,95.2,Female,Civil,Placed
STU_07445,5.52,1,2,0,78.2,85.7,0,1,70.1,80.1,Female,Electronics,Placed
STU_07446,8.8,1,0,1,58.6,83.8,0,1,66.9,60.6,Female,Computer Science,Placed
STU_07447,8.08,1,2,0,67.2,69.7,1,1,91.7,64.9,Male,Electronics,Placed
STU_07448,6.82,1,0,2,67.7,91.8,0,0,93.6,70.2,Male,Computer Science,Placed
STU_07449,8.54,0,1,2,84.4,75.1,1,1,82.5,67.3,Male,Information Technology,Placed
STU_07450,7.05,1,1,3,63.0,80.3,0,1,86.1,90.6,Female,Information Technology,Placed
STU_07451,6.84,0,0,0,62.4,100.0,0,1,65.5,68.9,Male,Electronics,Placed
STU_07452,7.78,0,1,3,54.7,85.1,1,1,84.6,74.6,Male,Computer Science,Placed
STU_07453,6.24,1,1,1,56.4,71.2,1,1,84.5,81.6,Male,Information Technology,Placed
STU_07454,8.32,3,1,0,49.7,78.1,1,1,82.4,99.0,Male,Electronics,Placed
STU_07455,6.24,3,2,1,59.5,88.8,1,0,94.5,73.4,Female,Computer Science,Placed
STU_07456,6.25,1,0,1,93.9,79.5,1,1,55.2,93.3,Female,Mechanical,Placed
STU_07457,6.39,1,3,3,80.4,81.4,0,1,76.2,70.3,Male,Information Technology,Placed
STU_07458,8.06,0,3,0,89.2,87.5,0,1,92.8,85.7,Female,Civil,Placed
STU_07459,6.68,1,2,0,55.7,100.0,1,1,66.9,65.8,Male,Civil,Placed
STU_07460,5.95,0,1,1,40.8,60.8,0,0,84.5,83.8,Female,Information Technology,Not Placed
STU_07461,6.69,0,3,3,74.7,80.4,1,1,73.1,70.9,Male,Electronics,Placed
STU_07462,7.27,1,1,3,97.8,77.5,1,0,78.9,85.0,Male,Electronics,Placed
STU_07463,6.12,0,0,0,62.7,67.4,0,1,67.4,83.9,Male,,Placed
STU_07464,6.15,0,0,0,71.5,64.2,0,1,99.0,81.9,Male,Mechanical,Placed
STU_07465,9.41,2,3,2,46.5,91.8,0,1,66.5,79.7,Male,Civil,Placed
STU_07466,6.44,0,1,1,70.4,59.7,1,1,76.7,69.8,Female,Electronics,Placed
STU_07467,6.98,0,3,3,68.1,55.1,0,0,75.4,83.0,Male,Civil,Placed
STU_07468,6.93,0,1,2,38.6,65.2,0,0,88.7,57.4,Male,Civil,Not Placed
STU_07469,6.88,0,3,0,54.4,50.6,0,1,78.7,99.0,Female,Electronics,Placed
STU_07470,7.92,0,3,2,53.2,61.8,0,1,62.2,82.1,Male,Civil,Placed
STU_07471,8.25,1,3,0,46.3,59.4,1,1,71.6,81.0,Male,Electronics,Placed
STU_07472,6.99,0,2,2,59.1,73.0,1,1,56.4,80.2,Female,Information Technology,Placed
STU_07473,6.06,2,3,1,77.6,89.3,0,0,78.7,66.8,Male,Computer Science,Placed
STU_07474,8.57,0,4,3,60.5,64.9,1,1,95.8,68.4,Male,Electronics,Placed
STU_07475,7.2,1,1,3,87.2,82.4,0,1,76.0,77.6,Male,Information Technology,Placed
STU_07476,9.03,1,1,0,64.6,81.0,1,1,81.4,69.6,Male,Information Technology,Placed
STU_07477,5.05,1,2,0,74.9,45.4,1,1,89.0,62.0,Female,Information Technology,Placed
STU_07478,7.5,1,1,1,77.5,65.4,0,1,71.1,74.1,Male,Mechanical,Placed
STU_07479,9.22,2,2,2,93.0,67.5,0,1,89.0,78.9,Female,Civil,Placed
STU_07480,6.95,0,0,2,59.3,76.6,0,1,97.1,74.9,Male,Information Technology,Placed
STU_07481,7.07,1,2,3,76.6,78.8,0,1,60.3,86.6,Male,Mechanical,Placed
STU_07482,7.6,2,0,1,55.8,76.0,0,1,89.4,76.8,Female,Mechanical,Placed
STU_07483,6.74,0,1,0,95.8,61.3,1,1,63.2,92.4,Male,Civil,Not Placed
STU_07484,6.99,0,1,0,54.4,64.4,0,0,70.3,99.0,Male,Information Technology,Placed
STU_07485,6.96,0,3,0,75.8,54.0,1,1,89.3,73.5,Male,Computer Science,Placed
STU_07486,6.67,1,1,1,93.4,72.8,0,1,81.2,62.7,Female,Electronics,Placed
STU_07487,8.53,0,3,2,52.1,67.6,0,0,73.4,62.4,Female,Computer Science,Placed
STU_07488,,0,2,0,78.9,78.4,1,1,99.0,74.5,Male,Information Technology,Placed
STU_07489,7.55,1,2,2,55.1,80.4,0,1,74.7,83.8,Male,Electronics,Placed
STU_07490,8.11,1,1,0,100.0,68.0,0,1,89.0,71.2,Female,Electronics,Placed
STU_07491,7.04,0,1,0,41.6,75.4,0,1,74.9,75.3,Female,Electronics,Placed
STU_07492,6.53,0,2,1,47.2,69.4,0,1,82.6,69.3,Male,Mechanical,Placed
STU_07493,6.7,1,0,1,53.2,58.6,0,1,82.9,71.5,Female,Mechanical,Placed
STU_07494,7.3,2,2,2,53.7,62.4,1,1,78.8,76.2,Female,Computer Science,Placed
STU_07495,6.24,1,4,1,77.8,44.8,0,0,63.8,85.7,Male,Civil,Placed
STU_07496,6.8,1,1,0,97.0,67.3,1,1,80.8,85.3,Female,Civil,Placed
STU_07497,6.78,0,2,2,87.3,64.9,1,1,72.2,50.4,Male,Mechanical,Placed
STU_07498,9.42,0,4,3,73.5,58.9,0,0,73.4,82.5,Male,Computer Science,Placed
STU_07499,5.0,1,3,1,70.1,81.8,0,1,83.9,82.1,Female,Electronics,Placed
STU_07500,7.12,2,3,0,60.9,78.3,1,1,83.2,74.0,Female,Information Technology,Placed
STU_07501,9.03,1,3,0,75.9,78.6,1,0,70.4,71.3,Male,Information Technology,Placed
STU_07502,7.42,2,1,0,66.9,80.3,0,1,80.2,81.7,Female,Civil,Placed
STU_07503,8.05,3,3,0,72.8,72.0,0,1,78.2,76.4,Male,Electronics,Placed
STU_07504,7.4,0,3,2,58.9,71.9,0,1,69.4,72.5,Female,Civil,Placed
STU_07505,6.63,0,2,0,52.0,82.0,0,1,70.0,98.9,Male,Computer Science,Placed
STU_07506,5.06,0,1,1,70.4,80.0,0,0,70.2,80.6,Male,Civil,Placed
STU_07507,7.51,0,1,1,70.1,84.3,1,1,77.9,69.2,Male,Information Technology,Placed
STU_07508,6.52,0,1,2,61.1,71.5,0,0,75.0,83.2,Female,Computer Science,Placed
STU_07509,6.5,2,1,0,58.5,60.2,1,0,80.1,79.8,Female,Computer Science,Placed
STU_07510,6.8,0,2,1,78.4,74.8,1,1,69.2,79.2,Female,Information Technology,Placed
STU_07511,9.04,0,2,0,76.8,65.1,1,1,76.3,84.6,Female,Civil,Placed
STU_07512,9.7,0,2,0,98.1,79.8,1,1,77.0,69.8,Male,Computer Science,Placed
STU_07513,7.52,2,0,0,90.7,75.5,0,0,81.3,77.9,Male,Civil,Placed
STU_07514,6.84,1,2,1,52.1,72.6,0,1,92.7,65.7,Male,Electronics,Not Placed
STU_07515,6.12,2,1,0,67.1,67.3,0,1,88.7,83.9,Female,Computer Science,Placed
STU_07516,7.77,3,0,1,49.5,84.0,1,1,77.3,75.2,Male,Information Technology,Placed
STU_07517,9.08,1,2,0,42.4,83.1,0,0,62.1,66.1,Female,Information Technology,Placed
STU_07518,7.05,0,1,3,100.0,65.3,0,1,72.9,74.5,Male,Civil,Placed
STU_07519,5.0,0,0,1,92.2,57.3,1,1,87.2,77.6,Female,Mechanical,Placed
STU_07520,7.97,0,1,2,60.6,74.2,0,1,77.4,84.9,Female,Electronics,Placed
STU_07521,8.29,1,2,0,88.7,86.2,0,1,65.4,88.4,Male,Mechanical,Placed
STU_07522,5.71,0,2,2,90.9,56.9,1,0,75.9,85.3,Female,Civil,Not Placed
STU_07523,7.48,0,1,1,41.2,77.6,0,1,73.3,80.9,Female,Mechanical,Placed
STU_07524,7.75,1,1,0,82.8,62.1,0,0,90.6,83.1,Male,Civil,Placed
STU_07525,7.23,1,2,2,62.6,59.8,1,1,72.2,72.1,Female,Electronics,Placed
STU_07526,6.51,1,3,2,75.7,83.2,0,1,82.1,63.0,Female,Civil,Not Placed
STU_07527,8.32,0,2,3,100.0,79.8,0,1,84.9,67.7,Female,Civil,Placed
STU_07528,6.9,2,3,2,93.8,70.2,0,1,65.6,75.5,Male,Civil,Placed
STU_07529,5.81,1,2,0,68.1,81.5,1,1,70.6,72.8,Female,Electronics,Placed
STU_07530,5.25,0,2,0,91.3,80.2,0,1,73.7,72.3,Male,Mechanical,Not Placed
STU_07531,8.56,1,3,1,41.2,54.2,0,1,79.4,78.0,Male,Civil,Placed
STU_07532,7.92,3,2,0,77.6,73.0,0,0,72.1,85.9,Male,Mechanical,Placed
STU_07533,7.39,0,3,2,77.9,89.0,0,0,64.2,78.1,Male,Information Technology,Placed
STU_07534,6.86,0,1,1,80.6,77.7,0,1,67.9,69.7,Male,Information Technology,Placed
STU_07535,6.77,1,3,2,62.4,40.6,0,1,87.4,61.6,Male,Information Technology,Placed
STU_07536,6.22,0,2,1,75.7,59.2,1,0,98.7,73.3,Male,Electronics,Placed
STU_07537,6.87,2,3,1,82.8,83.9,0,1,81.1,52.5,Female,Civil,Placed
STU_07538,5.18,0,0,0,35.2,65.3,0,1,88.8,87.0,Male,Civil,Placed
STU_07539,6.56,1,2,0,65.3,85.5,0,0,81.5,76.1,Male,Civil,Placed
STU_07540,,1,3,2,56.5,96.6,0,0,85.0,94.5,Male,Computer Science,Placed
STU_07541,7.91,1,1,3,79.9,69.1,0,1,85.4,89.7,Male,Information Technology,Placed
STU_07542,7.26,0,2,1,90.7,64.6,0,0,84.8,81.1,Male,Electronics,Placed
STU_07543,8.09,0,3,2,60.8,59.9,1,1,81.6,69.5,Male,Mechanical,Placed
STU_07544,8.65,0,1,1,53.7,81.1,0,0,79.4,70.9,Female,Civil,Placed
STU_07545,8.36,0,1,3,71.8,64.8,0,0,73.9,92.1,Female,Mechanical,Placed
STU_07546,7.77,0,2,0,52.7,67.2,0,1,83.3,80.3,Male,Civil,Not Placed
STU_07547,7.31,2,2,1,66.6,58.7,0,0,81.1,60.6,Male,Information Technology,Placed
STU_07548,6.32,0,0,1,65.0,66.8,1,0,68.9,71.3,Male,Information Technology,Not Placed
STU_07549,8.04,1,0,1,78.7,63.5,0,1,89.9,90.5,Male,Computer Science,Placed
STU_07550,8.98,0,0,0,74.7,48.2,1,1,87.9,87.1,Female,Computer Science,Placed
STU_07551,7.64,1,1,1,72.4,61.9,1,1,79.9,79.5,Female,Civil,Placed
STU_07552,9.22,3,1,1,94.6,81.0,0,1,89.8,90.0,Female,Mechanical,Placed
STU_07553,5.77,0,2,0,74.0,88.2,1,1,85.3,61.3,Female,Computer Science,Placed
STU_07554,6.15,2,2,1,63.7,70.7,0,1,73.6,68.5,Male,Electronics,Placed
STU_07555,8.16,1,2,1,65.6,72.4,1,0,59.8,73.8,Male,Information Technology,Placed
STU_07556,7.56,2,0,2,58.5,75.4,0,1,59.5,69.5,Male,Mechanical,Placed
STU_07557,8.61,1,2,1,54.7,95.6,0,1,90.6,83.2,Male,Civil,Placed
STU_07558,7.28,0,1,0,49.2,59.9,0,0,77.7,83.8,Female,Civil,Placed
STU_07559,6.43,0,3,1,87.0,56.9,0,1,74.3,80.6,Female,Information Technology,Placed
STU_07560,7.09,0,2,0,59.2,71.4,1,0,71.4,63.8,Female,Mechanical,Placed
STU_07561,5.77,1,3,1,74.7,76.7,0,1,78.6,94.5,Male,Electronics,Placed
STU_07562,6.17,3,0,0,65.5,71.6,1,0,87.1,78.7,Male,Civil,Placed
STU_07563,8.27,1,2,0,69.6,55.6,1,1,69.9,57.5,Male,Information Technology,Placed
STU_07564,8.17,0,2,0,87.3,82.6,0,0,78.9,61.8,Male,Computer Science,Placed
STU_07565,7.66,2,3,0,72.6,70.3,0,1,99.0,66.6,Female,Information Technology,Placed
STU_07566,5.58,1,2,3,56.2,78.7,0,0,96.1,93.2,Male,Information Technology,Placed
STU_07567,6.94,0,2,3,61.5,90.6,1,1,55.7,65.4,Male,Computer Science,Placed
STU_07568,6.08,0,0,1,82.9,54.4,0,0,59.9,63.3,Female,Electronics,Placed
STU_07569,8.48,0,2,0,77.2,51.4,0,1,96.1,87.0,Female,Information Technology,Placed
STU_07570,6.72,2,1,2,83.8,78.8,0,1,87.0,84.8,Male,Information Technology,Placed
STU_07571,6.21,2,0,2,66.4,47.6,1,0,78.5,68.9,Female,Information Technology,Placed
STU_07572,7.33,0,0,2,49.1,67.2,0,1,83.3,80.6,Male,Mechanical,Placed
STU_07573,6.66,0,4,1,77.6,65.1,1,1,74.8,72.2,Male,Civil,Placed
STU_07574,8.78,1,1,0,73.8,76.3,0,1,71.3,81.8,Male,Mechanical,Placed
STU_07575,6.57,2,3,0,74.2,64.0,1,0,85.3,71.6,Female,Information Technology,Placed
STU_07576,5.9,1,4,2,49.3,77.9,1,1,77.0,80.8,Female,Information Technology,Placed
STU_07577,5.15,1,3,2,60.4,59.2,0,1,86.6,75.3,Male,Computer Science,Placed
STU_07578,7.27,0,3,1,55.9,57.1,0,1,72.5,68.5,Female,Computer Science,Placed
STU_07579,6.74,1,3,0,76.0,72.2,1,1,85.1,85.2,Male,Mechanical,Placed
STU_07580,5.87,0,1,1,76.5,73.3,1,1,81.1,75.8,Male,Information Technology,Placed
STU_07581,8.49,2,1,2,69.3,75.5,1,1,64.7,85.8,Male,Computer Science,Placed
STU_07582,7.97,0,2,1,84.5,89.8,1,0,92.7,80.6,Male,Computer Science,Placed
STU_07583,7.27,2,2,1,92.4,87.4,1,1,63.9,74.6,Female,Electronics,Placed
STU_07584,8.66,0,0,0,75.3,77.4,0,1,91.3,88.0,Male,Electronics,Placed
STU_07585,7.96,2,2,0,80.1,81.7,1,1,82.5,77.8,Female,Information Technology,Placed
STU_07586,6.48,0,2,1,61.9,75.1,0,0,84.4,80.2,Female,Computer Science,Placed
STU_07587,6.26,0,3,2,59.1,86.2,0,1,73.1,71.8,Female,Mechanical,Not Placed
STU_07588,8.12,1,2,0,85.1,76.4,0,0,74.3,70.0,Male,Civil,Placed
STU_07589,7.7,0,2,0,56.9,65.4,1,1,78.0,77.1,Male,Mechanical,Placed
STU_07590,7.47,2,1,1,80.5,63.0,1,0,65.1,65.2,Male,Information Technology,Placed
STU_07591,6.45,1,2,0,95.8,85.8,0,1,83.8,76.7,Female,Civil,Placed
STU_07592,7.91,1,4,1,79.8,69.8,1,0,74.4,77.3,Female,Mechanical,Placed
STU_07593,6.54,2,0,1,68.8,95.0,1,1,56.8,63.7,Female,Mechanical,Placed
STU_07594,7.2,2,1,2,49.9,58.7,0,1,96.9,89.2,Male,Civil,Placed
STU_07595,8.75,1,2,2,72.4,87.0,0,1,80.7,91.0,Female,Electronics,Placed
STU_07596,6.64,2,1,0,85.1,66.9,0,0,81.3,90.1,Female,Mechanical,Placed
STU_07597,5.73,0,1,1,67.3,76.9,0,1,71.1,73.1,Female,Information Technology,Placed
STU_07598,6.25,0,1,0,85.3,56.4,1,0,81.3,77.0,Male,Mechanical,Placed
STU_07599,8.29,1,1,2,75.5,49.9,0,1,85.4,71.3,Male,Computer Science,Placed
STU_07600,7.55,0,1,2,74.4,89.8,0,1,63.5,83.2,Female,Mechanical,Placed
STU_07601,7.17,1,3,0,65.2,66.7,0,1,84.0,73.2,Male,Mechanical,Placed
STU_07602,6.79,0,2,0,48.2,83.8,0,1,67.4,77.4,Male,Mechanical,Placed
STU_07603,7.79,0,1,0,63.6,64.1,0,0,65.1,79.1,Female,Information Technology,Placed
STU_07604,6.45,2,1,1,63.5,83.8,0,1,69.2,63.0,Female,Mechanical,Placed
STU_07605,7.61,1,0,0,78.6,66.9,1,0,99.0,74.7,Male,Information Technology,Placed
STU_07606,6.57,3,3,1,69.8,57.5,0,0,85.8,85.1,Male,Information Technology,Placed
STU_07607,6.4,1,1,1,86.2,79.8,0,1,77.8,99.0,Female,Mechanical,Placed
STU_07608,6.66,0,4,1,74.2,83.3,1,0,95.0,55.6,Male,Mechanical,Placed
STU_07609,6.92,0,1,2,62.4,79.7,1,1,68.8,68.0,Female,Mechanical,Not Placed
STU_07610,7.25,0,3,0,57.8,70.3,1,0,67.7,68.5,Female,Mechanical,Placed
STU_07611,7.54,2,1,2,60.9,51.0,1,0,68.8,61.4,Female,Information Technology,Placed
STU_07612,5.0,0,0,0,72.4,59.2,1,1,96.8,96.6,Female,Information Technology,Placed
STU_07613,6.49,0,0,0,64.4,63.6,1,1,86.7,74.6,Male,Mechanical,Placed
STU_07614,6.91,2,2,1,53.9,68.9,1,0,69.8,73.2,Male,Information Technology,Not Placed
STU_07615,8.81,1,1,1,85.1,85.6,1,1,71.1,82.0,Female,Computer Science,Placed
STU_07616,6.22,0,1,0,72.3,70.6,1,1,80.8,68.6,Male,Electronics,Not Placed
STU_07617,7.46,0,3,1,74.1,46.7,0,1,66.7,83.1,Female,Civil,Placed
STU_07618,8.8,2,1,0,57.7,40.9,0,1,76.2,68.7,Male,Electronics,Placed
STU_07619,5.99,2,1,2,54.4,63.7,1,1,68.1,90.3,Male,Electronics,Not Placed
STU_07620,7.69,0,3,1,67.6,65.8,0,1,77.3,76.5,Male,Civil,Placed
STU_07621,6.5,0,2,1,39.6,76.3,1,1,86.2,90.3,Male,Mechanical,Placed
STU_07622,6.8,2,3,2,81.7,54.6,0,0,95.4,81.8,Female,Electronics,Placed
STU_07623,6.5,1,1,2,59.4,55.4,0,0,62.3,49.3,Male,Mechanical,Placed
STU_07624,6.57,2,1,1,66.0,77.4,1,1,84.0,61.7,Female,Mechanical,Placed
STU_07625,10.0,1,1,1,76.4,88.0,0,1,84.8,93.1,Male,Computer Science,Placed
STU_07626,8.14,2,3,1,66.6,48.4,1,0,75.7,71.6,Male,Information Technology,Placed
STU_07627,8.4,0,3,0,52.5,62.8,0,0,72.1,55.6,Female,Civil,Placed
STU_07628,7.79,0,4,0,92.6,85.3,1,1,72.1,69.6,Female,Civil,Placed
STU_07629,5.69,1,1,0,47.0,83.2,1,0,59.5,71.1,Male,Civil,Not Placed
STU_07630,7.69,1,3,2,36.5,60.9,0,1,85.8,89.1,Male,Information Technology,Placed
STU_07631,8.37,2,1,0,83.1,85.9,0,0,70.4,66.0,Female,Civil,Placed
STU_07632,6.45,0,2,0,48.1,72.5,0,1,61.3,73.9,Female,Electronics,Placed
STU_07633,8.27,2,3,0,88.8,79.9,1,1,81.2,87.2,Male,Civil,Placed
STU_07634,8.0,0,1,1,75.7,63.6,0,0,81.1,70.0,Female,Computer Science,Not Placed
STU_07635,9.15,1,1,1,74.2,75.5,0,0,86.5,65.8,Male,Mechanical,Placed
STU_07636,6.88,0,1,1,61.5,58.0,1,1,96.2,79.2,Male,Mechanical,Placed
STU_07637,6.2,1,2,0,57.6,65.4,1,1,78.4,83.7,Female,Computer Science,Placed
STU_07638,6.94,1,1,2,64.4,68.4,1,1,75.0,74.4,Female,Information Technology,Placed
STU_07639,8.74,0,1,1,56.8,73.7,1,1,74.1,82.0,Male,Information Technology,Placed
STU_07640,5.47,0,4,1,88.1,100.0,0,0,75.1,69.2,Male,Civil,Placed
STU_07641,5.23,1,1,2,58.9,100.0,0,1,70.6,53.4,Male,Civil,Placed
STU_07642,7.39,2,1,3,77.6,67.3,1,1,73.7,84.7,Male,Electronics,Placed
STU_07643,6.86,0,2,1,85.1,89.8,0,0,70.8,64.0,Male,Mechanical,Placed
STU_07644,7.31,0,3,2,56.8,58.7,0,1,67.6,68.4,Female,Civil,Placed
STU_07645,8.25,0,0,1,75.6,76.8,0,1,95.4,77.6,Female,Computer Science,Placed
STU_07646,6.75,2,2,0,56.6,63.8,0,0,91.9,85.7,Female,Information Technology,Placed
STU_07647,5.43,0,0,0,67.4,66.6,1,1,59.4,74.1,Female,Civil,Not Placed
STU_07648,9.34,0,2,1,63.1,100.0,0,1,81.2,69.5,Male,Information Technology,Placed
STU_07649,6.3,1,1,1,59.6,67.4,1,0,77.4,91.4,Male,Mechanical,Placed
STU_07650,6.24,1,1,1,72.4,64.2,1,1,79.4,71.7,Male,Electronics,Placed
STU_07651,8.4,0,2,2,51.8,60.0,1,1,63.5,72.2,Female,Information Technology,Placed
STU_07652,6.92,3,3,1,83.9,62.8,0,1,59.5,57.7,Male,Information Technology,Not Placed
STU_07653,7.24,1,2,0,53.8,54.9,0,0,77.4,76.3,Male,Civil,Placed
STU_07654,7.78,1,3,0,51.0,74.7,1,1,74.3,90.9,Female,Civil,Placed
STU_07655,8.38,0,2,3,66.2,74.5,1,0,72.5,59.0,Male,Mechanical,Placed
STU_07656,6.97,2,0,2,64.4,76.1,0,1,75.9,67.2,Male,Electronics,Placed
STU_07657,8.82,0,1,1,75.3,71.9,0,1,84.0,74.6,Male,Civil,Placed
STU_07658,5.16,0,3,2,71.3,65.2,0,1,86.8,80.9,Male,Electronics,Placed
STU_07659,8.06,0,2,2,45.6,64.1,0,0,68.2,78.3,Female,Electronics,Placed
STU_07660,6.46,1,4,2,84.8,73.9,1,0,69.1,75.4,Female,Civil,Placed
STU_07661,8.67,1,1,0,65.8,71.4,0,0,79.5,67.7,Male,Information Technology,Placed
STU_07662,7.44,1,1,1,73.6,64.4,0,1,90.2,90.0,Female,Computer Science,Placed
STU_07663,6.63,0,1,0,100.0,68.6,0,1,75.9,51.8,Male,Mechanical,Placed
STU_07664,7.96,1,1,3,89.3,90.5,1,0,79.4,87.5,Female,Electronics,Placed
STU_07665,8.19,1,1,3,73.2,95.6,1,1,64.4,97.3,Female,Information Technology,Placed
STU_07666,7.94,0,1,2,49.4,69.4,0,0,56.0,83.2,Male,Electronics,Placed
STU_07667,6.27,2,2,1,49.7,63.2,0,0,99.0,68.5,Female,Civil,Placed
STU_07668,6.82,0,1,1,87.4,71.5,1,0,80.8,78.2,Male,Mechanical,Placed
STU_07669,7.3,1,0,1,64.0,85.6,0,1,67.8,62.2,Female,Mechanical,Placed
STU_07670,7.26,0,2,0,67.5,71.5,1,1,56.6,64.5,Male,Information Technology,Placed
STU_07671,8.05,1,2,1,52.8,76.3,1,0,92.5,80.9,Female,Electronics,Placed
STU_07672,5.29,3,2,0,76.7,64.1,0,1,68.6,81.4,Female,Information Technology,Placed
STU_07673,7.63,3,2,3,,58.0,0,0,68.5,79.0,Female,Civil,Placed
STU_07674,7.01,0,3,1,92.9,81.1,0,1,70.8,61.9,Male,Computer Science,Placed
STU_07675,6.46,0,2,2,63.3,74.3,1,0,79.4,99.0,Male,Civil,Placed
STU_07676,6.56,0,3,1,79.7,79.9,1,1,84.4,81.3,Male,Electronics,Placed
STU_07677,7.09,2,2,0,68.6,51.5,1,1,75.0,73.7,Male,Computer Science,Placed
STU_07678,5.0,1,1,0,83.2,94.0,0,0,67.5,75.9,Male,Computer Science,Placed
STU_07679,6.6,0,1,3,69.9,75.0,0,1,99.0,68.3,Male,Computer Science,Placed
STU_07680,6.42,0,2,2,57.6,50.3,1,1,73.1,65.5,Female,Civil,Placed
STU_07681,7.83,2,2,0,89.8,83.8,0,1,78.1,99.0,Female,Electronics,Placed
STU_07682,6.49,1,2,0,71.5,67.5,1,1,63.0,65.7,Female,Computer Science,Placed
STU_07683,7.08,0,1,1,64.7,72.4,1,0,83.8,67.7,Male,Information Technology,Placed
STU_07684,8.84,0,2,0,72.7,66.3,1,1,88.9,71.4,Male,Computer Science,Placed
STU_07685,8.29,0,2,0,59.0,70.8,0,1,69.4,67.2,Male,Civil,Placed
STU_07686,8.2,1,2,1,76.2,71.4,1,1,59.6,75.1,Male,Information Technology,Placed
STU_07687,6.8,2,2,1,67.1,52.0,1,0,74.2,70.3,Male,Electronics,Placed
STU_07688,7.84,2,4,1,58.1,82.4,1,0,97.0,73.6,Male,Electronics,Placed
STU_07689,7.07,1,1,2,100.0,73.4,0,0,71.6,71.5,Male,Civil,Placed
STU_07690,7.1,2,0,1,54.9,77.4,0,0,99.0,72.4,Male,Computer Science,Placed
STU_07691,7.71,0,3,2,75.3,81.8,1,1,72.4,58.1,Female,Electronics,Placed
STU_07692,6.7,0,1,0,70.9,73.5,0,0,59.8,71.6,Male,Mechanical,Placed
STU_07693,8.79,3,2,0,54.6,76.0,1,0,72.9,73.6,Male,Computer Science,Placed
STU_07694,7.14,0,1,0,64.9,54.4,0,0,59.3,72.0,Male,Information Technology,Placed
STU_07695,7.92,0,0,0,49.9,62.0,1,0,70.8,72.1,Male,Civil,Placed
STU_07696,8.76,3,1,3,100.0,73.0,0,0,81.8,85.1,Female,Civil,Placed
STU_07697,8.33,0,1,3,66.0,74.2,1,1,73.4,69.4,Female,Information Technology,Placed
STU_07698,5.89,1,0,2,67.3,76.8,0,1,89.0,86.1,Female,Computer Science,Placed
STU_07699,7.74,2,1,1,99.2,88.9,1,1,72.6,97.1,Female,Information Technology,Placed
STU_07700,8.15,1,2,2,57.6,70.9,0,1,63.1,67.9,Male,Information Technology,Placed
STU_07701,8.19,0,2,1,89.4,76.4,0,1,79.5,79.1,Female,Mechanical,Placed
STU_07702,6.19,0,3,0,78.9,72.7,1,0,76.5,77.7,Male,Information Technology,Placed
STU_07703,6.64,0,3,1,40.3,69.0,0,1,77.8,75.6,Female,Civil,Not Placed
STU_07704,8.29,0,1,1,64.4,69.5,1,1,65.3,57.2,Female,Electronics,Placed
STU_07705,6.54,1,3,0,76.5,62.6,0,1,80.7,84.8,Male,Computer Science,Placed
STU_07706,7.0,0,2,0,70.5,70.6,0,1,91.9,70.9,Female,Electronics,Placed
STU_07707,8.88,0,2,0,70.6,69.4,0,1,64.9,87.8,Male,Information Technology,Placed
STU_07708,7.25,1,2,1,60.9,70.2,0,1,58.9,74.8,Male,Information Technology,Placed
STU_07709,6.57,1,1,0,59.3,51.1,0,1,62.6,87.5,Female,Mechanical,Placed
STU_07710,6.42,2,2,1,65.4,70.8,0,1,77.7,80.6,Male,Civil,Placed
STU_07711,7.63,0,1,1,99.4,61.5,0,0,61.9,83.4,Male,Computer Science,Placed
STU_07712,5.97,2,0,0,56.4,71.3,0,0,81.3,81.9,Male,Information Technology,Placed
STU_07713,7.05,1,0,2,62.8,58.9,1,1,81.6,73.5,Male,Civil,Placed
STU_07714,7.63,0,1,1,70.4,72.6,1,1,81.7,71.0,Male,Electronics,Placed
STU_07715,8.6,0,3,0,48.1,68.4,0,0,99.0,79.9,Male,Computer Science,Placed
STU_07716,7.97,0,4,2,76.5,64.5,1,1,59.3,82.7,Male,Computer Science,Placed
STU_07717,6.59,1,1,0,50.7,75.5,0,0,60.9,74.9,Female,Mechanical,Placed
STU_07718,8.48,0,1,2,53.7,76.5,0,1,90.8,83.6,Male,Civil,Placed
STU_07719,7.0,2,1,1,53.0,71.4,1,0,83.3,66.9,Male,Computer Science,Placed
STU_07720,6.06,1,3,0,,78.8,0,1,89.5,77.8,Male,Electronics,Placed
STU_07721,7.13,2,1,1,89.0,67.0,0,0,57.6,87.6,Male,Electronics,Placed
STU_07722,8.74,0,3,0,77.8,76.8,0,1,64.4,77.8,Female,Information Technology,Placed
STU_07723,7.47,0,2,0,83.8,71.5,1,1,87.8,73.8,Male,Information Technology,Placed
STU_07724,7.31,0,3,0,82.5,60.0,0,0,76.3,85.0,Female,Electronics,Placed
STU_07725,8.94,0,2,0,67.5,62.4,0,0,91.1,92.3,Female,Civil,Placed
STU_07726,5.87,2,2,1,69.6,86.0,0,1,73.8,81.6,Male,Civil,Placed
STU_07727,6.01,0,2,2,85.2,90.9,0,1,75.9,57.6,Female,Electronics,Placed
STU_07728,5.68,0,3,2,94.6,80.6,1,1,99.0,66.5,Male,Electronics,Placed
STU_07729,7.67,0,3,0,51.1,65.0,1,1,67.6,86.2,Male,Information Technology,Placed
STU_07730,7.47,0,2,1,100.0,89.1,0,0,85.4,69.8,Female,Electronics,Placed
STU_07731,8.84,2,2,0,50.3,79.4,0,1,62.3,76.0,Female,Information Technology,Placed
STU_07732,7.54,1,3,1,63.1,76.0,0,1,69.3,69.4,Male,Information Technology,Placed
STU_07733,6.9,1,3,2,71.1,94.1,1,1,85.4,84.6,Male,Information Technology,Placed
STU_07734,7.3,0,2,0,,61.7,0,1,63.9,80.8,Female,Mechanical,Not Placed
STU_07735,7.42,2,0,3,99.5,81.3,1,1,86.8,68.0,Male,Civil,Placed
STU_07736,5.63,1,0,2,85.2,62.2,0,1,75.8,84.4,Male,Electronics,Placed
STU_07737,10.0,0,3,2,76.2,64.7,0,1,68.2,85.1,Male,Mechanical,Placed
STU_07738,7.82,0,0,1,85.5,100.0,1,1,76.9,81.6,Male,Information Technology,Placed
STU_07739,7.51,2,1,2,75.2,78.0,0,1,72.1,77.7,Male,Mechanical,Placed
STU_07740,7.92,1,1,3,59.9,94.2,1,1,70.9,99.0,Male,Mechanical,Placed
STU_07741,8.01,1,2,2,77.3,78.5,1,0,73.1,59.5,Male,Civil,Placed
STU_07742,7.16,0,2,0,71.0,76.8,0,1,64.1,71.9,Male,Computer Science,Placed
STU_07743,6.67,0,1,1,57.4,64.5,0,1,60.4,75.1,Female,Information Technology,Placed
STU_07744,7.9,1,1,0,88.9,83.7,0,1,56.7,89.0,Female,Mechanical,Not Placed
STU_07745,7.69,1,2,3,69.2,72.3,1,1,83.0,72.2,Male,Electronics,Placed
STU_07746,6.49,1,3,2,53.2,73.0,1,0,82.3,87.6,Male,Computer Science,Not Placed
STU_07747,8.72,1,0,1,55.6,68.9,1,1,70.1,68.8,Female,Computer Science,Placed
STU_07748,7.59,0,0,2,78.0,70.8,0,1,76.7,80.2,Male,Mechanical,Placed
STU_07749,8.03,1,2,2,85.7,72.3,0,0,91.9,84.7,Male,Computer Science,Placed
STU_07750,8.69,2,3,0,77.2,73.5,1,1,71.7,68.4,Male,Computer Science,Placed
STU_07751,7.32,2,2,1,77.3,71.4,1,0,75.3,83.7,Female,Mechanical,Placed
STU_07752,7.62,0,2,1,57.8,53.3,0,0,97.4,91.0,Male,Civil,Placed
STU_07753,8.11,0,3,2,71.4,78.5,1,1,81.9,74.2,Male,Electronics,Placed
STU_07754,6.58,2,1,0,65.0,70.5,1,1,87.1,64.4,Female,Information Technology,Placed
STU_07755,7.35,1,0,1,,32.2,1,0,85.1,71.9,Male,Civil,Placed
STU_07756,7.43,1,2,1,68.3,52.9,0,1,83.1,74.3,Male,Information Technology,Placed
STU_07757,6.34,2,3,0,60.1,66.3,0,1,70.7,85.9,Male,Mechanical,Placed
STU_07758,9.62,1,2,0,81.3,87.3,0,1,68.3,65.4,Male,Information Technology,Placed
STU_07759,5.89,1,4,0,54.9,79.3,1,1,84.7,82.4,Female,Civil,Placed
STU_07760,6.0,0,2,0,50.5,63.8,0,1,83.2,81.5,Female,Electronics,Placed
STU_07761,8.61,0,2,1,58.2,69.7,0,0,80.3,80.5,Female,Civil,Placed
STU_07762,8.01,0,0,1,83.3,85.3,1,1,80.9,88.6,Female,Computer Science,Placed
STU_07763,6.27,2,0,0,75.1,64.6,1,1,70.3,78.2,Male,Computer Science,Not Placed
STU_07764,7.91,0,2,1,43.3,59.0,0,0,66.2,69.1,Male,Civil,Placed
STU_07765,8.77,1,1,1,79.0,82.6,0,1,70.7,74.6,Male,Computer Science,Placed
STU_07766,7.27,2,0,0,69.3,85.4,1,1,75.5,75.8,Male,Civil,Placed
STU_07767,9.9,1,3,1,63.7,64.7,1,1,72.1,69.8,Female,Civil,Placed
STU_07768,5.58,1,3,2,66.4,77.9,1,1,93.7,59.2,Male,Electronics,Placed
STU_07769,7.99,0,1,0,50.0,71.5,0,1,92.8,76.5,Male,Electronics,Placed
STU_07770,8.47,2,2,0,72.6,64.9,0,1,86.5,77.8,Male,Electronics,Placed
STU_07771,,0,0,3,51.0,86.0,1,0,90.2,74.6,Male,Computer Science,Placed
STU_07772,7.1,0,1,1,64.7,64.0,1,1,65.1,75.6,Male,Computer Science,Placed
STU_07773,7.01,0,2,1,64.8,81.1,0,1,85.2,65.2,Female,Information Technology,Placed
STU_07774,7.74,0,2,1,81.5,72.8,1,1,77.6,48.7,Male,Civil,Placed
STU_07775,8.12,0,0,2,70.6,69.9,1,1,73.4,72.2,Male,Civil,Placed
STU_07776,7.9,1,1,2,80.6,65.3,0,1,75.2,60.3,Male,Electronics,Placed
STU_07777,8.34,0,1,0,52.1,60.2,1,0,75.3,79.0,Female,Computer Science,Placed
STU_07778,6.28,1,4,1,68.4,69.0,0,1,74.2,63.2,Female,Electronics,Placed
STU_07779,7.07,0,2,1,78.0,65.9,0,1,71.8,74.5,Female,Computer Science,Placed
STU_07780,6.36,0,1,0,88.6,73.1,0,1,64.6,71.8,Female,Computer Science,Placed
STU_07781,6.91,1,0,2,52.9,57.6,0,1,62.3,66.9,Female,Civil,Placed
STU_07782,8.32,2,2,1,57.4,70.2,0,1,82.0,86.0,Male,Computer Science,Placed
STU_07783,7.41,2,2,0,77.6,76.9,1,1,50.0,62.5,Female,Computer Science,Placed
STU_07784,9.91,3,3,2,94.2,63.9,1,1,97.5,49.1,Female,Civil,Placed
STU_07785,7.49,1,1,0,74.3,80.9,0,0,71.8,61.6,Male,Information Technology,Not Placed
STU_07786,7.36,1,4,0,53.4,82.2,0,0,60.0,91.8,Female,Civil,Placed
STU_07787,7.41,1,1,1,53.6,57.5,0,1,83.2,72.0,Male,Computer Science,Placed
STU_07788,6.66,1,1,0,72.0,62.9,0,1,76.6,86.9,Male,Computer Science,Placed
STU_07789,7.24,0,1,2,75.4,55.9,1,1,68.5,74.8,Male,Computer Science,Placed
STU_07790,8.43,1,2,0,66.7,77.1,0,1,72.3,88.2,Female,Computer Science,Placed
STU_07791,7.41,0,3,0,53.8,73.5,0,0,77.1,66.0,Male,Computer Science,Placed
STU_07792,6.51,0,2,0,86.5,52.8,1,0,88.8,78.1,Male,Civil,Placed
STU_07793,6.37,1,2,1,64.8,64.2,1,0,51.6,83.8,Male,Information Technology,Placed
STU_07794,6.85,0,1,0,77.9,75.7,0,0,81.2,61.1,Female,Civil,Placed
STU_07795,7.37,0,0,1,43.4,73.4,0,0,94.5,63.7,Male,Civil,Not Placed
STU_07796,8.49,0,2,2,88.0,86.5,1,1,69.9,72.2,Male,Electronics,Placed
STU_07797,5.96,3,2,2,59.7,58.2,1,1,85.5,80.2,Male,Computer Science,Placed
STU_07798,6.98,0,2,1,90.2,71.9,1,1,84.7,66.3,Male,Computer Science,Placed
STU_07799,7.44,0,1,1,79.2,60.0,0,1,96.8,87.5,Male,Mechanical,Placed
STU_07800,5.47,2,0,1,48.6,73.3,1,0,80.3,85.5,Female,Computer Science,Placed
STU_07801,6.47,1,1,1,73.7,69.8,1,1,85.0,74.3,Female,Information Technology,Not Placed
STU_07802,6.62,0,3,2,94.8,75.3,1,0,88.7,79.9,Female,Civil,Placed
STU_07803,6.5,0,2,2,61.0,67.1,0,1,84.2,83.0,Male,Information Technology,Placed
STU_07804,7.49,0,1,2,94.9,81.1,1,1,69.1,84.4,Male,Mechanical,Placed
STU_07805,7.14,0,1,2,75.8,63.4,0,0,70.7,80.5,Male,Computer Science,Placed
STU_07806,6.74,0,0,0,90.1,59.8,0,1,80.7,68.6,Female,Mechanical,Placed
STU_07807,7.73,0,2,1,72.4,74.7,0,1,86.7,56.9,Male,Electronics,Placed
STU_07808,9.02,2,2,2,,94.2,0,1,81.4,76.8,Male,Electronics,Placed
STU_07809,8.94,1,4,2,97.6,53.7,0,0,67.6,88.7,Male,Mechanical,Placed
STU_07810,5.38,1,2,2,80.8,58.3,1,1,75.5,89.6,Male,Mechanical,Placed
STU_07811,7.88,0,1,1,66.5,74.8,1,1,64.1,78.5,Female,Computer Science,Not Placed
STU_07812,7.12,0,2,1,76.4,85.5,0,1,83.9,70.0,Male,Information Technology,Placed
STU_07813,7.46,2,2,0,61.5,75.7,1,1,97.8,85.1,Male,Computer Science,Placed
STU_07814,6.9,0,0,1,71.6,64.7,0,1,83.3,62.9,Male,Mechanical,Placed
STU_07815,7.42,2,3,1,87.9,77.0,1,1,58.4,68.2,Female,Civil,Placed
STU_07816,7.45,1,3,3,67.6,78.2,0,1,79.1,59.3,Male,Mechanical,Placed
STU_07817,6.72,2,2,2,56.9,63.8,0,1,77.9,86.0,Female,Electronics,Not Placed
STU_07818,6.4,0,2,2,55.5,81.9,1,1,72.7,57.0,Male,Electronics,Placed
STU_07819,6.85,0,2,0,71.1,71.6,0,1,57.6,79.5,Female,Civil,Placed
STU_07820,7.53,1,2,1,57.9,51.0,0,1,82.8,99.0,Female,Computer Science,Placed
STU_07821,7.9,1,0,1,48.5,70.4,0,1,87.5,79.4,Male,Electronics,Placed
STU_07822,8.15,0,0,0,52.0,65.2,1,1,69.2,64.3,Female,Electronics,Not Placed
STU_07823,6.81,3,1,0,87.6,87.7,0,0,69.1,70.4,Male,Information Technology,Placed
STU_07824,7.58,0,2,2,67.9,56.1,0,1,74.8,58.4,Male,Civil,Placed
STU_07825,8.26,0,1,0,70.9,66.2,0,1,95.4,65.2,Female,Electronics,Placed
STU_07826,,1,2,0,55.5,75.1,0,1,75.2,67.1,Male,Electronics,Placed
STU_07827,7.24,1,2,1,61.3,100.0,0,1,70.3,65.8,Male,Electronics,Placed
STU_07828,7.08,3,1,2,60.8,95.5,1,1,74.0,76.5,Male,Computer Science,Placed
STU_07829,7.49,0,2,2,65.8,71.5,0,1,83.8,48.0,Male,Civil,Placed
STU_07830,6.15,0,1,3,45.1,76.2,0,1,57.8,61.3,Female,Information Technology,Not Placed
STU_07831,7.11,1,1,2,86.3,79.2,0,1,75.7,81.3,Female,Electronics,Placed
STU_07832,8.04,0,1,1,69.8,59.9,1,1,74.5,98.1,Male,Information Technology,Placed
STU_07833,7.94,0,4,2,73.0,72.1,0,1,76.9,79.7,Female,Information Technology,Placed
STU_07834,7.03,1,2,1,83.7,88.3,1,0,71.0,65.8,Female,Information Technology,Placed
STU_07835,7.52,0,0,0,82.6,73.7,0,1,64.7,84.3,Male,Civil,Placed
STU_07836,6.48,1,4,1,61.4,95.4,1,1,87.3,87.0,Male,Civil,Placed
STU_07837,8.0,0,2,2,79.1,66.7,0,1,59.6,66.7,Male,Civil,Placed
STU_07838,7.22,1,0,2,78.9,70.9,0,1,93.6,65.5,Female,Mechanical,Placed
STU_07839,7.02,1,0,0,74.7,71.0,1,1,81.5,92.7,Male,Information Technology,Placed
STU_07840,6.94,0,1,1,85.9,56.4,1,0,84.8,63.1,Female,Mechanical,Placed
STU_07841,7.24,0,2,2,82.0,85.3,1,1,78.6,94.3,Female,Computer Science,Placed
STU_07842,6.85,0,2,0,80.9,68.0,0,0,89.8,81.2,Female,Information Technology,Placed
STU_07843,7.96,0,1,2,90.5,75.1,0,0,83.4,89.1,Female,Electronics,Placed
STU_07844,6.9,1,1,1,70.4,64.8,1,0,91.0,86.2,Male,Information Technology,Not Placed
STU_07845,8.89,3,1,0,70.9,92.7,0,0,86.5,86.5,Female,Civil,Placed
STU_07846,8.77,1,0,1,82.3,86.8,0,1,89.2,62.4,Female,Information Technology,Placed
STU_07847,6.41,1,2,1,67.3,72.7,1,0,70.9,83.0,Male,Computer Science,Placed
STU_07848,7.37,0,1,2,77.2,57.3,0,1,74.2,89.0,Female,Civil,Placed
STU_07849,6.65,0,2,2,61.6,80.9,0,0,78.2,72.4,Female,Civil,Placed
STU_07850,6.97,2,3,1,35.8,85.0,1,1,78.0,53.1,Female,Civil,Placed
STU_07851,9.3,3,0,2,79.0,60.9,1,1,83.8,60.6,Female,Electronics,Placed
STU_07852,6.99,1,0,1,46.8,70.3,0,0,70.5,57.7,Male,Computer Science,Placed
STU_07853,7.66,0,0,0,59.5,72.9,0,0,77.9,70.8,Male,Mechanical,Not Placed
STU_07854,7.84,1,2,1,82.3,85.0,0,0,84.3,59.6,Female,Electronics,Placed
STU_07855,6.3,0,2,1,82.5,70.2,0,1,58.8,68.1,Male,Mechanical,Placed
STU_07856,6.44,1,2,0,87.6,83.5,1,0,88.6,97.3,Female,Civil,Placed
STU_07857,6.09,2,2,0,39.7,62.7,0,0,98.4,84.3,Male,Civil,Placed
STU_07858,6.41,0,1,3,74.4,59.3,0,1,68.8,81.8,Female,Mechanical,Placed
STU_07859,5.0,3,1,1,66.1,94.0,0,0,92.8,87.5,Male,Information Technology,Placed
STU_07860,7.84,3,1,0,84.8,56.3,0,1,80.3,60.9,Male,Computer Science,Placed
STU_07861,9.35,2,2,0,92.1,63.0,0,0,69.1,64.6,Female,Information Technology,Placed
STU_07862,7.45,1,1,0,50.4,81.4,0,1,86.3,76.1,Female,Civil,Placed
STU_07863,5.88,0,2,1,70.2,65.6,1,1,97.4,67.7,Male,Mechanical,Placed
STU_07864,6.66,1,2,0,82.5,65.3,0,0,74.0,70.9,Male,Electronics,Placed
STU_07865,6.84,0,1,0,64.9,69.6,0,0,67.3,81.8,Female,Civil,Placed
STU_07866,6.28,0,2,0,96.2,46.1,0,1,55.7,85.4,Female,Civil,Not Placed
STU_07867,8.16,0,4,1,64.0,85.4,1,1,76.6,80.9,Male,Electronics,Placed
STU_07868,8.11,1,0,0,65.5,74.1,0,1,79.6,87.6,Female,Information Technology,Placed
STU_07869,6.14,0,1,0,53.9,62.3,0,0,96.1,48.0,Male,Information Technology,Placed
STU_07870,8.03,0,1,0,72.3,51.4,0,1,96.6,97.2,Female,Information Technology,Placed
STU_07871,8.83,0,2,0,24.7,55.6,1,1,71.4,84.0,Male,Civil,Placed
STU_07872,9.2,1,1,0,66.3,52.9,0,1,86.1,71.1,Male,Computer Science,Placed
STU_07873,10.0,1,3,1,89.0,74.7,0,1,66.5,58.8,Female,Mechanical,Placed
STU_07874,6.4,0,2,1,49.0,74.8,0,1,78.7,73.1,Female,Mechanical,Placed
STU_07875,10.0,3,3,0,45.7,79.3,0,1,76.7,66.2,Male,Computer Science,Placed
STU_07876,6.95,0,1,2,86.7,80.8,0,1,69.2,88.3,Male,Information Technology,Placed
STU_07877,6.71,1,3,1,88.8,79.5,1,1,76.8,82.5,Male,Mechanical,Placed
STU_07878,7.63,1,1,0,49.7,90.5,1,1,86.4,67.9,Male,Information Technology,Placed
STU_07879,6.72,1,1,0,96.0,86.3,1,1,89.0,59.6,Female,Civil,Placed
STU_07880,7.7,0,3,3,76.5,83.5,1,1,76.6,72.3,Male,Computer Science,Placed
STU_07881,5.98,2,0,3,85.7,74.8,0,0,77.1,86.0,Male,Mechanical,Placed
STU_07882,7.06,2,3,0,58.1,80.6,0,1,59.6,81.0,Female,Civil,Placed
STU_07883,8.59,1,2,0,92.3,67.1,1,1,80.7,59.6,Male,Computer Science,Placed
STU_07884,7.24,1,4,1,66.0,69.3,0,1,75.3,69.2,Male,Civil,Placed
STU_07885,7.44,0,2,1,65.3,92.7,1,1,77.1,85.8,Male,Civil,Placed
STU_07886,7.78,1,2,1,77.2,65.3,1,1,73.2,73.6,Female,Electronics,Placed
STU_07887,8.47,0,0,1,64.1,64.4,0,0,68.5,74.4,Male,Information Technology,Placed
STU_07888,5.64,1,2,0,47.2,67.7,1,0,69.3,95.8,Female,Mechanical,Placed
STU_07889,7.88,0,2,0,72.0,65.4,0,1,71.2,63.3,Female,Civil,Placed
STU_07890,7.03,1,2,1,65.2,66.4,0,1,64.7,87.4,Female,Civil,Placed
STU_07891,7.47,0,1,2,58.5,74.9,1,1,80.9,70.3,Male,Civil,Placed
STU_07892,8.36,0,1,0,88.6,75.3,0,0,83.6,71.0,Female,Computer Science,Placed
STU_07893,6.11,0,1,1,100.0,82.9,0,0,76.6,77.0,Male,Electronics,Placed
STU_07894,6.29,0,0,1,56.2,98.3,0,1,79.8,78.5,Female,Mechanical,Placed
STU_07895,5.36,1,1,0,73.0,67.6,0,1,75.7,81.7,Male,Information Technology,Placed
STU_07896,6.75,1,3,2,64.0,71.2,0,1,89.4,73.3,Male,Electronics,Placed
STU_07897,8.63,1,1,1,100.0,49.9,1,1,78.5,82.4,Female,Computer Science,Placed
STU_07898,7.18,1,1,1,77.4,56.5,1,1,80.8,76.5,Female,Electronics,Placed
STU_07899,5.96,1,4,1,83.9,70.2,1,1,86.0,69.0,Male,Computer Science,Placed
STU_07900,6.81,0,0,0,,77.6,0,1,77.8,61.3,Male,Computer Science,Placed
STU_07901,5.81,0,2,1,72.0,77.9,0,0,91.9,82.0,Female,Electronics,Placed
STU_07902,6.17,0,2,1,67.2,79.4,0,1,71.4,78.4,Female,Mechanical,Placed
STU_07903,7.69,1,2,0,92.8,87.1,1,0,95.3,67.7,Male,Computer Science,Placed
STU_07904,6.13,0,2,1,81.7,92.5,0,1,76.0,59.4,Male,Information Technology,Placed
STU_07905,8.41,0,2,0,57.3,69.1,0,0,71.5,68.6,Male,Mechanical,Placed
STU_07906,7.23,1,0,0,59.1,62.4,0,1,62.3,53.5,Male,Civil,Placed
STU_07907,7.39,2,2,2,64.2,79.9,0,1,86.7,85.7,Male,Mechanical,Placed
STU_07908,7.02,1,2,0,87.4,83.2,1,1,74.3,73.8,Male,Civil,Placed
STU_07909,8.07,1,0,1,92.1,73.6,0,0,79.4,77.9,Female,Mechanical,Placed
STU_07910,8.08,1,0,2,100.0,69.9,1,1,80.6,70.5,Male,Mechanical,Placed
STU_07911,7.64,1,3,0,59.4,66.0,1,1,73.1,94.5,Male,Electronics,Placed
STU_07912,7.86,1,2,1,72.1,71.5,1,0,88.7,82.7,Female,Mechanical,Placed
STU_07913,7.09,2,1,1,64.0,80.3,0,1,82.5,70.9,Male,Mechanical,Placed
STU_07914,7.84,0,3,1,67.3,64.0,0,1,69.5,71.2,Male,Electronics,Placed
STU_07915,6.96,0,2,1,83.9,62.4,1,1,64.6,68.1,Female,Civil,Placed
STU_07916,7.3,0,4,1,69.3,79.2,1,1,85.8,73.4,Male,Information Technology,Placed
STU_07917,7.03,1,3,0,89.7,61.8,1,0,75.6,79.2,Male,Mechanical,Placed
STU_07918,6.84,2,2,0,62.3,73.8,0,1,85.0,78.8,Male,Civil,Placed
STU_07919,6.61,0,2,1,81.1,73.2,0,0,75.5,72.0,Male,Civil,Placed
STU_07920,7.77,0,2,0,63.4,72.0,0,1,80.1,91.0,Female,Civil,Placed
STU_07921,8.61,2,3,2,42.4,64.3,0,1,86.1,52.9,Male,Electronics,Placed
STU_07922,8.47,1,2,1,54.7,92.8,0,0,63.0,68.5,Female,Information Technology,Placed
STU_07923,6.04,1,1,0,71.9,76.8,1,0,94.9,82.6,Female,Information Technology,Placed
STU_07924,8.59,2,1,0,98.8,65.8,0,1,81.8,90.5,Male,Civil,Placed
STU_07925,6.98,1,1,0,63.1,76.0,0,1,57.6,77.2,Female,Information Technology,Not Placed
STU_07926,7.9,1,3,1,67.5,94.0,0,1,91.5,91.5,Male,Information Technology,Placed
STU_07927,6.39,0,3,2,77.3,73.1,0,1,87.9,93.8,Male,Mechanical,Placed
STU_07928,7.44,0,2,0,61.0,90.4,0,1,76.1,71.1,Female,Electronics,Placed
STU_07929,7.61,0,2,0,62.7,58.2,1,1,92.0,65.7,Male,Mechanical,Placed
STU_07930,5.82,1,3,0,71.1,61.8,1,1,71.6,65.5,Male,Electronics,Placed
STU_07931,7.91,3,1,0,63.5,46.3,0,0,76.7,59.3,Male,Civil,Not Placed
STU_07932,8.65,3,0,1,43.3,95.7,1,1,99.0,61.5,Female,Computer Science,Not Placed
STU_07933,7.13,2,2,1,60.2,51.6,0,1,83.2,64.6,Male,Mechanical,Placed
STU_07934,8.66,0,3,0,79.2,74.1,1,0,88.8,62.2,Female,Information Technology,Placed
STU_07935,7.11,3,2,1,79.7,92.9,0,1,86.2,86.3,Male,Mechanical,Placed
STU_07936,8.15,1,1,0,90.0,83.7,0,1,64.1,70.1,Male,Computer Science,Placed
STU_07937,5.08,0,0,0,88.8,76.5,0,1,81.0,59.7,Male,Computer Science,Placed
STU_07938,9.72,1,2,0,56.5,87.4,0,1,80.1,70.7,Male,Electronics,Placed
STU_07939,,0,3,1,58.8,64.0,0,1,89.9,77.8,Male,Information Technology,Placed
STU_07940,7.02,0,2,1,59.5,78.2,1,0,93.0,72.1,Male,Information Technology,Not Placed
STU_07941,5.33,2,1,0,67.7,70.6,0,1,90.9,72.6,Female,Information Technology,Placed
STU_07942,7.59,1,0,0,60.7,70.4,0,1,73.3,54.9,Male,Computer Science,Placed
STU_07943,,0,3,0,67.4,74.3,1,1,63.6,85.0,Female,Electronics,Placed
STU_07944,7.74,1,1,0,56.9,86.1,1,1,83.0,71.1,Male,Civil,Placed
STU_07945,7.71,2,1,1,81.8,90.8,0,1,77.1,60.7,Female,Electronics,Placed
STU_07946,6.36,1,3,0,55.8,68.8,0,0,67.5,73.8,Male,Civil,Not Placed
STU_07947,8.42,0,4,1,55.0,58.9,1,1,71.0,69.5,Male,,Placed
STU_07948,8.11,0,2,0,77.8,62.2,1,1,77.4,76.3,Male,Mechanical,Placed
STU_07949,8.28,0,2,1,80.8,95.4,1,1,80.6,99.0,Male,Civil,Placed
STU_07950,7.31,3,1,1,66.6,89.8,0,1,72.4,66.8,Male,Mechanical,Placed
STU_07951,5.88,0,0,1,83.0,58.9,0,1,77.8,83.2,Male,Mechanical,Not Placed
STU_07952,8.28,1,1,0,82.0,91.9,0,1,77.3,71.4,Male,Electronics,Placed
STU_07953,7.03,1,2,0,98.5,63.5,0,1,80.7,70.7,Female,Electronics,Placed
STU_07954,5.91,2,1,0,81.0,80.0,1,0,68.2,88.8,Female,Civil,Placed
STU_07955,8.65,1,3,1,95.6,63.5,1,1,71.0,77.0,Female,Mechanical,Placed
STU_07956,9.4,1,1,0,70.9,98.0,1,1,91.5,92.7,Male,Computer Science,Placed
STU_07957,7.26,0,2,0,91.0,65.2,0,0,75.4,74.4,Male,Electronics,Placed
STU_07958,9.46,0,2,2,91.3,59.4,0,0,82.8,90.0,Female,Information Technology,Placed
STU_07959,7.39,2,2,0,67.9,66.5,1,0,65.8,71.3,Female,Computer Science,Not Placed
STU_07960,6.92,2,1,2,59.7,100.0,1,1,89.9,67.5,Female,Computer Science,Placed
STU_07961,6.67,2,3,2,62.3,75.1,0,1,89.5,79.8,Male,Civil,Placed
STU_07962,8.94,2,1,2,76.2,59.7,1,1,81.0,76.3,Female,Information Technology,Placed
STU_07963,6.52,2,2,2,52.8,62.5,0,1,71.9,60.3,Male,Information Technology,Placed
STU_07964,8.04,1,2,0,63.2,51.0,0,1,63.6,77.2,Male,Information Technology,Placed
STU_07965,6.74,2,0,0,88.0,78.5,0,1,99.0,66.6,Male,Electronics,Placed
STU_07966,6.84,1,2,0,80.0,57.0,0,1,73.9,84.0,Male,Information Technology,Placed
STU_07967,,0,2,0,34.7,85.3,0,0,63.7,67.7,Male,Computer Science,Placed
STU_07968,6.92,0,3,0,50.0,81.5,1,0,72.0,71.0,Male,Civil,Placed
STU_07969,6.9,3,3,2,100.0,70.8,1,0,82.0,63.7,Male,Electronics,Placed
STU_07970,8.43,0,1,0,87.7,86.8,0,1,65.5,86.0,Male,Mechanical,Placed
STU_07971,8.9,2,0,0,61.3,83.1,1,1,72.1,79.7,Female,Information Technology,Placed
STU_07972,7.94,0,1,1,47.7,73.9,0,1,63.6,99.0,Male,,Placed
STU_07973,6.65,0,4,0,51.3,62.8,1,1,92.4,88.9,Female,Civil,Placed
STU_07974,6.79,0,0,0,77.6,77.0,0,1,77.2,70.1,Female,Mechanical,Placed
STU_07975,7.38,0,2,0,99.7,76.9,0,1,63.5,57.9,Female,Computer Science,Placed
STU_07976,7.62,0,2,2,98.7,77.9,1,1,69.0,68.1,Male,Information Technology,Placed
STU_07977,6.31,0,2,1,46.4,72.9,1,1,71.5,73.3,Male,Information Technology,Placed
STU_07978,8.02,2,1,1,65.6,75.9,0,1,78.2,55.2,Male,Civil,Placed
STU_07979,7.39,0,1,0,57.1,75.6,1,1,68.9,65.7,Male,Electronics,Placed
STU_07980,5.58,0,1,2,72.1,88.3,0,1,74.3,86.2,Female,Electronics,Placed
STU_07981,6.37,0,0,0,50.0,56.7,1,1,71.6,65.6,Female,Mechanical,Placed
STU_07982,6.8,1,0,1,,60.0,1,1,63.6,65.4,Male,Information Technology,Placed
STU_07983,7.23,1,0,3,57.0,72.9,0,1,68.8,80.7,Female,Civil,Placed
STU_07984,9.19,1,2,1,77.9,62.9,1,1,70.3,69.0,Female,Electronics,Placed
STU_07985,7.54,0,1,1,,74.5,0,1,65.8,75.1,Female,Information Technology,Placed
STU_07986,6.46,0,1,0,64.4,58.6,0,1,63.6,79.3,Female,Electronics,Placed
STU_07987,7.52,1,1,0,77.7,60.5,0,1,72.0,68.2,Male,Computer Science,Placed
STU_07988,6.95,2,1,2,94.6,96.7,1,1,86.6,83.5,Female,Computer Science,Placed
STU_07989,7.62,0,1,0,100.0,69.2,0,1,76.5,82.6,Female,Information Technology,Placed
STU_07990,7.88,1,1,2,76.8,57.9,0,0,50.0,78.6,Female,Information Technology,Not Placed
STU_07991,8.51,0,2,1,68.7,70.6,1,1,88.1,91.6,Female,Information Technology,Placed
STU_07992,7.28,0,0,1,89.7,84.4,1,1,71.1,84.7,Male,Mechanical,Placed
STU_07993,8.94,1,3,1,87.5,86.5,1,0,92.4,72.0,Male,Civil,Placed
STU_07994,8.21,1,0,0,83.2,54.5,1,1,86.1,66.6,Male,Mechanical,Placed
STU_07995,6.59,0,3,0,46.3,62.8,0,1,74.9,76.7,Male,Computer Science,Placed
STU_07996,9.51,0,3,0,88.1,74.7,1,1,76.0,74.2,Male,Computer Science,Placed
STU_07997,7.63,3,2,0,75.4,71.6,1,1,66.6,74.4,Female,Computer Science,Placed
STU_07998,6.46,2,3,2,56.6,52.8,1,1,84.5,68.8,Male,Electronics,Placed
STU_07999,8.95,2,0,0,59.9,54.7,0,1,94.2,75.5,Male,Computer Science,Placed
STU_08000,9.38,1,1,1,78.7,59.2,0,1,70.7,92.2,Female,Computer Science,Placed
STU_08001,7.27,1,1,0,32.3,50.7,0,1,72.0,82.6,Female,Electronics,Not Placed
STU_08002,6.8,0,1,1,68.1,66.5,1,1,97.7,76.5,Female,Information Technology,Placed
STU_08003,7.13,0,1,1,60.2,86.3,0,1,78.9,88.6,Male,Civil,Placed
STU_08004,8.01,0,2,1,58.6,64.0,0,0,62.8,83.0,Male,Electronics,Placed
STU_08005,8.58,1,0,2,63.1,85.0,1,1,64.4,71.4,Female,Mechanical,Placed
STU_08006,7.87,0,1,2,47.8,72.4,1,1,95.0,74.4,Male,Computer Science,Not Placed
STU_08007,7.4,2,1,1,85.8,69.8,0,0,82.7,84.9,Female,Civil,Placed
STU_08008,8.8,0,2,2,38.1,52.0,0,1,67.5,77.6,Male,Electronics,Placed
STU_08009,6.99,0,4,1,72.5,86.0,1,1,81.4,79.7,Male,Electronics,Placed
STU_08010,8.33,0,2,2,57.3,73.4,0,1,69.7,61.2,Male,Civil,Placed
STU_08011,7.01,0,1,1,99.8,52.8,1,1,58.8,69.2,Male,Civil,Placed
STU_08012,7.73,0,1,0,70.3,76.6,1,1,74.5,74.4,Female,Civil,Placed
STU_08013,7.19,0,2,3,38.2,64.9,1,1,77.9,87.4,Male,Mechanical,Placed
STU_08014,7.24,0,0,0,78.2,72.7,0,1,62.3,95.8,Male,Computer Science,Placed
STU_08015,6.92,1,4,0,53.6,74.9,0,0,65.4,65.1,Male,Electronics,Not Placed
STU_08016,8.64,1,1,0,84.8,86.6,1,1,68.0,68.2,Male,Electronics,Placed
STU_08017,6.57,0,1,0,79.3,58.5,0,1,76.0,79.9,Female,Civil,Placed
STU_08018,6.56,1,4,0,92.1,78.9,1,0,79.3,98.4,Male,Civil,Placed
STU_08019,9.42,1,3,1,72.8,87.9,0,1,63.6,64.0,Male,Civil,Placed
STU_08020,8.28,0,2,3,,100.0,1,1,72.2,53.4,Female,Computer Science,Placed
STU_08021,5.0,2,0,0,70.6,84.6,0,1,73.3,76.8,Male,Information Technology,Placed
STU_08022,6.73,1,2,2,61.2,76.3,0,1,60.6,60.2,Female,Mechanical,Placed
STU_08023,5.49,0,1,0,86.0,75.3,1,1,80.2,81.2,Male,Mechanical,Placed
STU_08024,6.35,2,1,0,51.5,90.6,1,1,84.0,83.6,Male,Electronics,Placed
STU_08025,5.0,2,1,1,69.5,68.6,1,0,81.1,72.6,Male,Information Technology,Placed
STU_08026,7.16,3,2,2,61.5,81.6,0,1,64.8,70.1,Male,Computer Science,Placed
STU_08027,6.16,1,2,0,82.6,98.3,0,0,84.0,67.2,Male,Mechanical,Placed
STU_08028,7.36,0,1,0,55.8,70.7,1,0,77.0,75.7,Female,Civil,Placed
STU_08029,5.67,0,3,0,63.9,47.8,0,0,87.8,60.5,Male,Civil,Placed
STU_08030,7.38,1,1,2,70.7,61.7,1,1,82.8,69.9,Female,Electronics,Placed
STU_08031,6.89,3,0,0,92.3,75.5,1,1,81.1,67.0,Female,Mechanical,Placed
STU_08032,8.8,1,2,1,62.0,62.0,1,1,75.2,78.0,Female,Mechanical,Placed
STU_08033,8.71,2,3,2,64.0,67.8,0,0,87.6,78.8,Female,Mechanical,Placed
STU_08034,8.09,0,4,1,49.8,68.5,1,0,66.6,90.5,Male,Electronics,Placed
STU_08035,6.97,0,2,2,55.3,78.7,0,1,65.4,64.2,Female,Electronics,Placed
STU_08036,9.29,2,1,2,76.2,60.6,0,1,99.0,71.2,Male,Electronics,Placed
STU_08037,5.75,1,4,1,70.5,65.0,0,0,58.6,85.3,Male,Computer Science,Placed
STU_08038,5.9,3,3,1,70.7,88.9,0,1,66.1,80.2,Female,Electronics,Placed
STU_08039,7.22,1,1,0,96.1,66.2,1,1,86.0,67.7,Female,Mechanical,Placed
STU_08040,9.55,0,2,3,44.9,80.7,0,1,61.7,60.4,Female,Mechanical,Placed
STU_08041,7.1,1,2,0,100.0,72.2,0,1,85.4,95.4,Male,Computer Science,Placed
STU_08042,7.12,2,1,2,87.7,71.7,0,1,90.3,57.5,Female,Civil,Placed
STU_08043,5.86,1,4,0,65.1,80.9,1,1,91.5,61.3,Male,Mechanical,Placed
STU_08044,8.25,0,0,0,75.9,49.7,0,1,78.7,77.1,Male,Civil,Placed
STU_08045,8.25,0,2,0,,77.3,0,1,66.3,85.6,Male,Electronics,Placed
STU_08046,8.09,1,1,1,74.8,78.6,0,1,68.9,65.4,Male,Civil,Placed
STU_08047,6.67,0,2,0,100.0,82.2,0,1,90.7,82.5,Male,Mechanical,Placed
STU_08048,6.59,1,2,0,60.3,67.5,0,1,59.3,63.9,Male,Computer Science,Placed
STU_08049,6.01,0,1,0,66.5,72.0,1,0,86.2,83.8,Male,Information Technology,Not Placed
STU_08050,7.38,0,1,0,58.6,42.6,1,0,61.9,83.9,Male,Civil,Not Placed
STU_08051,6.22,2,4,1,61.1,64.0,0,0,77.0,65.3,Male,Civil,Placed
STU_08052,6.12,1,2,0,64.0,74.1,1,1,71.8,84.7,Female,Information Technology,Placed
STU_08053,6.88,2,2,0,53.6,89.6,0,1,73.6,64.2,Male,Civil,Placed
STU_08054,6.81,0,1,1,66.0,94.1,1,1,91.4,48.0,Male,Civil,Not Placed
STU_08055,6.76,3,1,2,70.8,67.9,0,0,72.6,73.4,Female,Civil,Placed
STU_08056,7.77,0,2,1,64.0,82.5,0,0,88.4,79.2,Male,Electronics,Placed
STU_08057,7.38,0,3,3,35.5,70.2,1,1,70.8,83.3,Male,Electronics,Placed
STU_08058,7.01,2,1,0,67.7,52.6,1,1,80.6,86.8,Male,Civil,Placed
STU_08059,7.48,1,2,2,69.3,79.3,0,1,76.7,63.6,Female,Information Technology,Placed
STU_08060,6.31,0,0,1,98.5,94.0,0,0,64.3,74.9,Male,Civil,Placed
STU_08061,7.41,3,0,1,70.4,67.4,1,1,64.5,70.1,Female,Civil,Placed
STU_08062,7.45,1,2,1,84.0,61.1,0,0,75.4,74.9,Female,Information Technology,Placed
STU_08063,5.8,3,1,0,63.6,72.8,0,1,74.1,99.0,Female,Mechanical,Placed
STU_08064,8.3,1,0,0,89.5,70.5,1,1,84.8,72.9,Male,Electronics,Placed
STU_08065,6.42,1,2,1,55.8,100.0,0,0,59.4,64.2,Female,Information Technology,Placed
STU_08066,7.39,0,2,0,77.6,84.1,0,0,69.7,72.2,Female,Computer Science,Placed
STU_08067,8.46,0,2,1,82.6,73.6,1,0,82.3,84.3,Male,Civil,Placed
STU_08068,8.23,1,2,1,80.4,37.3,0,1,75.5,80.3,Male,Civil,Placed
STU_08069,7.33,1,2,0,100.0,70.3,1,0,63.5,86.4,Female,Computer Science,Placed
STU_08070,6.94,0,1,0,61.2,94.2,1,1,81.6,95.3,Female,Mechanical,Placed
STU_08071,8.25,0,1,0,91.2,73.0,0,1,86.5,94.9,Male,Information Technology,Placed
STU_08072,7.97,0,2,0,87.3,81.9,0,1,68.0,66.2,Male,Mechanical,Placed
STU_08073,6.68,2,1,0,70.7,76.7,1,1,87.7,83.2,Male,Computer Science,Placed
STU_08074,6.51,1,3,0,97.6,66.2,0,1,72.0,55.8,Male,Civil,Placed
STU_08075,5.23,1,2,0,67.8,92.3,1,0,74.4,87.0,Male,Civil,Placed
STU_08076,7.45,3,1,0,70.3,74.3,0,1,72.7,58.0,Male,Computer Science,Placed
STU_08077,7.22,1,2,0,69.9,63.5,0,1,88.1,58.0,Female,Computer Science,Placed
STU_08078,8.44,3,3,3,50.9,72.3,1,1,76.4,72.9,Female,Computer Science,Placed
STU_08079,7.66,0,0,3,81.4,89.1,1,1,85.7,85.2,Male,Mechanical,Placed
STU_08080,8.63,0,0,0,79.1,54.2,1,0,73.1,64.7,Female,Civil,Placed
STU_08081,6.6,0,3,0,68.4,75.2,0,1,81.6,69.2,Male,Electronics,Placed
STU_08082,8.44,1,0,1,96.4,72.9,0,1,67.1,65.8,Male,Information Technology,Placed
STU_08083,6.77,2,0,0,63.4,53.5,0,1,88.0,76.6,Male,Civil,Placed
STU_08084,8.08,1,1,1,44.1,81.2,0,1,74.9,85.1,Female,Electronics,Placed
STU_08085,5.84,0,2,0,98.5,75.1,1,1,90.5,75.2,Male,Computer Science,Placed
STU_08086,7.54,1,2,0,85.2,82.5,1,1,77.5,68.2,Male,Information Technology,Placed
STU_08087,5.32,1,2,2,79.4,85.7,1,1,79.0,91.9,Female,Civil,Placed
STU_08088,7.03,0,3,2,64.9,71.3,0,0,99.0,86.2,Male,Information Technology,Not Placed
STU_08089,7.74,1,2,3,75.1,65.3,0,1,85.5,66.4,Female,Mechanical,Placed
STU_08090,6.78,2,4,0,51.1,54.9,0,1,79.9,65.2,Male,Information Technology,Not Placed
STU_08091,6.25,2,2,2,66.6,64.3,1,1,65.8,70.5,Male,Civil,Placed
STU_08092,8.15,1,0,1,56.4,72.1,1,0,70.4,85.8,Male,Computer Science,Placed
STU_08093,7.2,0,4,1,73.9,60.4,1,1,85.9,48.0,Male,Computer Science,Placed
STU_08094,6.81,0,0,2,83.9,79.0,1,1,74.7,89.4,Male,Information Technology,Placed
STU_08095,7.34,1,2,2,54.3,61.2,1,1,75.9,71.1,Female,Civil,Placed
STU_08096,9.94,1,0,1,80.9,50.8,1,0,67.2,61.5,Male,Computer Science,Placed
STU_08097,8.45,0,2,0,73.0,65.1,1,1,82.1,76.6,Female,Information Technology,Placed
STU_08098,8.46,0,3,1,80.3,74.2,0,1,79.0,78.1,Female,Civil,Placed
STU_08099,7.74,2,1,1,66.4,56.9,1,1,85.1,84.6,Female,Computer Science,Placed
STU_08100,7.47,2,1,2,80.6,61.3,0,1,90.4,87.6,Female,Mechanical,Placed
STU_08101,5.0,1,1,1,59.6,64.4,1,1,82.5,78.8,Male,Electronics,Placed
STU_08102,6.62,0,2,0,44.8,66.0,1,1,66.3,80.6,Male,Information Technology,Placed
STU_08103,6.82,0,1,1,48.2,75.6,1,1,62.9,75.7,Female,Civil,Placed
STU_08104,5.43,0,2,0,62.5,79.7,1,1,85.3,82.3,Male,Civil,Not Placed
STU_08105,6.14,1,1,2,45.8,66.3,1,0,79.2,68.3,Male,Computer Science,Not Placed
STU_08106,5.32,0,1,0,93.3,59.5,1,1,95.5,70.7,Female,Mechanical,Placed
STU_08107,7.26,2,2,1,68.8,73.6,1,0,78.2,57.8,Female,Information Technology,Placed
STU_08108,8.12,3,2,2,83.8,78.2,1,1,60.7,93.2,Male,Electronics,Placed
STU_08109,8.41,0,0,1,81.8,91.4,0,1,65.3,68.1,Female,Computer Science,Not Placed
STU_08110,7.71,1,2,2,70.1,85.8,0,1,70.5,86.8,Male,Information Technology,Not Placed
STU_08111,6.34,1,3,2,100.0,56.9,0,0,95.4,88.8,Female,Information Technology,Placed
STU_08112,5.37,2,1,0,100.0,70.3,0,1,89.7,58.0,Female,Information Technology,Placed
STU_08113,5.54,2,1,1,90.9,77.5,0,0,72.6,76.5,Female,Civil,Placed
STU_08114,6.03,0,2,1,56.4,61.8,1,0,76.1,82.2,Male,Mechanical,Not Placed
STU_08115,6.41,0,1,1,91.5,67.8,1,0,64.4,68.9,Male,Civil,Placed
STU_08116,7.14,1,0,1,43.8,80.1,0,1,64.0,60.0,Female,Computer Science,Placed
STU_08117,6.29,1,2,1,91.0,75.0,1,1,89.2,91.3,Female,Electronics,Placed
STU_08118,7.64,0,1,0,31.7,72.0,0,1,87.4,82.1,Male,Information Technology,Placed
STU_08119,7.07,1,1,1,65.2,64.2,1,1,75.2,75.5,Female,Computer Science,Placed
STU_08120,7.31,1,4,0,88.1,54.7,1,1,96.4,63.5,Female,Mechanical,Placed
STU_08121,8.44,0,1,0,75.8,68.3,1,1,82.3,63.8,Female,Civil,Placed
STU_08122,6.12,2,3,1,47.8,70.9,0,1,80.1,76.8,Female,Mechanical,Placed
STU_08123,7.72,0,1,1,72.6,54.4,0,1,80.2,69.9,Male,Mechanical,Placed
STU_08124,7.29,1,3,0,75.8,72.6,1,1,67.4,77.4,Female,Computer Science,Placed
STU_08125,6.97,1,2,2,73.1,76.7,0,0,87.4,79.1,Female,Computer Science,Placed
STU_08126,8.19,0,0,0,63.9,63.7,0,1,87.5,70.0,Male,Computer Science,Placed
STU_08127,8.18,1,2,2,82.8,76.8,0,0,80.4,93.6,Female,Mechanical,Placed
STU_08128,,1,3,0,87.2,75.3,1,1,66.8,66.7,Female,Information Technology,Placed
STU_08129,7.12,2,1,0,67.7,68.3,0,1,88.9,64.6,Female,Computer Science,Placed
STU_08130,7.58,0,2,2,92.8,67.0,1,0,60.0,79.6,Male,Civil,Placed
STU_08131,7.03,1,1,1,67.7,68.0,1,0,70.3,80.3,Male,Computer Science,Placed
STU_08132,7.89,1,2,0,62.7,61.7,1,1,83.8,64.0,Male,Civil,Placed
STU_08133,7.58,1,2,0,90.4,76.1,0,1,73.9,71.2,Male,Computer Science,Placed
STU_08134,9.13,2,0,0,89.8,61.9,1,1,68.1,58.1,Female,Computer Science,Placed
STU_08135,5.77,0,1,0,60.7,62.6,0,0,91.8,68.8,Male,Electronics,Placed
STU_08136,7.18,0,2,0,58.5,78.0,0,0,89.3,83.8,Male,Information Technology,Placed
STU_08137,6.39,1,3,1,96.5,69.1,0,1,88.7,60.8,Male,Mechanical,Placed
STU_08138,7.9,0,1,2,68.5,72.7,0,1,81.3,63.0,Female,Civil,Placed
STU_08139,5.68,2,2,2,70.0,51.5,1,0,78.3,65.9,Male,Information Technology,Placed
STU_08140,7.65,1,0,0,66.2,65.7,0,0,95.4,87.5,Male,Electronics,Placed
STU_08141,6.67,1,2,2,89.8,92.2,1,1,92.4,86.0,Female,Electronics,Placed
STU_08142,6.57,2,2,1,100.0,50.6,1,1,77.2,51.9,Male,Computer Science,Placed
STU_08143,5.85,1,2,0,71.0,93.0,0,1,99.0,55.3,Female,Civil,Placed
STU_08144,6.83,1,3,2,100.0,75.1,0,1,76.7,76.0,Male,Information Technology,Placed
STU_08145,8.38,0,0,0,61.7,65.6,1,1,81.9,57.3,Male,Civil,Placed
STU_08146,7.27,0,1,0,65.8,69.5,0,1,91.9,88.3,Male,Civil,Placed
STU_08147,7.93,0,4,0,80.1,86.8,0,1,81.7,50.8,Male,Mechanical,Placed
STU_08148,8.96,1,1,1,57.7,44.7,0,0,75.4,66.7,Male,Computer Science,Placed
STU_08149,7.56,1,2,0,79.9,89.0,0,0,81.8,77.3,Female,Electronics,Placed
STU_08150,6.74,0,2,2,62.2,75.2,0,0,77.9,91.2,Male,Mechanical,Placed
STU_08151,7.77,1,2,1,46.8,84.1,0,1,56.7,75.0,Male,Electronics,Placed
STU_08152,6.76,0,1,1,43.9,51.0,1,1,88.0,78.5,Male,Information Technology,Placed
STU_08153,6.8,2,1,0,65.1,69.3,1,0,71.8,77.0,Male,Mechanical,Placed
STU_08154,5.78,0,2,2,76.3,44.1,0,1,66.5,85.3,Female,Electronics,Placed
STU_08155,8.23,2,1,1,49.6,86.4,0,1,90.0,78.4,Male,Civil,Placed
STU_08156,6.91,1,2,1,72.7,60.2,0,1,81.8,83.1,Male,Civil,Placed
STU_08157,7.48,1,2,2,72.7,60.0,0,1,84.8,83.3,Female,Computer Science,Placed
STU_08158,6.26,0,1,0,67.5,48.8,0,0,76.7,87.0,Male,Electronics,Not Placed
STU_08159,,3,1,0,56.1,77.3,0,1,80.2,51.1,Male,Mechanical,Placed
STU_08160,6.54,0,3,1,73.6,72.9,1,1,75.0,58.3,Female,Information Technology,Placed
STU_08161,7.16,1,2,1,67.9,63.0,1,0,69.4,82.4,Female,Civil,Placed
STU_08162,8.18,3,2,0,84.7,75.2,0,0,84.9,96.6,Female,Mechanical,Placed
STU_08163,8.09,2,3,0,50.6,62.6,0,1,80.4,78.6,Male,Computer Science,Placed
STU_08164,7.28,1,2,0,71.7,50.9,0,1,95.2,72.2,Male,Computer Science,Placed
STU_08165,5.53,3,4,3,50.9,67.6,1,0,55.6,85.8,Male,Information Technology,Placed
STU_08166,10.0,1,0,0,66.4,91.7,0,1,89.8,89.5,Female,Civil,Placed
STU_08167,9.05,0,3,0,53.6,83.7,0,1,74.1,82.4,Female,Electronics,Placed
STU_08168,8.02,0,1,2,56.2,77.5,1,0,73.2,74.6,Male,Electronics,Placed
STU_08169,6.55,0,3,1,69.9,74.9,1,0,83.8,75.5,Female,Civil,Placed
STU_08170,7.19,0,3,1,61.5,67.6,0,1,69.1,77.9,Male,Information Technology,Placed
STU_08171,6.76,1,1,1,92.0,80.8,1,1,73.5,89.6,Male,Information Technology,Placed
STU_08172,8.56,1,1,1,87.7,78.8,1,1,83.9,79.6,Female,Computer Science,Placed
STU_08173,7.56,0,2,1,82.1,71.0,0,0,72.6,79.8,Female,Electronics,Placed
STU_08174,6.52,2,0,0,81.8,74.4,0,1,70.9,85.5,Male,Computer Science,Placed
STU_08175,6.83,0,2,2,72.0,52.7,1,1,70.9,74.5,Male,Electronics,Placed
STU_08176,8.42,3,0,0,89.6,66.2,1,0,81.5,77.8,Female,Mechanical,Placed
STU_08177,8.9,3,3,0,65.6,57.7,0,1,66.0,96.6,Male,Mechanical,Placed
STU_08178,8.83,2,1,0,100.0,57.5,0,1,85.6,68.0,Female,Information Technology,Placed
STU_08179,,2,2,2,55.9,77.6,0,1,99.0,68.7,Male,Electronics,Placed
STU_08180,7.05,0,0,1,53.1,56.8,1,1,78.0,65.5,Male,Information Technology,Not Placed
STU_08181,5.0,1,1,2,49.1,81.2,0,1,82.4,78.5,Male,Computer Science,Placed
STU_08182,7.6,0,1,1,51.7,84.4,0,1,80.6,79.1,Male,Computer Science,Placed
STU_08183,7.3,0,2,0,45.6,71.3,0,0,68.7,53.9,Male,Computer Science,Placed
STU_08184,7.44,1,0,0,73.2,64.7,1,0,81.2,85.6,Male,Computer Science,Placed
STU_08185,7.35,0,3,1,82.8,84.4,1,1,80.2,63.1,Male,Mechanical,Placed
STU_08186,5.97,3,0,0,70.5,78.6,0,1,95.7,80.0,Female,Information Technology,Placed
STU_08187,7.86,2,2,0,49.2,86.3,0,0,80.5,76.4,Male,Electronics,Placed
STU_08188,,0,2,2,63.0,59.0,0,0,90.4,48.0,Female,Electronics,Placed
STU_08189,7.98,1,2,1,82.6,68.9,0,1,82.3,49.0,Male,Information Technology,Placed
STU_08190,8.25,1,1,0,64.9,69.4,1,0,72.9,62.7,Female,Information Technology,Placed
STU_08191,7.9,2,2,2,58.0,74.5,1,1,66.1,88.0,Male,Information Technology,Placed
STU_08192,6.89,1,2,1,47.3,79.5,0,0,81.1,54.4,Female,Information Technology,Placed
STU_08193,7.23,0,1,0,63.7,73.7,1,1,85.6,87.2,Female,Computer Science,Not Placed
STU_08194,7.39,0,1,0,59.5,88.0,1,1,77.1,55.6,Female,Civil,Placed
STU_08195,7.41,0,0,0,68.7,67.5,0,1,71.7,51.0,Male,Electronics,Placed
STU_08196,8.3,3,0,0,77.1,59.4,1,0,92.1,78.3,Female,Electronics,Placed
STU_08197,7.94,0,0,0,65.8,64.0,1,1,73.6,74.6,Male,Electronics,Placed
STU_08198,9.38,0,1,2,72.8,62.5,0,0,66.5,55.6,Female,Electronics,Placed
STU_08199,9.51,2,2,1,77.1,66.5,1,0,77.4,61.8,Male,Mechanical,Placed
STU_08200,7.38,2,1,2,51.6,68.8,0,1,78.8,78.4,Female,Mechanical,Placed
STU_08201,5.0,2,1,0,98.3,69.3,1,1,70.6,70.9,Male,Information Technology,Placed
STU_08202,8.54,1,0,0,58.9,74.8,0,0,77.1,81.8,Male,Information Technology,Placed
STU_08203,6.76,1,2,2,77.7,66.5,1,1,61.0,71.3,Male,Mechanical,Placed
STU_08204,6.5,1,1,1,53.0,84.6,0,1,82.2,85.9,Male,Computer Science,Placed
STU_08205,6.9,0,2,2,71.7,48.7,0,1,67.5,62.4,Female,Information Technology,Placed
STU_08206,6.85,1,2,0,72.2,45.3,1,1,74.2,81.5,Male,Computer Science,Placed
STU_08207,7.91,0,2,2,94.9,84.0,1,1,71.2,61.1,Female,Mechanical,Placed
STU_08208,5.74,0,1,1,66.5,83.1,0,1,92.0,78.4,Male,Computer Science,Placed
STU_08209,6.22,2,2,0,89.5,86.9,0,1,75.0,82.0,Male,Computer Science,Placed
STU_08210,7.64,0,1,1,74.4,79.6,0,0,69.6,63.3,Male,Computer Science,Placed
STU_08211,7.92,2,3,2,97.8,72.0,0,1,98.9,79.2,Male,Information Technology,Placed
STU_08212,7.94,0,2,0,43.3,68.9,1,1,95.9,81.2,Male,Computer Science,Placed
STU_08213,6.51,0,2,3,77.2,52.8,0,1,86.4,80.5,Male,Information Technology,Placed
STU_08214,6.32,1,4,1,29.9,73.8,0,1,83.6,66.8,Male,Civil,Placed
STU_08215,6.79,1,2,0,69.1,54.8,1,1,69.3,71.0,Male,Computer Science,Placed
STU_08216,7.54,1,1,0,85.3,100.0,1,1,88.9,93.8,Female,Civil,Placed
STU_08217,8.79,2,0,0,91.7,59.6,1,1,81.6,65.3,Female,Computer Science,Placed
STU_08218,5.25,0,2,0,81.1,71.1,0,0,71.6,76.5,Male,Civil,Not Placed
STU_08219,7.08,2,3,1,65.6,90.1,1,1,79.4,72.7,Male,Mechanical,Placed
STU_08220,5.97,0,3,2,78.2,67.6,1,1,73.4,78.7,Male,Civil,Placed
STU_08221,5.65,2,2,1,100.0,67.7,0,0,62.8,90.4,Female,Civil,Placed
STU_08222,8.27,0,1,1,71.1,41.0,1,1,91.7,68.5,Male,Electronics,Placed
STU_08223,7.84,2,2,0,84.4,56.3,1,1,59.9,79.0,Male,Civil,Placed
STU_08224,7.75,1,2,3,63.6,78.7,0,1,99.0,82.8,Male,Civil,Placed
STU_08225,8.22,0,1,0,86.1,92.1,0,1,75.9,71.4,Female,Information Technology,Placed
STU_08226,6.82,2,2,0,83.6,61.3,1,1,82.5,65.7,Male,Computer Science,Placed
STU_08227,6.87,0,2,1,60.8,74.4,0,1,83.3,76.1,Male,Electronics,Placed
STU_08228,9.49,0,3,2,81.7,100.0,0,1,68.1,75.3,Male,Information Technology,Placed
STU_08229,7.05,2,2,3,82.4,78.8,1,1,75.9,57.0,Female,Electronics,Placed
STU_08230,8.04,0,0,3,81.1,83.7,0,0,77.0,66.3,Female,Computer Science,Placed
STU_08231,7.31,0,0,2,69.4,62.8,1,0,72.0,83.0,Male,Civil,Placed
STU_08232,5.45,1,3,1,88.4,90.6,1,1,88.4,70.0,Male,Computer Science,Placed
STU_08233,5.26,2,3,0,56.0,63.7,0,1,65.9,80.1,Male,Civil,Placed
STU_08234,6.72,0,1,1,70.1,61.6,0,0,80.0,63.4,Male,Electronics,Placed
STU_08235,8.36,1,2,0,71.7,89.8,0,0,60.9,76.4,Male,Civil,Placed
STU_08236,8.09,1,3,0,87.6,64.4,0,0,80.4,76.4,Female,Computer Science,Placed
STU_08237,8.21,2,3,0,55.5,72.0,0,1,79.7,78.3,Female,Civil,Placed
STU_08238,6.31,2,2,0,73.6,91.5,1,1,97.1,70.9,Male,Computer Science,Placed
STU_08239,8.92,1,1,1,62.6,61.0,1,1,71.9,76.7,Female,Computer Science,Placed
STU_08240,6.34,1,2,0,71.6,69.2,0,1,76.3,95.8,Male,Information Technology,Placed
STU_08241,7.51,0,0,0,75.9,64.7,0,1,75.6,79.6,Female,Computer Science,Placed
STU_08242,7.29,0,3,2,50.8,68.1,1,1,94.8,91.2,Male,Information Technology,Placed
STU_08243,7.13,1,0,1,89.0,72.5,1,1,72.2,73.1,Female,Mechanical,Placed
STU_08244,,3,2,2,76.4,88.1,0,0,80.3,48.0,Female,Information Technology,Placed
STU_08245,6.59,1,2,1,57.1,91.7,0,1,75.1,83.3,Female,Civil,Placed
STU_08246,5.95,0,2,0,64.9,73.9,1,1,76.5,96.6,Male,Mechanical,Placed
STU_08247,7.32,1,2,0,92.4,63.3,0,1,78.1,76.5,Male,Information Technology,Placed
STU_08248,6.9,1,0,1,76.2,80.1,0,1,89.0,68.7,Male,Information Technology,Placed
STU_08249,10.0,1,2,2,55.5,72.1,0,1,92.5,76.0,Male,Electronics,Placed
STU_08250,7.98,1,1,0,58.2,72.5,0,0,64.1,87.8,Male,Information Technology,Placed
STU_08251,6.89,1,1,2,79.4,59.6,0,1,85.8,76.5,Male,Mechanical,Placed
STU_08252,6.24,0,4,1,81.2,52.6,1,0,90.5,67.6,Female,Civil,Placed
STU_08253,5.42,2,2,0,75.4,71.8,1,0,81.4,64.1,Male,Information Technology,Placed
STU_08254,6.27,1,2,1,65.6,59.2,0,1,89.8,82.9,Female,Civil,Placed
STU_08255,7.41,0,2,1,82.1,65.6,0,1,65.5,99.0,Female,Computer Science,Placed
STU_08256,8.73,0,2,0,65.3,89.8,0,1,83.1,62.1,Male,Information Technology,Placed
STU_08257,8.42,2,2,0,57.2,71.2,0,1,90.5,81.9,Female,Civil,Placed
STU_08258,7.53,2,2,2,93.8,85.3,0,1,71.7,82.6,Male,Computer Science,Placed
STU_08259,6.98,0,4,1,77.3,75.6,0,1,65.1,62.7,Female,Mechanical,Placed
STU_08260,7.57,0,2,0,58.2,79.0,0,1,89.4,83.9,Male,Computer Science,Placed
STU_08261,6.78,0,2,2,72.0,65.4,1,1,73.8,97.4,Male,Computer Science,Placed
STU_08262,9.02,0,2,0,70.4,85.8,1,0,72.2,85.5,Male,Information Technology,Placed
STU_08263,7.11,1,1,0,64.8,75.7,0,1,59.2,71.0,Male,Information Technology,Placed
STU_08264,7.21,1,2,0,73.5,68.8,0,1,72.9,60.0,Male,Civil,Placed
STU_08265,5.08,1,4,2,56.1,75.7,0,1,71.0,79.9,Female,Computer Science,Placed
STU_08266,7.1,1,0,1,83.1,63.4,0,1,60.0,73.4,Female,Computer Science,Placed
STU_08267,8.14,0,1,1,69.9,68.5,1,1,72.1,82.2,Male,Computer Science,Placed
STU_08268,6.23,0,2,3,45.9,71.3,0,1,89.9,71.7,Female,Electronics,Placed
STU_08269,6.55,0,0,2,66.6,65.7,0,1,81.4,64.9,Male,Civil,Not Placed
STU_08270,8.09,0,3,0,60.8,90.7,0,1,61.6,75.8,Male,Information Technology,Placed
STU_08271,5.82,0,1,2,25.1,67.0,0,0,81.9,87.8,Male,Mechanical,Placed
STU_08272,8.36,1,1,1,67.7,97.0,1,1,85.3,84.0,Female,Computer Science,Placed
STU_08273,6.77,2,3,0,85.6,72.8,1,1,79.0,71.9,Male,Mechanical,Placed
STU_08274,6.91,1,1,0,68.4,69.2,0,0,77.6,62.0,Male,Mechanical,Placed
STU_08275,6.18,2,2,1,80.6,65.9,0,1,70.1,71.8,Male,Information Technology,Placed
STU_08276,7.68,1,3,0,70.1,77.1,0,1,82.2,71.5,Male,Civil,Placed
STU_08277,9.76,1,2,0,63.2,82.7,1,1,83.9,74.4,Male,Electronics,Placed
STU_08278,8.08,0,2,1,59.0,41.5,1,1,80.8,96.8,Male,Civil,Placed
STU_08279,6.44,3,0,2,50.8,72.1,0,1,95.5,71.6,Male,Mechanical,Placed
STU_08280,8.44,0,0,0,83.9,48.1,0,1,75.9,76.5,Male,Civil,Placed
STU_08281,6.98,0,1,1,81.0,83.8,0,1,65.0,83.5,Female,Electronics,Placed
STU_08282,8.67,0,0,1,65.8,84.0,1,1,94.7,80.6,Male,Electronics,Placed
STU_08283,8.11,3,2,1,39.6,72.5,1,0,59.1,91.1,Male,Electronics,Placed
STU_08284,5.0,3,1,3,77.1,74.5,1,1,74.0,69.0,Male,Mechanical,Placed
STU_08285,,1,2,1,56.4,54.8,0,0,68.8,67.7,Female,Civil,Placed
STU_08286,8.24,1,1,1,72.2,65.4,1,1,77.0,71.0,Male,Information Technology,Placed
STU_08287,7.45,1,2,3,46.9,64.7,0,1,76.6,64.8,Female,Electronics,Placed
STU_08288,6.28,3,1,0,71.4,66.6,0,1,68.4,75.6,Female,Information Technology,Placed
STU_08289,6.67,1,1,0,68.0,82.5,1,1,88.7,76.7,Male,Information Technology,Placed
STU_08290,5.39,2,2,1,33.9,87.4,1,1,76.7,71.3,Female,Mechanical,Placed
STU_08291,7.21,0,2,0,94.3,79.3,0,1,90.2,81.0,Male,Electronics,Placed
STU_08292,9.51,0,3,0,65.1,68.1,0,1,66.3,81.3,Male,Mechanical,Placed
STU_08293,8.1,2,3,0,66.1,63.0,0,1,67.2,67.0,Male,Mechanical,Placed
STU_08294,9.49,0,2,1,78.0,73.1,1,1,66.9,81.3,Male,Civil,Placed
STU_08295,8.18,2,2,2,69.2,75.6,0,0,83.2,62.3,Female,Mechanical,Placed
STU_08296,8.33,1,0,0,75.5,69.3,0,0,95.5,64.8,Male,Civil,Placed
STU_08297,9.27,2,0,1,52.8,64.1,1,1,75.0,90.7,Female,Civil,Placed
STU_08298,7.68,0,3,0,67.9,79.4,1,1,54.9,72.5,Female,Electronics,Placed
STU_08299,7.11,1,1,1,41.4,80.6,0,1,82.7,72.8,Male,Information Technology,Placed
STU_08300,8.33,1,1,1,66.4,56.3,0,1,84.6,93.3,Male,Electronics,Placed
STU_08301,8.75,1,0,2,91.7,67.4,0,1,67.7,76.9,Male,Civil,Placed
STU_08302,6.82,1,1,0,47.4,81.3,1,1,83.7,72.2,Female,Computer Science,Placed
STU_08303,6.58,3,2,1,64.7,83.9,1,0,86.1,65.1,Male,Information Technology,Placed
STU_08304,7.44,1,1,0,38.1,72.8,0,1,57.5,80.1,Male,Information Technology,Placed
STU_08305,8.13,0,1,1,70.1,76.4,0,1,89.2,90.9,Male,Computer Science,Placed
STU_08306,8.1,2,1,2,77.0,75.0,0,0,89.8,74.3,Male,Electronics,Placed
STU_08307,5.88,0,2,2,75.8,83.5,0,1,74.9,89.2,Male,Computer Science,Placed
STU_08308,9.21,0,2,0,61.0,58.7,1,1,84.5,73.4,Male,Computer Science,Placed
STU_08309,6.66,0,1,2,37.8,75.2,0,1,97.8,66.7,Male,Electronics,Placed
STU_08310,7.03,2,2,0,51.4,61.3,1,0,71.4,69.7,Male,Computer Science,Not Placed
STU_08311,6.4,0,1,0,88.8,85.1,1,1,89.6,66.8,Male,Computer Science,Placed
STU_08312,10.0,0,2,2,83.2,59.3,1,1,80.5,90.2,Female,Civil,Placed
STU_08313,7.54,2,2,0,68.6,76.9,0,1,66.6,87.4,Male,Mechanical,Placed
STU_08314,6.45,2,4,0,72.4,61.4,0,0,59.8,79.3,Female,Electronics,Placed
STU_08315,8.16,0,1,0,54.6,81.0,1,1,85.2,48.9,Female,Civil,Placed
STU_08316,8.07,1,0,0,89.4,77.3,0,0,64.9,91.3,Male,Electronics,Placed
STU_08317,7.11,2,1,0,59.2,74.9,1,1,87.7,70.8,Male,Computer Science,Placed
STU_08318,8.14,0,0,2,76.6,95.5,0,0,56.2,68.2,Male,Civil,Placed
STU_08319,6.47,2,1,1,50.1,63.6,0,1,79.5,71.3,Male,Information Technology,Placed
STU_08320,6.81,1,1,1,67.3,83.1,1,1,74.8,75.4,Male,Information Technology,Placed
STU_08321,5.29,1,1,0,88.7,86.1,1,1,94.8,79.7,Female,Computer Science,Placed
STU_08322,5.98,1,3,1,55.8,83.1,0,0,80.3,87.0,Male,Information Technology,Placed
STU_08323,9.11,1,1,2,81.2,63.9,0,1,84.1,80.8,Male,Computer Science,Placed
STU_08324,8.94,0,4,2,53.8,69.2,1,1,73.7,75.3,Male,Mechanical,Placed
STU_08325,7.37,1,3,3,56.5,64.7,0,1,76.2,70.9,Female,Civil,Placed
STU_08326,8.96,0,3,1,69.9,68.4,0,1,88.5,65.3,Female,Electronics,Placed
STU_08327,7.14,1,3,3,84.6,61.9,0,1,78.2,79.2,Male,Mechanical,Placed
STU_08328,7.06,0,2,0,65.5,67.6,1,0,68.8,80.8,Male,Computer Science,Placed
STU_08329,,2,2,0,79.3,89.6,1,1,89.4,66.6,Male,Information Technology,Placed
STU_08330,7.18,0,1,2,87.2,68.2,0,1,94.9,63.4,Male,Electronics,Placed
STU_08331,7.08,1,2,0,58.4,73.3,0,1,93.0,83.6,Male,Civil,Placed
STU_08332,8.44,0,3,0,47.1,63.3,0,1,90.9,70.4,Female,Computer Science,Placed
STU_08333,7.45,1,1,2,64.7,71.8,1,0,75.2,62.2,Male,Civil,Placed
STU_08334,8.01,1,0,2,89.1,81.9,1,1,68.2,64.6,Male,Electronics,Placed
STU_08335,8.33,1,2,0,57.8,77.9,0,1,66.1,80.7,Male,Civil,Placed
STU_08336,7.69,0,2,2,85.2,89.0,0,1,64.9,92.3,Female,Information Technology,Placed
STU_08337,6.33,0,3,2,66.1,57.5,0,1,77.1,86.2,Male,Electronics,Placed
STU_08338,5.95,1,0,2,96.3,62.9,0,0,95.7,54.3,Female,Electronics,Placed
STU_08339,7.45,2,2,1,100.0,67.0,0,1,61.5,73.9,Male,Computer Science,Placed
STU_08340,7.13,0,1,1,85.5,90.3,1,0,78.2,84.0,Male,Mechanical,Placed
STU_08341,7.39,0,3,2,45.3,75.6,0,1,74.8,58.8,Female,Information Technology,Placed
STU_08342,7.28,0,0,1,34.0,55.0,1,1,66.2,92.8,Female,Computer Science,Not Placed
STU_08343,9.88,1,3,1,70.9,85.1,0,1,75.5,55.2,Female,Electronics,Placed
STU_08344,5.97,0,0,1,83.6,73.3,1,0,90.9,81.7,Female,Information Technology,Placed
STU_08345,5.31,2,0,1,77.5,82.7,0,0,80.3,71.1,Male,Electronics,Placed
STU_08346,7.63,0,1,3,59.1,91.0,0,0,84.3,77.4,Female,Electronics,Placed
STU_08347,6.92,0,1,0,47.7,60.3,0,1,88.7,75.9,Male,Computer Science,Placed
STU_08348,7.62,0,2,0,83.9,91.0,1,1,81.9,65.4,Male,Information Technology,Placed
STU_08349,7.88,1,0,2,97.9,71.1,0,1,74.3,80.9,Female,Civil,Placed
STU_08350,8.58,1,1,0,59.9,67.0,1,1,79.0,72.5,Male,Electronics,Placed
STU_08351,5.79,0,1,1,82.4,73.9,1,0,67.3,81.4,Female,Electronics,Placed
STU_08352,6.74,2,3,0,100.0,57.7,0,0,78.6,67.8,Female,Computer Science,Placed
STU_08353,7.73,0,0,1,67.2,71.8,0,1,79.2,72.3,Male,Civil,Placed
STU_08354,8.07,1,1,2,67.5,69.1,0,0,91.2,81.1,Male,Information Technology,Placed
STU_08355,9.49,1,2,1,78.4,60.7,0,0,74.8,67.0,Male,Civil,Placed
STU_08356,8.26,0,3,0,65.7,64.2,0,1,74.8,87.9,Female,Information Technology,Placed
STU_08357,7.24,2,3,3,90.1,85.7,0,1,62.8,78.2,Male,Information Technology,Placed
STU_08358,6.41,2,3,0,63.9,69.9,1,0,84.5,96.8,Male,Civil,Placed
STU_08359,6.74,0,0,1,69.5,60.2,1,0,63.3,73.2,Male,Computer Science,Not Placed
STU_08360,6.71,1,3,1,48.4,77.4,1,1,73.0,78.0,Female,Civil,Placed
STU_08361,7.96,0,2,3,66.5,81.2,0,1,70.9,72.5,Female,Computer Science,Placed
STU_08362,7.56,1,3,0,54.9,72.0,0,0,86.9,75.1,Female,Computer Science,Not Placed
STU_08363,,0,1,1,75.2,57.2,0,0,82.9,81.1,Male,Civil,Not Placed
STU_08364,6.86,2,3,0,45.0,41.4,1,1,85.1,92.8,Female,Electronics,Placed
STU_08365,8.18,0,1,0,84.7,61.2,0,0,87.5,90.7,Female,Mechanical,Placed
STU_08366,7.65,0,2,2,56.9,84.7,0,1,71.6,83.6,Female,Computer Science,Placed
STU_08367,7.87,0,1,1,96.8,83.6,1,1,69.3,63.3,Female,Computer Science,Placed
STU_08368,7.68,0,1,2,90.6,62.4,0,1,61.2,70.9,Male,Information Technology,Placed
STU_08369,8.93,1,2,0,78.0,69.2,0,1,79.3,81.4,Female,Electronics,Placed
STU_08370,7.54,0,1,2,46.9,80.4,0,1,70.2,66.2,Female,Information Technology,Placed
STU_08371,6.91,1,2,2,60.6,70.3,1,1,82.5,74.8,Female,Civil,Placed
STU_08372,6.38,0,2,1,56.6,83.2,1,0,89.6,76.8,Female,Electronics,Placed
STU_08373,7.55,1,2,1,58.4,70.8,1,0,87.3,95.0,Male,Civil,Placed
STU_08374,5.0,1,1,3,93.7,77.8,1,1,79.2,73.3,Female,Civil,Placed
STU_08375,7.12,3,4,2,67.7,68.1,1,0,78.8,57.7,Male,Electronics,Placed
STU_08376,7.09,3,2,1,60.1,62.6,0,1,77.9,83.5,Male,Civil,Placed
STU_08377,5.94,2,1,1,58.8,86.0,0,1,99.0,86.5,Male,Civil,Not Placed
STU_08378,6.37,1,2,2,62.0,54.0,0,1,72.2,99.0,Female,Mechanical,Not Placed
STU_08379,8.11,0,1,0,78.0,64.8,0,1,78.8,70.2,Female,Electronics,Placed
STU_08380,7.53,1,0,1,45.6,70.9,0,0,76.2,59.9,Female,Mechanical,Placed
STU_08381,7.4,3,2,3,71.5,82.3,0,1,70.2,78.9,Male,Civil,Not Placed
STU_08382,7.61,0,2,2,76.4,61.5,0,1,74.2,80.8,Female,Electronics,Placed
STU_08383,7.39,1,1,2,44.0,73.5,0,0,78.3,81.4,Male,Mechanical,Placed
STU_08384,8.54,0,1,0,48.7,55.4,1,1,66.2,70.6,Female,Computer Science,Placed
STU_08385,7.42,1,3,3,69.3,77.3,0,1,94.5,79.7,Female,Electronics,Placed
STU_08386,5.84,1,1,1,91.6,93.9,1,1,85.3,76.2,Male,Civil,Placed
STU_08387,8.93,1,1,0,88.0,48.5,1,1,88.9,68.8,Female,Civil,Placed
STU_08388,7.67,1,4,1,60.9,63.3,1,1,76.4,62.9,Male,Electronics,Placed
STU_08389,6.71,3,1,2,91.1,82.0,1,0,74.9,71.4,Female,Electronics,Placed
STU_08390,6.05,1,2,0,65.2,100.0,1,1,75.9,74.3,Female,Computer Science,Placed
STU_08391,7.7,2,1,2,65.1,79.1,0,1,71.0,82.6,Male,Mechanical,Placed
STU_08392,7.18,0,2,2,71.4,63.2,1,0,91.0,74.7,Male,Civil,Not Placed
STU_08393,8.87,0,1,0,82.6,70.2,1,1,92.0,69.4,Male,Mechanical,Placed
STU_08394,6.95,1,4,2,60.9,57.3,0,1,83.5,80.9,Male,Computer Science,Placed
STU_08395,6.46,0,1,2,64.0,81.7,1,1,95.0,74.2,Female,Civil,Placed
STU_08396,8.2,0,2,0,51.3,84.6,0,1,99.0,67.4,Male,Electronics,Placed
STU_08397,8.23,1,3,0,75.3,88.9,0,1,96.5,78.7,Female,Civil,Placed
STU_08398,7.47,1,4,0,84.0,68.0,0,0,73.3,82.3,Male,Civil,Placed
STU_08399,7.98,1,0,0,84.9,62.3,1,1,53.8,74.0,Male,Information Technology,Placed
STU_08400,7.26,0,3,2,49.5,89.9,1,1,85.4,93.1,Female,Information Technology,Placed
STU_08401,7.53,0,1,0,64.3,88.6,1,1,82.3,88.6,Male,Computer Science,Placed
STU_08402,8.46,1,2,3,88.7,60.1,0,1,79.1,80.7,Female,Information Technology,Placed
STU_08403,7.93,0,1,3,73.5,67.5,1,1,75.7,71.0,Male,Electronics,Placed
STU_08404,7.13,0,1,0,70.5,81.5,0,0,91.5,55.0,Male,Computer Science,Placed
STU_08405,8.65,0,1,1,70.2,69.0,0,1,62.5,61.6,Male,Mechanical,Placed
STU_08406,5.0,0,2,1,78.1,72.4,1,1,93.3,84.8,Male,Mechanical,Placed
STU_08407,9.35,0,2,1,74.3,54.4,1,1,95.3,64.8,Male,Civil,Placed
STU_08408,5.59,0,1,0,61.4,58.5,1,1,79.5,79.5,Female,Civil,Placed
STU_08409,6.67,0,2,0,83.2,70.9,0,0,80.8,65.2,Male,Mechanical,Placed
STU_08410,7.26,1,4,0,52.0,63.6,0,0,66.1,73.0,Male,Electronics,Placed
STU_08411,7.15,0,2,0,89.8,58.2,0,0,88.0,69.7,Male,Information Technology,Placed
STU_08412,8.31,0,2,2,56.6,68.2,1,1,90.7,84.2,Female,Civil,Placed
STU_08413,6.24,2,3,0,78.2,61.5,0,1,85.6,85.0,Male,Computer Science,Placed
STU_08414,7.56,1,2,0,67.5,72.3,0,1,65.6,57.2,Male,Mechanical,Placed
STU_08415,6.72,0,0,1,62.9,83.9,0,0,61.9,89.8,Female,Information Technology,Placed
STU_08416,7.6,2,2,0,90.4,68.4,1,1,75.6,72.1,Female,Civil,Placed
STU_08417,7.24,0,1,0,81.1,66.9,0,1,78.8,86.9,Female,Electronics,Placed
STU_08418,7.39,0,2,1,69.1,84.9,1,1,88.2,89.5,Female,Information Technology,Placed
STU_08419,6.75,3,4,1,96.2,80.8,0,1,75.6,68.8,Male,Electronics,Placed
STU_08420,6.79,2,1,0,84.7,81.6,1,1,88.6,92.8,Male,Computer Science,Placed
STU_08421,7.59,1,1,1,57.9,41.8,0,1,89.3,55.3,Female,Electronics,Placed
STU_08422,8.24,1,1,1,36.1,66.6,1,0,82.7,63.6,Female,Mechanical,Placed
STU_08423,6.7,1,1,1,71.6,65.1,0,1,86.7,70.4,Female,Mechanical,Placed
STU_08424,6.43,0,2,1,90.8,62.1,1,1,73.8,63.6,Male,Civil,Placed
STU_08425,7.91,0,2,0,79.2,84.6,0,1,66.6,59.1,Male,Information Technology,Placed
STU_08426,7.27,1,0,1,93.6,65.5,1,0,72.3,86.3,Male,Civil,Placed
STU_08427,8.13,2,3,2,61.0,55.3,0,1,69.7,70.1,Female,Computer Science,Placed
STU_08428,6.39,0,1,2,68.2,75.0,0,1,90.1,75.9,Female,Civil,Placed
STU_08429,5.52,1,4,2,68.6,71.9,0,1,86.6,82.4,Female,Electronics,Placed
STU_08430,6.77,0,1,1,73.6,60.9,1,0,57.7,87.0,Female,Information Technology,Placed
STU_08431,6.53,1,2,1,81.5,84.2,0,1,79.8,92.1,Male,Mechanical,Placed
STU_08432,7.22,1,0,1,94.5,78.4,0,1,60.1,65.4,Female,Mechanical,Placed
STU_08433,6.66,1,1,2,97.6,78.3,0,1,67.2,92.0,Female,Civil,Placed
STU_08434,8.04,0,3,2,95.0,77.8,1,1,86.3,76.8,Male,Information Technology,Placed
STU_08435,7.01,0,2,0,80.0,85.1,0,0,60.8,76.9,Male,Mechanical,Placed
STU_08436,7.45,1,3,0,64.9,70.1,0,1,64.4,71.9,Male,Mechanical,Placed
STU_08437,7.46,0,2,0,73.4,57.1,0,1,67.8,78.4,Female,Computer Science,Placed
STU_08438,7.49,0,3,0,79.8,69.5,0,1,62.2,92.0,Female,Mechanical,Placed
STU_08439,7.28,1,4,3,72.0,52.1,0,1,63.8,82.2,Female,Electronics,Placed
STU_08440,7.81,1,2,0,56.3,59.3,1,1,77.4,87.1,Male,Civil,Placed
STU_08441,6.5,0,2,0,63.1,91.4,0,1,61.2,65.4,Male,Information Technology,Placed
STU_08442,8.7,1,3,2,83.0,58.8,0,0,75.5,70.2,Male,Electronics,Placed
STU_08443,7.06,2,1,0,66.3,57.9,1,1,78.1,75.9,Male,Computer Science,Placed
STU_08444,5.99,0,3,0,70.4,80.0,1,0,85.5,80.5,Male,Computer Science,Placed
STU_08445,7.49,1,2,1,68.8,82.4,0,1,87.3,78.8,Male,Computer Science,Placed
STU_08446,6.45,0,2,1,56.6,52.0,0,1,64.2,94.8,Female,Electronics,Placed
STU_08447,7.97,0,0,0,67.4,75.0,1,0,64.8,67.7,Female,Information Technology,Placed
STU_08448,9.51,0,2,1,63.1,65.4,0,1,64.2,80.1,Male,Information Technology,Placed
STU_08449,6.51,0,1,0,59.6,76.0,1,0,85.9,80.6,Female,Electronics,Not Placed
STU_08450,7.63,2,3,1,54.1,68.4,1,0,81.5,70.6,Male,Computer Science,Placed
STU_08451,5.54,0,2,1,68.5,55.6,0,1,74.5,74.3,Female,Information Technology,Not Placed
STU_08452,7.75,1,1,2,79.3,66.2,0,0,66.1,67.7,Male,Electronics,Placed
STU_08453,6.41,0,4,1,86.8,79.5,1,1,79.6,78.3,Male,Mechanical,Placed
STU_08454,6.68,0,2,1,49.1,95.3,1,0,91.7,60.5,Male,Information Technology,Placed
STU_08455,6.2,1,4,1,94.1,76.7,1,0,91.0,93.6,Male,Civil,Placed
STU_08456,8.03,1,1,0,74.4,67.3,0,1,63.3,72.3,Male,Computer Science,Placed
STU_08457,8.31,2,2,0,53.1,57.8,1,0,88.7,67.2,Female,Mechanical,Placed
STU_08458,7.32,2,2,2,63.9,70.1,1,1,63.1,55.9,Female,Computer Science,Placed
STU_08459,6.44,0,2,0,41.8,67.5,0,1,74.0,71.1,Male,Mechanical,Placed
STU_08460,8.89,1,0,1,45.7,75.7,0,1,72.8,72.4,Male,Information Technology,Placed
STU_08461,6.55,0,1,0,95.8,71.3,0,1,80.7,78.4,Male,Mechanical,Placed
STU_08462,5.14,1,3,2,59.5,77.8,0,1,68.0,72.7,Male,Civil,Placed
STU_08463,7.76,2,1,3,78.1,67.7,1,1,79.0,99.0,Male,Information Technology,Placed
STU_08464,6.2,0,4,0,68.3,92.5,0,1,67.2,61.0,Female,Computer Science,Placed
STU_08465,8.29,0,1,1,70.3,79.0,0,1,79.7,81.8,Female,Information Technology,Placed
STU_08466,6.92,1,4,1,75.5,63.5,0,0,64.8,79.5,Female,Computer Science,Placed
STU_08467,7.9,1,2,2,38.7,84.0,0,1,74.0,60.2,Male,Mechanical,Placed
STU_08468,8.7,0,2,0,89.8,58.1,1,0,78.0,71.4,Female,Civil,Placed
STU_08469,6.09,3,1,1,68.5,61.7,0,0,75.5,99.0,Female,Electronics,Placed
STU_08470,6.73,1,3,1,62.4,62.4,0,1,86.4,69.2,Male,Mechanical,Placed
STU_08471,7.22,0,2,0,77.0,87.9,1,1,55.4,97.2,Male,Information Technology,Placed
STU_08472,8.84,0,2,0,59.2,69.9,0,0,79.7,73.8,Female,Mechanical,Placed
STU_08473,6.64,1,0,0,73.1,64.5,0,0,69.7,75.4,Female,Information Technology,Placed
STU_08474,6.71,0,2,2,67.5,74.0,1,1,83.9,70.9,Female,Mechanical,Placed
STU_08475,7.78,0,3,0,80.7,78.5,0,0,78.3,64.1,Female,Mechanical,Placed
STU_08476,6.72,1,1,1,66.8,91.1,0,1,88.9,61.6,Female,Civil,Placed
STU_08477,7.45,1,2,0,54.5,54.0,0,1,75.7,68.3,Male,Information Technology,Not Placed
STU_08478,5.75,1,0,0,75.4,87.2,0,1,90.3,83.3,Female,Civil,Not Placed
STU_08479,9.51,0,3,1,65.9,47.2,0,1,79.6,81.0,Male,Mechanical,Placed
STU_08480,5.95,1,4,2,42.7,82.9,0,1,65.1,70.9,Female,Mechanical,Placed
STU_08481,6.98,3,1,1,73.0,86.0,1,1,69.9,95.7,Female,Information Technology,Placed
STU_08482,7.27,0,0,2,61.9,86.6,0,1,72.1,65.7,Female,Civil,Placed
STU_08483,9.21,1,2,1,75.2,78.8,0,1,79.1,80.0,Male,Electronics,Placed
STU_08484,5.98,2,0,1,57.2,59.2,1,1,87.0,60.6,Male,Civil,Placed
STU_08485,9.28,1,2,1,51.9,81.0,1,1,84.1,78.3,Male,Mechanical,Placed
STU_08486,8.06,1,1,2,87.7,59.2,0,1,84.6,80.7,Male,Computer Science,Not Placed
STU_08487,7.72,0,2,1,82.6,60.7,0,1,70.5,72.8,Female,Civil,Placed
STU_08488,6.32,1,0,1,69.9,66.5,0,1,86.8,75.5,Male,Electronics,Not Placed
STU_08489,7.87,1,0,1,76.6,67.6,0,0,79.0,69.8,Male,Computer Science,Placed
STU_08490,6.58,1,0,0,82.2,74.9,1,1,85.9,85.2,Female,Civil,Placed
STU_08491,8.57,3,2,0,69.8,63.7,0,1,63.2,84.6,Female,Computer Science,Placed
STU_08492,6.33,0,2,0,51.9,76.0,0,1,82.5,79.8,Female,Mechanical,Placed
STU_08493,7.19,0,1,1,74.5,55.5,1,1,71.9,82.7,Male,Mechanical,Placed
STU_08494,6.74,0,2,0,85.0,72.5,0,1,65.3,81.1,Female,Electronics,Placed
STU_08495,6.31,1,3,0,78.9,68.7,1,1,84.5,70.5,Male,Information Technology,Placed
STU_08496,8.04,0,1,2,70.9,84.2,0,1,73.7,78.9,Male,Computer Science,Not Placed
STU_08497,7.84,1,3,1,78.5,85.4,0,0,83.3,83.3,Female,Electronics,Placed
STU_08498,8.51,0,2,0,66.7,70.0,0,0,68.2,72.8,Male,Civil,Placed
STU_08499,5.52,1,0,2,85.7,48.5,0,0,98.3,81.3,Female,Mechanical,Not Placed
STU_08500,8.36,0,1,0,90.2,54.3,0,0,76.8,60.5,Male,Civil,Placed
STU_08501,9.81,2,2,1,50.6,85.5,1,1,73.3,62.0,Male,Information Technology,Placed
STU_08502,6.85,1,2,1,86.7,70.3,0,1,87.9,75.9,Male,Computer Science,Placed
STU_08503,9.2,2,1,0,100.0,93.0,0,1,77.1,71.6,Male,Electronics,Placed
STU_08504,7.04,1,4,0,77.9,82.8,0,1,99.0,87.1,Female,Information Technology,Placed
STU_08505,5.93,0,2,0,84.8,75.1,1,0,89.7,73.0,Male,Computer Science,Placed
STU_08506,6.99,0,1,0,60.3,73.5,0,0,73.3,87.6,Female,Mechanical,Placed
STU_08507,8.35,3,0,0,62.4,58.2,1,0,78.7,74.7,Male,Information Technology,Placed
STU_08508,6.46,1,1,3,66.9,64.4,0,1,78.7,78.9,Female,Civil,Not Placed
STU_08509,6.7,0,2,1,64.0,77.0,1,1,67.4,70.4,Male,Electronics,Placed
STU_08510,7.89,1,2,2,50.3,67.9,0,0,90.8,73.7,Male,Electronics,Placed
STU_08511,7.3,0,2,1,67.4,77.6,0,1,73.7,67.0,Female,Electronics,Placed
STU_08512,7.88,0,2,1,82.5,84.4,0,1,75.5,63.3,Male,Information Technology,Placed
STU_08513,7.54,0,1,0,50.5,69.8,0,1,80.2,85.2,Female,Information Technology,Placed
STU_08514,7.78,2,2,0,72.7,66.8,0,1,68.8,86.8,Female,Mechanical,Placed
STU_08515,6.87,0,0,1,72.2,61.2,1,1,80.1,85.2,Female,Information Technology,Not Placed
STU_08516,7.53,0,1,2,65.5,82.0,1,0,73.0,87.2,Female,Civil,Placed
STU_08517,6.37,0,2,0,77.4,81.0,1,0,73.2,77.4,Male,Civil,Placed
STU_08518,8.59,0,1,1,76.0,98.2,0,1,76.4,70.2,Female,Civil,Placed
STU_08519,6.67,1,3,0,64.4,74.1,0,1,70.7,67.3,Male,Mechanical,Placed
STU_08520,8.43,0,4,1,85.9,70.8,0,0,62.4,55.7,Female,Computer Science,Placed
STU_08521,7.07,0,2,1,78.4,77.6,1,1,79.7,80.9,Male,Electronics,Not Placed
STU_08522,7.5,2,0,1,93.6,68.5,1,1,55.1,76.4,Female,Computer Science,Placed
STU_08523,6.81,0,1,0,69.0,61.4,1,0,55.5,79.2,Male,Civil,Placed
STU_08524,6.28,0,0,0,65.2,73.1,0,1,78.4,81.6,Male,Information Technology,Placed
STU_08525,5.56,1,2,1,66.9,77.5,0,1,76.2,90.3,Female,Electronics,Placed
STU_08526,6.24,1,3,3,87.7,78.3,1,1,80.6,71.4,Male,Mechanical,Placed
STU_08527,6.98,2,2,0,67.8,77.3,1,0,84.6,80.3,Male,Information Technology,Placed
STU_08528,7.51,0,2,1,68.7,84.8,0,1,58.2,69.5,Female,Computer Science,Placed
STU_08529,8.31,2,2,1,99.4,78.2,0,0,71.9,56.2,Female,Computer Science,Placed
STU_08530,6.85,1,3,0,49.8,75.2,0,1,73.5,73.1,Male,Civil,Placed
STU_08531,6.42,1,1,2,75.4,56.8,0,0,81.1,91.1,Female,Mechanical,Placed
STU_08532,5.86,0,3,0,69.1,75.0,0,1,80.3,73.0,Male,Civil,Placed
STU_08533,7.78,0,2,1,66.2,69.9,1,0,73.9,65.2,Female,Mechanical,Placed
STU_08534,8.68,1,1,1,55.7,58.5,0,0,78.4,79.2,Female,Mechanical,Placed
STU_08535,8.57,2,4,1,60.0,78.0,1,1,75.3,84.8,Female,Electronics,Placed
STU_08536,8.01,1,4,0,63.9,78.2,0,0,68.9,80.6,Male,Mechanical,Placed
STU_08537,7.94,0,2,2,77.4,77.1,1,0,78.5,89.9,Female,Computer Science,Placed
STU_08538,9.0,0,3,0,82.8,78.7,0,0,56.6,64.7,Male,Computer Science,Placed
STU_08539,7.63,1,1,1,43.3,73.5,1,1,80.5,90.3,Male,Computer Science,Placed
STU_08540,7.95,1,1,2,52.0,69.0,0,0,92.1,52.4,Male,Computer Science,Placed
STU_08541,6.98,0,1,1,78.2,93.2,0,1,74.5,52.7,Female,Information Technology,Placed
STU_08542,5.94,0,2,0,79.5,73.8,1,1,98.6,58.9,Male,Electronics,Placed
STU_08543,6.62,0,2,3,48.0,41.5,1,0,84.0,80.3,Male,Civil,Not Placed
STU_08544,7.29,1,1,0,83.1,42.9,0,1,92.6,58.4,Male,Civil,Placed
STU_08545,7.36,1,2,2,69.8,86.5,0,1,81.9,68.0,Male,,Placed
STU_08546,9.23,2,0,0,81.2,50.0,0,1,83.5,70.3,Male,Civil,Placed
STU_08547,7.38,1,0,0,57.2,65.5,1,1,79.4,83.2,Female,Information Technology,Placed
STU_08548,8.48,0,1,0,49.1,57.4,0,1,62.3,89.1,Male,Civil,Placed
STU_08549,6.86,1,1,0,65.4,68.4,0,1,58.3,84.9,Male,Civil,Placed
STU_08550,6.99,3,1,0,66.0,76.6,1,0,75.6,59.3,Male,Electronics,Placed
STU_08551,5.97,2,1,0,65.2,64.0,1,1,72.0,77.0,Male,Mechanical,Placed
STU_08552,6.56,2,1,3,64.1,62.2,1,0,72.3,70.9,Male,Mechanical,Placed
STU_08553,7.83,0,1,2,95.4,80.8,0,0,65.4,73.2,Female,Information Technology,Placed
STU_08554,7.31,1,1,0,44.5,100.0,0,1,89.1,74.3,Male,Computer Science,Placed
STU_08555,8.24,2,3,0,57.3,78.5,0,1,67.7,69.9,Female,Electronics,Placed
STU_08556,7.48,1,1,1,63.7,61.0,1,1,67.0,67.0,Male,Computer Science,Placed
STU_08557,6.95,0,2,0,70.4,82.5,0,0,78.4,70.1,Female,Electronics,Placed
STU_08558,9.45,3,0,2,80.7,92.9,0,1,88.8,67.4,Female,Computer Science,Placed
STU_08559,7.21,1,1,1,83.0,84.8,0,0,86.5,86.2,Male,Information Technology,Placed
STU_08560,8.46,0,1,1,86.1,53.5,1,1,71.5,74.3,Male,Information Technology,Placed
STU_08561,6.9,0,3,1,77.2,78.3,1,0,75.9,86.1,Male,Electronics,Placed
STU_08562,8.01,1,1,1,44.0,66.5,0,1,94.4,87.0,Female,Civil,Placed
STU_08563,8.23,0,2,0,45.0,72.6,0,1,89.1,90.2,Male,Electronics,Placed
STU_08564,7.51,0,2,0,87.2,67.5,1,0,86.8,61.2,Female,Information Technology,Placed
STU_08565,5.0,1,0,0,86.2,80.9,1,0,81.9,77.9,Female,Mechanical,Placed
STU_08566,7.32,1,3,1,79.5,67.8,0,1,79.0,61.3,Male,Civil,Placed
STU_08567,8.53,1,1,1,57.7,89.0,0,1,98.1,95.2,Female,Computer Science,Placed
STU_08568,7.83,0,0,2,65.2,72.0,0,0,89.3,81.5,Female,Civil,Placed
STU_08569,7.75,1,1,0,64.0,69.3,0,1,79.2,69.8,Male,Electronics,Placed
STU_08570,5.58,0,1,1,54.6,78.9,1,1,85.2,71.5,Female,Mechanical,Placed
STU_08571,6.58,0,0,0,73.9,76.3,1,1,75.5,84.2,Male,Electronics,Placed
STU_08572,7.71,0,2,1,100.0,79.2,1,1,62.0,70.9,Female,Civil,Placed
STU_08573,7.71,2,1,2,62.6,70.4,1,1,67.8,60.1,Female,Mechanical,Placed
STU_08574,8.51,0,2,2,89.5,88.0,0,1,73.4,79.9,Male,Computer Science,Placed
STU_08575,7.16,0,0,2,56.7,83.9,0,0,72.7,88.6,Male,Electronics,Placed
STU_08576,,0,4,3,47.0,71.9,0,1,70.8,74.2,Female,Computer Science,Placed
STU_08577,7.32,1,1,2,84.8,81.9,1,0,71.2,83.3,Female,Civil,Placed
STU_08578,6.31,2,2,0,66.7,68.8,0,0,91.1,68.5,Male,Electronics,Placed
STU_08579,5.04,2,2,0,89.1,78.8,0,1,96.3,76.4,Male,Electronics,Placed
STU_08580,7.73,0,1,1,92.1,81.9,0,0,91.1,76.1,Male,Electronics,Placed
STU_08581,7.47,0,0,3,65.8,75.0,1,1,56.4,71.1,Female,Mechanical,Placed
STU_08582,6.68,0,1,1,,62.2,0,0,88.8,64.6,Female,Electronics,Placed
STU_08583,5.68,1,1,0,56.9,57.7,0,0,85.4,67.0,Male,Mechanical,Placed
STU_08584,7.93,0,1,2,56.6,75.5,1,1,77.6,67.5,Female,Information Technology,Not Placed
STU_08585,7.03,0,2,0,86.1,63.3,1,1,73.0,69.9,Female,Electronics,Placed
STU_08586,7.86,1,1,1,46.8,84.7,0,1,75.0,73.5,Female,Information Technology,Placed
STU_08587,9.16,0,2,2,70.0,53.9,0,1,87.9,76.6,Male,Computer Science,Placed
STU_08588,5.16,0,0,2,88.7,87.8,1,1,81.9,76.6,Female,Civil,Placed
STU_08589,6.6,0,3,2,89.8,72.6,0,1,90.2,73.9,Female,Electronics,Placed
STU_08590,7.09,0,1,2,63.5,61.7,1,0,86.1,75.2,Female,Computer Science,Placed
STU_08591,8.75,1,1,1,85.1,66.6,0,0,92.4,65.6,Male,Information Technology,Placed
STU_08592,5.66,3,0,1,53.2,69.6,1,1,84.3,77.1,Male,Mechanical,Placed
STU_08593,9.24,0,0,1,60.0,77.8,1,1,66.6,57.8,Female,Mechanical,Placed
STU_08594,7.44,0,2,2,73.5,57.3,1,0,62.0,63.9,Female,Information Technology,Placed
STU_08595,7.2,2,2,0,75.7,60.5,0,0,84.5,63.6,Male,Computer Science,Placed
STU_08596,7.1,2,2,0,54.3,68.1,0,1,84.0,68.7,Female,Electronics,Placed
STU_08597,6.86,0,2,0,97.9,71.6,0,1,71.8,78.2,Male,Computer Science,Placed
STU_08598,8.35,1,4,1,41.8,80.6,0,1,80.5,76.9,Male,Mechanical,Placed
STU_08599,6.23,0,2,0,70.8,75.2,1,1,73.5,78.0,Male,Electronics,Placed
STU_08600,7.65,1,1,2,72.9,67.3,0,1,73.1,83.9,Male,Information Technology,Placed
STU_08601,6.92,3,1,0,43.8,74.8,1,1,63.7,77.0,Male,Information Technology,Placed
STU_08602,6.54,1,0,0,89.9,74.0,1,1,78.4,63.9,Female,Civil,Placed
STU_08603,9.89,1,2,0,58.9,69.0,1,1,72.8,75.3,Female,Information Technology,Placed
STU_08604,7.72,0,1,1,71.5,73.4,1,1,81.8,64.7,Male,Civil,Placed
STU_08605,7.91,1,2,0,74.9,46.2,0,1,60.5,71.3,Female,Information Technology,Placed
STU_08606,8.44,1,1,0,48.2,83.2,0,0,84.0,79.4,Male,Mechanical,Placed
STU_08607,5.88,1,3,2,53.9,78.6,1,0,72.8,73.1,Male,Mechanical,Placed
STU_08608,9.05,0,4,2,93.4,90.0,1,1,67.3,82.1,Female,Civil,Placed
STU_08609,5.0,1,1,2,69.0,62.3,0,1,73.6,75.1,Male,Electronics,Placed
STU_08610,6.53,1,3,1,29.5,78.9,1,1,62.0,58.3,Male,Civil,Not Placed
STU_08611,6.84,0,3,2,65.5,49.1,0,1,75.1,70.7,Female,Computer Science,Placed
STU_08612,7.88,0,4,2,69.5,50.8,1,1,79.2,82.0,Male,Computer Science,Placed
STU_08613,7.52,0,1,3,,69.2,1,1,78.7,80.0,Female,Civil,Placed
STU_08614,7.13,1,2,0,40.0,65.1,0,1,82.6,63.2,Male,Civil,Placed
STU_08615,7.29,1,1,0,69.6,84.6,1,1,72.3,69.9,Male,Electronics,Placed
STU_08616,6.32,2,2,0,57.5,86.1,1,1,85.8,77.3,Female,Information Technology,Placed
STU_08617,5.8,0,2,2,73.3,87.4,0,1,80.7,69.3,Male,Mechanical,Placed
STU_08618,8.03,2,2,1,77.6,79.2,0,1,86.2,71.3,Female,Information Technology,Placed
STU_08619,7.99,1,1,1,76.0,79.7,1,0,94.6,77.7,Male,Civil,Placed
STU_08620,8.88,0,3,1,91.1,56.6,0,1,62.5,95.2,Male,Mechanical,Placed
STU_08621,6.51,0,1,2,100.0,88.8,1,0,74.2,78.4,Female,Mechanical,Placed
STU_08622,7.99,0,1,2,53.0,87.0,1,1,70.4,82.6,Female,Civil,Placed
STU_08623,7.02,3,2,1,64.3,55.4,0,0,99.0,65.2,Female,Mechanical,Placed
STU_08624,8.49,0,3,2,81.1,77.6,0,1,84.0,61.3,Male,Information Technology,Placed
STU_08625,8.32,0,4,0,68.1,65.4,1,1,80.9,65.4,Male,Mechanical,Placed
STU_08626,7.51,0,2,1,29.2,94.2,1,1,90.0,73.1,Male,Information Technology,Placed
STU_08627,6.96,2,0,2,67.1,60.3,0,1,78.1,77.5,Male,Information Technology,Placed
STU_08628,8.26,0,0,2,88.5,73.1,0,1,82.7,80.3,Female,Computer Science,Placed
STU_08629,7.95,0,0,1,49.1,74.2,1,0,73.4,84.8,Male,Mechanical,Placed
STU_08630,6.62,0,0,0,73.3,71.4,1,1,64.4,88.8,Male,Civil,Placed
STU_08631,5.97,0,1,0,41.4,97.8,0,1,87.0,52.1,Male,Electronics,Placed
STU_08632,7.01,0,1,0,83.1,92.3,1,1,68.4,64.2,Male,Computer Science,Placed
STU_08633,8.82,1,0,1,73.6,52.3,1,0,85.5,93.3,Male,Information Technology,Placed
STU_08634,8.45,2,3,1,61.5,77.8,0,1,88.8,78.8,Male,Computer Science,Placed
STU_08635,6.19,2,2,2,63.7,71.9,0,1,55.6,73.8,Male,Computer Science,Placed
STU_08636,6.13,1,2,1,47.5,82.0,1,1,88.4,50.5,Female,Electronics,Placed
STU_08637,8.57,0,1,0,85.1,74.6,0,1,80.5,60.8,Male,Civil,Placed
STU_08638,6.16,1,1,0,58.0,62.2,0,1,68.3,84.7,Male,Electronics,Placed
STU_08639,7.81,0,1,2,77.5,59.6,1,1,60.6,69.8,Male,Information Technology,Placed
STU_08640,6.68,0,1,1,55.6,67.2,0,1,77.3,81.0,Female,Civil,Placed
STU_08641,8.92,2,2,1,100.0,70.6,1,1,76.2,70.6,Female,Civil,Placed
STU_08642,6.53,2,2,1,93.4,74.3,0,1,88.9,99.0,Female,Computer Science,Placed
STU_08643,8.44,1,3,0,100.0,65.2,0,1,78.6,74.5,Male,Computer Science,Placed
STU_08644,7.48,2,3,0,100.0,92.5,0,0,67.1,58.6,Female,Mechanical,Placed
STU_08645,7.55,3,2,0,60.5,78.4,1,0,62.5,81.4,Female,Civil,Placed
STU_08646,5.33,1,1,0,56.7,82.5,0,0,79.5,75.8,Male,Electronics,Placed
STU_08647,5.1,1,3,1,100.0,70.3,1,0,78.0,68.2,Male,Electronics,Placed
STU_08648,7.08,1,2,1,67.9,59.5,0,0,91.2,77.2,Male,Computer Science,Placed
STU_08649,7.55,0,2,3,82.5,82.6,1,1,73.1,86.5,Female,Mechanical,Placed
STU_08650,6.17,0,2,2,60.7,60.1,0,1,82.2,72.4,Male,Civil,Placed
STU_08651,6.21,1,0,1,60.9,47.7,0,1,76.7,64.5,Female,Computer Science,Not Placed
STU_08652,7.86,0,0,1,82.4,78.8,0,1,51.0,77.3,Male,Civil,Placed
STU_08653,7.86,0,1,1,40.5,62.9,1,1,85.2,67.9,Female,Computer Science,Placed
STU_08654,7.16,0,0,0,81.7,68.0,1,1,73.7,78.6,Female,Mechanical,Placed
STU_08655,8.08,0,1,3,77.9,80.3,1,0,84.6,88.9,Female,Civil,Placed
STU_08656,6.13,3,1,1,62.0,60.8,0,0,79.7,62.4,Male,Computer Science,Placed
STU_08657,6.94,1,3,2,70.4,52.8,1,1,68.1,54.7,Male,Mechanical,Placed
STU_08658,8.95,1,2,3,72.7,86.6,0,0,76.3,99.0,Male,Information Technology,Placed
STU_08659,7.37,3,1,1,73.6,71.3,1,1,77.7,76.5,Female,Electronics,Placed
STU_08660,7.43,2,0,0,80.4,87.1,0,1,79.8,61.3,Male,Mechanical,Placed
STU_08661,9.61,1,2,1,57.8,79.5,1,1,83.1,64.0,Female,Mechanical,Placed
STU_08662,5.9,2,0,1,100.0,79.9,1,1,78.3,69.8,Female,Civil,Placed
STU_08663,8.1,0,2,2,66.9,74.0,0,0,95.5,78.3,Male,Civil,Placed
STU_08664,8.96,0,3,0,68.0,74.0,1,1,86.4,48.4,Male,Information Technology,Placed
STU_08665,6.98,0,2,1,99.2,85.6,1,1,88.0,82.7,Female,Electronics,Placed
STU_08666,8.16,1,0,2,42.6,81.8,1,1,86.2,67.4,Male,Electronics,Placed
STU_08667,6.32,1,2,3,99.0,64.9,1,1,78.8,91.3,Female,Mechanical,Placed
STU_08668,6.61,1,1,0,71.4,77.9,0,1,85.3,79.2,Male,Electronics,Not Placed
STU_08669,7.68,1,1,2,62.0,64.6,0,1,90.5,84.8,Male,Information Technology,Placed
STU_08670,8.1,0,2,0,53.2,68.2,1,0,79.3,72.4,Female,Computer Science,Placed
STU_08671,8.42,0,3,2,51.0,78.8,0,1,88.5,77.7,Male,Computer Science,Placed
STU_08672,8.87,1,1,0,64.9,64.4,0,1,65.0,90.2,Female,Civil,Placed
STU_08673,7.23,0,3,3,74.2,73.8,0,0,89.0,65.6,Male,Computer Science,Placed
STU_08674,8.49,1,0,1,79.3,76.6,1,1,70.3,79.9,Female,Information Technology,Placed
STU_08675,6.96,1,0,0,74.0,67.9,1,0,65.0,80.9,Male,Mechanical,Placed
STU_08676,8.2,1,2,0,62.3,80.6,1,1,75.2,90.0,Female,Civil,Placed
STU_08677,7.51,0,1,0,90.1,66.7,1,1,80.1,68.0,Female,Information Technology,Placed
STU_08678,7.75,1,1,1,100.0,83.3,1,1,81.3,65.7,Male,Computer Science,Placed
STU_08679,7.72,2,0,2,92.4,73.6,1,0,90.9,88.1,Male,Information Technology,Placed
STU_08680,5.7,3,1,2,64.6,74.1,1,1,72.4,72.5,Male,Civil,Placed
STU_08681,6.18,2,1,2,77.5,61.2,0,1,94.4,65.1,Male,Mechanical,Placed
STU_08682,7.4,1,2,2,78.5,69.2,0,1,94.5,69.6,Male,Mechanical,Placed
STU_08683,5.61,0,2,3,94.1,74.3,1,0,80.3,59.8,Female,Mechanical,Placed
STU_08684,8.13,1,4,2,64.9,84.3,0,1,69.7,74.7,Female,Electronics,Placed
STU_08685,8.17,2,2,0,55.5,68.1,1,1,99.0,48.0,Male,Information Technology,Placed
STU_08686,7.63,0,2,2,87.0,84.2,1,1,95.2,77.9,Male,Information Technology,Placed
STU_08687,6.18,0,2,0,76.1,62.9,1,1,79.9,58.0,Male,Electronics,Placed
STU_08688,8.68,0,3,3,53.4,76.0,0,1,64.4,89.0,Female,Civil,Placed
STU_08689,9.34,1,1,0,80.6,65.9,1,1,84.2,67.2,Male,Civil,Placed
STU_08690,7.45,0,1,0,97.6,90.5,0,1,72.1,65.9,Female,Computer Science,Placed
STU_08691,7.81,0,2,0,59.6,88.4,0,0,86.7,75.5,Male,Civil,Placed
STU_08692,7.5,2,1,1,56.6,75.4,1,1,80.3,79.3,Female,Civil,Placed
STU_08693,7.83,1,3,0,70.5,65.6,0,0,62.0,75.4,Female,Mechanical,Placed
STU_08694,7.18,0,2,3,80.2,53.8,0,1,66.2,57.2,Female,Information Technology,Placed
STU_08695,7.27,0,1,0,68.9,76.5,0,1,70.4,76.3,Male,Mechanical,Placed
STU_08696,8.21,0,2,0,87.0,74.5,0,1,94.4,74.1,Female,Information Technology,Placed
STU_08697,9.65,1,1,0,73.9,82.3,0,1,71.5,73.7,Male,Information Technology,Placed
STU_08698,5.9,0,4,0,85.2,54.4,0,1,55.3,81.4,Male,Information Technology,Not Placed
STU_08699,7.2,1,4,1,59.2,73.7,0,0,76.0,66.5,Male,Computer Science,Placed
STU_08700,6.12,1,2,0,51.6,77.1,1,1,75.4,62.5,Female,Mechanical,Placed
STU_08701,8.89,1,0,0,64.9,61.2,1,1,93.9,81.8,Male,Electronics,Placed
STU_08702,6.71,0,1,0,49.8,73.4,0,1,93.1,53.6,Female,Electronics,Placed
STU_08703,5.86,1,2,0,,63.3,0,1,64.9,78.1,Male,Computer Science,Placed
STU_08704,7.94,2,3,2,39.7,62.1,0,1,81.9,61.7,Male,Mechanical,Placed
STU_08705,9.04,0,1,1,63.2,65.6,0,1,85.9,90.4,Male,Computer Science,Placed
STU_08706,7.96,0,0,0,65.7,68.8,0,1,76.8,59.0,Male,Computer Science,Placed
STU_08707,7.5,1,0,0,54.3,86.9,0,0,79.8,59.2,Male,Mechanical,Placed
STU_08708,7.71,1,2,1,65.4,68.1,0,1,89.1,99.0,Female,Civil,Placed
STU_08709,8.71,0,3,0,70.1,61.8,0,0,80.9,88.9,Male,Electronics,Placed
STU_08710,6.43,1,0,1,89.0,81.8,0,1,84.7,66.1,Male,Electronics,Placed
STU_08711,7.19,1,1,3,54.4,84.3,0,1,92.1,61.4,Male,Information Technology,Placed
STU_08712,6.85,2,2,0,75.4,81.8,0,1,73.5,64.8,Male,Information Technology,Placed
STU_08713,6.13,0,3,0,78.3,88.4,1,1,86.0,79.0,Male,Electronics,Placed
STU_08714,6.97,1,3,0,69.7,74.3,0,0,73.6,78.1,Female,Mechanical,Placed
STU_08715,8.41,0,2,1,62.5,73.9,0,0,88.7,70.6,Male,Computer Science,Placed
STU_08716,7.87,1,0,0,52.9,63.6,0,1,71.8,93.9,Male,Computer Science,Placed
STU_08717,7.94,1,1,1,98.5,88.8,0,1,82.3,66.4,Male,Computer Science,Placed
STU_08718,7.45,0,4,2,71.1,70.9,1,0,75.7,54.2,Female,Mechanical,Placed
STU_08719,7.82,2,4,0,65.3,68.4,1,0,83.9,99.0,Female,Mechanical,Placed
STU_08720,6.5,0,2,0,100.0,67.3,0,1,69.6,85.1,Male,Mechanical,Placed
STU_08721,6.99,1,2,2,73.3,79.6,0,1,75.2,72.7,Female,Mechanical,Placed
STU_08722,7.49,0,4,0,100.0,73.0,1,1,77.5,77.3,Male,Mechanical,Placed
STU_08723,7.58,1,1,0,48.8,74.3,0,0,67.3,76.3,Male,Mechanical,Not Placed
STU_08724,7.62,0,0,1,66.4,68.1,0,1,71.9,57.1,Male,Information Technology,Placed
STU_08725,7.16,2,2,0,49.4,69.6,0,1,61.6,74.8,Female,Mechanical,Placed
STU_08726,6.92,2,4,2,68.2,70.2,0,1,81.8,79.8,Female,Electronics,Placed
STU_08727,10.0,2,2,0,68.1,89.1,0,0,85.9,79.2,Female,Information Technology,Placed
STU_08728,8.21,0,3,1,63.1,50.4,0,1,64.1,48.8,Female,Information Technology,Placed
STU_08729,7.71,1,1,1,70.8,77.4,1,1,66.3,77.1,Male,Information Technology,Placed
STU_08730,7.07,0,0,0,63.9,85.1,1,1,68.4,80.1,Male,Mechanical,Placed
STU_08731,6.85,2,1,0,68.3,49.9,1,1,65.3,74.4,Female,Computer Science,Placed
STU_08732,7.17,1,4,0,58.7,71.1,0,1,82.0,61.6,Male,Civil,Placed
STU_08733,7.59,1,2,2,91.6,83.8,1,1,71.1,89.4,Male,Mechanical,Placed
STU_08734,5.42,1,0,1,53.4,63.0,0,1,80.5,74.6,Male,Civil,Placed
STU_08735,5.73,0,4,0,73.2,75.2,0,0,70.5,72.6,Male,Electronics,Placed
STU_08736,6.66,1,2,1,52.1,60.8,0,0,74.6,73.3,Male,Mechanical,Placed
STU_08737,7.51,0,3,1,57.5,72.4,0,1,88.4,58.9,Female,Mechanical,Not Placed
STU_08738,7.06,3,2,3,59.1,87.3,1,0,66.4,96.5,Male,Civil,Placed
STU_08739,8.78,2,0,0,68.0,92.3,0,0,72.4,87.4,Male,Electronics,Placed
STU_08740,5.82,1,2,2,72.6,75.1,1,0,82.2,67.4,Female,Information Technology,Placed
STU_08741,6.55,2,4,1,53.4,56.7,1,1,74.8,53.8,Female,Information Technology,Placed
STU_08742,8.82,0,0,2,63.8,68.3,0,1,79.9,80.8,Male,Electronics,Placed
STU_08743,7.43,2,3,0,55.1,50.2,0,1,78.0,83.2,Male,Information Technology,Placed
STU_08744,8.18,0,1,0,54.5,68.5,0,0,62.9,75.7,Female,Civil,Placed
STU_08745,9.35,1,1,2,87.0,83.6,1,1,92.0,71.3,Female,Civil,Placed
STU_08746,6.61,1,1,2,49.1,55.6,0,0,77.0,56.7,Male,Electronics,Placed
STU_08747,7.2,0,3,0,71.1,69.5,0,0,93.9,81.6,Male,Information Technology,Placed
STU_08748,7.03,0,2,1,95.5,62.2,0,1,81.4,56.5,Male,Information Technology,Placed
STU_08749,5.35,0,1,0,88.1,93.5,0,1,91.2,78.0,Female,Mechanical,Placed
STU_08750,6.99,3,3,0,76.4,76.8,1,1,88.2,83.0,Male,Information Technology,Placed
STU_08751,8.18,0,0,0,69.8,82.2,0,1,90.3,71.6,Male,Computer Science,Placed
STU_08752,7.84,1,0,0,81.0,75.5,1,1,75.8,72.2,Female,Mechanical,Placed
STU_08753,7.92,1,0,1,75.5,81.1,0,1,95.9,48.0,Female,Computer Science,Placed
STU_08754,6.92,0,2,0,91.3,85.0,1,0,73.3,64.8,Female,Computer Science,Placed
STU_08755,6.64,1,2,0,68.0,72.5,0,1,81.6,69.7,Male,Computer Science,Placed
STU_08756,8.57,1,3,2,85.0,65.6,0,1,86.6,57.2,Female,Electronics,Placed
STU_08757,6.8,0,2,0,65.1,60.8,0,1,99.0,89.1,Male,Information Technology,Placed
STU_08758,7.59,1,1,1,98.4,93.1,1,0,88.9,66.5,Male,Mechanical,Placed
STU_08759,7.46,0,3,2,67.6,81.8,0,0,72.7,69.9,Female,,Placed
STU_08760,8.76,0,1,0,45.7,45.3,0,0,80.7,94.6,Male,Electronics,Placed
STU_08761,8.27,1,3,0,71.2,69.1,0,1,64.5,86.2,Female,Mechanical,Placed
STU_08762,6.0,0,1,1,81.5,77.0,0,1,92.7,94.3,Male,Computer Science,Placed
STU_08763,6.11,2,1,1,94.4,92.1,1,0,50.0,89.0,Female,Electronics,Not Placed
STU_08764,7.88,2,2,1,55.1,58.8,0,1,76.3,82.6,Male,Mechanical,Placed
STU_08765,7.24,1,0,1,43.8,77.1,1,1,99.0,66.2,Male,Information Technology,Placed
STU_08766,6.84,0,0,2,77.5,67.2,0,0,85.6,58.8,Female,Information Technology,Placed
STU_08767,8.32,0,2,0,77.0,57.6,1,1,82.9,83.8,Male,Electronics,Placed
STU_08768,7.49,0,1,2,48.8,88.1,0,1,66.1,69.0,Male,Information Technology,Placed
STU_08769,7.35,1,0,0,65.1,60.4,0,1,91.3,49.2,Female,Information Technology,Placed
STU_08770,8.08,2,1,0,65.7,83.6,0,1,68.9,79.8,Female,Computer Science,Placed
STU_08771,6.92,0,2,0,82.3,52.9,0,1,68.9,77.5,Male,Electronics,Placed
STU_08772,8.87,0,1,1,63.8,66.1,1,1,91.3,60.7,Male,Civil,Placed
STU_08773,6.51,1,0,2,63.5,78.9,0,1,68.5,90.4,Female,Electronics,Placed
STU_08774,7.96,0,2,0,71.7,80.6,1,1,63.4,65.4,Male,Computer Science,Placed
STU_08775,8.73,1,2,0,49.3,77.2,0,0,68.4,99.0,Female,Electronics,Placed
STU_08776,5.92,1,2,0,98.5,83.8,1,0,79.9,89.5,Female,Mechanical,Placed
STU_08777,6.96,1,1,0,84.0,68.5,0,1,73.0,86.1,Male,Electronics,Placed
STU_08778,8.44,0,0,2,59.5,88.7,0,1,96.2,68.3,Female,Electronics,Placed
STU_08779,8.46,2,2,2,53.2,76.3,0,1,78.3,76.9,Male,Computer Science,Placed
STU_08780,7.13,0,3,2,54.4,80.8,0,1,65.6,78.0,Female,Electronics,Placed
STU_08781,6.57,2,2,1,78.8,76.4,0,0,59.3,71.8,Female,Mechanical,Placed
STU_08782,8.26,0,1,1,54.8,77.9,0,1,87.0,75.2,Female,Electronics,Placed
STU_08783,8.48,2,0,0,66.3,60.0,0,1,81.0,94.1,Male,Information Technology,Placed
STU_08784,6.14,1,3,1,44.6,60.7,0,0,84.1,67.3,Female,Mechanical,Not Placed
STU_08785,6.1,0,2,1,78.1,65.5,1,1,73.7,80.0,Male,Electronics,Not Placed
STU_08786,7.53,2,1,3,78.7,78.2,1,0,79.5,68.8,Male,Civil,Placed
STU_08787,7.93,1,1,3,67.2,64.9,0,0,89.9,57.7,Male,Electronics,Placed
STU_08788,7.0,0,3,2,72.9,68.4,0,1,78.1,86.7,Male,Information Technology,Placed
STU_08789,7.98,0,1,0,81.9,71.1,1,1,66.5,79.4,Male,Information Technology,Placed
STU_08790,6.59,1,2,0,72.5,89.0,0,0,85.2,85.8,Male,Information Technology,Placed
STU_08791,5.19,1,2,2,81.7,79.2,1,0,74.5,64.5,Male,Mechanical,Placed
STU_08792,6.88,1,1,1,52.5,54.5,0,0,87.7,68.2,Male,Civil,Placed
STU_08793,7.36,1,0,1,75.7,73.9,1,1,78.3,79.3,Male,Mechanical,Placed
STU_08794,7.02,1,1,0,72.9,68.4,0,0,86.6,83.5,Male,Electronics,Placed
STU_08795,6.14,1,3,2,88.0,69.3,1,1,83.1,88.1,Male,Civil,Placed
STU_08796,5.48,1,2,1,70.5,72.0,0,0,91.0,73.9,Female,Computer Science,Placed
STU_08797,6.79,0,3,1,68.5,85.5,0,1,87.6,80.5,Male,Electronics,Placed
STU_08798,8.2,2,2,2,61.6,62.2,1,1,65.0,94.7,Female,Mechanical,Placed
STU_08799,8.56,0,3,0,92.4,74.4,0,1,59.3,70.8,Male,Computer Science,Placed
STU_08800,8.49,0,3,1,34.7,75.5,0,1,77.2,78.1,Male,Electronics,Placed
STU_08801,6.48,1,2,1,77.7,69.3,1,1,84.0,73.4,Male,Electronics,Placed
STU_08802,6.15,0,1,1,69.7,64.3,0,1,70.7,77.3,Male,Civil,Placed
STU_08803,7.8,0,2,0,67.2,62.9,0,1,82.5,90.2,Male,Mechanical,Placed
STU_08804,7.94,0,2,1,65.1,67.0,0,1,82.0,68.5,Male,Information Technology,Placed
STU_08805,7.7,1,2,1,69.2,80.9,0,0,77.3,65.7,Female,Computer Science,Placed
STU_08806,5.29,3,3,1,77.2,67.7,0,1,71.7,84.6,Male,Mechanical,Placed
STU_08807,6.43,1,1,2,58.1,70.8,0,0,67.8,91.6,Male,Information Technology,Not Placed
STU_08808,7.27,1,1,0,72.0,58.1,1,1,99.0,59.0,Male,Computer Science,Placed
STU_08809,7.79,0,2,2,75.3,66.3,1,1,56.8,71.3,Female,Electronics,Placed
STU_08810,8.07,0,1,1,55.7,74.8,0,0,65.6,78.5,Male,Computer Science,Placed
STU_08811,7.44,0,1,1,77.6,52.0,0,1,99.0,75.5,Male,Mechanical,Placed
STU_08812,7.63,0,4,0,75.4,84.5,0,1,67.7,76.5,Male,Civil,Placed
STU_08813,7.38,0,2,0,58.0,64.9,0,1,72.4,75.7,Male,Civil,Placed
STU_08814,7.99,0,3,2,52.2,93.2,0,0,84.8,66.9,Male,Computer Science,Placed
STU_08815,7.61,0,2,0,57.8,77.0,1,1,82.8,48.0,Female,Civil,Placed
STU_08816,7.37,1,2,3,72.0,50.0,1,1,82.4,74.7,Male,Mechanical,Placed
STU_08817,7.03,2,2,0,68.9,75.3,0,1,93.0,72.5,Male,Information Technology,Placed
STU_08818,7.38,2,0,2,90.9,68.2,0,1,68.4,58.6,Male,Civil,Placed
STU_08819,7.78,1,2,1,64.5,75.5,0,1,79.7,67.5,Female,Mechanical,Placed
STU_08820,7.57,0,1,1,56.7,91.4,0,1,77.5,84.8,Male,Computer Science,Placed
STU_08821,7.68,1,4,0,,80.5,0,0,69.2,72.8,Female,Computer Science,Placed
STU_08822,8.64,0,1,0,55.3,69.3,0,1,79.0,77.1,Female,Mechanical,Placed
STU_08823,7.57,1,1,0,58.1,55.2,0,1,83.6,63.2,Male,Mechanical,Placed
STU_08824,6.65,1,2,1,58.3,82.5,0,1,83.8,81.5,Female,Civil,Placed
STU_08825,8.18,1,2,1,25.0,78.1,0,1,88.7,99.0,Female,Information Technology,Placed
STU_08826,5.93,3,0,1,78.5,85.9,1,0,77.6,80.8,Male,Computer Science,Placed
STU_08827,6.22,1,0,2,84.1,70.3,1,1,67.9,79.8,Female,Mechanical,Placed
STU_08828,7.64,1,3,1,83.8,75.5,1,0,64.2,77.8,Male,Information Technology,Placed
STU_08829,7.82,0,2,0,98.3,69.0,1,0,73.4,67.7,Female,Computer Science,Placed
STU_08830,6.05,2,0,0,92.6,73.0,1,1,64.5,85.6,Female,Mechanical,Placed
STU_08831,6.92,0,2,2,65.0,53.8,1,0,70.9,73.7,Female,Information Technology,Placed
STU_08832,6.69,2,1,0,86.6,75.8,1,0,66.2,94.0,Male,Civil,Placed
STU_08833,6.81,0,1,1,68.5,76.6,0,1,71.5,94.7,Female,Computer Science,Placed
STU_08834,8.24,0,4,0,63.6,66.0,0,1,95.8,69.1,Male,Electronics,Placed
STU_08835,8.01,2,1,0,58.7,79.3,0,0,76.8,83.4,Male,Mechanical,Placed
STU_08836,7.28,0,0,1,66.0,82.5,0,1,93.7,68.5,Female,Electronics,Placed
STU_08837,6.75,2,4,1,74.9,88.8,0,1,82.2,87.8,Female,Computer Science,Placed
STU_08838,5.95,0,2,1,93.7,59.8,1,0,71.8,65.3,Female,Civil,Placed
STU_08839,8.72,2,1,1,80.9,80.0,0,1,76.8,77.6,Male,Computer Science,Placed
STU_08840,7.89,1,1,0,58.4,88.1,1,1,61.5,80.7,Male,Civil,Placed
STU_08841,6.59,1,3,0,54.3,67.8,1,1,74.7,83.5,Male,Computer Science,Placed
STU_08842,8.02,0,1,1,78.5,88.7,0,1,64.9,63.8,Female,Information Technology,Placed
STU_08843,7.23,0,2,1,83.5,63.3,0,1,84.0,80.0,Female,Electronics,Placed
STU_08844,7.01,2,2,0,88.4,72.8,1,0,73.7,77.4,Male,Information Technology,Placed
STU_08845,7.74,0,1,1,66.0,51.3,0,1,75.0,62.5,Male,Computer Science,Placed
STU_08846,6.56,0,2,1,77.0,49.6,0,1,73.8,87.7,Female,Information Technology,Placed
STU_08847,6.96,1,2,0,82.8,53.4,0,1,87.0,92.7,Female,Computer Science,Placed
STU_08848,,1,0,1,49.7,89.0,0,1,69.1,75.7,Female,Computer Science,Not Placed
STU_08849,6.8,0,3,1,74.2,62.7,1,1,68.4,73.5,Male,Computer Science,Not Placed
STU_08850,7.97,0,0,0,83.6,62.7,1,1,81.4,71.0,Female,Civil,Placed
STU_08851,9.17,0,2,1,77.7,76.9,0,1,88.9,99.0,Male,Civil,Placed
STU_08852,6.55,2,2,1,68.8,63.1,0,0,81.3,85.3,Female,Mechanical,Placed
STU_08853,5.63,0,2,2,100.0,86.5,0,0,99.0,67.1,Female,Civil,Placed
STU_08854,5.3,3,1,1,99.0,94.4,0,0,68.7,57.5,Female,Electronics,Placed
STU_08855,7.15,0,2,0,70.1,45.3,0,1,56.3,70.3,Female,Computer Science,Placed
STU_08856,6.64,0,0,0,67.2,78.2,1,1,82.9,70.4,Female,Computer Science,Placed
STU_08857,7.51,1,2,2,80.5,47.3,0,1,76.5,77.8,Male,Civil,Not Placed
STU_08858,7.43,0,3,2,69.1,55.7,1,1,82.7,75.5,Male,Civil,Placed
STU_08859,5.7,1,3,0,89.1,77.7,1,0,86.6,87.6,Female,Electronics,Placed
STU_08860,5.49,2,2,0,51.0,60.7,1,1,62.7,48.0,Male,Computer Science,Placed
STU_08861,7.6,0,1,1,66.4,75.1,1,0,75.1,80.9,Male,Information Technology,Placed
STU_08862,7.44,1,1,1,80.3,72.4,0,0,83.9,84.8,Female,Civil,Placed
STU_08863,6.87,0,1,0,85.1,52.2,1,1,80.6,55.2,Male,Information Technology,Placed
STU_08864,5.64,0,2,1,47.8,79.9,0,0,76.2,65.5,Male,Electronics,Not Placed
STU_08865,7.77,0,1,0,55.7,75.6,0,1,85.4,69.7,Female,Civil,Placed
STU_08866,8.57,2,4,0,44.9,72.5,1,1,88.0,80.6,Male,Electronics,Placed
STU_08867,7.58,0,3,0,56.9,64.2,1,1,57.5,70.5,Female,Electronics,Placed
STU_08868,6.45,2,0,1,50.8,76.7,0,1,93.8,74.6,Male,Civil,Placed
STU_08869,7.34,1,2,2,78.1,56.5,0,1,65.8,66.3,Female,Information Technology,Placed
STU_08870,5.93,0,2,1,73.4,59.9,1,1,84.0,75.7,Female,Computer Science,Placed
STU_08871,8.36,1,1,0,67.7,75.9,1,0,74.7,68.1,Male,Computer Science,Placed
STU_08872,7.38,2,2,2,70.4,84.4,0,1,90.5,65.3,Male,Computer Science,Placed
STU_08873,5.53,1,1,0,87.9,66.3,1,1,85.2,76.5,Female,Information Technology,Placed
STU_08874,7.0,1,1,2,54.4,77.5,1,1,83.9,84.5,Male,Mechanical,Placed
STU_08875,7.76,2,2,2,41.0,74.5,0,1,80.2,77.9,Male,Information Technology,Placed
STU_08876,6.97,0,4,0,80.7,77.0,1,1,72.6,72.5,Male,Information Technology,Placed
STU_08877,7.02,2,1,0,64.1,63.7,1,1,68.1,86.1,Female,Computer Science,Placed
STU_08878,6.08,2,2,2,54.7,70.2,1,1,64.2,70.0,Female,Electronics,Placed
STU_08879,7.87,1,1,1,78.3,71.5,0,0,71.7,74.1,Male,Computer Science,Placed
STU_08880,6.65,2,3,0,40.5,90.0,1,0,87.1,87.9,Male,Information Technology,Placed
STU_08881,5.14,1,3,2,57.1,58.7,0,0,68.0,70.3,Female,Information Technology,Placed
STU_08882,6.93,1,1,0,34.2,55.2,1,0,90.1,69.0,Male,Mechanical,Placed
STU_08883,8.28,1,3,0,73.9,100.0,0,0,67.7,83.2,Male,Mechanical,Placed
STU_08884,6.91,0,1,1,93.6,75.7,0,1,76.4,64.0,Female,Electronics,Placed
STU_08885,9.04,1,0,1,61.4,78.6,1,1,82.5,88.2,Female,Mechanical,Placed
STU_08886,7.73,0,2,0,58.1,79.7,0,1,88.3,53.7,Female,Mechanical,Placed
STU_08887,7.64,0,1,0,96.8,81.3,0,0,74.3,75.8,Female,Electronics,Placed
STU_08888,7.17,0,2,1,79.4,82.8,1,0,82.8,67.8,Female,Civil,Not Placed
STU_08889,7.23,0,2,1,100.0,81.3,0,0,80.1,78.7,Male,Civil,Placed
STU_08890,7.04,0,0,2,72.4,85.5,0,1,75.5,91.1,Male,Information Technology,Placed
STU_08891,7.0,2,1,1,73.4,74.0,1,0,67.6,62.3,Male,Civil,Placed
STU_08892,7.83,0,2,1,91.7,84.9,1,0,82.4,59.5,Male,Information Technology,Placed
STU_08893,6.36,1,1,0,67.8,94.7,0,1,78.3,87.7,Female,Information Technology,Placed
STU_08894,6.22,0,0,2,73.7,74.4,0,1,74.8,72.5,Male,Mechanical,Placed
STU_08895,6.18,0,0,0,33.7,77.8,0,1,79.1,74.1,Female,Mechanical,Placed
STU_08896,9.35,0,3,1,96.1,65.0,0,1,83.7,72.1,Male,Civil,Placed
STU_08897,7.83,0,3,2,75.9,70.0,0,1,61.2,71.0,Female,Electronics,Placed
STU_08898,7.6,1,1,2,68.4,76.2,0,1,72.5,65.0,Male,Electronics,Placed
STU_08899,6.24,1,1,1,83.6,67.3,0,0,68.3,72.3,Male,Information Technology,Placed
STU_08900,7.92,0,2,1,52.3,73.1,1,0,69.0,65.7,Female,Electronics,Placed
STU_08901,7.18,1,4,2,61.7,76.1,1,0,70.1,86.0,Female,Mechanical,Placed
STU_08902,7.51,2,1,2,78.3,90.2,0,1,89.0,68.9,Male,Information Technology,Placed
STU_08903,6.32,0,3,1,70.7,61.6,1,1,81.3,89.4,Male,Electronics,Placed
STU_08904,7.46,0,2,1,76.7,77.0,0,1,67.0,82.4,Male,Information Technology,Placed
STU_08905,6.88,1,4,0,73.7,64.8,0,1,79.9,64.0,Male,Computer Science,Placed
STU_08906,6.53,0,0,1,79.5,81.2,1,0,82.3,63.3,Male,Computer Science,Placed
STU_08907,8.03,3,4,0,50.2,82.1,1,0,74.4,72.6,Female,Information Technology,Placed
STU_08908,5.76,1,1,1,89.2,92.1,0,1,65.1,66.9,Male,Computer Science,Placed
STU_08909,7.86,1,4,1,62.7,66.9,1,0,67.1,66.9,Male,Electronics,Placed
STU_08910,7.98,0,2,0,70.9,73.7,1,1,62.1,84.2,Male,Mechanical,Placed
STU_08911,6.42,1,2,0,61.0,81.6,0,0,99.0,78.0,Male,Mechanical,Placed
STU_08912,6.48,0,3,0,65.7,79.9,0,1,60.7,88.5,Male,Computer Science,Placed
STU_08913,7.08,2,2,0,73.4,42.1,0,1,65.5,63.2,Female,Information Technology,Placed
STU_08914,7.58,1,2,1,81.0,63.8,1,1,77.8,54.8,Male,Mechanical,Placed
STU_08915,7.15,0,1,2,83.5,78.8,0,1,59.7,67.0,Male,Electronics,Placed
STU_08916,7.73,1,2,1,76.5,69.5,0,1,66.4,86.8,Male,Computer Science,Placed
STU_08917,9.06,0,3,0,61.1,81.7,1,1,79.1,68.1,Male,Mechanical,Placed
STU_08918,6.79,0,0,0,75.5,84.5,0,0,80.0,93.0,Female,Electronics,Placed
STU_08919,5.58,1,2,1,73.6,69.4,0,1,82.1,69.1,Female,Information Technology,Placed
STU_08920,8.13,1,3,1,70.9,79.2,1,0,85.2,81.4,Male,Computer Science,Placed
STU_08921,8.98,1,2,1,78.0,89.5,0,1,77.6,74.7,Male,Civil,Placed
STU_08922,7.69,0,3,0,50.9,84.2,0,1,71.1,53.4,Female,Civil,Placed
STU_08923,6.21,1,3,0,39.6,62.8,0,0,82.6,67.7,Male,Electronics,Placed
STU_08924,7.18,0,2,0,87.8,69.8,1,0,91.9,80.3,Female,Computer Science,Placed
STU_08925,6.18,1,2,1,68.0,72.3,1,0,84.2,74.5,Female,Electronics,Placed
STU_08926,7.94,1,4,2,76.2,60.8,1,0,69.4,70.2,Female,Information Technology,Placed
STU_08927,5.95,1,3,2,57.0,84.8,1,1,84.1,73.1,Male,Information Technology,Placed
STU_08928,7.0,2,3,1,88.9,64.3,0,0,83.6,76.7,Male,Mechanical,Placed
STU_08929,6.3,2,0,2,75.3,70.8,1,0,65.6,48.0,Female,Mechanical,Placed
STU_08930,7.43,3,1,3,67.3,84.9,0,1,75.7,68.9,Female,Mechanical,Placed
STU_08931,6.93,3,2,1,74.3,66.6,1,0,83.7,66.1,Male,Mechanical,Placed
STU_08932,7.48,1,2,1,43.9,68.0,0,0,89.6,82.6,Female,Civil,Placed
STU_08933,7.32,3,1,2,75.6,76.1,1,0,71.5,83.3,Female,Mechanical,Placed
STU_08934,6.31,2,0,0,92.3,67.1,1,0,63.4,76.9,Male,Civil,Placed
STU_08935,7.93,1,1,0,74.7,90.4,0,0,83.1,76.2,Male,Information Technology,Placed
STU_08936,7.25,0,2,3,72.8,61.0,1,1,75.5,52.9,Male,Electronics,Placed
STU_08937,6.31,0,3,1,65.2,44.5,0,0,80.4,65.0,Male,Mechanical,Not Placed
STU_08938,9.54,2,3,2,86.2,82.1,0,0,79.9,71.1,Female,Mechanical,Placed
STU_08939,7.78,1,1,2,88.5,67.7,1,1,79.5,73.8,Female,Computer Science,Placed
STU_08940,7.15,2,1,0,63.5,62.3,0,0,73.9,74.9,Male,Information Technology,Placed
STU_08941,8.72,0,1,1,75.4,76.6,1,1,87.1,53.6,Male,Information Technology,Placed
STU_08942,9.14,0,1,1,73.5,77.0,0,0,69.5,85.7,Female,Computer Science,Placed
STU_08943,7.15,1,2,0,76.0,62.9,0,1,80.7,63.7,Female,Computer Science,Placed
STU_08944,7.65,2,1,0,58.4,86.2,1,1,81.9,50.1,Female,Information Technology,Placed
STU_08945,6.31,0,0,1,87.1,82.3,0,1,76.0,83.6,Male,Civil,Placed
STU_08946,7.15,2,1,0,78.5,95.7,0,1,85.9,65.0,Male,Civil,Placed
STU_08947,7.1,1,1,0,88.0,66.5,1,1,73.3,82.6,Female,Civil,Placed
STU_08948,7.48,0,0,0,53.3,73.9,1,1,99.0,55.8,Female,Civil,Placed
STU_08949,7.63,0,2,1,54.2,74.8,1,1,80.4,70.5,Female,Information Technology,Placed
STU_08950,7.86,0,1,2,100.0,68.1,0,1,90.4,64.4,Female,Computer Science,Placed
STU_08951,7.54,0,2,1,87.2,76.8,1,0,86.9,79.3,Male,Electronics,Placed
STU_08952,6.09,1,1,1,57.8,77.7,1,1,92.2,65.2,Female,Mechanical,Placed
STU_08953,6.36,0,2,3,83.0,77.7,0,1,78.9,79.3,Male,Computer Science,Placed
STU_08954,6.75,0,4,0,63.0,68.1,1,0,89.3,70.3,Female,Computer Science,Placed
STU_08955,7.02,2,2,0,44.5,69.5,0,1,92.6,67.8,Male,Civil,Placed
STU_08956,8.35,1,2,0,38.5,65.2,0,1,80.9,84.9,Female,Information Technology,Placed
STU_08957,6.14,1,3,0,69.7,63.0,0,1,71.0,96.5,Male,Computer Science,Placed
STU_08958,6.94,0,1,0,93.4,71.2,0,1,96.3,71.0,Female,Mechanical,Placed
STU_08959,8.25,2,1,0,92.8,90.2,0,0,78.2,66.5,Male,Civil,Placed
STU_08960,7.0,2,1,0,88.9,96.5,0,0,78.8,73.5,Female,Mechanical,Placed
STU_08961,7.76,1,1,1,82.5,87.8,0,1,80.7,76.2,Male,Computer Science,Placed
STU_08962,7.16,2,2,0,74.8,66.4,0,1,70.2,55.3,Male,Mechanical,Placed
STU_08963,7.56,2,0,1,87.3,76.9,0,0,81.4,63.8,Male,Computer Science,Not Placed
STU_08964,7.07,1,3,1,39.8,47.4,0,1,81.5,58.4,Male,Electronics,Placed
STU_08965,7.97,1,0,0,84.8,70.1,1,0,77.9,62.3,Female,Mechanical,Placed
STU_08966,5.75,0,3,2,53.2,67.3,0,1,77.3,91.0,Male,Mechanical,Placed
STU_08967,6.94,0,3,1,56.3,94.5,1,1,75.8,49.8,Male,Civil,Placed
STU_08968,7.6,0,4,0,80.4,75.1,0,1,74.2,79.1,Male,Electronics,Placed
STU_08969,7.83,0,3,0,83.9,72.6,0,1,85.3,70.9,Male,Computer Science,Placed
STU_08970,8.79,0,0,2,60.9,71.2,0,1,80.9,77.7,Male,Mechanical,Placed
STU_08971,6.91,2,2,1,79.7,68.5,1,1,87.3,62.1,Male,Mechanical,Placed
STU_08972,8.78,0,1,1,78.4,78.4,1,1,72.8,69.9,Female,Electronics,Placed
STU_08973,6.64,3,3,0,65.3,64.1,0,0,89.3,88.5,Male,Civil,Placed
STU_08974,8.63,1,1,1,72.3,78.6,0,1,86.9,70.0,Male,Computer Science,Placed
STU_08975,8.12,0,1,1,100.0,89.2,1,1,75.6,90.5,Female,Electronics,Not Placed
STU_08976,6.39,1,3,2,65.8,73.4,0,1,71.3,48.0,Male,Electronics,Placed
STU_08977,7.61,0,0,1,66.3,68.2,1,1,83.9,80.9,Male,Computer Science,Placed
STU_08978,7.25,3,1,0,72.3,71.1,1,1,62.1,75.5,Male,Computer Science,Placed
STU_08979,7.93,2,1,0,67.3,86.4,1,1,73.8,59.2,Male,Information Technology,Placed
STU_08980,7.08,0,2,0,81.9,73.7,0,1,80.8,85.1,Female,Electronics,Placed
STU_08981,6.99,2,2,1,92.0,64.7,0,0,76.5,66.8,Female,Civil,Placed
STU_08982,8.67,1,2,0,66.3,81.7,1,1,67.3,77.5,Female,Computer Science,Placed
STU_08983,7.2,0,3,1,57.1,63.5,0,0,78.9,64.1,Male,Civil,Placed
STU_08984,8.13,1,0,1,99.6,69.2,0,0,68.0,69.4,Female,Information Technology,Placed
STU_08985,7.07,1,2,0,71.8,74.7,1,1,80.6,82.8,Female,Computer Science,Placed
STU_08986,8.97,0,2,1,44.4,62.3,0,0,74.1,99.0,Female,Information Technology,Placed
STU_08987,6.62,1,2,1,,50.6,1,1,76.6,65.1,Female,Computer Science,Placed
STU_08988,6.69,0,1,1,86.9,77.4,1,1,69.8,88.7,Male,Civil,Placed
STU_08989,8.82,1,0,2,94.0,45.7,0,1,85.7,89.7,Female,Electronics,Placed
STU_08990,6.86,0,0,1,91.5,60.9,0,1,76.5,82.0,Male,Civil,Not Placed
STU_08991,8.9,3,0,0,100.0,81.3,0,1,70.6,83.4,Female,Electronics,Placed
STU_08992,8.19,1,1,2,54.4,77.0,0,1,76.8,67.2,Female,Information Technology,Placed
STU_08993,7.15,0,0,1,58.1,70.1,0,0,95.3,64.3,Male,Electronics,Placed
STU_08994,5.49,0,1,2,62.6,61.3,0,1,81.3,69.8,Male,Electronics,Placed
STU_08995,7.28,0,1,1,62.2,66.8,0,0,88.8,77.9,Male,Mechanical,Placed
STU_08996,7.4,1,2,0,71.8,78.9,0,1,61.9,71.7,Female,Information Technology,Placed
STU_08997,8.47,0,3,0,62.7,70.4,1,0,76.0,66.8,Male,Electronics,Placed
STU_08998,8.89,2,1,1,52.2,57.2,1,1,68.0,67.3,Male,Electronics,Placed
STU_08999,6.62,2,2,0,56.9,61.4,0,1,72.8,71.7,Female,Information Technology,Placed
STU_09000,8.1,1,4,2,65.6,66.8,1,1,70.3,84.5,Female,Computer Science,Placed
STU_09001,8.07,0,2,0,87.2,76.4,0,0,90.9,63.1,Male,Electronics,Placed
STU_09002,,0,4,1,61.4,73.3,0,1,85.2,81.2,Female,Civil,Placed
STU_09003,7.8,1,0,1,82.1,57.0,1,1,70.4,80.8,Male,Civil,Placed
STU_09004,5.36,1,3,1,50.2,88.2,0,0,73.4,69.3,Female,Mechanical,Placed
STU_09005,7.14,1,2,1,22.0,63.1,0,0,81.6,78.3,Male,Computer Science,Not Placed
STU_09006,6.14,1,0,1,68.0,77.3,0,0,86.9,88.0,Male,Information Technology,Placed
STU_09007,7.1,0,4,0,60.8,60.6,0,0,88.4,71.4,Male,Information Technology,Placed
STU_09008,8.28,2,4,0,56.8,100.0,0,0,84.4,66.5,Female,Computer Science,Placed
STU_09009,7.61,0,1,2,55.0,87.9,0,1,96.1,64.4,Male,Mechanical,Placed
STU_09010,8.45,1,4,2,59.4,62.7,0,0,82.3,65.7,Female,Information Technology,Placed
STU_09011,7.64,1,0,0,55.2,73.1,0,1,73.6,83.7,Male,Computer Science,Placed
STU_09012,6.0,0,2,0,56.5,59.6,0,1,69.9,74.4,Male,Electronics,Not Placed
STU_09013,5.0,1,1,0,49.6,67.7,0,1,67.2,57.4,Male,Electronics,Placed
STU_09014,7.45,2,1,2,38.1,77.1,1,1,65.9,88.8,Male,Computer Science,Placed
STU_09015,7.09,1,2,0,36.9,82.1,0,1,84.7,73.0,Male,Civil,Placed
STU_09016,6.32,0,1,0,100.0,57.1,1,1,93.9,80.3,Male,Civil,Placed
STU_09017,5.6,0,0,0,69.1,63.0,0,1,79.0,81.6,Female,Information Technology,Placed
STU_09018,6.57,0,1,1,92.9,83.3,0,1,96.3,65.8,Male,Mechanical,Placed
STU_09019,7.11,0,1,2,67.3,87.9,0,1,78.3,61.5,Male,Information Technology,Placed
STU_09020,7.97,3,2,0,67.8,62.7,1,0,84.1,64.4,Male,Computer Science,Placed
STU_09021,7.49,1,1,0,74.6,83.5,1,1,62.2,72.9,Male,Civil,Placed
STU_09022,8.91,0,3,1,79.6,57.2,1,0,86.1,79.8,Male,Mechanical,Placed
STU_09023,6.26,2,1,0,51.3,68.4,0,0,71.6,95.5,Female,Mechanical,Placed
STU_09024,8.18,1,1,0,64.3,58.3,0,0,86.3,84.9,Male,Information Technology,Placed
STU_09025,7.35,0,1,2,74.6,67.1,1,1,90.8,53.4,Female,Mechanical,Placed
STU_09026,7.99,0,2,2,41.0,94.9,1,0,81.0,73.3,Female,Electronics,Placed
STU_09027,6.86,0,0,3,89.5,71.3,0,1,82.3,50.0,Male,Electronics,Placed
STU_09028,8.37,3,2,1,85.9,68.6,1,1,79.2,85.6,Male,Electronics,Placed
STU_09029,7.6,1,1,0,38.5,65.2,1,1,84.4,72.8,Male,Computer Science,Placed
STU_09030,6.62,2,3,2,56.8,68.4,0,1,96.7,75.4,Male,Computer Science,Placed
STU_09031,7.29,0,0,0,71.6,62.3,0,1,78.1,72.4,Female,Civil,Placed
STU_09032,7.06,2,3,0,82.6,73.6,0,1,79.6,75.8,Male,Electronics,Placed
STU_09033,7.79,0,1,0,92.9,71.6,1,1,60.2,67.5,Male,Mechanical,Placed
STU_09034,6.12,3,0,3,60.4,66.5,0,1,82.2,76.1,Male,Mechanical,Placed
STU_09035,7.27,2,1,1,100.0,65.5,0,1,70.2,64.5,Male,Electronics,Placed
STU_09036,7.7,0,0,0,69.3,74.2,0,1,76.0,78.2,Female,Information Technology,Placed
STU_09037,7.33,1,2,0,66.6,63.2,1,0,82.8,78.0,Male,Mechanical,Placed
STU_09038,8.65,1,4,2,78.4,69.1,0,1,61.8,80.3,Female,Electronics,Placed
STU_09039,8.07,2,0,2,74.7,66.6,1,1,82.7,73.9,Male,Information Technology,Placed
STU_09040,7.29,0,2,1,73.8,45.5,1,1,80.5,86.4,Female,Computer Science,Placed
STU_09041,7.52,1,1,0,99.9,82.3,1,1,85.0,95.0,Male,Mechanical,Placed
STU_09042,7.6,2,1,1,73.7,50.0,1,1,71.6,58.1,Male,Computer Science,Placed
STU_09043,7.7,1,1,1,55.2,50.8,1,1,89.1,61.1,Female,Information Technology,Placed
STU_09044,5.47,0,3,2,57.4,82.7,0,1,81.0,73.1,Male,Civil,Placed
STU_09045,7.0,2,0,0,92.1,58.7,0,1,70.9,70.0,Male,Civil,Placed
STU_09046,5.82,0,2,1,80.3,47.1,0,1,64.3,80.2,Female,Electronics,Placed
STU_09047,8.58,1,1,0,46.7,88.0,0,1,72.6,80.2,Male,Information Technology,Placed
STU_09048,7.24,0,1,1,45.9,64.3,0,0,86.7,78.3,Male,Electronics,Not Placed
STU_09049,7.11,0,1,0,70.4,86.6,0,1,82.5,56.7,Male,Information Technology,Placed
STU_09050,8.2,1,1,2,79.2,61.0,1,0,56.5,77.2,Female,Civil,Placed
STU_09051,7.72,0,0,0,59.8,52.3,0,1,74.7,95.4,Male,Information Technology,Placed
STU_09052,6.17,1,0,1,44.8,68.1,0,1,79.3,80.7,Male,Mechanical,Placed
STU_09053,7.23,1,1,1,53.1,57.5,1,1,97.1,74.3,Female,Civil,Placed
STU_09054,6.96,0,3,2,94.7,76.9,1,1,90.9,81.8,Male,Information Technology,Placed
STU_09055,,0,0,2,77.5,80.1,0,1,76.2,65.5,Male,Information Technology,Placed
STU_09056,6.61,1,2,0,85.0,83.2,0,0,79.8,79.6,Male,Civil,Placed
STU_09057,7.12,0,1,0,87.5,68.3,0,1,64.4,74.8,Female,Computer Science,Placed
STU_09058,7.19,1,3,1,60.6,88.6,0,1,51.7,62.4,Male,Computer Science,Placed
STU_09059,5.82,1,1,1,64.4,60.9,1,1,74.0,77.7,Female,Electronics,Placed
STU_09060,8.45,2,1,0,67.5,73.6,0,0,88.0,75.5,Male,Electronics,Placed
STU_09061,7.2,1,4,2,76.3,70.3,1,0,79.8,83.9,Male,Mechanical,Placed
STU_09062,7.34,0,1,0,86.3,95.7,0,0,70.5,76.5,Male,Civil,Placed
STU_09063,7.7,2,2,3,98.0,86.5,0,1,87.1,77.3,Male,Information Technology,Placed
STU_09064,6.51,3,2,0,82.2,72.4,0,1,95.9,76.6,Female,Computer Science,Placed
STU_09065,7.76,1,1,0,82.3,74.4,0,1,63.1,76.5,Male,Computer Science,Placed
STU_09066,6.93,3,4,0,98.9,90.4,0,1,77.5,87.5,Female,Electronics,Placed
STU_09067,6.4,1,3,1,66.9,63.0,1,0,72.7,82.9,Female,Electronics,Placed
STU_09068,7.87,1,3,0,87.8,47.6,0,1,78.4,64.7,Female,Information Technology,Placed
STU_09069,8.79,0,4,1,78.7,60.4,1,1,73.4,73.6,Male,Electronics,Placed
STU_09070,8.02,1,2,0,79.2,67.0,1,0,99.0,59.5,Male,Mechanical,Placed
STU_09071,8.22,0,0,0,66.8,88.3,0,0,76.8,91.4,Male,Civil,Placed
STU_09072,6.78,0,2,2,49.1,84.4,0,1,81.0,67.3,Male,Information Technology,Placed
STU_09073,5.7,0,1,2,75.2,71.5,1,1,79.7,66.6,Male,Mechanical,Not Placed
STU_09074,8.79,0,1,1,75.2,77.6,0,1,65.5,95.1,Male,Electronics,Placed
STU_09075,9.35,0,2,2,61.4,63.5,0,1,80.0,68.4,Male,Civil,Placed
STU_09076,8.84,1,3,0,68.5,97.1,1,1,63.3,64.6,Female,Computer Science,Placed
STU_09077,6.96,0,1,0,56.8,86.6,0,1,96.0,82.2,Male,Computer Science,Placed
STU_09078,6.15,3,3,0,56.9,72.6,0,1,87.0,74.9,Male,Computer Science,Placed
STU_09079,6.23,0,1,3,62.8,71.1,1,1,72.2,65.2,Female,Electronics,Placed
STU_09080,5.62,0,0,1,50.1,80.4,0,1,76.3,78.7,Female,Electronics,Placed
STU_09081,7.19,0,3,0,61.2,71.3,1,1,88.3,81.9,Male,Mechanical,Placed
STU_09082,8.91,0,4,0,80.7,50.1,1,1,80.7,84.5,Male,Mechanical,Placed
STU_09083,7.16,0,1,0,91.8,90.4,0,1,61.5,77.8,Female,Information Technology,Placed
STU_09084,7.6,1,1,0,100.0,86.0,0,1,79.7,84.8,Male,Electronics,Placed
STU_09085,8.68,1,1,1,64.0,76.5,0,1,88.9,84.3,Female,Computer Science,Placed
STU_09086,6.9,0,3,0,88.0,67.0,0,0,54.7,69.9,Male,Computer Science,Placed
STU_09087,9.34,0,0,0,75.0,72.1,0,1,79.4,93.8,Male,Civil,Placed
STU_09088,9.29,0,1,0,66.4,40.3,0,1,69.6,82.2,Female,Mechanical,Placed
STU_09089,7.17,2,2,1,76.0,58.7,0,1,90.7,90.3,Male,Electronics,Placed
STU_09090,6.72,1,1,1,86.5,93.2,0,0,73.5,73.5,Female,Information Technology,Placed
STU_09091,8.0,0,1,1,62.5,78.2,1,1,72.4,84.3,Male,Information Technology,Placed
STU_09092,6.95,0,3,1,62.2,48.6,1,1,86.3,78.0,Female,Computer Science,Placed
STU_09093,6.14,3,3,0,63.9,62.1,0,1,69.0,85.7,Male,Mechanical,Placed
STU_09094,8.58,0,3,0,60.6,48.9,0,1,78.8,70.4,Female,Civil,Placed
STU_09095,8.52,1,1,2,88.0,62.6,0,1,80.8,68.9,Male,Computer Science,Placed
STU_09096,7.46,0,3,0,58.5,70.0,1,1,76.1,88.6,Male,Mechanical,Placed
STU_09097,6.04,1,2,1,61.2,91.2,0,1,65.0,77.7,Male,Information Technology,Placed
STU_09098,6.07,3,1,2,74.7,81.4,1,1,69.3,85.8,Female,Computer Science,Not Placed
STU_09099,7.41,3,2,1,73.5,68.4,1,1,76.7,59.5,Male,Electronics,Placed
STU_09100,6.8,1,0,0,63.9,69.0,0,0,59.1,66.1,Male,Civil,Placed
STU_09101,6.96,0,2,2,95.3,62.4,0,1,78.9,69.2,Male,Electronics,Not Placed
STU_09102,8.32,1,2,0,60.5,85.1,0,0,75.4,89.3,Male,Mechanical,Placed
STU_09103,8.03,0,2,1,67.4,86.5,0,1,83.7,88.9,Female,Mechanical,Placed
STU_09104,8.68,3,1,0,41.1,55.9,0,1,84.5,76.0,Male,Information Technology,Placed
STU_09105,6.31,1,2,1,65.4,51.4,0,1,66.8,80.3,Male,Mechanical,Placed
STU_09106,6.96,0,1,1,50.2,68.2,1,1,72.8,76.9,Male,Mechanical,Placed
STU_09107,8.06,0,3,1,56.3,69.6,0,1,68.7,64.0,Male,Mechanical,Placed
STU_09108,7.75,1,2,2,40.7,75.1,0,1,72.7,75.7,Male,Information Technology,Placed
STU_09109,8.83,3,0,2,56.6,51.9,0,0,75.5,65.1,Male,Mechanical,Placed
STU_09110,7.72,1,1,0,68.9,63.4,0,0,89.2,70.8,Male,Civil,Placed
STU_09111,9.15,0,2,2,66.3,71.0,0,1,72.0,72.5,Male,Mechanical,Placed
STU_09112,7.84,0,2,0,63.8,62.7,0,1,86.9,93.2,Female,Mechanical,Placed
STU_09113,8.36,0,2,0,65.1,82.3,0,1,80.6,76.7,Female,Mechanical,Placed
STU_09114,6.98,2,1,3,62.4,94.4,1,1,91.9,70.5,Female,Information Technology,Placed
STU_09115,7.31,3,2,1,69.5,65.5,1,1,74.5,81.8,Male,Computer Science,Placed
STU_09116,8.21,2,1,0,68.3,82.7,0,0,69.9,67.7,Male,Information Technology,Placed
STU_09117,8.91,1,2,1,74.1,67.7,0,1,79.4,99.0,Male,Mechanical,Placed
STU_09118,8.03,1,4,0,67.0,60.8,0,1,61.9,79.7,Male,Civil,Placed
STU_09119,7.22,1,2,1,63.5,63.5,0,0,79.6,48.0,Male,Civil,Placed
STU_09120,8.68,1,0,1,81.7,81.2,0,0,83.7,66.2,Male,Civil,Placed
STU_09121,5.11,1,4,2,79.0,64.3,0,0,89.0,94.8,Male,Information Technology,Placed
STU_09122,5.88,0,1,0,69.5,66.6,0,1,82.1,76.6,Male,Mechanical,Placed
STU_09123,7.98,1,2,0,87.9,58.3,0,1,76.6,69.8,Female,Civil,Placed
STU_09124,7.31,0,2,0,71.2,79.6,1,0,97.4,79.5,Female,Mechanical,Placed
STU_09125,7.91,0,1,0,67.6,77.5,0,1,77.9,57.5,Female,Civil,Placed
STU_09126,7.36,2,1,2,69.0,89.5,1,0,67.4,64.3,Male,Mechanical,Placed
STU_09127,7.87,2,1,2,72.5,79.2,0,1,77.7,59.5,Male,Mechanical,Placed
STU_09128,6.49,1,3,1,56.2,77.0,0,1,64.6,71.0,Female,Computer Science,Placed
STU_09129,7.87,0,3,1,41.9,79.0,1,1,65.7,92.7,Female,Computer Science,Placed
STU_09130,8.29,2,2,2,74.2,68.9,0,1,80.4,81.6,Male,Electronics,Placed
STU_09131,8.52,1,0,0,82.5,73.3,0,0,64.7,80.3,Female,Information Technology,Placed
STU_09132,9.31,0,3,0,55.0,83.2,0,1,71.8,67.7,Male,Computer Science,Placed
STU_09133,7.54,1,2,0,86.1,62.2,0,1,66.3,83.6,Male,Electronics,Placed
STU_09134,7.57,0,1,2,45.3,92.4,1,1,79.4,66.5,Female,Information Technology,Placed
STU_09135,5.78,1,1,1,61.6,79.7,0,1,70.9,72.8,Male,Electronics,Placed
STU_09136,6.77,2,1,1,95.6,96.3,1,0,83.3,83.3,Female,Electronics,Placed
STU_09137,7.11,0,2,0,75.3,57.9,0,1,82.5,74.1,Male,Information Technology,Placed
STU_09138,8.35,0,2,1,65.5,57.9,1,1,65.0,85.1,Male,Civil,Placed
STU_09139,6.69,0,2,2,73.8,76.5,1,1,87.2,72.8,Female,Civil,Not Placed
STU_09140,8.1,0,3,0,87.9,73.5,0,1,76.3,89.9,Female,Electronics,Placed
STU_09141,7.3,0,1,1,48.3,66.5,1,1,65.8,79.6,Male,Mechanical,Not Placed
STU_09142,7.12,0,2,0,89.8,56.8,0,1,81.7,65.3,Male,Mechanical,Placed
STU_09143,7.55,0,1,2,62.6,68.8,0,0,95.6,69.0,Female,Electronics,Placed
STU_09144,6.91,0,2,1,80.6,74.6,0,0,76.0,72.5,Female,Computer Science,Placed
STU_09145,6.87,0,0,0,60.8,56.3,1,1,61.5,85.5,Male,Computer Science,Placed
STU_09146,5.6,0,1,1,95.3,67.1,0,0,87.2,95.2,Female,Mechanical,Placed
STU_09147,7.05,1,3,0,69.5,76.6,1,1,93.8,58.6,Female,Computer Science,Placed
STU_09148,6.82,1,1,2,50.1,81.5,0,1,67.2,70.8,Male,Electronics,Not Placed
STU_09149,6.78,0,2,3,77.1,68.6,1,0,70.0,88.5,Male,Computer Science,Placed
STU_09150,7.72,1,4,1,89.5,62.4,0,1,78.4,74.4,Male,Mechanical,Placed
STU_09151,7.96,3,2,0,87.8,73.4,0,0,58.7,73.3,Male,Civil,Placed
STU_09152,7.53,2,1,1,71.4,69.5,1,0,98.8,81.3,Male,Mechanical,Placed
STU_09153,8.3,0,1,1,82.2,54.4,0,1,77.5,60.2,Female,Civil,Placed
STU_09154,7.88,1,3,0,63.7,66.6,1,0,78.4,81.7,Male,Mechanical,Placed
STU_09155,7.0,0,1,0,78.9,64.9,1,0,81.6,78.4,Female,Computer Science,Placed
STU_09156,6.84,0,2,2,75.4,72.3,1,0,75.4,77.2,Male,Computer Science,Placed
STU_09157,7.61,0,2,2,26.6,63.2,1,1,72.8,86.9,Male,Mechanical,Placed
STU_09158,7.87,0,2,2,55.0,65.4,0,1,68.6,74.2,Male,Civil,Placed
STU_09159,8.7,1,2,1,73.1,69.8,0,0,66.2,75.4,Female,Electronics,Placed
STU_09160,8.49,1,1,2,72.5,79.7,1,1,82.1,77.0,Female,Computer Science,Placed
STU_09161,6.76,1,2,1,69.6,73.1,1,1,91.5,52.5,Male,Mechanical,Placed
STU_09162,7.2,0,2,0,71.3,100.0,0,0,87.5,86.5,Male,Electronics,Placed
STU_09163,7.97,0,1,2,88.1,56.8,0,0,75.1,81.5,Male,Mechanical,Placed
STU_09164,8.37,0,1,3,75.3,82.9,0,0,76.1,80.9,Female,Computer Science,Placed
STU_09165,8.24,0,2,2,35.0,71.1,0,1,94.2,78.7,Male,Information Technology,Placed
STU_09166,7.24,3,2,2,99.2,55.3,0,1,70.0,89.9,Female,Civil,Placed
STU_09167,6.05,1,2,1,41.4,67.5,0,1,61.3,77.3,Female,Civil,Not Placed
STU_09168,6.3,3,2,1,84.4,53.8,1,0,80.5,72.6,Male,Computer Science,Placed
STU_09169,7.57,1,2,2,46.5,73.0,0,0,86.5,55.9,Male,Civil,Placed
STU_09170,7.64,0,3,1,91.4,68.3,0,1,53.1,61.0,Female,Mechanical,Placed
STU_09171,6.2,0,2,0,65.8,63.8,1,0,82.0,71.6,Female,Electronics,Not Placed
STU_09172,7.34,1,1,2,75.8,59.3,0,1,66.7,76.1,Male,Electronics,Placed
STU_09173,7.93,0,1,2,40.2,84.2,0,0,63.8,68.5,Male,Electronics,Placed
STU_09174,6.15,2,2,0,80.9,70.1,0,0,75.1,72.5,Male,Mechanical,Placed
STU_09175,8.4,1,3,2,76.2,74.5,1,0,66.5,65.1,Male,Mechanical,Placed
STU_09176,6.92,0,1,0,79.3,74.1,0,1,60.3,85.4,Male,Information Technology,Placed
STU_09177,8.56,1,2,2,84.2,73.3,0,1,79.1,71.9,Male,Civil,Placed
STU_09178,6.77,2,0,1,72.7,68.1,1,0,77.6,88.0,Male,Electronics,Placed
STU_09179,6.27,0,1,1,66.8,90.2,0,0,60.8,72.1,Female,Computer Science,Placed
STU_09180,6.84,1,2,2,57.8,98.8,1,1,63.9,79.0,Female,Mechanical,Placed
STU_09181,7.2,0,0,2,63.4,89.4,0,0,82.6,80.2,Female,Computer Science,Placed
STU_09182,6.91,1,2,2,88.1,72.3,1,1,83.3,76.8,Female,Mechanical,Placed
STU_09183,7.08,0,3,2,57.4,71.4,0,1,51.5,62.9,Female,Computer Science,Placed
STU_09184,7.63,0,4,0,42.4,85.1,0,1,65.4,71.2,Female,Civil,Placed
STU_09185,7.13,1,1,0,55.2,62.9,1,1,77.2,52.2,Male,Electronics,Placed
STU_09186,7.23,0,2,2,79.1,92.5,0,1,82.2,93.1,Female,Civil,Placed
STU_09187,5.59,1,3,2,65.5,81.5,0,1,82.1,48.0,Male,Computer Science,Placed
STU_09188,7.69,2,0,0,79.1,68.6,1,1,84.0,84.3,Female,,Placed
STU_09189,7.21,0,1,0,40.0,75.4,0,0,70.8,76.2,Female,Mechanical,Placed
STU_09190,,1,3,0,25.3,79.5,0,0,79.8,55.9,Male,Computer Science,Placed
STU_09191,6.36,1,1,0,74.0,66.9,0,1,74.1,77.9,Female,Mechanical,Placed
STU_09192,5.49,0,3,2,85.1,84.4,1,0,72.4,62.8,Male,Mechanical,Placed
STU_09193,7.92,1,2,0,44.3,87.3,0,0,62.9,79.8,Female,Electronics,Placed
STU_09194,7.65,1,0,0,77.9,68.8,0,1,81.0,74.4,Male,Electronics,Placed
STU_09195,6.29,1,1,2,87.9,66.3,0,1,61.5,77.5,Male,Civil,Placed
STU_09196,5.77,2,1,0,69.9,70.7,0,1,66.3,70.9,Male,Information Technology,Placed
STU_09197,8.84,1,1,2,83.5,58.1,0,1,84.9,89.6,Male,Mechanical,Placed
STU_09198,8.71,3,2,0,72.9,52.0,0,1,76.3,63.8,Female,Information Technology,Placed
STU_09199,5.0,1,2,1,66.1,66.8,0,1,88.5,67.6,Male,Mechanical,Placed
STU_09200,6.84,0,2,0,82.3,60.5,0,0,74.6,73.1,Male,Information Technology,Placed
STU_09201,8.96,1,0,0,98.7,93.2,0,1,72.4,73.9,Male,Electronics,Placed
STU_09202,6.82,0,3,1,61.6,66.5,0,1,89.5,62.6,Male,Computer Science,Placed
STU_09203,6.81,1,2,2,68.7,77.5,1,0,74.0,53.1,Female,Civil,Placed
STU_09204,7.02,1,3,1,55.1,64.5,1,1,80.8,78.9,Female,Civil,Not Placed
STU_09205,6.18,1,3,0,72.3,93.4,0,1,76.4,78.6,Male,Electronics,Placed
STU_09206,5.6,0,1,2,67.7,69.7,0,1,79.2,93.7,Female,Civil,Placed
STU_09207,8.35,1,0,0,87.4,57.1,1,1,75.8,88.8,Male,Electronics,Placed
STU_09208,5.46,0,3,2,91.3,80.0,1,1,86.8,75.7,Male,Computer Science,Placed
STU_09209,7.55,1,2,0,81.8,75.1,1,0,78.7,67.6,Male,Civil,Placed
STU_09210,8.19,1,0,1,85.7,86.4,0,0,74.7,87.4,Male,Mechanical,Not Placed
STU_09211,5.85,3,2,0,59.4,70.2,0,1,80.5,65.7,Male,Civil,Not Placed
STU_09212,6.38,0,0,1,55.7,73.3,0,1,62.5,84.8,Male,Information Technology,Placed
STU_09213,8.51,1,0,1,76.6,53.9,1,0,88.1,59.2,Male,Civil,Placed
STU_09214,7.83,1,2,1,70.3,82.0,0,1,62.9,96.6,Female,Information Technology,Not Placed
STU_09215,6.68,2,0,0,100.0,72.8,0,1,71.4,63.2,Male,Mechanical,Placed
STU_09216,8.5,1,4,2,41.2,70.5,1,1,73.5,64.1,Male,Information Technology,Placed
STU_09217,8.51,0,3,2,79.3,69.2,1,1,80.5,54.0,Male,Mechanical,Placed
STU_09218,7.57,0,2,1,79.0,68.6,1,1,94.2,70.6,Male,Computer Science,Placed
STU_09219,6.4,1,0,1,58.6,82.2,0,1,88.3,79.8,Male,Civil,Not Placed
STU_09220,6.89,1,1,1,55.5,60.9,1,0,63.3,68.4,Female,Information Technology,Placed
STU_09221,7.59,2,1,0,64.9,80.9,1,1,69.1,65.2,Male,Computer Science,Placed
STU_09222,7.11,0,2,2,45.4,52.7,1,1,64.0,59.1,Male,Computer Science,Placed
STU_09223,8.24,3,1,0,91.9,49.0,0,0,65.0,78.1,Male,Information Technology,Placed
STU_09224,5.77,0,2,1,100.0,88.9,1,1,72.1,82.6,Female,Civil,Placed
STU_09225,5.81,3,1,1,64.9,59.7,0,0,91.1,76.8,Male,Electronics,Placed
STU_09226,7.48,2,3,1,60.4,73.3,0,1,75.5,82.6,Female,Computer Science,Placed
STU_09227,6.81,1,3,2,50.3,68.8,0,1,76.8,61.6,Male,Computer Science,Placed
STU_09228,6.67,1,2,0,53.6,76.1,1,0,80.3,68.0,Male,Information Technology,Placed
STU_09229,5.53,0,2,1,61.2,72.6,1,0,68.6,72.8,Female,Mechanical,Placed
STU_09230,7.32,0,0,1,88.1,84.5,1,1,77.3,89.1,Male,Mechanical,Placed
STU_09231,7.25,0,1,0,100.0,54.8,0,1,80.5,89.0,Female,Electronics,Placed
STU_09232,7.95,0,3,1,59.2,80.1,0,1,99.0,83.7,Female,Electronics,Placed
STU_09233,7.37,1,2,2,56.5,71.4,1,0,87.2,83.5,Male,Civil,Placed
STU_09234,7.17,0,1,0,52.5,53.6,0,1,94.5,66.3,Male,Electronics,Not Placed
STU_09235,8.48,2,2,1,76.8,65.6,0,1,78.3,76.1,Male,Mechanical,Placed
STU_09236,5.99,0,3,1,75.2,52.8,0,1,83.3,56.7,Female,Mechanical,Placed
STU_09237,7.84,1,1,1,71.5,51.9,0,1,80.6,83.5,Female,Civil,Placed
STU_09238,5.63,1,1,2,63.3,66.8,1,1,60.1,72.3,Female,Information Technology,Placed
STU_09239,,0,3,0,90.4,86.2,0,1,53.4,97.5,Male,Computer Science,Placed
STU_09240,6.09,0,2,1,81.5,75.8,0,1,66.8,77.9,Female,Information Technology,Not Placed
STU_09241,8.08,0,1,1,80.8,87.6,0,1,90.4,66.7,Male,Civil,Placed
STU_09242,7.23,1,1,0,75.6,72.9,1,1,74.0,72.0,Male,Information Technology,Placed
STU_09243,7.29,1,3,2,67.2,90.6,0,1,85.8,68.1,Female,Mechanical,Placed
STU_09244,6.19,0,3,0,59.3,89.4,1,1,91.0,68.6,Male,Civil,Placed
STU_09245,7.0,2,1,0,77.8,60.6,1,1,65.2,74.8,Male,Civil,Placed
STU_09246,6.54,0,0,1,76.3,72.9,1,0,92.8,64.1,Male,Electronics,Not Placed
STU_09247,7.68,1,1,0,78.5,63.3,0,0,66.4,74.4,Male,Information Technology,Placed
STU_09248,6.31,0,1,1,46.5,70.3,0,0,75.9,53.3,Male,Mechanical,Not Placed
STU_09249,8.63,1,0,2,75.1,91.9,1,1,67.2,76.8,Male,Computer Science,Placed
STU_09250,5.62,2,1,0,65.4,64.3,1,0,80.4,66.6,Male,Mechanical,Placed
STU_09251,6.49,1,0,0,56.8,57.8,1,1,76.4,60.2,Male,Computer Science,Placed
STU_09252,8.98,0,4,0,80.9,58.6,0,0,86.0,83.0,Male,Electronics,Placed
STU_09253,6.86,0,0,0,72.7,67.3,0,0,88.0,55.5,Male,Information Technology,Not Placed
STU_09254,5.99,2,1,0,100.0,100.0,0,1,93.8,81.9,Male,Mechanical,Placed
STU_09255,7.52,1,1,2,77.3,89.7,0,1,85.5,80.2,Male,Computer Science,Placed
STU_09256,6.82,0,2,2,65.5,37.5,1,1,86.1,65.2,Male,Electronics,Not Placed
STU_09257,6.46,1,0,0,68.4,71.6,0,1,73.5,72.0,Male,Mechanical,Placed
STU_09258,6.2,0,2,2,52.4,64.5,1,1,76.2,77.9,Female,Computer Science,Placed
STU_09259,10.0,0,2,0,88.5,83.8,0,0,81.1,77.6,Male,Information Technology,Placed
STU_09260,7.05,2,4,1,74.7,57.9,1,1,65.6,85.1,Male,Computer Science,Placed
STU_09261,5.37,1,2,0,75.0,59.6,1,0,89.2,83.1,Female,Mechanical,Not Placed
STU_09262,8.79,0,0,0,54.0,65.1,1,1,76.7,86.4,Female,Mechanical,Placed
STU_09263,7.91,1,0,2,81.7,63.7,0,0,79.9,87.7,Male,Civil,Placed
STU_09264,6.53,2,2,1,56.0,79.8,0,1,62.8,76.3,Male,Computer Science,Placed
STU_09265,6.37,0,1,1,61.7,68.0,1,1,74.4,71.8,Male,Mechanical,Placed
STU_09266,7.97,1,1,1,71.9,84.0,1,1,86.6,73.7,Male,Mechanical,Not Placed
STU_09267,7.05,1,4,0,61.3,62.3,0,0,82.2,71.2,Female,Electronics,Placed
STU_09268,5.37,0,3,1,58.1,82.4,1,0,86.3,90.9,Male,Information Technology,Placed
STU_09269,9.09,1,3,2,69.2,58.1,0,1,74.6,66.7,Female,Mechanical,Placed
STU_09270,6.87,0,3,0,85.2,79.4,1,0,79.3,87.5,Female,Mechanical,Placed
STU_09271,8.8,1,2,0,83.4,66.0,0,1,77.0,69.7,Male,Computer Science,Placed
STU_09272,8.58,2,2,1,80.6,82.7,0,1,84.6,87.2,Male,Computer Science,Placed
STU_09273,6.3,0,1,1,77.3,42.7,1,0,80.6,83.0,Female,Mechanical,Placed
STU_09274,8.33,2,4,1,62.9,62.6,0,0,74.2,74.6,Male,Civil,Placed
STU_09275,6.65,1,1,1,86.8,86.0,1,0,52.4,77.9,Male,Information Technology,Placed
STU_09276,5.43,0,2,3,44.0,69.6,1,0,79.7,62.8,Female,Computer Science,Not Placed
STU_09277,6.88,1,1,0,76.5,51.6,1,1,61.2,81.4,Female,Mechanical,Placed
STU_09278,7.7,0,0,1,82.6,63.5,1,1,84.9,85.4,Female,Mechanical,Placed
STU_09279,6.84,2,2,1,68.6,76.6,0,1,86.3,89.7,Male,Electronics,Placed
STU_09280,6.99,1,1,1,59.2,62.3,1,1,55.2,71.4,Male,Civil,Placed
STU_09281,8.44,1,2,0,69.4,85.9,1,0,81.0,99.0,Female,Information Technology,Placed
STU_09282,7.41,1,2,1,58.6,85.0,1,0,80.7,71.5,Female,Computer Science,Placed
STU_09283,6.46,1,2,1,77.7,80.0,0,1,81.8,70.1,Male,Mechanical,Placed
STU_09284,8.0,2,0,1,84.2,84.4,1,1,65.7,73.2,Male,Mechanical,Placed
STU_09285,7.5,1,1,0,76.7,65.8,0,1,82.8,73.3,Male,Information Technology,Placed
STU_09286,5.0,2,3,1,75.8,89.8,1,1,65.4,59.2,Male,Computer Science,Placed
STU_09287,7.73,1,1,2,81.4,84.9,1,0,84.9,62.6,Female,Mechanical,Placed
STU_09288,7.69,0,1,2,,70.5,0,1,82.3,61.6,Male,Mechanical,Placed
STU_09289,7.32,2,2,2,58.3,52.5,0,1,74.7,77.6,Male,Information Technology,Placed
STU_09290,8.19,1,3,1,46.9,43.6,0,1,82.2,91.5,Male,Information Technology,Placed
STU_09291,6.63,1,2,0,74.2,83.9,0,1,68.5,67.6,Female,Electronics,Placed
STU_09292,7.64,3,0,1,83.9,52.7,0,1,72.4,73.6,Male,Civil,Placed
STU_09293,5.73,0,3,0,46.3,60.9,0,1,89.6,66.1,Male,Electronics,Not Placed
STU_09294,7.71,0,3,2,71.0,77.7,1,1,89.2,82.3,Male,Civil,Placed
STU_09295,9.25,0,2,0,86.9,56.4,1,1,67.0,77.9,Male,Civil,Placed
STU_09296,6.31,1,2,2,68.3,100.0,0,1,71.8,85.2,Male,Computer Science,Not Placed
STU_09297,6.54,2,2,2,92.8,74.8,0,1,72.4,63.9,Male,Electronics,Placed
STU_09298,6.59,3,2,2,90.0,89.7,1,1,78.6,74.6,Male,Computer Science,Placed
STU_09299,7.43,1,2,2,67.3,84.5,0,0,76.7,72.4,Female,Information Technology,Placed
STU_09300,6.24,1,3,1,64.5,41.5,1,0,90.9,73.1,Female,Information Technology,Not Placed
STU_09301,7.72,2,3,1,64.8,80.9,1,1,93.3,85.9,Male,Civil,Placed
STU_09302,8.15,1,2,0,72.0,71.8,0,1,96.0,68.7,Male,Mechanical,Placed
STU_09303,7.83,0,3,0,52.4,71.3,1,0,99.0,70.1,Male,Civil,Placed
STU_09304,5.53,1,0,0,49.6,71.7,0,1,62.2,66.3,Male,Civil,Placed
STU_09305,8.3,3,0,0,35.9,84.7,0,1,76.1,98.7,Male,Computer Science,Placed
STU_09306,8.24,3,2,2,69.7,91.7,1,1,71.1,64.5,Male,Civil,Placed
STU_09307,8.13,1,2,0,100.0,57.7,1,1,69.0,81.5,Male,Information Technology,Placed
STU_09308,7.67,2,1,1,40.1,72.9,1,1,92.1,59.9,Female,Electronics,Placed
STU_09309,7.52,0,2,0,67.2,88.8,1,1,82.2,80.1,Male,Civil,Placed
STU_09310,8.33,0,0,3,66.8,69.5,1,1,62.1,62.4,Female,Information Technology,Placed
STU_09311,9.22,3,2,0,67.7,74.4,1,1,99.0,76.7,Female,Civil,Placed
STU_09312,6.35,0,3,1,88.9,74.6,0,1,59.8,78.4,Male,Mechanical,Placed
STU_09313,8.38,0,2,1,56.7,97.4,1,0,74.5,74.2,Male,Information Technology,Placed
STU_09314,7.21,0,1,2,40.8,81.0,1,1,78.9,82.8,Male,Civil,Placed
STU_09315,7.17,1,4,0,62.0,96.8,1,1,66.7,80.1,Male,Mechanical,Placed
STU_09316,5.76,1,2,2,60.0,92.9,1,0,83.5,67.5,Female,Computer Science,Placed
STU_09317,7.02,0,3,1,36.5,69.3,1,1,71.8,80.4,Female,Information Technology,Placed
STU_09318,,2,2,0,73.7,75.6,0,0,86.2,77.5,Male,Mechanical,Placed
STU_09319,6.84,2,4,0,52.2,96.6,1,0,82.0,85.5,Female,Information Technology,Placed
STU_09320,6.2,0,3,2,68.8,58.3,0,1,53.0,59.0,Male,Information Technology,Placed
STU_09321,6.85,0,2,0,64.6,81.1,1,1,62.5,76.2,Male,Computer Science,Placed
STU_09322,6.89,1,1,2,53.9,81.3,1,1,86.5,76.1,Male,Civil,Placed
STU_09323,7.4,1,2,0,83.4,68.7,0,1,82.0,70.9,Male,Computer Science,Placed
STU_09324,5.69,0,2,1,65.8,67.4,1,0,67.7,86.7,Male,Information Technology,Placed
STU_09325,5.85,0,2,1,70.8,69.1,1,1,71.3,67.2,Male,Computer Science,Placed
STU_09326,7.66,0,1,1,78.8,80.4,1,1,77.1,82.8,Male,Mechanical,Placed
STU_09327,6.5,0,1,0,74.3,89.7,0,1,57.7,67.0,Male,Civil,Placed
STU_09328,8.37,1,2,2,72.2,80.9,1,1,99.0,89.6,Male,Civil,Placed
STU_09329,7.53,1,3,2,57.6,56.9,0,1,68.2,79.5,Female,Civil,Not Placed
STU_09330,7.91,1,2,1,53.3,90.1,0,1,78.3,57.9,Male,Information Technology,Placed
STU_09331,8.71,1,0,1,72.4,86.3,1,1,94.7,87.5,Male,Information Technology,Placed
STU_09332,6.99,0,1,1,55.6,69.1,0,0,76.2,81.2,Female,Civil,Placed
STU_09333,6.73,1,0,2,81.9,64.1,1,1,81.2,76.0,Female,Computer Science,Placed
STU_09334,8.17,0,0,2,68.1,61.1,1,0,68.4,68.0,Female,Civil,Placed
STU_09335,7.81,1,1,0,79.7,84.9,0,1,72.5,65.6,Female,Information Technology,Placed
STU_09336,7.11,1,2,0,55.2,49.4,0,1,68.7,80.6,Female,Computer Science,Placed
STU_09337,8.69,1,3,3,52.9,85.2,0,1,90.8,58.0,Male,Electronics,Placed
STU_09338,7.09,1,1,0,95.2,66.6,0,1,71.3,67.6,Male,Computer Science,Placed
STU_09339,7.33,1,2,3,67.8,75.4,1,0,70.6,82.7,Male,Information Technology,Placed
STU_09340,7.32,2,2,1,83.7,30.9,1,1,69.4,59.5,Male,Computer Science,Placed
STU_09341,6.37,1,4,0,48.8,50.7,0,1,81.8,60.0,Male,Mechanical,Placed
STU_09342,7.38,1,3,0,65.8,63.8,1,1,83.8,80.7,Male,Information Technology,Not Placed
STU_09343,8.7,3,0,1,89.5,61.1,0,0,58.0,72.1,Female,Civil,Placed
STU_09344,7.74,1,1,2,46.5,81.1,0,1,78.7,93.3,Male,,Placed
STU_09345,7.33,1,0,0,100.0,75.6,0,0,81.0,71.6,Female,Computer Science,Placed
STU_09346,7.14,0,2,0,73.0,95.2,1,1,92.1,57.9,Male,Electronics,Placed
STU_09347,7.63,0,2,2,57.7,78.2,0,1,65.8,87.5,Male,Civil,Placed
STU_09348,8.05,1,1,0,75.3,64.2,0,1,66.8,60.4,Female,Computer Science,Placed
STU_09349,7.91,1,3,1,86.6,86.7,0,1,84.4,63.9,Male,Computer Science,Placed
STU_09350,6.97,0,2,1,57.6,66.4,0,1,77.4,71.3,Male,Computer Science,Placed
STU_09351,7.62,3,4,0,59.8,65.8,1,0,91.8,76.8,Male,Computer Science,Placed
STU_09352,7.78,0,0,0,73.7,72.0,0,0,89.0,79.2,Female,Electronics,Placed
STU_09353,6.29,1,0,0,76.9,91.4,1,1,80.8,85.6,Male,Information Technology,Placed
STU_09354,7.47,0,1,0,67.0,84.6,0,1,77.3,48.0,Female,Electronics,Placed
STU_09355,5.14,1,0,1,76.0,84.2,0,1,76.4,64.6,Female,Information Technology,Placed
STU_09356,7.78,2,2,1,82.8,95.5,1,0,77.7,86.6,Male,Civil,Placed
STU_09357,7.96,0,0,1,72.6,84.0,0,0,78.6,65.2,Male,Computer Science,Placed
STU_09358,8.05,0,2,1,59.6,57.3,1,0,92.2,74.4,Male,Computer Science,Placed
STU_09359,6.9,1,0,0,69.7,78.5,1,1,57.6,89.8,Male,Computer Science,Placed
STU_09360,7.61,1,1,0,96.3,91.5,1,0,73.8,73.1,Female,Mechanical,Placed
STU_09361,8.72,1,3,0,75.0,53.8,1,1,80.0,72.1,Male,Computer Science,Placed
STU_09362,8.71,3,4,1,88.6,71.8,1,0,72.0,73.2,Male,Mechanical,Placed
STU_09363,7.27,0,1,2,62.3,59.2,1,1,75.1,89.2,Female,Electronics,Placed
STU_09364,7.44,1,4,0,73.9,73.5,0,1,73.6,57.4,Male,Information Technology,Placed
STU_09365,8.41,1,2,1,81.9,85.6,0,1,91.0,94.7,Female,Mechanical,Placed
STU_09366,5.8,3,1,1,92.5,88.1,1,1,73.8,72.5,Male,Electronics,Placed
STU_09367,6.98,2,3,1,88.4,69.8,0,1,70.8,71.2,Female,Civil,Placed
STU_09368,8.64,1,1,3,53.2,79.9,0,1,85.8,66.1,Male,Information Technology,Placed
STU_09369,8.28,1,1,0,87.3,54.0,0,0,72.7,62.5,Female,Mechanical,Placed
STU_09370,7.67,0,2,0,95.3,51.0,1,1,76.3,49.3,Male,Electronics,Not Placed
STU_09371,5.79,0,1,0,61.4,85.4,0,0,66.9,88.4,Male,Civil,Not Placed
STU_09372,7.25,1,0,0,56.6,35.7,0,1,73.9,50.6,Female,Information Technology,Placed
STU_09373,6.71,1,0,1,69.6,63.8,1,1,77.7,74.4,Male,Mechanical,Not Placed
STU_09374,7.63,1,2,2,72.7,80.1,1,1,65.4,70.1,Male,Information Technology,Placed
STU_09375,6.49,1,2,1,,74.6,0,1,77.0,78.2,Female,Information Technology,Placed
STU_09376,6.27,0,1,0,52.2,38.0,1,0,83.1,53.0,Male,Civil,Placed
STU_09377,5.24,1,3,0,92.1,78.3,0,1,58.1,65.9,Male,Mechanical,Placed
STU_09378,8.52,0,1,2,57.1,61.7,1,1,71.5,80.2,Male,Civil,Placed
STU_09379,6.9,0,2,1,62.4,73.4,0,0,99.0,77.0,Female,Civil,Placed
STU_09380,7.46,0,3,2,71.6,64.5,0,0,76.0,67.7,Male,Information Technology,Placed
STU_09381,7.3,2,3,1,47.9,63.7,1,0,89.4,76.1,Female,Computer Science,Placed
STU_09382,6.23,0,2,3,46.8,50.4,0,1,77.7,94.0,Male,Computer Science,Placed
STU_09383,6.04,2,2,2,63.5,67.7,0,0,74.7,87.0,Male,Civil,Placed
STU_09384,6.29,0,1,1,82.4,86.8,0,1,87.3,85.7,Male,Mechanical,Placed
STU_09385,6.58,1,2,2,72.8,66.9,0,1,90.0,81.0,Male,Information Technology,Placed
STU_09386,7.67,2,1,1,39.1,67.5,1,1,69.1,77.0,Male,Civil,Placed
STU_09387,6.5,1,1,0,90.8,63.5,1,1,67.0,67.5,Male,Mechanical,Placed
STU_09388,9.05,0,1,0,82.0,56.6,0,0,64.3,75.6,Female,Computer Science,Placed
STU_09389,8.33,0,0,0,72.9,60.0,1,1,69.2,96.6,Male,Civil,Placed
STU_09390,8.11,2,2,0,72.5,74.7,1,0,89.4,85.1,Male,Electronics,Placed
STU_09391,7.18,0,3,0,80.1,100.0,1,0,78.3,71.1,Male,Civil,Placed
STU_09392,8.81,1,0,1,100.0,83.7,0,0,89.8,51.9,Male,Mechanical,Placed
STU_09393,7.08,1,1,3,83.2,79.4,0,1,67.7,83.3,Male,Mechanical,Placed
STU_09394,7.27,0,2,1,74.4,95.9,0,0,68.0,85.3,Male,Civil,Placed
STU_09395,7.47,0,2,1,51.6,77.6,0,1,74.1,69.0,Female,Electronics,Placed
STU_09396,8.0,1,1,0,72.5,84.9,1,1,81.0,67.7,Male,Computer Science,Placed
STU_09397,7.94,1,0,0,81.6,74.6,0,1,76.6,53.6,Female,Electronics,Placed
STU_09398,6.82,0,2,1,68.3,77.4,0,1,85.0,88.8,Female,Electronics,Placed
STU_09399,6.77,1,3,2,62.2,55.1,0,1,82.1,70.4,Male,Mechanical,Placed
STU_09400,7.94,2,0,0,78.3,68.3,0,1,82.9,77.9,Female,Civil,Placed
STU_09401,8.02,2,1,1,55.2,65.3,1,1,84.8,62.9,Male,Electronics,Placed
STU_09402,6.91,0,2,1,83.0,64.6,1,1,89.0,59.1,Male,Civil,Placed
STU_09403,5.71,0,0,0,63.5,63.9,0,1,53.4,91.5,Female,Electronics,Not Placed
STU_09404,7.09,2,1,0,38.2,89.2,0,1,77.9,70.7,Female,Information Technology,Placed
STU_09405,7.92,0,2,1,63.2,67.6,1,0,86.4,66.7,Male,Mechanical,Placed
STU_09406,9.11,0,4,1,69.1,70.3,1,1,99.0,99.0,Male,Electronics,Placed
STU_09407,6.1,2,1,0,78.3,99.2,0,1,77.0,85.8,Female,Information Technology,Placed
STU_09408,6.87,0,2,0,76.6,81.3,0,1,56.0,67.1,Male,Mechanical,Placed
STU_09409,6.91,0,1,1,50.6,72.1,1,0,92.3,83.1,Female,Mechanical,Placed
STU_09410,8.66,0,3,0,71.8,84.7,1,1,65.8,57.3,Male,Civil,Placed
STU_09411,7.27,2,0,2,62.0,64.0,0,1,82.6,71.5,Male,Electronics,Placed
STU_09412,6.39,0,2,0,64.6,66.9,0,1,83.4,65.8,Male,Civil,Placed
STU_09413,7.86,2,3,0,55.0,67.7,1,0,79.3,79.6,Male,Electronics,Placed
STU_09414,6.9,1,4,0,69.2,75.0,1,0,56.7,93.2,Female,Information Technology,Not Placed
STU_09415,6.08,1,2,2,100.0,77.6,0,0,74.4,56.4,Female,Electronics,Placed
STU_09416,6.41,0,1,2,,60.6,1,0,62.3,95.4,Male,Information Technology,Placed
STU_09417,9.03,0,1,2,55.0,76.9,0,1,82.5,83.2,Female,Electronics,Placed
STU_09418,7.68,1,1,1,71.0,79.3,0,1,69.1,64.0,Female,Information Technology,Placed
STU_09419,7.41,0,2,2,65.3,66.4,0,1,56.8,64.2,Male,Civil,Placed
STU_09420,7.05,2,2,2,72.1,70.0,1,1,85.1,67.1,Female,Electronics,Placed
STU_09421,7.59,1,3,0,83.7,58.4,1,0,65.3,65.5,Female,Civil,Placed
STU_09422,7.58,1,1,3,68.1,53.9,0,1,79.3,65.8,Male,Mechanical,Placed
STU_09423,7.59,0,2,2,59.3,58.2,0,1,70.6,55.0,Male,Computer Science,Placed
STU_09424,7.41,1,3,3,87.3,80.6,1,0,86.7,72.9,Male,Electronics,Placed
STU_09425,8.17,0,3,2,51.5,78.3,0,1,86.3,83.2,Female,Information Technology,Placed
STU_09426,7.32,0,2,2,72.8,95.1,0,1,80.4,68.7,Male,Civil,Placed
STU_09427,6.32,2,2,2,47.7,72.5,1,1,76.9,78.3,Male,Information Technology,Placed
STU_09428,6.69,1,2,1,54.6,72.6,1,1,73.6,87.4,Female,Civil,Placed
STU_09429,5.32,1,1,2,81.2,76.0,0,1,66.0,58.6,Female,Computer Science,Placed
STU_09430,9.33,1,0,0,59.8,59.2,0,1,72.1,67.7,Female,Mechanical,Placed
STU_09431,8.16,1,2,1,41.9,82.8,0,0,82.8,58.4,Female,Computer Science,Placed
STU_09432,6.47,0,1,2,59.2,76.6,0,0,97.5,59.6,Female,Information Technology,Placed
STU_09433,7.02,0,2,1,57.6,60.6,0,1,83.7,90.0,Male,Electronics,Placed
STU_09434,6.66,2,2,2,51.1,76.5,0,1,85.2,69.5,Male,Mechanical,Placed
STU_09435,8.84,0,2,1,78.3,81.1,0,0,76.9,80.1,Male,Civil,Placed
STU_09436,5.88,1,0,1,46.8,56.0,0,1,83.3,76.8,Male,Mechanical,Placed
STU_09437,7.41,0,0,0,61.2,84.7,1,1,56.5,82.8,Female,Electronics,Placed
STU_09438,7.19,0,0,0,72.0,66.6,1,1,70.8,76.6,Female,Electronics,Not Placed
STU_09439,8.13,0,1,1,64.9,35.2,1,1,85.0,76.2,Male,Information Technology,Not Placed
STU_09440,7.2,1,4,1,63.9,83.7,0,1,85.2,58.7,Male,Computer Science,Placed
STU_09441,5.54,1,1,0,59.2,88.1,0,0,72.6,75.4,Male,Civil,Placed
STU_09442,7.05,0,1,0,51.7,58.5,1,0,64.9,75.3,Male,Mechanical,Not Placed
STU_09443,6.33,0,0,0,60.4,51.9,0,1,77.3,64.6,Female,Electronics,Placed
STU_09444,7.38,2,2,1,79.9,87.9,1,1,73.7,52.2,Male,Computer Science,Placed
STU_09445,8.73,0,2,1,63.5,64.6,0,1,87.4,77.7,Female,Information Technology,Placed
STU_09446,5.56,2,1,0,72.5,88.1,1,1,85.0,88.5,Male,Information Technology,Placed
STU_09447,6.5,2,3,2,86.8,50.5,1,1,93.5,55.5,Female,Civil,Placed
STU_09448,6.75,3,3,0,79.0,88.9,1,0,89.1,73.1,Male,Computer Science,Placed
STU_09449,6.92,2,1,1,50.9,84.9,1,1,75.3,50.4,Male,Information Technology,Placed
STU_09450,8.04,0,2,0,76.7,78.5,1,1,81.5,82.1,Female,Civil,Placed
STU_09451,7.13,3,2,3,85.7,47.9,0,0,98.3,88.0,Male,Electronics,Placed
STU_09452,7.72,2,1,0,61.3,67.7,0,0,74.0,73.9,Female,Mechanical,Placed
STU_09453,6.67,2,3,1,46.2,84.1,0,0,79.7,81.9,Female,Civil,Placed
STU_09454,7.53,0,0,1,63.4,51.8,0,0,78.0,75.7,Male,Computer Science,Placed
STU_09455,8.08,3,1,0,72.8,65.7,0,0,78.2,64.3,Male,Electronics,Placed
STU_09456,6.57,1,1,0,78.9,76.8,1,0,69.3,73.5,Female,Mechanical,Not Placed
STU_09457,8.08,1,2,0,62.2,58.1,0,0,91.1,74.7,Female,Computer Science,Placed
STU_09458,7.35,0,3,2,39.5,87.6,1,1,68.8,73.4,Male,Information Technology,Placed
STU_09459,8.35,0,1,0,50.9,85.2,0,0,96.6,79.1,Female,Computer Science,Placed
STU_09460,7.1,3,0,1,75.4,74.9,0,1,94.4,76.5,Male,Mechanical,Placed
STU_09461,7.68,1,2,1,99.9,77.2,0,1,80.5,72.9,Female,Mechanical,Placed
STU_09462,7.26,0,1,0,69.7,65.5,1,1,78.1,67.9,Female,Computer Science,Placed
STU_09463,7.2,2,0,0,89.7,79.1,0,1,70.2,80.5,Male,Mechanical,Placed
STU_09464,7.56,0,1,2,54.1,64.8,0,0,78.7,79.7,Male,Computer Science,Placed
STU_09465,7.84,0,1,0,60.3,69.6,1,1,88.8,76.9,Male,Electronics,Placed
STU_09466,6.05,0,1,0,34.9,66.1,1,1,71.2,65.9,Female,Mechanical,Not Placed
STU_09467,8.73,0,1,1,75.5,89.2,0,1,92.7,62.6,Male,Mechanical,Placed
STU_09468,5.44,0,0,0,56.6,86.5,0,1,88.3,82.4,Female,Electronics,Placed
STU_09469,6.62,0,2,1,79.0,60.0,0,1,76.9,65.2,Female,Electronics,Placed
STU_09470,7.21,0,0,0,62.5,88.1,1,1,86.0,71.3,Male,Civil,Placed
STU_09471,7.71,1,4,3,100.0,62.4,1,1,68.9,57.9,Male,Information Technology,Placed
STU_09472,8.88,2,1,1,96.9,94.2,0,1,77.0,79.9,Female,Computer Science,Placed
STU_09473,5.44,1,2,3,35.4,90.9,0,1,99.0,61.4,Male,Mechanical,Placed
STU_09474,6.79,0,3,0,78.9,98.3,1,1,89.9,60.8,Male,Mechanical,Placed
STU_09475,5.17,0,1,0,58.9,75.5,0,1,83.0,64.1,Male,Electronics,Placed
STU_09476,7.33,2,2,2,79.7,68.6,1,0,78.7,79.7,Male,Computer Science,Placed
STU_09477,7.57,3,3,0,49.8,68.4,0,1,77.3,72.6,Female,Information Technology,Placed
STU_09478,8.89,0,1,1,91.6,76.5,1,1,77.7,68.0,Male,Computer Science,Placed
STU_09479,7.42,0,4,0,85.5,59.8,0,1,70.3,93.2,Male,Civil,Placed
STU_09480,8.34,1,0,3,48.8,43.1,0,0,84.5,80.7,Female,Electronics,Placed
STU_09481,7.88,1,1,0,67.3,67.2,0,0,88.4,53.1,Female,Electronics,Placed
STU_09482,6.86,1,2,2,72.4,72.5,0,1,75.5,65.4,Female,Information Technology,Placed
STU_09483,5.89,1,1,1,80.8,78.7,1,0,82.7,53.2,Female,Civil,Placed
STU_09484,7.58,1,2,0,69.8,76.8,0,1,70.7,69.7,Male,Civil,Placed
STU_09485,5.81,3,3,0,81.8,73.7,1,0,77.3,86.4,Female,Mechanical,Placed
STU_09486,,0,4,2,68.9,86.0,1,1,69.5,77.7,Female,Computer Science,Placed
STU_09487,7.14,3,2,1,79.2,61.5,0,0,75.7,72.4,Male,Electronics,Placed
STU_09488,8.5,0,4,1,49.5,63.9,0,0,79.2,69.8,Male,Mechanical,Not Placed
STU_09489,6.82,1,1,1,69.6,97.3,1,1,84.0,78.5,Male,Information Technology,Placed
STU_09490,7.57,1,1,0,87.3,33.8,1,0,71.9,56.4,Male,Information Technology,Placed
STU_09491,7.51,1,2,1,91.2,85.4,1,1,82.8,73.7,Male,Electronics,Placed
STU_09492,7.25,1,2,1,72.6,78.8,0,1,68.4,76.9,Male,Information Technology,Placed
STU_09493,6.87,0,2,1,68.5,72.0,1,1,81.2,61.0,Female,Computer Science,Placed
STU_09494,7.69,0,2,0,90.5,82.8,0,1,99.0,65.2,Male,Civil,Placed
STU_09495,6.37,1,1,3,68.5,80.6,1,1,74.3,96.6,Female,Mechanical,Placed
STU_09496,6.09,1,2,0,87.2,54.5,0,0,64.7,80.8,Female,Electronics,Placed
STU_09497,8.54,0,4,0,68.4,60.3,1,0,87.0,56.2,Male,Mechanical,Placed
STU_09498,8.03,2,2,2,70.6,66.2,0,1,80.9,66.7,Male,Civil,Placed
STU_09499,7.37,0,1,1,53.4,46.5,0,1,82.6,74.7,Female,Information Technology,Placed
STU_09500,8.97,0,2,0,51.3,71.9,0,1,90.7,99.0,Male,Mechanical,Placed
STU_09501,7.03,0,1,2,84.7,79.7,1,0,70.9,84.8,Male,Computer Science,Placed
STU_09502,8.62,1,3,1,95.8,86.0,0,0,71.2,87.0,Female,Information Technology,Placed
STU_09503,7.48,0,0,0,71.6,72.9,0,1,83.4,79.4,Male,Information Technology,Placed
STU_09504,6.28,1,1,1,67.5,63.0,1,0,88.4,64.2,Male,Computer Science,Placed
STU_09505,9.15,0,0,0,85.3,74.7,0,0,80.4,92.5,Male,,Placed
STU_09506,8.29,0,0,0,75.1,71.1,0,1,77.3,84.4,Female,Information Technology,Placed
STU_09507,7.18,1,2,0,34.0,81.4,0,1,81.2,89.0,Female,Civil,Placed
STU_09508,8.03,1,1,1,84.9,71.5,0,0,85.3,93.7,Male,Computer Science,Placed
STU_09509,6.9,0,3,0,49.9,82.7,0,1,63.5,92.1,Male,Information Technology,Placed
STU_09510,8.13,0,2,2,69.8,68.9,0,0,68.1,74.8,Female,Information Technology,Placed
STU_09511,5.0,2,1,1,63.4,87.5,1,0,77.1,78.0,Female,Computer Science,Placed
STU_09512,6.28,0,2,0,60.4,74.1,0,0,84.9,77.1,Female,Information Technology,Placed
STU_09513,8.28,2,2,1,70.7,64.8,0,1,99.0,85.2,Male,Civil,Placed
STU_09514,7.05,1,2,2,83.4,68.0,1,1,76.9,78.7,Male,Computer Science,Placed
STU_09515,7.51,0,2,1,70.5,80.7,1,0,80.5,76.6,Male,Electronics,Placed
STU_09516,5.95,1,1,0,91.1,56.8,0,0,71.3,73.8,Female,Mechanical,Placed
STU_09517,9.15,2,2,0,93.0,70.4,1,1,84.6,73.4,Male,Information Technology,Placed
STU_09518,8.49,0,1,2,92.9,84.8,0,1,67.0,78.3,Male,Computer Science,Placed
STU_09519,7.1,0,2,0,69.2,78.2,0,1,77.9,89.3,Male,Mechanical,Placed
STU_09520,6.9,0,3,0,62.8,58.2,1,0,68.5,64.5,Male,Mechanical,Placed
STU_09521,8.33,2,1,1,69.5,75.7,0,1,56.9,75.8,Male,Electronics,Placed
STU_09522,9.28,1,2,0,86.9,55.9,1,0,99.0,78.8,Male,Electronics,Placed
STU_09523,8.25,0,1,3,86.0,74.2,1,0,86.0,93.2,Male,Civil,Placed
STU_09524,9.47,0,0,2,31.1,88.6,0,1,86.1,70.2,Male,Mechanical,Placed
STU_09525,6.38,0,2,1,74.6,72.9,0,1,87.1,66.4,Male,Electronics,Placed
STU_09526,6.48,0,2,2,34.5,58.4,1,1,92.3,91.6,Male,Computer Science,Placed
STU_09527,6.11,0,1,1,69.7,69.7,0,0,79.6,80.6,Male,Civil,Placed
STU_09528,7.74,1,1,2,62.1,74.3,0,1,86.7,70.4,Male,Mechanical,Placed
STU_09529,7.48,0,3,1,57.4,85.1,0,0,73.0,86.6,Male,Information Technology,Placed
STU_09530,7.15,0,0,0,82.7,85.0,0,0,76.3,54.4,Female,Computer Science,Placed
STU_09531,8.11,1,1,2,60.3,58.9,1,1,62.6,74.4,Male,Computer Science,Placed
STU_09532,8.53,0,3,2,69.9,68.1,0,1,80.0,78.2,Female,Computer Science,Placed
STU_09533,5.77,0,3,3,56.0,76.7,0,1,72.7,81.5,Female,Civil,Placed
STU_09534,6.7,0,1,1,71.1,64.7,0,0,76.7,65.9,Female,Civil,Placed
STU_09535,8.12,0,3,1,84.4,78.0,1,0,86.3,65.7,Female,Information Technology,Placed
STU_09536,6.83,2,1,0,56.8,55.8,1,1,81.0,91.9,Male,Information Technology,Placed
STU_09537,6.5,1,1,0,79.6,75.1,0,1,88.3,75.2,Female,Electronics,Placed
STU_09538,8.32,0,3,0,70.8,84.3,0,1,72.1,76.8,Male,Information Technology,Placed
STU_09539,6.01,0,3,0,70.7,72.6,0,0,81.8,67.0,Male,Electronics,Placed
STU_09540,7.0,0,1,1,64.7,74.1,0,0,71.6,64.9,Male,Computer Science,Placed
STU_09541,7.63,1,0,1,81.6,82.1,1,0,76.2,68.8,Female,Mechanical,Placed
STU_09542,6.73,1,0,0,,66.7,1,1,74.9,88.2,Male,Electronics,Placed
STU_09543,8.08,1,1,1,68.0,79.5,0,1,67.9,68.2,Male,Computer Science,Placed
STU_09544,6.73,0,2,0,73.0,71.6,0,1,73.9,72.4,Male,Information Technology,Placed
STU_09545,8.71,0,2,1,81.1,61.1,0,1,83.8,92.7,Male,Computer Science,Placed
STU_09546,7.17,1,2,3,78.1,82.8,1,1,68.8,98.5,Female,Computer Science,Placed
STU_09547,7.97,2,2,1,65.4,88.8,0,0,71.4,58.9,Male,Computer Science,Placed
STU_09548,8.05,2,3,0,87.5,85.9,1,1,90.4,51.6,Male,Mechanical,Placed
STU_09549,6.67,0,0,1,83.0,82.8,0,1,92.2,67.2,Male,Mechanical,Placed
STU_09550,5.25,1,2,2,100.0,78.1,1,0,86.3,64.2,Male,Electronics,Placed
STU_09551,7.66,1,3,1,46.5,76.4,1,0,95.1,80.2,Female,Electronics,Placed
STU_09552,7.37,2,1,3,80.5,70.9,1,0,91.6,74.9,Female,Electronics,Placed
STU_09553,7.86,0,3,0,87.3,64.0,1,1,77.1,73.6,Female,Mechanical,Placed
STU_09554,7.07,1,2,0,85.1,47.2,0,0,97.9,84.7,Male,Electronics,Placed
STU_09555,6.87,0,0,0,66.2,53.2,1,0,93.6,51.6,Female,Information Technology,Placed
STU_09556,9.31,1,1,2,49.6,72.2,0,1,77.3,68.2,Female,Electronics,Placed
STU_09557,5.83,0,2,1,93.1,56.7,1,1,80.5,73.7,Female,Civil,Not Placed
STU_09558,8.03,1,2,0,62.8,77.0,1,1,71.4,86.4,Male,Computer Science,Not Placed
STU_09559,6.73,2,2,0,65.6,93.0,1,1,77.0,74.4,Male,Mechanical,Placed
STU_09560,6.96,0,1,1,100.0,33.3,0,1,62.5,79.5,Male,Computer Science,Placed
STU_09561,6.98,1,2,3,50.9,60.3,1,1,72.1,71.4,Male,Information Technology,Placed
STU_09562,6.5,0,1,0,82.3,98.2,1,1,85.9,74.5,Male,Mechanical,Placed
STU_09563,7.87,0,1,0,58.7,82.0,0,1,67.8,71.8,Male,Information Technology,Placed
STU_09564,8.69,0,1,1,58.4,70.7,1,1,74.9,72.5,Female,Civil,Placed
STU_09565,7.77,0,2,0,72.5,65.6,1,1,83.6,75.8,Female,Mechanical,Placed
STU_09566,7.4,2,0,1,80.1,79.0,0,1,75.1,90.9,Male,Electronics,Placed
STU_09567,6.31,0,1,1,84.3,83.8,1,0,89.5,79.6,Female,Computer Science,Placed
STU_09568,7.82,1,1,1,86.2,56.8,1,0,90.0,72.7,Male,Computer Science,Placed
STU_09569,9.46,2,0,2,59.4,89.9,0,1,71.8,81.0,Female,Computer Science,Placed
STU_09570,6.92,2,1,0,52.8,76.8,0,0,73.6,77.0,Male,Information Technology,Placed
STU_09571,6.92,1,2,2,64.9,83.3,0,1,78.4,81.5,Male,Mechanical,Placed
STU_09572,6.74,0,2,2,75.2,84.3,1,1,71.3,70.7,Male,Computer Science,Placed
STU_09573,6.81,2,2,0,66.9,75.7,0,0,94.3,80.4,Male,Information Technology,Placed
STU_09574,5.0,0,2,0,20.0,77.3,0,1,73.9,80.6,Female,Civil,Not Placed
STU_09575,7.71,2,0,2,42.6,78.2,0,1,87.1,59.4,Female,Electronics,Placed
STU_09576,6.45,1,4,1,66.4,67.7,1,1,63.0,70.8,Female,Mechanical,Placed
STU_09577,5.69,1,1,0,82.8,79.8,0,0,70.3,73.1,Male,Electronics,Placed
STU_09578,8.05,0,2,1,56.4,68.9,1,0,67.1,71.4,Female,Mechanical,Placed
STU_09579,6.22,1,3,1,81.0,72.0,0,1,65.6,63.7,Male,Computer Science,Placed
STU_09580,6.96,2,2,0,47.6,90.8,1,1,72.8,48.0,Male,Civil,Placed
STU_09581,8.77,2,1,1,73.8,71.6,0,0,81.7,86.3,Female,Electronics,Placed
STU_09582,5.89,0,1,1,73.9,77.0,0,0,93.3,51.2,Male,Mechanical,Not Placed
STU_09583,5.77,2,0,2,77.0,69.9,0,1,76.0,96.8,Male,Civil,Not Placed
STU_09584,7.57,0,2,1,54.9,67.6,0,1,78.8,72.4,Male,Information Technology,Placed
STU_09585,8.45,1,2,1,46.8,95.1,0,1,81.4,67.7,Male,Electronics,Placed
STU_09586,5.73,1,2,1,80.9,54.4,0,1,70.7,57.9,Male,Computer Science,Placed
STU_09587,7.71,0,0,0,47.1,72.6,0,1,77.8,56.7,Female,Computer Science,Placed
STU_09588,7.88,0,3,2,58.4,57.6,0,1,98.9,65.2,Female,Information Technology,Placed
STU_09589,5.24,1,2,1,90.9,87.1,0,1,81.9,77.1,Male,Information Technology,Placed
STU_09590,8.1,0,0,2,72.5,71.3,1,1,98.9,90.5,Male,Electronics,Placed
STU_09591,8.18,0,1,2,75.5,66.4,0,0,78.2,58.0,Male,Information Technology,Placed
STU_09592,6.99,1,2,1,79.4,50.0,1,1,71.8,78.9,Female,Electronics,Placed
STU_09593,8.55,2,2,0,78.8,90.9,0,1,88.4,54.6,Male,Civil,Placed
STU_09594,8.44,1,0,2,69.7,56.1,0,1,90.6,65.0,Female,Mechanical,Placed
STU_09595,7.4,0,0,0,56.5,77.8,0,1,73.0,80.5,Male,Information Technology,Placed
STU_09596,6.85,0,2,3,100.0,83.2,0,0,81.6,63.8,Male,Civil,Placed
STU_09597,6.33,1,1,1,65.6,98.1,1,0,77.4,92.0,Male,Information Technology,Not Placed
STU_09598,7.26,1,1,0,75.0,65.4,0,0,64.2,83.3,Male,Civil,Placed
STU_09599,7.87,1,3,2,76.6,61.7,0,1,64.8,80.5,Male,Civil,Placed
STU_09600,6.98,2,2,2,62.0,66.9,0,1,75.9,68.9,Male,Electronics,Placed
STU_09601,5.1,0,2,2,63.6,64.9,1,1,89.5,65.5,Male,Computer Science,Placed
STU_09602,8.57,0,2,0,92.3,49.4,1,1,86.5,70.0,Male,Civil,Placed
STU_09603,7.49,2,2,2,58.9,91.6,0,1,68.8,77.7,Male,Electronics,Placed
STU_09604,6.92,1,2,1,76.2,67.0,0,1,66.8,77.7,Female,Information Technology,Placed
STU_09605,8.16,1,4,1,83.4,70.1,0,1,69.3,66.0,Male,Information Technology,Placed
STU_09606,8.82,2,1,2,66.8,79.5,0,1,68.4,67.0,Male,Information Technology,Placed
STU_09607,5.0,2,1,1,68.6,88.6,0,0,69.2,58.0,Male,Mechanical,Placed
STU_09608,7.73,1,0,0,84.4,58.1,0,0,57.7,99.0,Female,Mechanical,Placed
STU_09609,5.87,0,2,1,67.9,76.3,0,1,53.6,65.1,Female,Mechanical,Placed
STU_09610,7.8,3,2,1,38.8,57.4,0,0,52.4,56.5,Female,Information Technology,Placed
STU_09611,7.43,1,0,2,92.6,76.0,0,1,62.5,48.0,Female,Information Technology,Placed
STU_09612,7.94,0,1,0,55.4,75.5,0,1,89.7,67.6,Male,Mechanical,Placed
STU_09613,6.8,1,1,2,73.2,66.3,1,1,99.0,79.5,Male,Electronics,Placed
STU_09614,5.43,0,1,2,50.2,74.8,1,1,98.2,73.8,Female,Information Technology,Placed
STU_09615,6.85,2,4,0,62.3,75.0,0,1,80.5,72.9,Male,Information Technology,Placed
STU_09616,7.71,1,2,0,63.5,71.0,0,1,70.2,83.0,Female,Electronics,Placed
STU_09617,8.32,2,0,1,72.6,69.5,0,1,73.7,81.4,Female,Computer Science,Placed
STU_09618,6.13,2,1,2,56.8,55.6,0,0,79.4,65.1,Male,Computer Science,Placed
STU_09619,8.33,2,0,1,99.7,58.9,0,1,98.7,77.9,Male,Mechanical,Placed
STU_09620,6.65,1,2,2,70.4,64.6,1,1,68.1,75.8,Female,Electronics,Placed
STU_09621,7.66,2,2,1,83.2,59.9,1,0,78.0,68.5,Male,Electronics,Placed
STU_09622,6.79,0,4,1,69.9,65.1,0,1,79.0,90.7,Female,Mechanical,Not Placed
STU_09623,7.48,0,2,0,85.0,71.1,1,0,77.1,66.5,Male,Mechanical,Placed
STU_09624,8.19,2,2,0,38.5,73.1,0,0,57.9,68.7,Female,Information Technology,Placed
STU_09625,6.07,1,3,1,59.4,78.7,0,1,75.2,69.8,Male,Computer Science,Not Placed
STU_09626,6.62,0,2,2,62.2,73.9,1,1,64.5,85.2,Male,Electronics,Placed
STU_09627,7.48,0,1,1,62.1,73.4,1,1,99.0,87.0,Female,Electronics,Placed
STU_09628,9.7,0,2,1,,78.4,0,1,83.7,89.9,Male,Civil,Placed
STU_09629,6.44,1,2,1,78.8,61.0,1,0,89.2,83.5,Female,Information Technology,Placed
STU_09630,9.34,1,2,0,68.9,62.0,0,1,69.2,73.9,Male,Computer Science,Placed
STU_09631,9.3,0,1,1,69.3,67.5,0,1,73.5,85.6,Female,Computer Science,Placed
STU_09632,7.2,2,1,1,100.0,63.6,1,1,98.4,79.1,Female,Civil,Placed
STU_09633,7.0,0,1,1,74.9,51.0,1,0,88.2,73.6,Male,Information Technology,Placed
STU_09634,6.61,1,0,1,36.6,78.9,0,0,82.2,69.9,Female,Computer Science,Placed
STU_09635,7.23,1,3,2,81.6,60.0,0,1,91.4,73.1,Male,Mechanical,Placed
STU_09636,5.89,1,2,0,78.4,93.7,0,1,97.6,69.8,Male,Information Technology,Placed
STU_09637,7.22,0,2,0,87.4,74.0,0,1,93.2,79.6,Female,Computer Science,Placed
STU_09638,8.8,0,2,0,79.0,54.0,0,1,88.5,72.7,Male,Mechanical,Placed
STU_09639,6.69,2,2,2,56.4,80.0,1,1,89.5,80.4,Male,Civil,Placed
STU_09640,7.06,0,4,1,83.4,72.4,1,1,74.7,80.6,Female,Computer Science,Placed
STU_09641,5.6,3,1,0,71.5,75.5,1,1,80.0,75.1,Male,Information Technology,Placed
STU_09642,7.67,1,2,3,85.7,66.0,0,0,84.8,70.0,Female,Electronics,Placed
STU_09643,7.56,0,1,1,93.2,60.8,1,0,81.2,65.0,Female,Civil,Placed
STU_09644,7.36,1,3,0,68.2,54.5,1,1,83.0,73.8,Female,Electronics,Placed
STU_09645,7.08,0,3,1,83.1,56.6,1,0,76.6,78.2,Male,Information Technology,Placed
STU_09646,7.01,1,3,1,85.5,55.6,0,1,50.7,60.0,Male,Computer Science,Placed
STU_09647,7.8,3,0,1,72.4,67.7,0,1,84.8,55.4,Female,Computer Science,Placed
STU_09648,7.27,0,1,1,99.4,71.4,1,1,79.1,73.7,Female,Information Technology,Placed
STU_09649,7.61,1,0,0,85.7,53.4,0,0,79.3,65.2,Female,Information Technology,Placed
STU_09650,7.51,0,2,0,,82.8,0,1,99.0,86.1,Male,Civil,Placed
STU_09651,8.42,1,2,0,73.9,73.7,1,1,81.6,89.4,Male,Information Technology,Placed
STU_09652,7.98,0,1,0,82.9,100.0,0,0,70.0,63.9,Male,Information Technology,Placed
STU_09653,7.49,1,2,1,98.8,67.1,1,1,84.9,56.3,Female,Computer Science,Placed
STU_09654,8.82,3,1,1,79.3,98.8,0,1,78.9,81.3,Female,Civil,Placed
STU_09655,7.72,0,3,1,74.3,81.0,0,0,89.2,77.2,Female,Computer Science,Placed
STU_09656,,1,1,1,89.0,48.5,1,1,72.0,79.3,Male,Civil,Placed
STU_09657,7.91,1,1,0,66.7,57.7,0,0,69.9,83.4,Female,Electronics,Placed
STU_09658,5.46,1,2,0,55.2,75.8,1,1,72.6,70.4,Male,Electronics,Placed
STU_09659,8.6,1,2,0,80.6,51.0,0,0,60.7,72.8,Male,Mechanical,Placed
STU_09660,7.44,1,0,0,64.3,61.2,0,1,73.6,83.9,Female,Information Technology,Placed
STU_09661,7.25,0,3,1,100.0,52.9,0,1,93.9,79.9,Male,Computer Science,Placed
STU_09662,7.58,2,2,2,73.8,97.7,1,1,70.7,97.5,Female,Civil,Placed
STU_09663,6.96,2,3,1,80.6,85.2,0,0,64.4,78.2,Female,Mechanical,Not Placed
STU_09664,7.53,0,3,1,60.6,67.9,0,1,72.7,77.8,Female,Electronics,Placed
STU_09665,6.71,0,2,0,89.0,90.1,0,1,80.2,84.7,Female,Mechanical,Placed
STU_09666,8.57,1,3,1,69.6,87.1,1,1,70.5,97.7,Female,Computer Science,Placed
STU_09667,7.19,3,3,1,68.1,87.7,0,1,78.7,82.9,Male,Mechanical,Placed
STU_09668,6.92,3,4,0,68.5,65.3,1,0,80.5,71.8,Female,Mechanical,Placed
STU_09669,6.38,2,3,2,50.6,68.3,0,1,78.0,67.7,Male,Electronics,Placed
STU_09670,7.57,0,3,0,66.2,58.8,0,1,77.1,76.8,Male,Mechanical,Placed
STU_09671,7.49,2,2,1,78.2,70.6,0,1,95.6,62.9,Male,Mechanical,Placed
STU_09672,7.69,2,1,1,46.8,62.2,1,1,79.8,82.1,Male,Civil,Not Placed
STU_09673,6.27,0,3,2,85.3,59.1,1,0,70.1,78.3,Female,Electronics,Placed
STU_09674,5.7,0,2,2,66.0,85.6,1,1,85.5,80.7,Male,Computer Science,Placed
STU_09675,7.93,1,1,2,73.7,80.1,0,0,77.4,55.4,Male,Information Technology,Placed
STU_09676,8.78,1,1,1,36.5,61.4,1,1,78.7,89.8,Male,Computer Science,Placed
STU_09677,6.27,0,2,1,73.4,83.3,0,0,88.1,62.7,Male,Electronics,Placed
STU_09678,8.89,0,2,0,,75.7,1,0,91.4,61.2,Female,Mechanical,Placed
STU_09679,7.58,0,0,1,64.7,68.2,0,0,66.6,52.8,Male,Electronics,Placed
STU_09680,7.29,0,0,2,46.5,91.1,1,1,95.3,68.3,Male,Information Technology,Placed
STU_09681,6.9,0,2,1,56.8,75.7,1,1,77.4,76.7,Male,Information Technology,Not Placed
STU_09682,5.92,1,1,0,67.5,93.3,0,1,77.4,73.9,Male,Electronics,Placed
STU_09683,8.29,0,2,0,65.9,78.8,0,1,67.9,82.7,Female,Mechanical,Placed
STU_09684,6.52,2,2,1,83.3,79.8,1,0,85.5,89.0,Male,Information Technology,Not Placed
STU_09685,6.52,2,2,0,42.0,59.1,1,1,63.8,90.0,Female,Computer Science,Placed
STU_09686,8.29,2,1,0,69.2,65.3,1,1,83.4,72.2,Male,Electronics,Placed
STU_09687,5.42,1,0,0,68.5,89.5,1,1,94.5,73.4,Male,Electronics,Placed
STU_09688,5.78,0,2,0,63.1,85.9,1,1,74.9,73.5,Female,Computer Science,Placed
STU_09689,7.28,0,2,0,56.3,67.7,1,1,88.8,70.5,Female,Information Technology,Placed
STU_09690,7.59,0,0,2,86.5,55.8,0,1,78.8,97.3,Female,Information Technology,Placed
STU_09691,7.78,3,1,1,100.0,91.9,0,1,64.1,78.4,Female,Computer Science,Placed
STU_09692,7.0,0,3,1,44.3,84.8,1,1,79.2,80.6,Female,Civil,Placed
STU_09693,9.83,1,3,1,56.1,58.3,0,1,76.1,82.5,Female,Information Technology,Placed
STU_09694,7.07,1,2,0,54.9,58.3,1,0,87.0,88.4,Female,Computer Science,Placed
STU_09695,7.07,2,0,2,65.8,94.0,1,0,74.4,72.5,Female,Electronics,Placed
STU_09696,6.5,1,1,2,88.8,65.9,0,1,83.0,80.6,Female,Mechanical,Placed
STU_09697,7.42,1,1,0,77.9,66.1,0,1,67.4,81.5,Male,Civil,Placed
STU_09698,7.91,1,1,0,67.7,63.8,0,1,82.3,57.8,Male,Mechanical,Placed
STU_09699,8.5,1,2,1,70.2,76.3,0,1,78.2,69.6,Male,Civil,Placed
STU_09700,5.81,0,2,0,65.2,55.2,0,1,76.7,73.2,Female,Mechanical,Not Placed
STU_09701,7.05,2,0,2,81.1,74.9,1,1,78.3,85.9,Male,Civil,Placed
STU_09702,7.75,1,3,1,82.9,55.1,1,1,75.1,99.0,Male,Civil,Placed
STU_09703,7.89,0,2,0,78.9,55.2,1,0,79.4,70.2,Male,Civil,Placed
STU_09704,7.31,2,2,1,37.1,55.6,0,1,76.0,69.7,Female,Computer Science,Placed
STU_09705,7.84,1,4,1,70.2,56.1,0,1,68.3,79.9,Male,Computer Science,Placed
STU_09706,6.49,2,2,0,67.2,80.7,1,1,65.0,56.0,Male,Electronics,Placed
STU_09707,8.86,2,3,2,84.9,80.7,0,0,73.1,55.4,Male,Electronics,Placed
STU_09708,8.29,2,1,0,73.6,70.0,1,1,74.8,73.5,Male,Mechanical,Placed
STU_09709,5.96,0,1,3,78.4,64.4,1,1,50.0,69.0,Male,Computer Science,Placed
STU_09710,6.22,0,2,0,62.6,88.6,0,1,78.2,87.3,Female,Computer Science,Placed
STU_09711,6.25,2,2,1,84.1,80.3,0,1,99.0,70.9,Male,Computer Science,Placed
STU_09712,7.98,2,1,0,88.5,57.9,0,1,84.9,60.6,Male,Electronics,Placed
STU_09713,6.02,1,2,1,45.6,76.2,0,1,76.3,63.8,Female,Information Technology,Placed
STU_09714,6.97,0,0,1,50.6,75.6,0,1,69.8,88.1,Male,Mechanical,Placed
STU_09715,7.75,0,2,0,81.4,80.6,0,0,61.0,67.0,Male,Civil,Placed
STU_09716,7.23,3,2,1,67.4,100.0,0,1,86.9,71.2,Male,Electronics,Placed
STU_09717,7.56,0,2,0,85.4,62.2,0,1,82.3,71.7,Male,Civil,Placed
STU_09718,6.23,0,2,1,73.6,78.7,0,1,65.7,68.6,Male,Mechanical,Not Placed
STU_09719,7.89,1,4,1,80.4,90.0,1,1,87.6,78.4,Female,Computer Science,Placed
STU_09720,6.69,0,1,2,58.8,92.6,1,1,86.4,94.5,Male,Mechanical,Placed
STU_09721,6.98,2,4,0,75.1,74.2,0,1,71.3,81.1,Female,Computer Science,Placed
STU_09722,7.54,0,0,0,75.1,56.3,0,1,75.1,84.0,Male,Civil,Placed
STU_09723,7.4,0,2,1,59.7,50.5,0,1,80.5,64.4,Male,Electronics,Placed
STU_09724,7.32,1,2,2,85.0,81.9,0,1,83.5,79.1,Female,Mechanical,Placed
STU_09725,6.55,1,3,2,41.6,76.1,0,0,67.1,90.0,Male,Information Technology,Placed
STU_09726,7.0,0,2,1,73.1,73.5,0,1,83.7,72.4,Male,Mechanical,Placed
STU_09727,7.3,1,3,2,50.6,75.4,1,1,78.6,75.0,Male,Mechanical,Placed
STU_09728,5.92,0,0,2,54.7,83.7,1,1,89.1,83.4,Male,Information Technology,Placed
STU_09729,6.84,2,3,0,84.8,78.6,0,1,85.6,91.8,Female,Mechanical,Placed
STU_09730,7.69,0,1,0,53.5,76.6,0,0,78.6,88.1,Female,Civil,Placed
STU_09731,6.02,3,0,0,52.9,64.9,0,1,87.2,61.1,Male,Civil,Placed
STU_09732,8.46,1,1,0,78.7,84.5,1,0,62.9,78.7,Male,Mechanical,Placed
STU_09733,8.57,0,2,1,53.3,65.1,0,1,74.3,68.3,Female,Computer Science,Placed
STU_09734,6.05,0,2,1,85.3,83.6,0,1,68.3,71.5,Male,Electronics,Placed
STU_09735,8.66,1,1,1,79.7,67.3,0,1,72.4,60.7,Male,Electronics,Placed
STU_09736,7.16,0,0,0,58.3,79.1,0,1,72.3,72.1,Female,Electronics,Placed
STU_09737,7.72,0,2,2,84.7,93.2,0,0,65.4,65.6,Female,Electronics,Placed
STU_09738,6.8,0,4,1,40.9,79.9,0,0,87.5,73.2,Male,Computer Science,Placed
STU_09739,8.22,1,2,1,77.1,89.0,1,0,85.5,80.4,Male,Computer Science,Placed
STU_09740,7.71,1,2,3,51.3,67.5,0,1,71.9,78.1,Male,Computer Science,Placed
STU_09741,6.49,0,2,0,62.2,73.2,1,0,54.8,84.7,Male,Mechanical,Placed
STU_09742,6.13,1,2,0,63.1,67.7,1,1,72.9,69.6,Male,Mechanical,Placed
STU_09743,5.84,1,4,1,89.2,52.1,1,1,77.5,56.4,Male,Mechanical,Placed
STU_09744,7.49,0,2,2,62.5,84.8,1,1,91.6,92.6,Male,Electronics,Placed
STU_09745,7.87,2,1,0,68.8,78.8,1,0,72.4,81.0,Male,Electronics,Placed
STU_09746,7.95,1,3,1,63.4,78.0,0,0,87.8,81.5,Female,Mechanical,Placed
STU_09747,7.18,3,4,2,55.3,86.8,0,1,73.0,80.9,Female,Electronics,Placed
STU_09748,6.14,0,0,1,54.5,58.4,0,1,83.7,77.8,Female,Computer Science,Placed
STU_09749,6.62,3,2,0,74.6,55.5,0,1,86.1,85.9,Female,Civil,Placed
STU_09750,8.45,1,2,1,69.6,86.9,0,1,83.8,67.8,Male,Computer Science,Placed
STU_09751,6.82,1,2,0,81.4,71.2,0,1,68.4,83.7,Female,Information Technology,Placed
STU_09752,7.44,1,1,0,66.4,74.6,1,0,74.4,78.9,Male,Computer Science,Placed
STU_09753,6.22,0,2,2,66.9,54.4,1,0,83.9,76.4,Male,Mechanical,Not Placed
STU_09754,,2,1,1,81.5,89.7,1,0,62.2,69.6,Male,Computer Science,Placed
STU_09755,6.84,1,1,0,64.4,80.1,0,0,85.9,77.8,Female,Information Technology,Not Placed
STU_09756,8.35,0,4,0,48.4,65.1,0,1,65.9,72.7,Male,Information Technology,Placed
STU_09757,8.07,0,2,1,82.7,97.0,0,1,64.5,84.4,Female,Computer Science,Placed
STU_09758,6.8,0,3,1,59.8,55.6,0,0,72.7,69.9,Male,Mechanical,Placed
STU_09759,7.17,1,3,1,71.0,68.0,0,1,71.1,63.7,Male,Civil,Placed
STU_09760,6.75,1,2,2,60.6,83.8,1,1,79.8,81.2,Female,Computer Science,Placed
STU_09761,5.88,1,3,1,55.4,85.8,0,1,80.7,98.2,Female,Electronics,Placed
STU_09762,6.44,0,1,3,41.5,54.1,0,0,78.7,77.8,Female,Electronics,Placed
STU_09763,7.5,1,2,2,75.1,68.6,0,1,68.2,73.4,Male,Civil,Placed
STU_09764,7.63,1,2,0,20.0,80.9,1,1,90.1,94.7,Male,Mechanical,Placed
STU_09765,7.45,0,2,0,89.5,89.7,1,1,78.6,80.1,Male,Electronics,Placed
STU_09766,7.0,0,1,0,85.5,88.7,1,1,87.3,73.4,Female,Computer Science,Placed
STU_09767,8.23,0,1,0,56.4,80.4,0,1,55.1,93.9,Male,Information Technology,Placed
STU_09768,7.36,2,1,0,93.8,73.1,1,0,83.4,66.9,Female,Civil,Placed
STU_09769,8.0,1,2,1,100.0,69.8,1,0,72.3,71.3,Male,Computer Science,Placed
STU_09770,5.53,3,4,0,65.9,78.0,0,1,85.6,78.7,Female,Mechanical,Placed
STU_09771,5.0,0,4,0,76.2,89.2,1,1,95.9,99.0,Female,Electronics,Placed
STU_09772,7.58,2,1,0,72.0,69.4,1,1,66.3,64.8,Male,Civil,Placed
STU_09773,5.88,1,1,0,92.7,68.7,0,1,86.6,62.5,Male,Electronics,Placed
STU_09774,7.09,1,0,1,49.1,85.7,0,0,72.0,77.5,Male,Information Technology,Placed
STU_09775,7.0,0,1,0,66.6,84.7,0,1,59.3,91.4,Female,Information Technology,Placed
STU_09776,8.89,1,3,2,83.8,66.0,1,1,87.3,84.9,Male,Civil,Placed
STU_09777,7.7,2,3,0,82.2,56.2,0,1,96.2,67.6,Male,Mechanical,Placed
STU_09778,7.47,0,1,2,69.4,51.4,0,1,99.0,62.4,Female,Civil,Placed
STU_09779,8.14,0,1,0,90.9,73.6,0,1,81.0,67.8,Female,Civil,Placed
STU_09780,7.67,1,1,1,73.5,58.7,0,1,63.6,76.1,Male,Mechanical,Placed
STU_09781,6.84,3,1,0,71.7,82.8,0,1,75.9,78.4,Male,Information Technology,Placed
STU_09782,8.37,1,3,2,80.5,51.4,1,1,76.9,72.3,Male,Electronics,Placed
STU_09783,6.19,0,2,0,69.1,91.4,1,1,89.0,72.1,Female,Information Technology,Placed
STU_09784,7.62,0,2,3,70.8,68.0,0,0,77.8,72.0,Male,Electronics,Not Placed
STU_09785,5.75,0,2,0,58.2,62.4,0,1,57.2,81.7,Female,Electronics,Placed
STU_09786,7.5,2,1,0,100.0,65.5,1,1,84.3,78.8,Male,Civil,Placed
STU_09787,7.49,1,1,1,62.9,61.6,0,1,78.7,81.8,Male,Civil,Placed
STU_09788,8.98,1,0,2,80.9,90.2,0,0,87.0,78.8,Male,Civil,Placed
STU_09789,5.74,0,2,3,98.6,80.1,0,1,80.5,54.4,Female,Electronics,Placed
STU_09790,6.7,2,3,1,49.9,73.2,1,1,84.9,75.1,Female,Computer Science,Placed
STU_09791,8.12,1,2,2,79.2,57.6,0,1,78.1,67.6,Male,Electronics,Placed
STU_09792,7.64,3,0,1,70.3,71.3,0,0,80.8,92.4,Male,Civil,Placed
STU_09793,7.48,1,2,1,96.9,62.8,1,0,68.8,62.4,Male,Computer Science,Placed
STU_09794,6.34,2,0,1,56.4,40.4,0,1,81.5,54.0,Male,Computer Science,Placed
STU_09795,6.71,2,0,0,58.7,63.7,0,1,76.1,83.7,Male,Information Technology,Placed
STU_09796,8.55,0,1,1,69.3,79.3,1,1,82.9,77.7,Female,Civil,Placed
STU_09797,7.25,3,2,2,62.6,66.9,0,1,66.2,76.5,Female,Civil,Placed
STU_09798,7.68,0,3,1,63.1,70.3,0,0,92.0,79.5,Male,Computer Science,Placed
STU_09799,7.18,1,2,2,100.0,84.5,1,1,80.5,74.0,Male,Civil,Placed
STU_09800,6.12,3,1,2,71.9,82.3,1,0,85.9,69.9,Male,Electronics,Placed
STU_09801,8.23,0,1,2,58.2,95.5,1,0,78.0,76.8,Male,Mechanical,Placed
STU_09802,7.8,1,1,0,64.1,45.7,1,1,84.0,63.3,Female,Mechanical,Placed
STU_09803,9.61,1,0,0,76.1,61.9,1,0,55.5,91.3,Female,Civil,Placed
STU_09804,6.28,1,1,0,75.1,82.9,0,0,76.9,67.8,Female,Computer Science,Placed
STU_09805,8.12,2,2,3,61.3,77.2,1,1,70.1,61.6,Male,Computer Science,Placed
STU_09806,5.99,1,1,0,45.6,73.2,1,1,74.4,79.3,Male,Mechanical,Placed
STU_09807,7.46,2,3,0,69.2,64.7,0,1,88.1,65.9,Male,Mechanical,Placed
STU_09808,8.28,0,2,0,68.8,74.7,0,1,62.0,88.1,Female,Civil,Placed
STU_09809,5.23,0,1,0,60.3,74.0,1,1,85.4,53.1,Male,Information Technology,Placed
STU_09810,7.1,0,1,0,89.2,49.8,1,1,82.6,56.9,Male,Computer Science,Placed
STU_09811,6.74,1,2,0,78.6,74.6,1,0,90.8,70.9,Female,Civil,Placed
STU_09812,6.6,0,2,0,72.0,65.8,1,0,57.3,76.4,Male,Electronics,Placed
STU_09813,7.69,1,0,3,64.6,82.1,0,1,83.9,66.9,Male,Computer Science,Placed
STU_09814,8.42,0,3,1,96.0,76.1,0,0,80.5,72.1,Female,Civil,Placed
STU_09815,7.17,1,0,1,52.7,95.5,0,1,77.5,94.0,Female,Computer Science,Placed
STU_09816,7.51,0,3,1,62.6,72.0,0,1,92.4,67.3,Female,Information Technology,Placed
STU_09817,7.41,1,0,2,63.2,58.9,1,1,56.9,57.3,Female,Information Technology,Placed
STU_09818,7.3,1,2,2,74.5,42.1,0,1,79.3,72.4,Male,Computer Science,Placed
STU_09819,6.21,2,2,3,79.9,60.7,0,1,88.2,62.5,Female,Computer Science,Placed
STU_09820,8.41,1,2,0,50.0,76.5,0,0,61.7,81.3,Female,Electronics,Placed
STU_09821,7.6,1,0,2,59.7,79.6,0,0,83.9,80.5,Female,Electronics,Placed
STU_09822,7.69,2,1,0,76.7,64.7,0,1,81.3,73.5,Female,Civil,Placed
STU_09823,6.49,1,2,0,60.0,66.8,0,0,56.7,79.2,Male,Electronics,Placed
STU_09824,6.84,0,3,0,64.0,72.8,0,1,89.0,63.2,Male,Civil,Placed
STU_09825,7.12,2,2,1,72.6,76.6,0,1,69.1,85.4,Male,Civil,Placed
STU_09826,5.77,1,1,1,55.3,84.2,0,0,93.8,68.8,Male,Electronics,Placed
STU_09827,5.61,0,0,0,74.2,64.9,0,1,83.7,93.5,Male,Computer Science,Placed
STU_09828,6.7,1,2,2,79.2,63.1,0,0,81.0,71.4,Female,Mechanical,Placed
STU_09829,7.82,2,1,1,70.6,96.3,0,1,88.1,70.0,Male,Civil,Placed
STU_09830,6.65,3,0,0,91.4,93.4,0,1,86.9,72.8,Female,Electronics,Placed
STU_09831,6.28,3,2,1,80.9,65.6,1,1,58.4,81.4,Male,Electronics,Placed
STU_09832,6.49,0,2,1,69.4,85.7,0,1,61.0,90.9,Male,Computer Science,Placed
STU_09833,6.84,0,0,0,65.2,98.5,0,1,76.6,78.9,Male,Computer Science,Placed
STU_09834,6.95,0,0,0,96.3,87.8,1,0,67.3,98.5,Female,Information Technology,Placed
STU_09835,9.47,0,2,3,60.1,62.8,1,1,94.6,66.0,Male,Information Technology,Placed
STU_09836,8.35,2,0,2,65.9,73.3,0,0,68.1,72.8,Female,Electronics,Placed
STU_09837,8.32,0,3,0,63.9,51.0,0,0,78.9,62.8,Male,Electronics,Placed
STU_09838,8.47,1,1,1,76.0,60.4,0,0,83.8,69.5,Female,Mechanical,Placed
STU_09839,6.3,1,0,0,100.0,71.8,1,1,99.0,67.7,Male,Mechanical,Placed
STU_09840,6.08,1,2,1,73.7,74.6,0,0,89.5,58.9,Male,Computer Science,Placed
STU_09841,6.19,0,2,1,65.2,63.7,1,1,71.4,85.3,Male,Electronics,Placed
STU_09842,8.63,0,1,0,72.8,39.0,1,1,83.2,81.5,Male,Electronics,Placed
STU_09843,6.75,0,1,0,50.3,74.3,1,0,85.0,70.6,Male,Electronics,Placed
STU_09844,6.05,0,0,0,67.2,80.7,1,1,84.2,78.5,Female,Mechanical,Not Placed
STU_09845,6.87,3,2,1,95.6,81.2,0,1,68.2,70.5,Female,Civil,Placed
STU_09846,7.06,2,1,2,79.9,69.5,0,1,98.3,72.5,Female,Civil,Placed
STU_09847,7.57,1,2,3,88.5,70.4,0,0,65.8,80.6,Female,Information Technology,Placed
STU_09848,7.55,2,2,2,85.2,75.0,0,1,84.8,74.8,Male,Civil,Placed
STU_09849,6.47,0,2,3,59.4,76.9,1,1,69.2,75.2,Male,Information Technology,Placed
STU_09850,7.99,1,2,0,98.7,70.9,0,1,81.9,54.0,Male,Civil,Placed
STU_09851,6.66,0,2,1,43.4,44.1,1,1,76.0,84.0,Male,Information Technology,Placed
STU_09852,7.14,1,1,0,75.0,88.8,1,1,65.0,89.3,Female,Computer Science,Placed
STU_09853,7.99,1,1,2,39.1,66.4,0,1,53.3,86.3,Male,Computer Science,Placed
STU_09854,6.66,0,0,2,44.3,57.3,1,0,86.9,69.1,Female,Mechanical,Placed
STU_09855,6.73,0,2,1,84.0,67.3,1,1,72.4,85.7,Female,Mechanical,Placed
STU_09856,7.89,0,2,1,59.6,73.3,0,0,79.4,79.8,Male,Electronics,Not Placed
STU_09857,6.44,1,1,0,88.7,64.7,0,1,96.0,65.5,Female,Computer Science,Placed
STU_09858,6.92,0,3,0,37.4,65.5,0,1,84.2,71.7,Male,Mechanical,Placed
STU_09859,7.86,1,2,3,68.7,68.1,0,1,50.0,73.9,Male,Information Technology,Not Placed
STU_09860,9.35,1,2,2,51.8,76.3,1,0,65.8,49.4,Male,Computer Science,Placed
STU_09861,7.91,1,0,0,65.1,62.4,1,1,59.6,77.1,Male,Computer Science,Placed
STU_09862,7.77,1,1,0,93.2,76.0,0,1,69.7,62.6,Female,Information Technology,Placed
STU_09863,7.83,0,2,0,96.9,55.4,0,1,75.3,63.4,Female,Information Technology,Placed
STU_09864,6.23,1,0,3,77.7,96.1,0,1,99.0,76.7,Male,Computer Science,Placed
STU_09865,7.42,2,2,2,46.1,84.9,1,0,88.1,71.2,Male,Electronics,Placed
STU_09866,7.27,1,4,1,51.9,68.7,1,1,81.6,64.0,Male,Computer Science,Placed
STU_09867,7.62,1,2,1,72.4,76.0,0,1,82.4,76.7,Female,Computer Science,Placed
STU_09868,7.42,1,2,1,57.9,58.0,1,1,82.8,65.6,Female,Electronics,Placed
STU_09869,7.68,0,2,0,79.9,78.7,1,1,60.5,65.5,Male,Computer Science,Placed
STU_09870,6.99,1,0,2,95.1,82.1,0,1,63.9,87.9,Male,Information Technology,Not Placed
STU_09871,7.36,2,4,1,55.3,75.2,0,1,82.6,76.8,Male,Civil,Placed
STU_09872,6.07,0,3,0,56.6,82.8,0,1,78.0,78.6,Male,Information Technology,Not Placed
STU_09873,6.98,2,2,0,52.3,71.9,0,1,81.0,92.2,Male,Electronics,Placed
STU_09874,8.69,0,0,1,66.2,70.8,0,1,94.1,72.4,Male,Electronics,Placed
STU_09875,7.62,1,1,0,70.8,64.1,0,0,71.1,68.0,Male,Electronics,Placed
STU_09876,7.28,2,1,1,70.3,78.7,1,1,74.3,68.2,Female,Computer Science,Not Placed
STU_09877,9.2,2,2,2,83.5,62.0,0,1,80.5,95.4,Male,Electronics,Placed
STU_09878,5.94,2,1,2,75.9,77.0,0,1,61.0,74.0,Male,Information Technology,Placed
STU_09879,6.19,2,2,1,69.1,75.6,0,1,63.3,64.8,Male,Information Technology,Placed
STU_09880,9.01,0,2,1,70.6,88.1,0,0,91.6,76.5,Male,Electronics,Placed
STU_09881,7.35,1,0,0,71.3,79.0,1,1,75.1,68.2,Male,Civil,Placed
STU_09882,7.06,0,2,1,69.1,50.9,0,1,73.1,70.5,Female,Electronics,Placed
STU_09883,6.1,0,1,0,59.8,64.0,1,1,80.4,92.9,Male,Information Technology,Placed
STU_09884,7.75,0,3,2,52.0,63.7,0,1,61.3,76.4,Male,Computer Science,Placed
STU_09885,7.84,1,1,2,72.1,63.2,0,1,74.9,60.9,Male,Mechanical,Placed
STU_09886,6.21,1,1,0,62.5,83.6,1,1,72.3,70.2,Male,Mechanical,Placed
STU_09887,7.16,2,0,2,77.9,45.6,1,1,81.7,54.6,Male,Civil,Placed
STU_09888,6.96,1,4,1,71.1,89.1,1,0,56.9,66.7,Female,Information Technology,Placed
STU_09889,7.56,0,2,3,70.2,84.0,1,1,70.0,86.0,Male,Electronics,Placed
STU_09890,6.18,1,1,1,84.8,74.2,1,0,73.4,67.0,Male,Information Technology,Placed
STU_09891,8.55,0,0,1,48.9,76.2,1,1,73.2,99.0,Female,Computer Science,Placed
STU_09892,8.22,1,2,1,96.5,72.9,0,1,88.5,48.0,Male,Mechanical,Placed
STU_09893,6.94,2,1,0,37.2,73.9,1,1,70.1,70.1,Male,Computer Science,Placed
STU_09894,7.08,1,4,0,91.8,85.5,0,0,99.0,76.2,Female,Information Technology,Placed
STU_09895,7.16,2,4,0,73.0,69.3,0,1,85.5,75.7,Male,Mechanical,Placed
STU_09896,6.52,1,2,0,62.1,79.2,0,1,73.1,81.2,Female,Electronics,Placed
STU_09897,,1,4,0,47.9,61.5,1,0,84.0,72.0,Male,Information Technology,Placed
STU_09898,7.03,1,0,1,61.0,78.4,1,1,85.3,88.8,Male,Electronics,Placed
STU_09899,8.91,0,1,1,67.5,68.7,1,0,74.9,61.5,Male,Mechanical,Placed
STU_09900,8.25,0,1,3,72.9,77.1,0,1,89.5,72.4,Female,Information Technology,Placed
STU_09901,8.23,0,0,0,91.7,61.6,0,1,68.2,62.7,Female,Mechanical,Placed
STU_09902,7.67,0,4,2,71.1,77.4,0,1,83.9,69.6,Female,Mechanical,Placed
STU_09903,6.18,0,0,1,74.8,71.4,0,1,77.0,72.2,Male,Information Technology,Placed
STU_09904,7.26,3,3,1,75.3,90.8,1,1,80.9,81.8,Female,Civil,Placed
STU_09905,8.27,1,2,1,65.1,75.1,0,1,80.3,63.9,Male,Computer Science,Placed
STU_09906,6.04,1,1,1,67.1,77.9,0,1,78.2,71.9,Female,Electronics,Placed
STU_09907,7.94,0,0,0,68.4,66.7,0,0,97.8,75.2,Male,Mechanical,Placed
STU_09908,9.62,0,0,2,79.4,75.7,1,1,72.1,76.6,Female,Mechanical,Placed
STU_09909,8.36,0,1,1,56.3,77.7,0,1,70.1,62.8,Female,Information Technology,Placed
STU_09910,8.71,1,2,3,62.4,67.7,0,1,77.1,77.6,Female,Electronics,Placed
STU_09911,7.52,1,2,2,75.3,66.8,0,1,91.0,87.8,Male,Computer Science,Placed
STU_09912,8.27,1,2,1,53.9,62.3,1,0,78.4,87.7,Male,Civil,Placed
STU_09913,6.58,1,2,1,71.7,71.1,1,0,77.3,71.9,Male,Mechanical,Placed
STU_09914,8.1,1,1,2,61.8,64.2,1,0,72.4,80.7,Female,Information Technology,Placed
STU_09915,7.95,0,1,3,77.6,75.5,1,1,73.1,73.2,Female,Mechanical,Not Placed
STU_09916,7.59,1,3,2,90.6,62.5,0,1,88.7,86.7,Male,Mechanical,Placed
STU_09917,8.62,1,1,2,61.8,70.5,0,1,77.4,82.5,Male,Civil,Placed
STU_09918,6.76,1,1,0,81.4,60.7,1,0,80.5,62.2,Male,Electronics,Placed
STU_09919,7.11,0,2,2,73.0,85.7,1,1,71.0,73.3,Male,Civil,Placed
STU_09920,7.4,0,3,0,64.2,72.3,0,1,85.8,67.8,Female,Civil,Placed
STU_09921,,0,3,1,70.1,72.2,0,1,90.2,74.0,Male,Computer Science,Placed
STU_09922,7.53,3,0,1,89.5,79.1,0,0,68.7,62.3,Female,Mechanical,Placed
STU_09923,5.58,1,2,0,67.4,93.3,1,1,69.0,73.7,Female,Civil,Placed
STU_09924,8.35,3,0,0,89.6,73.0,1,0,69.6,73.3,Male,Mechanical,Placed
STU_09925,7.35,1,4,2,68.2,54.1,1,1,88.4,73.6,Male,Electronics,Placed
STU_09926,6.78,0,1,2,48.8,86.2,1,0,68.4,77.8,Female,Information Technology,Placed
STU_09927,6.47,1,1,1,67.8,55.7,0,0,74.6,58.0,Female,Mechanical,Placed
STU_09928,7.07,0,3,1,47.6,66.0,1,1,68.2,83.6,Male,Electronics,Placed
STU_09929,7.99,2,4,3,65.2,86.3,0,0,94.9,84.2,Male,Electronics,Placed
STU_09930,7.85,2,2,0,64.7,68.0,1,0,72.7,90.5,Male,Mechanical,Placed
STU_09931,,1,0,1,97.3,65.1,0,0,94.6,73.9,Male,Computer Science,Placed
STU_09932,6.45,1,2,1,94.1,75.4,0,1,77.7,77.9,Female,Civil,Placed
STU_09933,7.96,1,3,2,71.3,72.1,0,1,73.1,86.5,Male,Civil,Placed
STU_09934,6.58,3,2,0,88.2,63.7,0,1,86.0,67.3,Female,Civil,Placed
STU_09935,7.36,0,0,3,64.0,82.5,1,1,77.6,80.4,Male,Computer Science,Placed
STU_09936,7.42,1,1,0,48.6,86.7,0,0,92.1,66.9,Male,,Placed
STU_09937,7.61,1,3,0,77.9,88.7,0,0,75.8,80.7,Male,Civil,Placed
STU_09938,8.16,3,2,0,75.4,78.6,0,1,73.5,79.3,Male,Mechanical,Placed
STU_09939,6.04,2,2,1,55.9,63.6,1,1,73.4,65.1,Female,Computer Science,Not Placed
STU_09940,5.39,3,1,1,56.6,56.9,0,1,90.4,80.6,Male,Information Technology,Placed
STU_09941,6.73,1,2,1,84.1,44.2,0,1,80.5,70.2,Male,Computer Science,Placed
STU_09942,9.1,0,4,0,44.7,84.4,0,1,70.6,73.2,Male,Computer Science,Placed
STU_09943,9.32,1,1,1,78.4,74.3,0,1,63.6,84.0,Male,Electronics,Placed
STU_09944,9.13,1,2,2,65.3,67.0,0,1,80.1,86.8,Male,Information Technology,Placed
STU_09945,7.11,1,1,2,78.4,48.8,0,0,68.6,79.6,Female,Electronics,Placed
STU_09946,5.52,0,0,1,84.8,57.8,0,1,60.3,75.1,Male,Electronics,Not Placed
STU_09947,5.0,1,2,3,56.9,50.8,0,1,88.9,82.8,Male,Mechanical,Not Placed
STU_09948,6.69,0,3,1,52.9,89.3,0,1,65.7,71.4,Female,Civil,Placed
STU_09949,7.1,2,2,0,92.0,79.6,0,1,60.1,84.8,Female,Civil,Placed
STU_09950,8.6,0,1,0,69.1,56.3,0,1,76.6,68.2,Male,Electronics,Placed
STU_09951,8.17,1,1,0,74.9,91.6,1,1,75.0,72.6,Female,Computer Science,Placed
STU_09952,7.53,0,3,1,83.7,63.3,1,1,69.3,64.8,Female,Mechanical,Placed
STU_09953,6.41,0,1,2,55.6,76.2,0,0,80.2,74.1,Male,Electronics,Not Placed
STU_09954,6.34,2,3,2,83.5,76.2,0,1,75.0,91.7,Female,Mechanical,Placed
STU_09955,7.55,0,1,0,79.6,70.9,1,1,99.0,91.8,Male,Computer Science,Placed
STU_09956,8.0,0,3,1,92.1,68.4,0,0,76.1,92.9,Female,Computer Science,Placed
STU_09957,7.69,0,3,1,91.8,72.4,1,1,65.3,67.9,Male,Computer Science,Placed
STU_09958,6.27,1,0,3,71.0,68.6,1,1,81.0,99.0,Female,Mechanical,Placed
STU_09959,7.95,1,2,0,81.3,75.0,0,1,81.8,88.0,Female,Information Technology,Placed
STU_09960,7.73,0,1,1,70.7,75.5,1,1,74.6,86.2,Female,Computer Science,Placed
STU_09961,6.23,1,1,3,72.2,65.7,0,1,61.4,77.7,Male,Information Technology,Placed
STU_09962,6.52,0,2,3,53.1,85.2,1,1,93.5,57.8,Male,Electronics,Placed
STU_09963,7.99,2,2,0,66.6,62.0,0,0,65.4,68.1,Male,Information Technology,Placed
STU_09964,7.07,2,1,0,43.1,76.7,0,1,86.8,70.4,Female,Mechanical,Placed
STU_09965,8.89,3,2,1,67.9,67.9,0,0,90.3,73.4,Female,Information Technology,Placed
STU_09966,7.8,2,1,2,89.8,61.6,0,1,74.9,70.3,Male,Mechanical,Placed
STU_09967,6.81,0,0,0,81.7,68.7,0,1,86.8,74.7,Male,Civil,Placed
STU_09968,7.29,0,2,2,71.7,64.1,0,1,87.7,80.3,Male,Computer Science,Placed
STU_09969,7.36,1,2,0,67.0,79.9,1,0,67.3,75.8,Male,Information Technology,Placed
STU_09970,6.57,0,2,1,61.9,70.9,0,1,92.7,72.8,Female,Computer Science,Placed
STU_09971,6.39,0,2,1,56.2,88.4,1,1,81.3,72.1,Male,Electronics,Placed
STU_09972,8.0,0,3,0,82.3,60.6,1,0,56.4,90.6,Female,Information Technology,Placed
STU_09973,8.15,1,2,0,47.0,45.6,0,1,80.0,70.8,Male,Civil,Placed
STU_09974,7.9,1,0,1,46.6,76.7,0,1,72.4,83.6,Male,Electronics,Placed
STU_09975,8.82,0,2,2,83.6,92.7,1,1,82.5,75.2,Male,Civil,Placed
STU_09976,6.76,0,2,0,73.1,77.9,1,1,71.6,54.5,Female,Electronics,Placed
STU_09977,8.97,1,2,1,70.7,60.7,0,1,71.7,99.0,Female,Mechanical,Placed
STU_09978,6.4,0,2,1,73.1,59.7,0,1,67.6,88.6,Male,Mechanical,Placed
STU_09979,6.29,3,1,1,100.0,96.3,0,0,80.2,99.0,Female,Mechanical,Placed
STU_09980,5.54,0,0,2,70.8,67.4,0,0,83.2,84.7,Male,Computer Science,Not Placed
STU_09981,6.85,1,2,1,74.4,59.8,0,1,78.0,75.6,Female,Mechanical,Placed
STU_09982,6.8,0,1,1,100.0,86.3,0,0,75.1,81.3,Male,Computer Science,Placed
STU_09983,7.83,0,2,1,69.0,70.2,0,1,79.0,69.7,Female,Information Technology,Placed
STU_09984,7.54,1,2,1,95.9,47.7,1,1,88.6,65.6,Male,Electronics,Placed
STU_09985,6.11,1,2,0,38.4,97.0,1,1,67.6,98.0,Male,Civil,Placed
STU_09986,6.91,2,2,2,52.6,79.0,1,1,64.6,71.9,Male,Electronics,Placed
STU_09987,6.93,1,0,0,60.0,53.9,0,1,66.0,76.5,Male,Electronics,Placed
STU_09988,5.52,0,4,1,78.8,88.7,1,1,61.6,80.2,Male,Information Technology,Placed
STU_09989,6.32,0,2,1,96.6,59.4,0,1,67.9,72.4,Female,Mechanical,Placed
STU_09990,6.53,0,1,0,61.1,58.7,1,1,89.4,85.6,Male,Computer Science,Placed
STU_09991,8.73,0,1,0,84.7,61.3,1,1,61.0,73.9,Male,Electronics,Placed
STU_09992,7.49,1,0,0,100.0,95.3,0,0,75.5,99.0,Female,Electronics,Placed
STU_09993,7.96,3,2,0,93.5,96.5,1,0,84.7,54.0,Female,Electronics,Placed
STU_09994,5.8,1,1,2,63.9,65.4,0,1,78.1,67.7,Male,Civil,Placed
STU_09995,8.49,1,1,2,83.0,92.5,0,1,86.7,86.8,Female,Computer Science,Not Placed
STU_09996,8.6,1,1,0,75.1,44.6,0,1,72.2,57.7,Female,Electronics,Placed
STU_09997,5.3,2,2,0,60.1,83.0,1,0,73.1,77.2,Male,Civil,Placed
STU_09998,6.59,0,2,2,76.4,88.4,1,1,74.1,71.3,Male,Information Technology,Placed
STU_09999,7.8,1,2,0,62.9,90.1,1,1,83.5,73.7,Male,Mechanical,Placed
STU_10000,7.94,2,3,3,71.9,72.9,1,0,99.0,88.3,Male,Information Technology,Placed
STU_04133,8.37,1,2,0,50.2,69.0,1,0,75.9,92.0,Male,Mechanical,Placed
STU_06554,6.55,3,2,0,58.5,69.8,0,1,74.0,80.5,Male,Information Technology,Placed
STU_07605,7.61,1,0,0,78.6,66.9,1,0,99.0,74.7,Male,Information Technology,Placed
STU_00586,7.55,0,1,1,48.9,61.4,0,1,79.1,90.4,Female,Mechanical,Not Placed
STU_05925,5.55,0,1,0,78.4,65.4,1,0,80.2,83.8,Male,Mechanical,Placed
STU_09643,7.56,0,1,1,93.2,60.8,1,0,81.2,65.0,Female,Civil,Placed
STU_02847,6.71,1,1,1,64.5,76.3,1,0,85.2,73.5,Female,Electronics,Placed
STU_09752,7.44,1,1,0,66.4,74.6,1,0,74.4,78.9,Male,Computer Science,Placed
STU_01892,7.31,0,2,2,80.9,56.8,0,0,71.0,77.4,Female,Mechanical,Placed
STU_03368,7.48,1,3,1,78.0,57.8,0,1,61.9,76.7,Male,Mechanical,Placed
STU_06704,5.9,1,1,0,91.1,65.0,0,1,80.7,69.5,Female,Mechanical,Placed
STU_05842,6.1,0,2,0,79.8,81.3,0,1,76.6,64.3,Female,Mechanical,Placed
STU_00756,9.93,1,2,1,68.5,92.5,1,1,74.8,81.7,Female,Computer Science,Placed
STU_01498,8.51,1,0,0,73.9,54.4,0,0,75.1,75.5,Female,Civil,Placed
STU_00407,6.23,3,2,0,86.3,67.5,1,1,77.0,65.5,Male,Civil,Placed
